Contract_ID,Origination_Date,Client_Industry,Equipment_Category,Asset_Cost_INR,Down_Payment_INR,Financed_Amount_INR,Tenure_Months,Interest_Rate_Pct,Client_Credit_Score,Athena_Risk_Score,Athena_Recommendation,Loan_Status
EQF-2025-00001,01-01-2025,Healthcare,Surgical Robot,13200000,1320000,11880000,36,9.33,641,70.6,REQUIRE_COLLATERAL,Performing
EQF-2025-00002,01-01-2025,IT & Enterprise Tech,Automated Storage Array,5117000,511700,4605300,48,12.53,771,59.4,STRUCTURED_LEASE,Performing
EQF-2025-00003,01-01-2025,Logistics & Fleet,Forklift Fleet,4833000,1208250,3624750,60,10.28,660,80.5,REJECT,Performing
EQF-2025-00004,01-01-2025,Construction,Tower Crane,8435000,843500,7591500,48,12.44,642,82.1,REJECT,Performing
EQF-2025-00005,01-01-2025,Manufacturing,Injection Molding Press,2954000,590800,2363200,36,8.06,713,63.3,STRUCTURED_LEASE,Performing
EQF-2025-00006,01-01-2025,Manufacturing,CNC Milling Unit,1642000,328400,1313600,48,9,779,48.1,STRUCTURED_LEASE,Performing
EQF-2025-00007,01-01-2025,Manufacturing,Injection Molding Press,4856000,1214000,3642000,48,10.84,739,68.3,REQUIRE_COLLATERAL,Performing
EQF-2025-00008,01-01-2025,IT & Enterprise Tech,Enterprise Server Rack,3471000,867750,2603250,48,10.38,673,77.2,REQUIRE_COLLATERAL,Performing
EQF-2025-00009,01-01-2025,Construction,Bulldozer,4542000,681300,3860700,36,9.48,683,66.4,REQUIRE_COLLATERAL,Performing
EQF-2025-00010,01-01-2025,Logistics & Fleet,Forklift Fleet,1674000,167400,1506600,48,7.89,622,77.1,REQUIRE_COLLATERAL,Performing
EQF-2025-00011,01-01-2025,Manufacturing,CNC Milling Unit,5603000,840450,4762550,24,7,835,20,AUTO_APPROVE,Performing
EQF-2025-00012,01-01-2025,IT & Enterprise Tech,Automated Storage Array,4774000,477400,4296600,48,9.17,810,44.3,STRUCTURED_LEASE,Performing
EQF-2025-00013,01-01-2025,Logistics & Fleet,Forklift Fleet,4974000,497400,4476600,60,9.23,728,67,REQUIRE_COLLATERAL,Performing
EQF-2025-00014,01-01-2025,Manufacturing,Injection Molding Press,6808000,1702000,5106000,36,9.69,709,58.9,STRUCTURED_LEASE,Performing
EQF-2025-00015,01-01-2025,Manufacturing,Industrial Robotic Arm,7055000,1058250,5996750,36,7.33,636,68,REQUIRE_COLLATERAL,30_Days_Past_Due
EQF-2025-00016,01-01-2025,Manufacturing,CNC Milling Unit,5815000,872250,4942750,48,8.18,700,68.9,REQUIRE_COLLATERAL,Performing
EQF-2025-00017,02-01-2025,Healthcare,Surgical Robot,14845000,1484500,13360500,48,10.09,767,58.6,STRUCTURED_LEASE,Performing
EQF-2025-00018,02-01-2025,Construction,Hydraulic Excavator,7940000,794000,7146000,36,10.38,757,50,STRUCTURED_LEASE,Performing
EQF-2025-00019,02-01-2025,Healthcare,MRI Scanner,13463000,3365750,10097250,48,9.8,680,72.4,REQUIRE_COLLATERAL,Performing
EQF-2025-00020,02-01-2025,Healthcare,MRI Scanner,14404000,2880800,11523200,60,8.98,762,59.7,STRUCTURED_LEASE,Performing
EQF-2025-00021,02-01-2025,Construction,Bulldozer,10404000,1560600,8843400,48,7.72,785,40.2,STRUCTURED_LEASE,Performing
EQF-2025-00022,02-01-2025,Manufacturing,Injection Molding Press,4170000,625500,3544500,48,10.93,712,64.4,STRUCTURED_LEASE,30_Days_Past_Due
EQF-2025-00023,02-01-2025,Healthcare,MRI Scanner,4865000,1216250,3648750,36,10.59,773,55.1,STRUCTURED_LEASE,60_Days_Past_Due
EQF-2025-00024,02-01-2025,Healthcare,Digital X-Ray System,5891000,1472750,4418250,60,8.64,817,39.8,AUTO_APPROVE,Performing
EQF-2025-00025,02-01-2025,Construction,Hydraulic Excavator,3003000,450450,2552550,36,10.75,834,38.3,AUTO_APPROVE,Performing
EQF-2025-00026,02-01-2025,Logistics & Fleet,Electric Delivery Van,1601000,240150,1360850,36,9.4,670,71.6,REQUIRE_COLLATERAL,Performing
EQF-2025-00027,02-01-2025,Manufacturing,CNC Milling Unit,2793000,279300,2513700,36,8.48,738,48.1,STRUCTURED_LEASE,Performing
EQF-2025-00028,02-01-2025,Construction,Hydraulic Excavator,5399000,1079800,4319200,48,10.89,755,64.2,STRUCTURED_LEASE,Performing
EQF-2025-00029,02-01-2025,Construction,Hydraulic Excavator,7120000,1068000,6052000,60,9.65,708,62.7,STRUCTURED_LEASE,30_Days_Past_Due
EQF-2025-00030,02-01-2025,Manufacturing,Injection Molding Press,6482000,1620500,4861500,24,8.86,790,41.3,STRUCTURED_LEASE,Performing
EQF-2025-00031,02-01-2025,Construction,Tower Crane,4293000,429300,3863700,48,7.58,713,58.9,STRUCTURED_LEASE,Performing
EQF-2025-00032,02-01-2025,Manufacturing,Industrial Robotic Arm,6208000,620800,5587200,48,7.72,700,64.9,STRUCTURED_LEASE,60_Days_Past_Due
EQF-2025-00033,03-01-2025,Manufacturing,CNC Milling Unit,6430000,1607500,4822500,48,10.77,624,86.6,REJECT,Default
EQF-2025-00034,03-01-2025,IT & Enterprise Tech,Automated Storage Array,3705000,926250,2778750,48,10.18,600,86.1,REJECT,Default
EQF-2025-00035,03-01-2025,IT & Enterprise Tech,Automated Storage Array,5499000,549900,4949100,36,7.75,687,62.2,STRUCTURED_LEASE,Performing
EQF-2025-00036,03-01-2025,Logistics & Fleet,Electric Delivery Van,1622000,405500,1216500,36,7.72,550,96.2,REJECT,Default
EQF-2025-00037,03-01-2025,Healthcare,Surgical Robot,5948000,594800,5353200,60,12.65,790,57.8,STRUCTURED_LEASE,Performing
EQF-2025-00038,03-01-2025,Manufacturing,Industrial Robotic Arm,4501000,1125250,3375750,36,10.2,767,49.1,STRUCTURED_LEASE,Performing
EQF-2025-00039,03-01-2025,Logistics & Fleet,Electric Delivery Van,1682000,168200,1513800,36,11.31,754,46.9,STRUCTURED_LEASE,Performing
EQF-2025-00040,03-01-2025,Healthcare,Digital X-Ray System,10229000,1534350,8694650,48,11.74,782,50.7,STRUCTURED_LEASE,Performing
EQF-2025-00041,03-01-2025,Manufacturing,Injection Molding Press,4289000,643350,3645650,60,8.11,692,66.9,REQUIRE_COLLATERAL,Performing
EQF-2025-00042,03-01-2025,Construction,Tower Crane,4919000,1229750,3689250,48,12.11,724,73,REQUIRE_COLLATERAL,Performing
EQF-2025-00043,03-01-2025,Manufacturing,Industrial Robotic Arm,2690000,538000,2152000,36,7.88,685,62.5,STRUCTURED_LEASE,Performing
EQF-2025-00044,03-01-2025,IT & Enterprise Tech,Enterprise Server Rack,2544000,381600,2162400,36,10.59,782,51.6,STRUCTURED_LEASE,Performing
EQF-2025-00045,03-01-2025,Healthcare,Digital X-Ray System,10688000,1068800,9619200,48,9.33,550,97,REJECT,Performing
EQF-2025-00046,03-01-2025,Logistics & Fleet,Electric Delivery Van,3388000,677600,2710400,24,10.59,782,35.1,AUTO_APPROVE,Performing
EQF-2025-00047,03-01-2025,Healthcare,MRI Scanner,5800000,580000,5220000,36,9.18,591,92.9,REJECT,Default
EQF-2025-00048,03-01-2025,Construction,Hydraulic Excavator,3562000,356200,3205800,36,10.32,696,63.5,STRUCTURED_LEASE,Performing
EQF-2025-00049,04-01-2025,Construction,Bulldozer,2727000,409050,2317950,48,11.54,641,90.4,REJECT,Default
EQF-2025-00050,04-01-2025,Manufacturing,Industrial Robotic Arm,1587000,396750,1190250,36,11.18,701,67.1,REQUIRE_COLLATERAL,Performing
EQF-2025-00051,04-01-2025,IT & Enterprise Tech,Automated Storage Array,5375000,1343750,4031250,36,9.41,674,77.1,REQUIRE_COLLATERAL,Performing
EQF-2025-00052,04-01-2025,Logistics & Fleet,Forklift Fleet,1371000,137100,1233900,24,8.07,684,77.4,REQUIRE_COLLATERAL,Performing
EQF-2025-00053,04-01-2025,IT & Enterprise Tech,Enterprise Server Rack,4602000,690300,3911700,24,9.05,745,52.4,STRUCTURED_LEASE,Performing
EQF-2025-00054,04-01-2025,IT & Enterprise Tech,Automated Storage Array,5334000,533400,4800600,36,10.17,724,54.1,STRUCTURED_LEASE,Performing
EQF-2025-00055,04-01-2025,Construction,Tower Crane,3333000,666600,2666400,48,10.48,774,56.9,STRUCTURED_LEASE,Performing
EQF-2025-00056,04-01-2025,IT & Enterprise Tech,Enterprise Server Rack,3069000,306900,2762100,48,11.11,737,65.6,REQUIRE_COLLATERAL,Performing
EQF-2025-00057,04-01-2025,Manufacturing,Industrial Robotic Arm,8236000,1235400,7000600,36,8.4,606,76.8,REQUIRE_COLLATERAL,30_Days_Past_Due
EQF-2025-00058,04-01-2025,Manufacturing,Industrial Robotic Arm,7339000,733900,6605100,36,8.1,850,25.3,AUTO_APPROVE,Performing
EQF-2025-00059,04-01-2025,Manufacturing,CNC Milling Unit,4928000,739200,4188800,36,7.97,580,85.5,REJECT,Default
EQF-2025-00060,04-01-2025,Healthcare,Digital X-Ray System,12388000,3097000,9291000,36,9.2,730,59.2,STRUCTURED_LEASE,Performing
EQF-2025-00061,04-01-2025,Healthcare,MRI Scanner,13167000,1975050,11191950,24,9.82,757,44.7,STRUCTURED_LEASE,Performing
EQF-2025-00062,04-01-2025,Healthcare,Digital X-Ray System,7828000,1565600,6262400,24,10.05,729,50.7,STRUCTURED_LEASE,Performing
EQF-2025-00063,04-01-2025,Logistics & Fleet,Heavy Duty Hauler,4590000,688500,3901500,36,7.38,696,55.1,STRUCTURED_LEASE,Performing
EQF-2025-00064,04-01-2025,Healthcare,Surgical Robot,9175000,1835000,7340000,60,8.07,806,36.1,AUTO_APPROVE,Performing
EQF-2025-00065,05-01-2025,Healthcare,Digital X-Ray System,9806000,1961200,7844800,36,8.45,783,47.3,STRUCTURED_LEASE,Performing
EQF-2025-00066,05-01-2025,Construction,Hydraulic Excavator,10998000,1099800,9898200,60,12.14,708,76.4,REQUIRE_COLLATERAL,Performing
EQF-2025-00067,05-01-2025,Manufacturing,Industrial Robotic Arm,7403000,1480600,5922400,36,8.93,680,71.8,REQUIRE_COLLATERAL,Performing
EQF-2025-00068,05-01-2025,Logistics & Fleet,Electric Delivery Van,2575000,386250,2188750,36,7.28,656,65.9,REQUIRE_COLLATERAL,60_Days_Past_Due
EQF-2025-00069,05-01-2025,Manufacturing,Industrial Robotic Arm,1572000,393000,1179000,48,10.07,662,74.2,REQUIRE_COLLATERAL,30_Days_Past_Due
EQF-2025-00070,05-01-2025,IT & Enterprise Tech,Enterprise Server Rack,4056000,608400,3447600,24,9.34,706,61.1,STRUCTURED_LEASE,Performing
EQF-2025-00071,05-01-2025,Logistics & Fleet,Forklift Fleet,3875000,968750,2906250,36,7.74,602,86.8,REJECT,Performing
EQF-2025-00072,05-01-2025,Manufacturing,Injection Molding Press,6056000,1211200,4844800,60,8.79,709,73.3,REQUIRE_COLLATERAL,Performing
EQF-2025-00073,05-01-2025,Manufacturing,Injection Molding Press,8275000,827500,7447500,48,8.99,762,48,STRUCTURED_LEASE,Performing
EQF-2025-00074,05-01-2025,Logistics & Fleet,Heavy Duty Hauler,4479000,895800,3583200,24,9.32,673,71.4,REQUIRE_COLLATERAL,Performing
EQF-2025-00075,05-01-2025,Logistics & Fleet,Forklift Fleet,2906000,581200,2324800,24,10.89,708,69.9,REQUIRE_COLLATERAL,Performing
EQF-2025-00076,05-01-2025,Logistics & Fleet,Heavy Duty Hauler,1439000,359750,1079250,60,10.34,729,69.5,REQUIRE_COLLATERAL,Performing
EQF-2025-00077,05-01-2025,Logistics & Fleet,Electric Delivery Van,3009000,451350,2557650,60,9.69,741,69.1,REQUIRE_COLLATERAL,Performing
EQF-2025-00078,05-01-2025,Manufacturing,Industrial Robotic Arm,6325000,632500,5692500,36,10.98,696,71.5,REQUIRE_COLLATERAL,60_Days_Past_Due
EQF-2025-00079,05-01-2025,Healthcare,Surgical Robot,10685000,1068500,9616500,36,8.89,824,30.5,AUTO_APPROVE,Performing
EQF-2025-00080,05-01-2025,Manufacturing,CNC Milling Unit,5267000,526700,4740300,48,8.41,710,68.4,REQUIRE_COLLATERAL,60_Days_Past_Due
EQF-2025-00081,06-01-2025,IT & Enterprise Tech,Edge AI Compute Cluster,3238000,323800,2914200,36,9.96,623,84.6,REJECT,60_Days_Past_Due
EQF-2025-00082,06-01-2025,Construction,Hydraulic Excavator,4997000,749550,4247450,36,9.85,684,63.9,STRUCTURED_LEASE,30_Days_Past_Due
EQF-2025-00083,06-01-2025,Healthcare,MRI Scanner,7051000,705100,6345900,48,7.29,794,39.9,AUTO_APPROVE,Performing
EQF-2025-00084,06-01-2025,Manufacturing,Industrial Robotic Arm,5002000,1250500,3751500,36,11.74,789,52.1,STRUCTURED_LEASE,Performing
EQF-2025-00085,06-01-2025,Healthcare,MRI Scanner,5767000,1441750,4325250,48,7.97,598,99,REJECT,60_Days_Past_Due
EQF-2025-00086,06-01-2025,Healthcare,Digital X-Ray System,7748000,774800,6973200,60,10.29,690,84.8,REJECT,Performing
EQF-2025-00087,06-01-2025,Logistics & Fleet,Electric Delivery Van,2431000,243100,2187900,48,10.33,675,65.6,REQUIRE_COLLATERAL,Performing
EQF-2025-00088,06-01-2025,Construction,Tower Crane,7491000,1123650,6367350,36,7,760,46,STRUCTURED_LEASE,Performing
EQF-2025-00089,06-01-2025,IT & Enterprise Tech,Enterprise Server Rack,1147000,172050,974950,36,9.84,636,87,REJECT,Performing
EQF-2025-00090,06-01-2025,Construction,Tower Crane,9552000,955200,8596800,36,11.96,811,43.7,STRUCTURED_LEASE,Performing
EQF-2025-00091,06-01-2025,Manufacturing,CNC Milling Unit,5437000,815550,4621450,36,8.43,614,78.7,REQUIRE_COLLATERAL,Performing
EQF-2025-00092,06-01-2025,Logistics & Fleet,Electric Delivery Van,3749000,749800,2999200,36,7,700,56.5,STRUCTURED_LEASE,Performing
EQF-2025-00093,06-01-2025,Logistics & Fleet,Electric Delivery Van,3872000,387200,3484800,36,9.32,631,83.7,REJECT,Default
EQF-2025-00094,06-01-2025,Construction,Bulldozer,4978000,746700,4231300,24,10.2,752,53.1,STRUCTURED_LEASE,Performing
EQF-2025-00095,06-01-2025,Logistics & Fleet,Forklift Fleet,2987000,746750,2240250,36,9.37,576,94.4,REJECT,Performing
EQF-2025-00096,06-01-2025,Construction,Bulldozer,10628000,1062800,9565200,36,8.07,698,61,STRUCTURED_LEASE,Performing
EQF-2025-00097,07-01-2025,Construction,Hydraulic Excavator,9017000,901700,8115300,48,7.95,697,74.3,REQUIRE_COLLATERAL,Performing
EQF-2025-00098,07-01-2025,Healthcare,MRI Scanner,14665000,3666250,10998750,48,7.07,651,72.2,REQUIRE_COLLATERAL,Performing
EQF-2025-00099,07-01-2025,Manufacturing,Industrial Robotic Arm,6724000,1681000,5043000,36,7,789,44,STRUCTURED_LEASE,60_Days_Past_Due
EQF-2025-00100,07-01-2025,Manufacturing,Industrial Robotic Arm,2729000,409350,2319650,48,8.99,820,30.4,AUTO_APPROVE,Performing
EQF-2025-00101,07-01-2025,Manufacturing,Industrial Robotic Arm,1952000,488000,1464000,48,10.14,683,73.3,REQUIRE_COLLATERAL,Performing
EQF-2025-00102,07-01-2025,Construction,Tower Crane,7410000,1482000,5928000,36,9.74,718,58.9,STRUCTURED_LEASE,Performing
EQF-2025-00103,07-01-2025,Healthcare,MRI Scanner,7936000,793600,7142400,24,9.88,669,69.3,REQUIRE_COLLATERAL,Performing
EQF-2025-00104,07-01-2025,Construction,Tower Crane,4841000,968200,3872800,48,10.45,627,78.3,REQUIRE_COLLATERAL,60_Days_Past_Due
EQF-2025-00105,07-01-2025,IT & Enterprise Tech,Edge AI Compute Cluster,4997000,749550,4247450,36,11.46,637,91,REJECT,Performing
EQF-2025-00106,07-01-2025,Manufacturing,Injection Molding Press,4069000,1017250,3051750,24,9.54,639,75.4,REQUIRE_COLLATERAL,60_Days_Past_Due
EQF-2025-00107,07-01-2025,Healthcare,Digital X-Ray System,7487000,748700,6738300,60,10.02,791,64.3,STRUCTURED_LEASE,Performing
EQF-2025-00108,07-01-2025,Logistics & Fleet,Electric Delivery Van,4430000,1107500,3322500,36,10.03,737,61.6,STRUCTURED_LEASE,Performing
EQF-2025-00109,07-01-2025,Manufacturing,Industrial Robotic Arm,7424000,1856000,5568000,48,9.72,648,81.5,REJECT,Performing
EQF-2025-00110,07-01-2025,Manufacturing,CNC Milling Unit,3995000,599250,3395750,36,9.53,653,75.2,REQUIRE_COLLATERAL,Performing
EQF-2025-00111,07-01-2025,Healthcare,Surgical Robot,13157000,1973550,11183450,24,9.65,645,76.9,REQUIRE_COLLATERAL,Performing
EQF-2025-00112,07-01-2025,Manufacturing,Industrial Robotic Arm,7455000,1118250,6336750,24,11.84,587,94.9,REJECT,Default
EQF-2025-00113,08-01-2025,IT & Enterprise Tech,Edge AI Compute Cluster,3004000,450600,2553400,48,11.65,743,66.1,REQUIRE_COLLATERAL,30_Days_Past_Due
EQF-2025-00114,08-01-2025,Logistics & Fleet,Forklift Fleet,1453000,145300,1307700,36,7,701,70.3,REQUIRE_COLLATERAL,Performing
EQF-2025-00115,08-01-2025,Construction,Tower Crane,2513000,502600,2010400,36,9.83,821,44.6,STRUCTURED_LEASE,Performing
EQF-2025-00116,08-01-2025,IT & Enterprise Tech,Enterprise Server Rack,3521000,704200,2816800,60,9.51,574,96.5,REJECT,Performing
EQF-2025-00117,08-01-2025,Logistics & Fleet,Electric Delivery Van,2507000,250700,2256300,36,11.39,765,50.6,STRUCTURED_LEASE,Performing
EQF-2025-00118,08-01-2025,Manufacturing,CNC Milling Unit,8480000,2120000,6360000,24,9.45,770,47.8,STRUCTURED_LEASE,Performing
EQF-2025-00119,08-01-2025,IT & Enterprise Tech,Enterprise Server Rack,4817000,481700,4335300,36,9.88,779,49.1,STRUCTURED_LEASE,Performing
EQF-2025-00120,08-01-2025,Construction,Tower Crane,8971000,1794200,7176800,48,8.53,725,62.1,STRUCTURED_LEASE,Performing
EQF-2025-00121,08-01-2025,Logistics & Fleet,Forklift Fleet,4830000,966000,3864000,36,10.72,769,44.1,STRUCTURED_LEASE,Performing
EQF-2025-00122,08-01-2025,IT & Enterprise Tech,Enterprise Server Rack,5416000,541600,4874400,24,7.63,729,55.1,STRUCTURED_LEASE,Performing
EQF-2025-00123,08-01-2025,Healthcare,Surgical Robot,7500000,1125000,6375000,36,9.04,661,70.4,REQUIRE_COLLATERAL,Default
EQF-2025-00124,08-01-2025,Manufacturing,Industrial Robotic Arm,2662000,665500,1996500,24,7.92,683,72.5,REQUIRE_COLLATERAL,Performing
EQF-2025-00125,08-01-2025,Manufacturing,CNC Milling Unit,6721000,672100,6048900,48,9.05,682,72.4,REQUIRE_COLLATERAL,Performing
EQF-2025-00126,08-01-2025,Healthcare,Digital X-Ray System,8161000,1632200,6528800,48,8.68,785,47.2,STRUCTURED_LEASE,Performing
EQF-2025-00127,08-01-2025,Logistics & Fleet,Forklift Fleet,2998000,449700,2548300,24,10.76,793,45.9,STRUCTURED_LEASE,Performing
EQF-2025-00128,08-01-2025,IT & Enterprise Tech,Edge AI Compute Cluster,4078000,1019500,3058500,36,9.17,762,47.1,STRUCTURED_LEASE,60_Days_Past_Due
EQF-2025-00129,09-01-2025,Manufacturing,Industrial Robotic Arm,7855000,1571000,6284000,36,11.74,713,75.1,REQUIRE_COLLATERAL,Performing
EQF-2025-00130,09-01-2025,Construction,Hydraulic Excavator,6062000,1515500,4546500,48,9.14,576,99,REJECT,Performing
EQF-2025-00131,09-01-2025,Healthcare,Digital X-Ray System,12616000,1892400,10723600,36,7.88,763,50.9,STRUCTURED_LEASE,30_Days_Past_Due
EQF-2025-00132,09-01-2025,Manufacturing,Industrial Robotic Arm,3378000,675600,2702400,36,9.14,760,54,STRUCTURED_LEASE,60_Days_Past_Due
EQF-2025-00133,09-01-2025,Manufacturing,Industrial Robotic Arm,6386000,957900,5428100,60,10.22,728,64.4,STRUCTURED_LEASE,30_Days_Past_Due
EQF-2025-00134,09-01-2025,Healthcare,MRI Scanner,4017000,401700,3615300,24,12.03,741,57.6,STRUCTURED_LEASE,Performing
EQF-2025-00135,09-01-2025,IT & Enterprise Tech,Automated Storage Array,5332000,533200,4798800,60,8.53,657,81.9,REJECT,Performing
EQF-2025-00136,09-01-2025,Healthcare,Surgical Robot,4334000,1083500,3250500,24,11.99,687,63.7,STRUCTURED_LEASE,Performing
EQF-2025-00137,09-01-2025,Construction,Tower Crane,8558000,1283700,7274300,36,9.22,656,81.7,REJECT,Default
EQF-2025-00138,09-01-2025,Logistics & Fleet,Heavy Duty Hauler,1376000,206400,1169600,36,8.83,699,55.8,STRUCTURED_LEASE,Performing
EQF-2025-00139,09-01-2025,Healthcare,Digital X-Ray System,6929000,1732250,5196750,24,10.66,767,38.6,AUTO_APPROVE,Performing
EQF-2025-00140,09-01-2025,IT & Enterprise Tech,Automated Storage Array,3385000,846250,2538750,24,11.64,738,66.2,REQUIRE_COLLATERAL,Performing
EQF-2025-00141,09-01-2025,IT & Enterprise Tech,Enterprise Server Rack,2984000,746000,2238000,36,10.34,642,83.2,REJECT,Performing
EQF-2025-00142,09-01-2025,Healthcare,Surgical Robot,6110000,611000,5499000,60,7.38,829,34.1,AUTO_APPROVE,Performing
EQF-2025-00143,09-01-2025,Construction,Bulldozer,5337000,1334250,4002750,36,10,721,62,STRUCTURED_LEASE,30_Days_Past_Due
EQF-2025-00144,09-01-2025,Healthcare,MRI Scanner,12005000,1200500,10804500,48,12.76,666,84.1,REJECT,Performing
EQF-2025-00145,10-01-2025,Healthcare,MRI Scanner,11362000,2840500,8521500,48,7,690,65.5,REQUIRE_COLLATERAL,Performing
EQF-2025-00146,10-01-2025,Manufacturing,Industrial Robotic Arm,2003000,300450,1702550,48,10.06,673,70.3,REQUIRE_COLLATERAL,Performing
EQF-2025-00147,10-01-2025,Construction,Tower Crane,8852000,1327800,7524200,48,9.07,724,63.7,STRUCTURED_LEASE,Performing
EQF-2025-00148,10-01-2025,Construction,Bulldozer,2951000,737750,2213250,36,8.1,624,84.2,REJECT,60_Days_Past_Due
EQF-2025-00149,10-01-2025,Manufacturing,CNC Milling Unit,5300000,1325000,3975000,24,11.05,729,49.5,STRUCTURED_LEASE,Performing
EQF-2025-00150,10-01-2025,Healthcare,MRI Scanner,6861000,686100,6174900,36,7,764,42.7,STRUCTURED_LEASE,Performing
EQF-2025-00151,10-01-2025,IT & Enterprise Tech,Edge AI Compute Cluster,3856000,771200,3084800,36,8.97,752,46.3,STRUCTURED_LEASE,30_Days_Past_Due
EQF-2025-00152,10-01-2025,Manufacturing,Injection Molding Press,3329000,332900,2996100,24,11,727,54.6,STRUCTURED_LEASE,30_Days_Past_Due
EQF-2025-00153,10-01-2025,Manufacturing,Injection Molding Press,8395000,1259250,7135750,24,10.83,747,55.6,STRUCTURED_LEASE,Performing
EQF-2025-00154,10-01-2025,Construction,Tower Crane,5133000,1283250,3849750,60,10.39,735,59.7,STRUCTURED_LEASE,Performing
EQF-2025-00155,10-01-2025,IT & Enterprise Tech,Enterprise Server Rack,2058000,308700,1749300,60,9.76,778,64,STRUCTURED_LEASE,Performing
EQF-2025-00156,10-01-2025,Manufacturing,Industrial Robotic Arm,3449000,689800,2759200,24,9.31,694,62.3,STRUCTURED_LEASE,Performing
EQF-2025-00157,10-01-2025,Logistics & Fleet,Electric Delivery Van,4607000,460700,4146300,36,8.79,650,72.2,REQUIRE_COLLATERAL,Performing
EQF-2025-00158,10-01-2025,Logistics & Fleet,Electric Delivery Van,3618000,542700,3075300,24,8.04,733,41.1,STRUCTURED_LEASE,Performing
EQF-2025-00159,10-01-2025,Manufacturing,Industrial Robotic Arm,6615000,661500,5953500,36,10.72,780,50.5,STRUCTURED_LEASE,Performing
EQF-2025-00160,10-01-2025,Logistics & Fleet,Heavy Duty Hauler,4688000,1172000,3516000,36,9.82,684,69.2,REQUIRE_COLLATERAL,Performing
EQF-2025-00161,11-01-2025,Healthcare,Digital X-Ray System,14031000,2104650,11926350,60,10.76,813,43.2,STRUCTURED_LEASE,Performing
EQF-2025-00162,11-01-2025,Construction,Hydraulic Excavator,8781000,1756200,7024800,24,8.33,734,46.1,STRUCTURED_LEASE,Performing
EQF-2025-00163,11-01-2025,Construction,Tower Crane,4182000,418200,3763800,36,8.3,770,55.3,STRUCTURED_LEASE,Performing
EQF-2025-00164,11-01-2025,Construction,Bulldozer,9669000,966900,8702100,24,10.24,634,75.3,REQUIRE_COLLATERAL,Performing
EQF-2025-00165,11-01-2025,Manufacturing,CNC Milling Unit,2926000,585200,2340800,60,7,761,53.2,STRUCTURED_LEASE,Performing
EQF-2025-00166,11-01-2025,Logistics & Fleet,Forklift Fleet,4023000,603450,3419550,60,7,740,60.4,STRUCTURED_LEASE,Performing
EQF-2025-00167,11-01-2025,Healthcare,Digital X-Ray System,11542000,1731300,9810700,48,11.02,847,38.5,AUTO_APPROVE,Performing
EQF-2025-00168,11-01-2025,Manufacturing,Industrial Robotic Arm,6812000,681200,6130800,36,8.44,743,59.7,STRUCTURED_LEASE,Performing
EQF-2025-00169,11-01-2025,Manufacturing,Industrial Robotic Arm,5229000,1045800,4183200,36,9.79,752,50.2,STRUCTURED_LEASE,Performing
EQF-2025-00170,11-01-2025,Construction,Hydraulic Excavator,7929000,792900,7136100,36,10.07,656,73.5,REQUIRE_COLLATERAL,Performing
EQF-2025-00171,11-01-2025,Logistics & Fleet,Forklift Fleet,4823000,482300,4340700,36,11.05,730,59.5,STRUCTURED_LEASE,Performing
EQF-2025-00172,11-01-2025,Manufacturing,CNC Milling Unit,2208000,552000,1656000,48,8.84,784,44.4,STRUCTURED_LEASE,Performing
EQF-2025-00173,11-01-2025,Construction,Hydraulic Excavator,5125000,768750,4356250,36,8.92,687,61.9,STRUCTURED_LEASE,30_Days_Past_Due
EQF-2025-00174,11-01-2025,Manufacturing,Industrial Robotic Arm,5779000,866850,4912150,36,8.58,663,71,REQUIRE_COLLATERAL,Performing
EQF-2025-00175,11-01-2025,Construction,Bulldozer,10694000,2673500,8020500,48,10.43,840,46.3,STRUCTURED_LEASE,Performing
EQF-2025-00176,11-01-2025,Manufacturing,Industrial Robotic Arm,2169000,325350,1843650,36,10.5,691,63,STRUCTURED_LEASE,30_Days_Past_Due
EQF-2025-00177,12-01-2025,Logistics & Fleet,Heavy Duty Hauler,1286000,192900,1093100,48,11.42,768,56.6,STRUCTURED_LEASE,Performing
EQF-2025-00178,12-01-2025,Healthcare,Digital X-Ray System,4613000,691950,3921050,36,7.63,678,69.2,REQUIRE_COLLATERAL,Default
EQF-2025-00179,12-01-2025,IT & Enterprise Tech,Automated Storage Array,1073000,214600,858400,24,12.85,681,82.5,REJECT,Performing
EQF-2025-00180,12-01-2025,Manufacturing,Industrial Robotic Arm,7855000,1963750,5891250,36,9.03,702,67.9,REQUIRE_COLLATERAL,Performing
EQF-2025-00181,12-01-2025,Healthcare,Surgical Robot,11934000,1193400,10740600,60,9.43,747,60.4,STRUCTURED_LEASE,Performing
EQF-2025-00182,12-01-2025,Manufacturing,Injection Molding Press,6240000,1248000,4992000,36,9.75,785,43.7,STRUCTURED_LEASE,Performing
EQF-2025-00183,12-01-2025,IT & Enterprise Tech,Edge AI Compute Cluster,3517000,351700,3165300,36,8.13,673,73.3,REQUIRE_COLLATERAL,Performing
EQF-2025-00184,12-01-2025,IT & Enterprise Tech,Enterprise Server Rack,4866000,1216500,3649500,24,8.88,782,46.1,STRUCTURED_LEASE,Performing
EQF-2025-00185,12-01-2025,Healthcare,Digital X-Ray System,5712000,1428000,4284000,48,11.69,718,69.2,REQUIRE_COLLATERAL,Performing
EQF-2025-00186,12-01-2025,Logistics & Fleet,Heavy Duty Hauler,2689000,672250,2016750,48,11.71,698,72.6,REQUIRE_COLLATERAL,Performing
EQF-2025-00187,12-01-2025,Logistics & Fleet,Heavy Duty Hauler,3062000,459300,2602700,36,9.81,746,65.3,REQUIRE_COLLATERAL,Performing
EQF-2025-00188,12-01-2025,Construction,Tower Crane,3438000,687600,2750400,36,11.07,802,55,STRUCTURED_LEASE,Performing
EQF-2025-00189,12-01-2025,Construction,Hydraulic Excavator,6066000,1516500,4549500,60,10.12,743,65.8,REQUIRE_COLLATERAL,Performing
EQF-2025-00190,12-01-2025,Manufacturing,CNC Milling Unit,3716000,371600,3344400,48,9.41,662,77.5,REQUIRE_COLLATERAL,Performing
EQF-2025-00191,12-01-2025,Manufacturing,Industrial Robotic Arm,1749000,262350,1486650,48,8.37,719,55.9,STRUCTURED_LEASE,30_Days_Past_Due
EQF-2025-00192,12-01-2025,IT & Enterprise Tech,Edge AI Compute Cluster,1511000,226650,1284350,36,8.21,746,52,STRUCTURED_LEASE,30_Days_Past_Due
EQF-2025-00193,13-01-2025,IT & Enterprise Tech,Edge AI Compute Cluster,4773000,954600,3818400,36,8.36,671,74.6,REQUIRE_COLLATERAL,Performing
EQF-2025-00194,13-01-2025,Construction,Hydraulic Excavator,2653000,530600,2122400,48,11.92,728,57.8,STRUCTURED_LEASE,Performing
EQF-2025-00195,13-01-2025,Healthcare,Surgical Robot,14277000,2855400,11421600,48,10.81,663,82.3,REJECT,Default
EQF-2025-00196,13-01-2025,Healthcare,MRI Scanner,4951000,742650,4208350,48,11.66,751,65.3,REQUIRE_COLLATERAL,30_Days_Past_Due
EQF-2025-00197,13-01-2025,Logistics & Fleet,Forklift Fleet,4237000,1059250,3177750,24,10.1,805,42.8,STRUCTURED_LEASE,Performing
EQF-2025-00198,13-01-2025,IT & Enterprise Tech,Edge AI Compute Cluster,5473000,547300,4925700,48,8.18,704,61.2,STRUCTURED_LEASE,Performing
EQF-2025-00199,13-01-2025,IT & Enterprise Tech,Automated Storage Array,5694000,1423500,4270500,48,10.4,758,55.9,STRUCTURED_LEASE,Performing
EQF-2025-00200,13-01-2025,Logistics & Fleet,Electric Delivery Van,4496000,449600,4046400,60,11.4,776,56.3,STRUCTURED_LEASE,Performing
EQF-2025-00201,13-01-2025,Construction,Tower Crane,4944000,1236000,3708000,24,10.46,682,77.1,REQUIRE_COLLATERAL,Performing
EQF-2025-00202,13-01-2025,Manufacturing,Injection Molding Press,3832000,766400,3065600,48,7.52,737,63.6,STRUCTURED_LEASE,Performing
EQF-2025-00203,13-01-2025,Manufacturing,Industrial Robotic Arm,4486000,448600,4037400,48,7.29,784,46.8,STRUCTURED_LEASE,Performing
EQF-2025-00204,13-01-2025,IT & Enterprise Tech,Automated Storage Array,1524000,228600,1295400,60,10.45,816,48.6,STRUCTURED_LEASE,Performing
EQF-2025-00205,13-01-2025,Construction,Tower Crane,2689000,268900,2420100,48,9.03,691,69.2,REQUIRE_COLLATERAL,Performing
EQF-2025-00206,13-01-2025,Manufacturing,CNC Milling Unit,7584000,1137600,6446400,60,9.97,636,85.4,REJECT,Performing
EQF-2025-00207,13-01-2025,Manufacturing,CNC Milling Unit,5379000,1344750,4034250,60,8.41,747,49.8,STRUCTURED_LEASE,Performing
EQF-2025-00208,13-01-2025,Logistics & Fleet,Electric Delivery Van,3513000,702600,2810400,36,9.69,724,60,STRUCTURED_LEASE,Performing
EQF-2025-00209,14-01-2025,Manufacturing,Industrial Robotic Arm,7989000,798900,7190100,48,7.85,711,72.4,REQUIRE_COLLATERAL,Performing
EQF-2025-00210,14-01-2025,Manufacturing,Injection Molding Press,6156000,923400,5232600,48,9.87,676,75.9,REQUIRE_COLLATERAL,Performing
EQF-2025-00211,14-01-2025,Construction,Hydraulic Excavator,8372000,2093000,6279000,36,10.59,767,49.3,STRUCTURED_LEASE,Performing
EQF-2025-00212,14-01-2025,Logistics & Fleet,Forklift Fleet,4190000,838000,3352000,36,10.68,671,75,REQUIRE_COLLATERAL,Performing
EQF-2025-00213,14-01-2025,Logistics & Fleet,Electric Delivery Van,1642000,328400,1313600,24,7.54,666,63.2,STRUCTURED_LEASE,Performing
EQF-2025-00214,14-01-2025,Manufacturing,Industrial Robotic Arm,4021000,804200,3216800,48,10.2,701,64.6,STRUCTURED_LEASE,Performing
EQF-2025-00215,14-01-2025,Logistics & Fleet,Forklift Fleet,4879000,1219750,3659250,36,8.62,770,41.8,STRUCTURED_LEASE,Performing
EQF-2025-00216,14-01-2025,Manufacturing,Industrial Robotic Arm,7961000,1990250,5970750,60,11.79,621,94.5,REJECT,Performing
EQF-2025-00217,14-01-2025,Healthcare,MRI Scanner,13725000,3431250,10293750,48,10.93,644,76.5,REQUIRE_COLLATERAL,30_Days_Past_Due
EQF-2025-00218,14-01-2025,Logistics & Fleet,Forklift Fleet,2918000,583600,2334400,48,9.54,656,78.2,REQUIRE_COLLATERAL,Performing
EQF-2025-00219,14-01-2025,Construction,Hydraulic Excavator,9786000,978600,8807400,36,12.77,838,41.1,STRUCTURED_LEASE,Performing
EQF-2025-00220,14-01-2025,Logistics & Fleet,Heavy Duty Hauler,1384000,207600,1176400,36,8.41,728,59.7,STRUCTURED_LEASE,Performing
EQF-2025-00221,14-01-2025,Logistics & Fleet,Heavy Duty Hauler,1764000,441000,1323000,36,9.41,642,76.5,REQUIRE_COLLATERAL,Performing
EQF-2025-00222,14-01-2025,Construction,Bulldozer,6019000,601900,5417100,36,10.31,701,61,STRUCTURED_LEASE,Performing
EQF-2025-00223,14-01-2025,Manufacturing,Industrial Robotic Arm,4884000,732600,4151400,48,12.55,760,62.6,STRUCTURED_LEASE,Performing
EQF-2025-00224,14-01-2025,Healthcare,MRI Scanner,6899000,1379800,5519200,48,11.7,839,47.8,STRUCTURED_LEASE,30_Days_Past_Due
EQF-2025-00225,15-01-2025,Healthcare,MRI Scanner,7921000,792100,7128900,24,10.7,610,80.9,REJECT,Performing
EQF-2025-00226,15-01-2025,Manufacturing,CNC Milling Unit,2639000,527800,2111200,48,8.18,640,86.6,REJECT,60_Days_Past_Due
EQF-2025-00227,15-01-2025,IT & Enterprise Tech,Edge AI Compute Cluster,3343000,501450,2841550,24,8.18,688,61.4,STRUCTURED_LEASE,Performing
EQF-2025-00228,15-01-2025,Healthcare,Digital X-Ray System,12732000,3183000,9549000,36,10.54,690,67.4,REQUIRE_COLLATERAL,Performing
EQF-2025-00229,15-01-2025,IT & Enterprise Tech,Automated Storage Array,4239000,847800,3391200,48,7.62,689,63.5,STRUCTURED_LEASE,Performing
EQF-2025-00230,15-01-2025,Construction,Tower Crane,3416000,341600,3074400,24,9.98,702,62.7,STRUCTURED_LEASE,Performing
EQF-2025-00231,15-01-2025,Logistics & Fleet,Forklift Fleet,3053000,763250,2289750,48,10.71,841,39.5,AUTO_APPROVE,Performing
EQF-2025-00232,15-01-2025,Construction,Bulldozer,8430000,843000,7587000,48,7.28,627,73,REQUIRE_COLLATERAL,Performing
EQF-2025-00233,15-01-2025,Construction,Bulldozer,7004000,1050600,5953400,48,10.47,720,74,REQUIRE_COLLATERAL,Performing
EQF-2025-00234,15-01-2025,Construction,Bulldozer,5829000,874350,4954650,36,10.84,746,55.8,STRUCTURED_LEASE,Performing
EQF-2025-00235,15-01-2025,Manufacturing,Injection Molding Press,5853000,1463250,4389750,36,8.96,615,90.1,REJECT,Default
EQF-2025-00236,15-01-2025,Logistics & Fleet,Heavy Duty Hauler,4881000,488100,4392900,36,9.27,803,36.1,AUTO_APPROVE,Performing
EQF-2025-00237,15-01-2025,Healthcare,Digital X-Ray System,5044000,504400,4539600,60,7,699,71.4,REQUIRE_COLLATERAL,Performing
EQF-2025-00238,15-01-2025,Manufacturing,CNC Milling Unit,4230000,423000,3807000,24,9.34,639,80.9,REJECT,60_Days_Past_Due
EQF-2025-00239,15-01-2025,Construction,Bulldozer,5956000,595600,5360400,36,7.21,810,41.8,STRUCTURED_LEASE,30_Days_Past_Due
EQF-2025-00240,15-01-2025,Manufacturing,Industrial Robotic Arm,5539000,830850,4708150,60,8.47,754,59.8,STRUCTURED_LEASE,Performing
EQF-2025-00241,16-01-2025,IT & Enterprise Tech,Enterprise Server Rack,1591000,159100,1431900,48,8.9,674,77.7,REQUIRE_COLLATERAL,Performing
EQF-2025-00242,16-01-2025,IT & Enterprise Tech,Enterprise Server Rack,1719000,257850,1461150,48,7.77,757,54.3,STRUCTURED_LEASE,Performing
EQF-2025-00243,16-01-2025,IT & Enterprise Tech,Automated Storage Array,2284000,228400,2055600,60,7.63,735,54.9,STRUCTURED_LEASE,30_Days_Past_Due
EQF-2025-00244,16-01-2025,Healthcare,MRI Scanner,14515000,1451500,13063500,36,7.7,610,82.6,REJECT,60_Days_Past_Due
EQF-2025-00245,16-01-2025,Manufacturing,CNC Milling Unit,6639000,1327800,5311200,36,11.33,616,81.8,REJECT,Performing
EQF-2025-00246,16-01-2025,IT & Enterprise Tech,Enterprise Server Rack,4241000,848200,3392800,24,9.39,731,47.9,STRUCTURED_LEASE,Performing
EQF-2025-00247,16-01-2025,Healthcare,MRI Scanner,12987000,1298700,11688300,36,11.4,594,93.6,REJECT,Performing
EQF-2025-00248,16-01-2025,IT & Enterprise Tech,Enterprise Server Rack,1463000,219450,1243550,48,8.89,775,47.5,STRUCTURED_LEASE,Performing
EQF-2025-00249,16-01-2025,IT & Enterprise Tech,Automated Storage Array,5269000,526900,4742100,36,8.92,620,89,REJECT,Performing
EQF-2025-00250,16-01-2025,IT & Enterprise Tech,Automated Storage Array,3893000,778600,3114400,48,8.86,769,60.1,STRUCTURED_LEASE,Performing
EQF-2025-00251,16-01-2025,Healthcare,MRI Scanner,7689000,768900,6920100,24,7,802,46.9,STRUCTURED_LEASE,Performing
EQF-2025-00252,16-01-2025,Healthcare,Surgical Robot,12974000,2594800,10379200,36,10.26,741,50.5,STRUCTURED_LEASE,Performing
EQF-2025-00253,16-01-2025,IT & Enterprise Tech,Automated Storage Array,4973000,497300,4475700,48,9.34,550,95.3,REJECT,60_Days_Past_Due
EQF-2025-00254,16-01-2025,Healthcare,Digital X-Ray System,13303000,3325750,9977250,36,9.58,782,51.2,STRUCTURED_LEASE,Performing
EQF-2025-00255,16-01-2025,Manufacturing,CNC Milling Unit,2309000,230900,2078100,48,7,681,65.4,REQUIRE_COLLATERAL,Performing
EQF-2025-00256,16-01-2025,Construction,Bulldozer,10740000,1611000,9129000,60,9.46,706,66.9,REQUIRE_COLLATERAL,Performing
EQF-2025-00257,17-01-2025,IT & Enterprise Tech,Automated Storage Array,5790000,1158000,4632000,48,8.84,661,73.5,REQUIRE_COLLATERAL,Performing
EQF-2025-00258,17-01-2025,Logistics & Fleet,Heavy Duty Hauler,2558000,639500,1918500,36,9.69,819,38.6,AUTO_APPROVE,Performing
EQF-2025-00259,17-01-2025,Construction,Tower Crane,3060000,612000,2448000,60,9.39,721,70.3,REQUIRE_COLLATERAL,Performing
EQF-2025-00260,17-01-2025,Manufacturing,CNC Milling Unit,2669000,533800,2135200,24,8.77,683,54.2,STRUCTURED_LEASE,Performing
EQF-2025-00261,17-01-2025,Construction,Tower Crane,10939000,1640850,9298150,48,10.34,797,50.8,STRUCTURED_LEASE,Performing
EQF-2025-00262,17-01-2025,IT & Enterprise Tech,Enterprise Server Rack,3728000,372800,3355200,24,11.04,767,48.8,STRUCTURED_LEASE,30_Days_Past_Due
EQF-2025-00263,17-01-2025,Manufacturing,CNC Milling Unit,3996000,599400,3396600,36,8.89,636,73.5,REQUIRE_COLLATERAL,60_Days_Past_Due
EQF-2025-00264,17-01-2025,Construction,Hydraulic Excavator,4950000,495000,4455000,60,7.33,731,67.2,REQUIRE_COLLATERAL,Performing
EQF-2025-00265,17-01-2025,IT & Enterprise Tech,Enterprise Server Rack,2136000,534000,1602000,36,7.43,724,52.7,STRUCTURED_LEASE,Performing
EQF-2025-00266,17-01-2025,Logistics & Fleet,Electric Delivery Van,3724000,558600,3165400,48,10.13,614,86.9,REJECT,Performing
EQF-2025-00267,17-01-2025,Logistics & Fleet,Electric Delivery Van,2794000,419100,2374900,36,11.44,763,53.7,STRUCTURED_LEASE,Performing
EQF-2025-00268,17-01-2025,Logistics & Fleet,Forklift Fleet,4869000,973800,3895200,48,7,708,68.8,REQUIRE_COLLATERAL,Performing
EQF-2025-00269,17-01-2025,Healthcare,MRI Scanner,11522000,1728300,9793700,60,7.97,849,36.3,AUTO_APPROVE,Performing
EQF-2025-00270,17-01-2025,Healthcare,Digital X-Ray System,12712000,1271200,11440800,36,9,801,41,STRUCTURED_LEASE,30_Days_Past_Due
EQF-2025-00271,17-01-2025,Logistics & Fleet,Electric Delivery Van,2312000,346800,1965200,48,7,724,61.9,STRUCTURED_LEASE,30_Days_Past_Due
EQF-2025-00272,17-01-2025,Logistics & Fleet,Electric Delivery Van,1501000,225150,1275850,48,9.36,704,55.9,STRUCTURED_LEASE,30_Days_Past_Due
EQF-2025-00273,18-01-2025,IT & Enterprise Tech,Enterprise Server Rack,3337000,834250,2502750,60,10.04,577,99,REJECT,Performing
EQF-2025-00274,18-01-2025,IT & Enterprise Tech,Automated Storage Array,2436000,243600,2192400,36,10.22,764,53.3,STRUCTURED_LEASE,60_Days_Past_Due
EQF-2025-00275,18-01-2025,Construction,Tower Crane,4218000,843600,3374400,48,8.9,705,70,REQUIRE_COLLATERAL,Performing
EQF-2025-00276,18-01-2025,Construction,Hydraulic Excavator,10597000,1059700,9537300,36,8.97,679,69.6,REQUIRE_COLLATERAL,30_Days_Past_Due
EQF-2025-00277,18-01-2025,Logistics & Fleet,Electric Delivery Van,2887000,721750,2165250,36,7.97,711,53.3,STRUCTURED_LEASE,Performing
EQF-2025-00278,18-01-2025,Construction,Tower Crane,3985000,398500,3586500,24,7,810,23.1,AUTO_APPROVE,Performing
EQF-2025-00279,18-01-2025,Logistics & Fleet,Forklift Fleet,1955000,195500,1759500,48,9.22,798,49.3,STRUCTURED_LEASE,Performing
EQF-2025-00280,18-01-2025,Logistics & Fleet,Electric Delivery Van,2267000,340050,1926950,60,10.11,798,49.2,STRUCTURED_LEASE,Performing
EQF-2025-00281,18-01-2025,IT & Enterprise Tech,Edge AI Compute Cluster,5996000,899400,5096600,36,9.52,642,75.9,REQUIRE_COLLATERAL,Performing
EQF-2025-00282,18-01-2025,Healthcare,MRI Scanner,6948000,694800,6253200,48,11.16,812,43,STRUCTURED_LEASE,30_Days_Past_Due
EQF-2025-00283,18-01-2025,Healthcare,MRI Scanner,7617000,761700,6855300,48,10.02,678,74.4,REQUIRE_COLLATERAL,Performing
EQF-2025-00284,18-01-2025,Manufacturing,Injection Molding Press,6115000,1223000,4892000,36,10.49,758,53.8,STRUCTURED_LEASE,Performing
EQF-2025-00285,18-01-2025,Construction,Hydraulic Excavator,4999000,1249750,3749250,60,9.75,750,55.3,STRUCTURED_LEASE,Performing
EQF-2025-00286,18-01-2025,Manufacturing,CNC Milling Unit,3011000,451650,2559350,36,12.29,700,74.7,REQUIRE_COLLATERAL,Performing
EQF-2025-00287,18-01-2025,Construction,Bulldozer,3848000,577200,3270800,24,8.77,723,50.9,STRUCTURED_LEASE,Performing
EQF-2025-00288,18-01-2025,Construction,Tower Crane,5158000,773700,4384300,24,10.52,603,91.8,REJECT,Performing
EQF-2025-00289,19-01-2025,Healthcare,Surgical Robot,5165000,774750,4390250,60,9.87,713,70.9,REQUIRE_COLLATERAL,Performing
EQF-2025-00290,19-01-2025,Construction,Hydraulic Excavator,2658000,265800,2392200,60,10.61,694,75.2,REQUIRE_COLLATERAL,60_Days_Past_Due
EQF-2025-00291,19-01-2025,Manufacturing,Injection Molding Press,7132000,713200,6418800,36,10,850,25.3,AUTO_APPROVE,Performing
EQF-2025-00292,19-01-2025,Manufacturing,Industrial Robotic Arm,2465000,493000,1972000,24,9.44,711,61.2,STRUCTURED_LEASE,Performing
EQF-2025-00293,19-01-2025,Logistics & Fleet,Forklift Fleet,4149000,622350,3526650,36,10.07,663,73.9,REQUIRE_COLLATERAL,Default
EQF-2025-00294,19-01-2025,Healthcare,MRI Scanner,12773000,1915950,10857050,48,10.26,717,67.1,REQUIRE_COLLATERAL,Performing
EQF-2025-00295,19-01-2025,Manufacturing,CNC Milling Unit,5265000,526500,4738500,48,10.45,666,84.5,REJECT,60_Days_Past_Due
EQF-2025-00296,19-01-2025,Construction,Bulldozer,5132000,1026400,4105600,60,11.69,617,99,REJECT,60_Days_Past_Due
EQF-2025-00297,19-01-2025,Logistics & Fleet,Electric Delivery Van,1751000,175100,1575900,48,9.79,736,66.6,REQUIRE_COLLATERAL,Performing
EQF-2025-00298,19-01-2025,Manufacturing,Injection Molding Press,6658000,998700,5659300,60,7.85,710,54,STRUCTURED_LEASE,Performing
EQF-2025-00299,19-01-2025,Construction,Tower Crane,7612000,1141800,6470200,48,9.75,774,51.5,STRUCTURED_LEASE,30_Days_Past_Due
EQF-2025-00300,19-01-2025,Manufacturing,Industrial Robotic Arm,6088000,1522000,4566000,36,8.83,804,32.4,AUTO_APPROVE,Performing
EQF-2025-00301,19-01-2025,Manufacturing,Injection Molding Press,1561000,390250,1170750,48,8.79,832,40.1,STRUCTURED_LEASE,Performing
EQF-2025-00302,19-01-2025,Construction,Tower Crane,10384000,2596000,7788000,36,9.02,724,49,STRUCTURED_LEASE,60_Days_Past_Due
EQF-2025-00303,19-01-2025,Construction,Hydraulic Excavator,3063000,612600,2450400,36,8.15,754,55.1,STRUCTURED_LEASE,Performing
EQF-2025-00304,19-01-2025,Construction,Bulldozer,5618000,561800,5056200,36,7,728,60.9,STRUCTURED_LEASE,Performing
EQF-2025-00305,20-01-2025,Logistics & Fleet,Electric Delivery Van,2730000,409500,2320500,48,11.71,559,99,REJECT,Default
EQF-2025-00306,20-01-2025,IT & Enterprise Tech,Enterprise Server Rack,807000,121050,685950,48,8.77,790,48.6,STRUCTURED_LEASE,30_Days_Past_Due
EQF-2025-00307,20-01-2025,Construction,Bulldozer,6725000,1345000,5380000,48,7,745,60.7,STRUCTURED_LEASE,60_Days_Past_Due
EQF-2025-00308,20-01-2025,Healthcare,MRI Scanner,12281000,1842150,10438850,24,9.77,746,62,STRUCTURED_LEASE,Performing
EQF-2025-00309,20-01-2025,Logistics & Fleet,Heavy Duty Hauler,4328000,649200,3678800,48,10.42,676,84,REJECT,Performing
EQF-2025-00310,20-01-2025,Healthcare,MRI Scanner,13673000,1367300,12305700,36,9.23,668,73.8,REQUIRE_COLLATERAL,30_Days_Past_Due
EQF-2025-00311,20-01-2025,Healthcare,Digital X-Ray System,9365000,2341250,7023750,48,7.57,705,71,REQUIRE_COLLATERAL,Performing
EQF-2025-00312,20-01-2025,Manufacturing,Injection Molding Press,5914000,1478500,4435500,36,7.38,746,45.1,STRUCTURED_LEASE,Performing
EQF-2025-00313,20-01-2025,Manufacturing,Injection Molding Press,2057000,411400,1645600,48,12.92,583,98.1,REJECT,Default
EQF-2025-00314,20-01-2025,IT & Enterprise Tech,Edge AI Compute Cluster,3338000,834500,2503500,48,7.38,723,63.3,STRUCTURED_LEASE,30_Days_Past_Due
EQF-2025-00315,20-01-2025,Logistics & Fleet,Forklift Fleet,1788000,447000,1341000,48,7.06,819,36.9,AUTO_APPROVE,Performing
EQF-2025-00316,20-01-2025,Logistics & Fleet,Heavy Duty Hauler,2605000,521000,2084000,48,9.04,701,70.4,REQUIRE_COLLATERAL,Performing
EQF-2025-00317,20-01-2025,Healthcare,Surgical Robot,7622000,1524400,6097600,48,10.73,581,99,REJECT,Performing
EQF-2025-00318,20-01-2025,Manufacturing,Industrial Robotic Arm,4465000,1116250,3348750,24,11.99,697,71.9,REQUIRE_COLLATERAL,Performing
EQF-2025-00319,20-01-2025,Manufacturing,CNC Milling Unit,5501000,550100,4950900,48,9.18,729,52,STRUCTURED_LEASE,Performing
EQF-2025-00320,20-01-2025,Healthcare,Digital X-Ray System,13932000,2786400,11145600,36,9.16,734,59.9,STRUCTURED_LEASE,Performing
EQF-2025-00321,21-01-2025,Construction,Hydraulic Excavator,5853000,877950,4975050,36,7.57,720,52.9,STRUCTURED_LEASE,Performing
EQF-2025-00322,21-01-2025,Logistics & Fleet,Heavy Duty Hauler,4928000,985600,3942400,36,11.13,835,39.9,AUTO_APPROVE,Performing
EQF-2025-00323,21-01-2025,Logistics & Fleet,Forklift Fleet,4084000,612600,3471400,60,9.4,719,65.3,REQUIRE_COLLATERAL,Performing
EQF-2025-00324,21-01-2025,Healthcare,MRI Scanner,9626000,1925200,7700800,36,9.44,722,57.6,STRUCTURED_LEASE,Performing
EQF-2025-00325,21-01-2025,IT & Enterprise Tech,Edge AI Compute Cluster,4149000,829800,3319200,36,10.15,673,69,REQUIRE_COLLATERAL,Performing
EQF-2025-00326,21-01-2025,Logistics & Fleet,Forklift Fleet,1588000,397000,1191000,60,9.95,771,61.1,STRUCTURED_LEASE,Performing
EQF-2025-00327,21-01-2025,Construction,Tower Crane,9678000,2419500,7258500,48,9.29,820,40.6,STRUCTURED_LEASE,Performing
EQF-2025-00328,21-01-2025,Construction,Hydraulic Excavator,7450000,1862500,5587500,24,11.48,669,71,REQUIRE_COLLATERAL,Performing
EQF-2025-00329,21-01-2025,Healthcare,Digital X-Ray System,14847000,1484700,13362300,60,7.09,702,64.5,STRUCTURED_LEASE,Performing
EQF-2025-00330,21-01-2025,Manufacturing,Industrial Robotic Arm,5955000,1488750,4466250,36,9.82,558,99,REJECT,Performing
EQF-2025-00331,21-01-2025,Healthcare,MRI Scanner,13175000,3293750,9881250,48,10.11,655,75.3,REQUIRE_COLLATERAL,Performing
EQF-2025-00332,21-01-2025,Logistics & Fleet,Forklift Fleet,4239000,847800,3391200,48,8.88,838,44.5,STRUCTURED_LEASE,30_Days_Past_Due
EQF-2025-00333,21-01-2025,Manufacturing,Industrial Robotic Arm,3918000,783600,3134400,48,10.42,690,69.2,REQUIRE_COLLATERAL,Performing
EQF-2025-00334,21-01-2025,Manufacturing,CNC Milling Unit,3317000,331700,2985300,48,10.49,724,63,STRUCTURED_LEASE,Performing
EQF-2025-00335,21-01-2025,Manufacturing,Injection Molding Press,4513000,676950,3836050,36,11.16,662,76.8,REQUIRE_COLLATERAL,Performing
EQF-2025-00336,21-01-2025,Manufacturing,Injection Molding Press,4771000,954200,3816800,36,9.33,739,58.1,STRUCTURED_LEASE,Performing
EQF-2025-00337,22-01-2025,IT & Enterprise Tech,Automated Storage Array,2048000,409600,1638400,48,9.17,698,67.1,REQUIRE_COLLATERAL,Performing
EQF-2025-00338,22-01-2025,Logistics & Fleet,Electric Delivery Van,4599000,689850,3909150,36,10.31,736,57.4,STRUCTURED_LEASE,30_Days_Past_Due
EQF-2025-00339,22-01-2025,Construction,Tower Crane,7112000,711200,6400800,60,9.2,716,73.1,REQUIRE_COLLATERAL,Performing
EQF-2025-00340,22-01-2025,Manufacturing,Industrial Robotic Arm,8349000,1669800,6679200,36,7.22,803,25.7,AUTO_APPROVE,Performing
EQF-2025-00341,22-01-2025,Construction,Bulldozer,9385000,2346250,7038750,24,10.79,720,56.7,STRUCTURED_LEASE,Performing
EQF-2025-00342,22-01-2025,Construction,Tower Crane,7223000,722300,6500700,48,7,655,68.6,REQUIRE_COLLATERAL,Performing
EQF-2025-00343,22-01-2025,Manufacturing,CNC Milling Unit,8129000,1219350,6909650,36,10.1,668,71,REQUIRE_COLLATERAL,Performing
EQF-2025-00344,22-01-2025,Healthcare,Digital X-Ray System,9554000,1433100,8120900,24,13.31,588,99,REJECT,Default
EQF-2025-00345,22-01-2025,Healthcare,Digital X-Ray System,13758000,3439500,10318500,36,10.3,718,59.1,STRUCTURED_LEASE,Performing
EQF-2025-00346,22-01-2025,Construction,Bulldozer,5544000,1386000,4158000,60,8.46,705,68,REQUIRE_COLLATERAL,Performing
EQF-2025-00347,22-01-2025,Construction,Tower Crane,5718000,1429500,4288500,36,8.82,808,42.2,STRUCTURED_LEASE,Performing
EQF-2025-00348,22-01-2025,Manufacturing,CNC Milling Unit,4427000,442700,3984300,36,10.06,633,76.8,REQUIRE_COLLATERAL,Performing
EQF-2025-00349,22-01-2025,Healthcare,Surgical Robot,10013000,1501950,8511050,36,9.47,664,61.1,STRUCTURED_LEASE,Performing
EQF-2025-00350,22-01-2025,Construction,Hydraulic Excavator,7205000,1801250,5403750,24,10.63,665,58.5,STRUCTURED_LEASE,30_Days_Past_Due
EQF-2025-00351,22-01-2025,Construction,Bulldozer,6719000,1679750,5039250,24,11.68,693,74.1,REQUIRE_COLLATERAL,30_Days_Past_Due
EQF-2025-00352,22-01-2025,IT & Enterprise Tech,Automated Storage Array,2391000,358650,2032350,48,11.47,628,90.7,REJECT,60_Days_Past_Due
EQF-2025-00353,23-01-2025,Logistics & Fleet,Electric Delivery Van,4723000,944600,3778400,60,7.77,691,68.4,REQUIRE_COLLATERAL,Performing
EQF-2025-00354,23-01-2025,Manufacturing,CNC Milling Unit,5620000,562000,5058000,36,9.52,711,60.6,STRUCTURED_LEASE,Performing
EQF-2025-00355,23-01-2025,Manufacturing,Injection Molding Press,4354000,870800,3483200,48,10.24,713,62.8,STRUCTURED_LEASE,Performing
EQF-2025-00356,23-01-2025,Construction,Tower Crane,8035000,2008750,6026250,60,11.78,792,57.5,STRUCTURED_LEASE,Performing
EQF-2025-00357,23-01-2025,Manufacturing,Injection Molding Press,6876000,687600,6188400,36,10.04,708,67.7,REQUIRE_COLLATERAL,Performing
EQF-2025-00358,23-01-2025,Construction,Bulldozer,10666000,2133200,8532800,36,8.47,706,56.6,STRUCTURED_LEASE,Performing
EQF-2025-00359,23-01-2025,IT & Enterprise Tech,Automated Storage Array,3398000,509700,2888300,60,10.15,784,56.1,STRUCTURED_LEASE,Performing
EQF-2025-00360,23-01-2025,Construction,Bulldozer,3453000,863250,2589750,48,12.23,709,68,REQUIRE_COLLATERAL,Default
EQF-2025-00361,23-01-2025,Healthcare,Surgical Robot,8848000,884800,7963200,36,9.12,630,78.8,REQUIRE_COLLATERAL,60_Days_Past_Due
EQF-2025-00362,23-01-2025,Construction,Bulldozer,6571000,657100,5913900,36,8.45,639,73,REQUIRE_COLLATERAL,Performing
EQF-2025-00363,23-01-2025,Construction,Tower Crane,10124000,1012400,9111600,24,9.45,640,78.7,REQUIRE_COLLATERAL,Performing
EQF-2025-00364,23-01-2025,Construction,Bulldozer,5856000,585600,5270400,36,8.52,630,78,REQUIRE_COLLATERAL,30_Days_Past_Due
EQF-2025-00365,23-01-2025,IT & Enterprise Tech,Enterprise Server Rack,5757000,1439250,4317750,48,10.74,839,34.7,AUTO_APPROVE,Performing
EQF-2025-00366,23-01-2025,Healthcare,Digital X-Ray System,9336000,2334000,7002000,48,8.53,640,79,REQUIRE_COLLATERAL,Performing
EQF-2025-00367,23-01-2025,IT & Enterprise Tech,Enterprise Server Rack,5864000,879600,4984400,48,11.44,707,76,REQUIRE_COLLATERAL,Performing
EQF-2025-00368,23-01-2025,IT & Enterprise Tech,Automated Storage Array,843000,126450,716550,36,10.24,713,57.4,STRUCTURED_LEASE,Performing
EQF-2025-00369,24-01-2025,Manufacturing,CNC Milling Unit,7792000,1168800,6623200,36,10.55,698,66.1,REQUIRE_COLLATERAL,Default
EQF-2025-00370,24-01-2025,Manufacturing,Injection Molding Press,8018000,1603600,6414400,24,10.53,659,70.4,REQUIRE_COLLATERAL,Performing
EQF-2025-00371,24-01-2025,Manufacturing,Injection Molding Press,8227000,1234050,6992950,48,10.78,739,63.6,STRUCTURED_LEASE,Performing
EQF-2025-00372,24-01-2025,Manufacturing,Industrial Robotic Arm,1592000,398000,1194000,48,9.04,610,86,REJECT,Default
EQF-2025-00373,24-01-2025,Manufacturing,Industrial Robotic Arm,2702000,540400,2161600,36,8.03,640,76.5,REQUIRE_COLLATERAL,60_Days_Past_Due
EQF-2025-00374,24-01-2025,Logistics & Fleet,Forklift Fleet,3684000,921000,2763000,36,8.79,782,41.5,STRUCTURED_LEASE,Performing
EQF-2025-00375,24-01-2025,Manufacturing,Industrial Robotic Arm,1678000,335600,1342400,48,10.89,638,84.1,REJECT,60_Days_Past_Due
EQF-2025-00376,24-01-2025,Healthcare,MRI Scanner,4700000,705000,3995000,48,7,794,41.1,STRUCTURED_LEASE,Performing
EQF-2025-00377,24-01-2025,Logistics & Fleet,Electric Delivery Van,2040000,306000,1734000,36,7,799,46.4,STRUCTURED_LEASE,Performing
EQF-2025-00378,24-01-2025,Manufacturing,Industrial Robotic Arm,5087000,763050,4323950,36,9.84,801,44.8,STRUCTURED_LEASE,Performing
EQF-2025-00379,24-01-2025,Logistics & Fleet,Heavy Duty Hauler,3274000,654800,2619200,36,10.77,764,57.6,STRUCTURED_LEASE,Performing
EQF-2025-00380,24-01-2025,Healthcare,Digital X-Ray System,4377000,1094250,3282750,48,10.97,620,98.3,REJECT,Default
EQF-2025-00381,24-01-2025,Manufacturing,Injection Molding Press,2693000,269300,2423700,48,8.07,610,86.2,REJECT,60_Days_Past_Due
EQF-2025-00382,24-01-2025,Logistics & Fleet,Heavy Duty Hauler,3099000,774750,2324250,48,7.73,637,77.1,REQUIRE_COLLATERAL,Performing
EQF-2025-00383,24-01-2025,Construction,Bulldozer,7548000,1132200,6415800,60,8.47,648,76.1,REQUIRE_COLLATERAL,Performing
EQF-2025-00384,24-01-2025,IT & Enterprise Tech,Enterprise Server Rack,1572000,314400,1257600,60,8.91,625,80.9,REJECT,Performing
EQF-2025-00385,25-01-2025,Logistics & Fleet,Forklift Fleet,2716000,543200,2172800,36,9,665,60.5,STRUCTURED_LEASE,Performing
EQF-2025-00386,25-01-2025,Logistics & Fleet,Forklift Fleet,4637000,695550,3941450,36,9.68,760,56.3,STRUCTURED_LEASE,Performing
EQF-2025-00387,25-01-2025,Healthcare,Digital X-Ray System,14988000,2997600,11990400,36,11.61,752,60.2,STRUCTURED_LEASE,30_Days_Past_Due
EQF-2025-00388,25-01-2025,Manufacturing,Injection Molding Press,8411000,1261650,7149350,24,9.41,729,53.4,STRUCTURED_LEASE,Performing
EQF-2025-00389,25-01-2025,Logistics & Fleet,Electric Delivery Van,4550000,1137500,3412500,48,10.91,696,71,REQUIRE_COLLATERAL,30_Days_Past_Due
EQF-2025-00390,25-01-2025,Logistics & Fleet,Heavy Duty Hauler,2700000,540000,2160000,60,10.48,705,68,REQUIRE_COLLATERAL,30_Days_Past_Due
EQF-2025-00391,25-01-2025,IT & Enterprise Tech,Automated Storage Array,4370000,437000,3933000,48,8.43,729,62,STRUCTURED_LEASE,Performing
EQF-2025-00392,25-01-2025,Healthcare,Surgical Robot,8583000,1716600,6866400,36,10.46,679,68.4,REQUIRE_COLLATERAL,Performing
EQF-2025-00393,25-01-2025,Healthcare,MRI Scanner,11134000,1670100,9463900,24,10.36,773,45.6,STRUCTURED_LEASE,Performing
EQF-2025-00394,25-01-2025,Logistics & Fleet,Heavy Duty Hauler,2376000,237600,2138400,36,9.5,624,75.9,REQUIRE_COLLATERAL,Performing
EQF-2025-00395,25-01-2025,Healthcare,Surgical Robot,10668000,1600200,9067800,48,9.76,659,73.2,REQUIRE_COLLATERAL,60_Days_Past_Due
EQF-2025-00396,25-01-2025,IT & Enterprise Tech,Enterprise Server Rack,3524000,704800,2819200,36,9.41,649,80.4,REJECT,60_Days_Past_Due
EQF-2025-00397,25-01-2025,IT & Enterprise Tech,Edge AI Compute Cluster,927000,92700,834300,24,7.86,739,54.5,STRUCTURED_LEASE,Performing
EQF-2025-00398,25-01-2025,Healthcare,MRI Scanner,12698000,1269800,11428200,36,13.05,631,81.5,REJECT,Performing
EQF-2025-00399,25-01-2025,Logistics & Fleet,Heavy Duty Hauler,1245000,249000,996000,60,11.08,650,89.3,REJECT,Performing
EQF-2025-00400,25-01-2025,Logistics & Fleet,Forklift Fleet,2314000,231400,2082600,48,10.29,737,58.2,STRUCTURED_LEASE,Performing
EQF-2025-00401,26-01-2025,Manufacturing,Industrial Robotic Arm,1541000,385250,1155750,60,8.89,653,78.4,REQUIRE_COLLATERAL,Performing
EQF-2025-00402,26-01-2025,IT & Enterprise Tech,Enterprise Server Rack,2756000,275600,2480400,48,9.36,764,59.9,STRUCTURED_LEASE,Performing
EQF-2025-00403,26-01-2025,Construction,Tower Crane,3037000,303700,2733300,48,7.74,762,49.4,STRUCTURED_LEASE,30_Days_Past_Due
EQF-2025-00404,26-01-2025,Logistics & Fleet,Electric Delivery Van,4671000,1167750,3503250,24,10.2,675,66.7,REQUIRE_COLLATERAL,60_Days_Past_Due
EQF-2025-00405,26-01-2025,Healthcare,Digital X-Ray System,8572000,1285800,7286200,36,10,718,53.6,STRUCTURED_LEASE,Performing
EQF-2025-00406,26-01-2025,IT & Enterprise Tech,Automated Storage Array,3189000,478350,2710650,48,9.19,843,34.5,AUTO_APPROVE,Performing
EQF-2025-00407,26-01-2025,Healthcare,MRI Scanner,7848000,1962000,5886000,60,9.54,766,54.3,STRUCTURED_LEASE,30_Days_Past_Due
EQF-2025-00408,26-01-2025,Manufacturing,Injection Molding Press,5893000,589300,5303700,36,9.05,742,56.8,STRUCTURED_LEASE,Performing
EQF-2025-00409,26-01-2025,IT & Enterprise Tech,Enterprise Server Rack,4879000,975800,3903200,24,8.76,810,32.6,AUTO_APPROVE,Performing
EQF-2025-00410,26-01-2025,Manufacturing,CNC Milling Unit,6037000,1509250,4527750,48,8.34,647,83.5,REJECT,Default
EQF-2025-00411,26-01-2025,Healthcare,Surgical Robot,12230000,2446000,9784000,36,7.97,791,43.3,STRUCTURED_LEASE,Performing
EQF-2025-00412,26-01-2025,IT & Enterprise Tech,Edge AI Compute Cluster,5511000,826650,4684350,48,8.45,733,59.7,STRUCTURED_LEASE,Performing
EQF-2025-00413,26-01-2025,IT & Enterprise Tech,Edge AI Compute Cluster,5290000,1322500,3967500,36,8.56,804,43.3,STRUCTURED_LEASE,30_Days_Past_Due
EQF-2025-00414,26-01-2025,Construction,Hydraulic Excavator,8229000,1645800,6583200,36,11.13,676,74.6,REQUIRE_COLLATERAL,Performing
EQF-2025-00415,26-01-2025,Construction,Bulldozer,4324000,432400,3891600,36,8.57,800,44.3,STRUCTURED_LEASE,Performing
EQF-2025-00416,26-01-2025,Healthcare,Digital X-Ray System,11015000,2753750,8261250,48,7,596,84.9,REJECT,Performing
EQF-2025-00417,27-01-2025,Healthcare,Digital X-Ray System,9567000,1913400,7653600,48,9.94,685,72.1,REQUIRE_COLLATERAL,Performing
EQF-2025-00418,27-01-2025,Healthcare,MRI Scanner,11889000,2972250,8916750,36,10.44,727,56.8,STRUCTURED_LEASE,Performing
EQF-2025-00419,27-01-2025,Logistics & Fleet,Heavy Duty Hauler,4365000,1091250,3273750,60,10.95,752,60.1,STRUCTURED_LEASE,Performing
EQF-2025-00420,27-01-2025,Logistics & Fleet,Forklift Fleet,4022000,603300,3418700,24,9.75,573,96.1,REJECT,Performing
EQF-2025-00421,27-01-2025,Logistics & Fleet,Heavy Duty Hauler,4417000,662550,3754450,24,7.79,629,75.3,REQUIRE_COLLATERAL,Performing
EQF-2025-00422,27-01-2025,Logistics & Fleet,Electric Delivery Van,1443000,144300,1298700,48,8.3,639,71.4,REQUIRE_COLLATERAL,Performing
EQF-2025-00423,27-01-2025,Manufacturing,Industrial Robotic Arm,1721000,258150,1462850,24,10.4,649,79.6,REQUIRE_COLLATERAL,Default
EQF-2025-00424,27-01-2025,Construction,Tower Crane,4697000,704550,3992450,48,11.69,661,82.3,REJECT,Default
EQF-2025-00425,27-01-2025,Manufacturing,Industrial Robotic Arm,7805000,1170750,6634250,60,7.79,720,59.8,STRUCTURED_LEASE,Performing
EQF-2025-00426,27-01-2025,Construction,Bulldozer,9501000,1900200,7600800,48,9.82,805,54.8,STRUCTURED_LEASE,Performing
EQF-2025-00427,27-01-2025,Healthcare,Surgical Robot,11510000,2877500,8632500,48,8.67,685,76.1,REQUIRE_COLLATERAL,Performing
EQF-2025-00428,27-01-2025,IT & Enterprise Tech,Enterprise Server Rack,4444000,666600,3777400,48,8.26,810,45.1,STRUCTURED_LEASE,Performing
EQF-2025-00429,27-01-2025,Healthcare,MRI Scanner,11993000,2398600,9594400,36,9.55,715,62.3,STRUCTURED_LEASE,Performing
EQF-2025-00430,27-01-2025,Manufacturing,CNC Milling Unit,8098000,2024500,6073500,36,9.3,696,66.8,REQUIRE_COLLATERAL,Performing
EQF-2025-00431,27-01-2025,Manufacturing,Injection Molding Press,7325000,1098750,6226250,36,7,777,31.4,AUTO_APPROVE,Performing
EQF-2025-00432,27-01-2025,Logistics & Fleet,Electric Delivery Van,3569000,535350,3033650,60,9.8,699,76.5,REQUIRE_COLLATERAL,Performing
EQF-2025-00433,28-01-2025,Construction,Hydraulic Excavator,8159000,2039750,6119250,36,9.99,659,75.7,REQUIRE_COLLATERAL,Performing
EQF-2025-00434,28-01-2025,Manufacturing,Industrial Robotic Arm,2996000,599200,2396800,36,10.62,796,47.3,STRUCTURED_LEASE,Performing
EQF-2025-00435,28-01-2025,Manufacturing,CNC Milling Unit,6101000,1220200,4880800,60,8.64,707,69.6,REQUIRE_COLLATERAL,Performing
EQF-2025-00436,28-01-2025,Logistics & Fleet,Heavy Duty Hauler,2814000,281400,2532600,48,7.12,826,33,AUTO_APPROVE,Performing
EQF-2025-00437,28-01-2025,Manufacturing,CNC Milling Unit,2571000,642750,1928250,60,8.87,686,68.8,REQUIRE_COLLATERAL,60_Days_Past_Due
EQF-2025-00438,28-01-2025,Logistics & Fleet,Heavy Duty Hauler,4264000,426400,3837600,48,10.56,623,88,REJECT,60_Days_Past_Due
EQF-2025-00439,28-01-2025,Logistics & Fleet,Heavy Duty Hauler,3139000,627800,2511200,36,9.39,659,66.8,REQUIRE_COLLATERAL,30_Days_Past_Due
EQF-2025-00440,28-01-2025,Manufacturing,Industrial Robotic Arm,8342000,1251300,7090700,48,10.77,666,80,REJECT,Default
EQF-2025-00441,28-01-2025,Manufacturing,CNC Milling Unit,3472000,347200,3124800,36,7.55,703,54.6,STRUCTURED_LEASE,Performing
EQF-2025-00442,28-01-2025,IT & Enterprise Tech,Edge AI Compute Cluster,3299000,659800,2639200,36,10.72,658,81.5,REJECT,Performing
EQF-2025-00443,28-01-2025,Healthcare,Surgical Robot,8928000,1785600,7142400,48,9.87,628,77.8,REQUIRE_COLLATERAL,Performing
EQF-2025-00444,28-01-2025,Healthcare,MRI Scanner,5329000,799350,4529650,48,8.97,689,69.3,REQUIRE_COLLATERAL,Performing
EQF-2025-00445,28-01-2025,Logistics & Fleet,Electric Delivery Van,2819000,704750,2114250,60,11.11,715,72.5,REQUIRE_COLLATERAL,Performing
EQF-2025-00446,28-01-2025,IT & Enterprise Tech,Automated Storage Array,2295000,459000,1836000,60,9.86,736,70.9,REQUIRE_COLLATERAL,Performing
EQF-2025-00447,28-01-2025,IT & Enterprise Tech,Automated Storage Array,1634000,163400,1470600,60,8.02,708,68.2,REQUIRE_COLLATERAL,Performing
EQF-2025-00448,28-01-2025,Logistics & Fleet,Forklift Fleet,2272000,340800,1931200,24,10.97,798,38.7,AUTO_APPROVE,Performing
EQF-2025-00449,29-01-2025,Healthcare,Digital X-Ray System,6566000,1641500,4924500,48,9.14,713,60.2,STRUCTURED_LEASE,Performing
EQF-2025-00450,29-01-2025,Manufacturing,CNC Milling Unit,6639000,1659750,4979250,48,9.56,568,99,REJECT,60_Days_Past_Due
EQF-2025-00451,29-01-2025,Logistics & Fleet,Heavy Duty Hauler,1317000,329250,987750,60,8.21,726,63.2,STRUCTURED_LEASE,30_Days_Past_Due
EQF-2025-00452,29-01-2025,Construction,Tower Crane,7748000,1549600,6198400,36,9.42,710,61.4,STRUCTURED_LEASE,Performing
EQF-2025-00453,29-01-2025,Healthcare,MRI Scanner,12367000,3091750,9275250,36,8.08,757,45.6,STRUCTURED_LEASE,Performing
EQF-2025-00454,29-01-2025,IT & Enterprise Tech,Edge AI Compute Cluster,3300000,660000,2640000,60,9.24,637,79.1,REQUIRE_COLLATERAL,Performing
EQF-2025-00455,29-01-2025,Manufacturing,CNC Milling Unit,8021000,1203150,6817850,36,9.55,778,57.2,STRUCTURED_LEASE,Performing
EQF-2025-00456,29-01-2025,Construction,Bulldozer,8517000,1277550,7239450,48,10.41,727,64.7,STRUCTURED_LEASE,Performing
EQF-2025-00457,29-01-2025,Manufacturing,CNC Milling Unit,6735000,1683750,5051250,36,7.39,718,50.6,STRUCTURED_LEASE,Performing
EQF-2025-00458,29-01-2025,Construction,Tower Crane,4174000,626100,3547900,36,11,771,56.1,STRUCTURED_LEASE,Performing
EQF-2025-00459,29-01-2025,Manufacturing,Industrial Robotic Arm,6941000,694100,6246900,48,11.05,785,56,STRUCTURED_LEASE,Performing
EQF-2025-00460,29-01-2025,Manufacturing,Injection Molding Press,7325000,732500,6592500,36,9.22,779,40.5,STRUCTURED_LEASE,Performing
EQF-2025-00461,29-01-2025,Manufacturing,Industrial Robotic Arm,4029000,805800,3223200,48,9.69,557,97.3,REJECT,Performing
EQF-2025-00462,29-01-2025,Construction,Hydraulic Excavator,4314000,1078500,3235500,24,9.96,617,82.7,REJECT,60_Days_Past_Due
EQF-2025-00463,29-01-2025,Logistics & Fleet,Heavy Duty Hauler,2663000,532600,2130400,36,9.63,681,72.8,REQUIRE_COLLATERAL,Performing
EQF-2025-00464,29-01-2025,Construction,Bulldozer,8787000,1318050,7468950,36,10.41,632,77.9,REQUIRE_COLLATERAL,30_Days_Past_Due
EQF-2025-00465,30-01-2025,IT & Enterprise Tech,Edge AI Compute Cluster,2972000,743000,2229000,48,8.92,664,65.6,REQUIRE_COLLATERAL,Performing
EQF-2025-00466,30-01-2025,Healthcare,Surgical Robot,12103000,2420600,9682400,36,8.36,706,62.1,STRUCTURED_LEASE,Performing
EQF-2025-00467,30-01-2025,Healthcare,MRI Scanner,5249000,1312250,3936750,48,10.14,679,78.6,REQUIRE_COLLATERAL,Performing
EQF-2025-00468,30-01-2025,IT & Enterprise Tech,Automated Storage Array,4991000,1247750,3743250,48,7.21,708,61.2,STRUCTURED_LEASE,Performing
EQF-2025-00469,30-01-2025,Manufacturing,Industrial Robotic Arm,3272000,654400,2617600,48,10.43,798,47.3,STRUCTURED_LEASE,Performing
EQF-2025-00470,30-01-2025,IT & Enterprise Tech,Automated Storage Array,2094000,523500,1570500,48,10.58,825,51.1,STRUCTURED_LEASE,Performing
EQF-2025-00471,30-01-2025,Manufacturing,Industrial Robotic Arm,5633000,844950,4788050,36,8.33,734,44.6,STRUCTURED_LEASE,30_Days_Past_Due
EQF-2025-00472,30-01-2025,IT & Enterprise Tech,Edge AI Compute Cluster,1165000,116500,1048500,36,11.63,796,51.9,STRUCTURED_LEASE,60_Days_Past_Due
EQF-2025-00473,30-01-2025,Manufacturing,CNC Milling Unit,1684000,168400,1515600,48,8.97,684,74.6,REQUIRE_COLLATERAL,30_Days_Past_Due
EQF-2025-00474,30-01-2025,IT & Enterprise Tech,Enterprise Server Rack,2157000,539250,1617750,24,8.84,669,62.6,STRUCTURED_LEASE,60_Days_Past_Due
EQF-2025-00475,30-01-2025,Construction,Hydraulic Excavator,7074000,707400,6366600,60,8.52,705,57.1,STRUCTURED_LEASE,Performing
EQF-2025-00476,30-01-2025,IT & Enterprise Tech,Edge AI Compute Cluster,5520000,1380000,4140000,48,10.17,689,76,REQUIRE_COLLATERAL,Performing
EQF-2025-00477,30-01-2025,Manufacturing,Injection Molding Press,7425000,1485000,5940000,36,8.91,753,53.4,STRUCTURED_LEASE,Performing
EQF-2025-00478,30-01-2025,Construction,Tower Crane,6669000,1000350,5668650,48,7.34,710,68.5,REQUIRE_COLLATERAL,30_Days_Past_Due
EQF-2025-00479,30-01-2025,IT & Enterprise Tech,Enterprise Server Rack,993000,99300,893700,60,10.01,808,46.4,STRUCTURED_LEASE,Performing
EQF-2025-00480,30-01-2025,Construction,Hydraulic Excavator,7050000,1410000,5640000,36,9.06,717,60.9,STRUCTURED_LEASE,Performing
EQF-2025-00481,31-01-2025,Construction,Bulldozer,8491000,1273650,7217350,48,11.13,664,71.4,REQUIRE_COLLATERAL,Performing
EQF-2025-00482,31-01-2025,Logistics & Fleet,Heavy Duty Hauler,2489000,248900,2240100,24,9.96,679,70.3,REQUIRE_COLLATERAL,Performing
EQF-2025-00483,31-01-2025,Construction,Hydraulic Excavator,3444000,344400,3099600,48,9.9,671,67.9,REQUIRE_COLLATERAL,Performing
EQF-2025-00484,31-01-2025,Construction,Hydraulic Excavator,4868000,730200,4137800,60,11.02,757,62.5,STRUCTURED_LEASE,Performing
EQF-2025-00485,31-01-2025,Construction,Bulldozer,9059000,1811800,7247200,48,9.74,703,63,STRUCTURED_LEASE,Performing
EQF-2025-00486,31-01-2025,IT & Enterprise Tech,Edge AI Compute Cluster,2626000,525200,2100800,48,10.67,717,68.8,REQUIRE_COLLATERAL,Performing
EQF-2025-00487,31-01-2025,Manufacturing,CNC Milling Unit,7184000,718400,6465600,60,8.53,737,60.7,STRUCTURED_LEASE,Performing
EQF-2025-00488,31-01-2025,Healthcare,Surgical Robot,7515000,1127250,6387750,48,11.97,745,62.7,STRUCTURED_LEASE,Performing
EQF-2025-00489,31-01-2025,IT & Enterprise Tech,Enterprise Server Rack,1650000,330000,1320000,48,9.91,778,51.7,STRUCTURED_LEASE,30_Days_Past_Due
EQF-2025-00490,31-01-2025,IT & Enterprise Tech,Automated Storage Array,3066000,459900,2606100,48,7.7,731,57.7,STRUCTURED_LEASE,Performing
EQF-2025-00491,31-01-2025,Construction,Hydraulic Excavator,6344000,951600,5392400,48,9.71,647,87.5,REJECT,60_Days_Past_Due
EQF-2025-00492,31-01-2025,Construction,Bulldozer,2637000,263700,2373300,48,9.78,678,76.1,REQUIRE_COLLATERAL,Performing
EQF-2025-00493,31-01-2025,Healthcare,MRI Scanner,5287000,793050,4493950,60,9.69,678,73.7,REQUIRE_COLLATERAL,Performing
EQF-2025-00494,31-01-2025,Manufacturing,Industrial Robotic Arm,2794000,419100,2374900,48,7,662,68.1,REQUIRE_COLLATERAL,Performing
EQF-2025-00495,31-01-2025,Construction,Hydraulic Excavator,3465000,866250,2598750,48,8.68,777,54.6,STRUCTURED_LEASE,Performing
EQF-2025-00496,31-01-2025,Healthcare,Surgical Robot,7757000,1163550,6593450,24,7.43,700,51.2,STRUCTURED_LEASE,Performing
EQF-2025-00497,01-02-2025,Construction,Hydraulic Excavator,10699000,2139800,8559200,48,7.45,721,59.2,STRUCTURED_LEASE,Performing
EQF-2025-00498,01-02-2025,Manufacturing,Industrial Robotic Arm,5065000,506500,4558500,48,9.75,731,53.6,STRUCTURED_LEASE,30_Days_Past_Due
EQF-2025-00499,01-02-2025,IT & Enterprise Tech,Enterprise Server Rack,4063000,406300,3656700,48,8.66,723,60.8,STRUCTURED_LEASE,Performing
EQF-2025-00500,01-02-2025,IT & Enterprise Tech,Automated Storage Array,2653000,397950,2255050,36,8.95,730,51.4,STRUCTURED_LEASE,Performing
EQF-2025-00501,01-02-2025,Logistics & Fleet,Forklift Fleet,2429000,364350,2064650,60,8.16,850,32.7,AUTO_APPROVE,Performing
EQF-2025-00502,01-02-2025,Construction,Tower Crane,2697000,539400,2157600,24,11.57,753,54.9,STRUCTURED_LEASE,Performing
EQF-2025-00503,01-02-2025,Healthcare,Surgical Robot,9504000,2376000,7128000,36,9.56,650,78.9,REQUIRE_COLLATERAL,Performing
EQF-2025-00504,01-02-2025,Logistics & Fleet,Heavy Duty Hauler,3038000,303800,2734200,48,7.22,730,53.1,STRUCTURED_LEASE,Performing
EQF-2025-00505,01-02-2025,Logistics & Fleet,Heavy Duty Hauler,1800000,450000,1350000,48,10.47,716,72.5,REQUIRE_COLLATERAL,30_Days_Past_Due
EQF-2025-00506,01-02-2025,Manufacturing,CNC Milling Unit,6850000,1370000,5480000,36,8.99,619,75.5,REQUIRE_COLLATERAL,Performing
EQF-2025-00507,01-02-2025,IT & Enterprise Tech,Automated Storage Array,3362000,336200,3025800,48,11.29,555,99,REJECT,Default
EQF-2025-00508,01-02-2025,Logistics & Fleet,Heavy Duty Hauler,2488000,497600,1990400,36,9.49,719,58.4,STRUCTURED_LEASE,30_Days_Past_Due
EQF-2025-00509,01-02-2025,IT & Enterprise Tech,Enterprise Server Rack,1564000,234600,1329400,24,8.46,691,65.6,REQUIRE_COLLATERAL,Performing
EQF-2025-00510,01-02-2025,Logistics & Fleet,Heavy Duty Hauler,3298000,659600,2638400,36,8.69,635,75.1,REQUIRE_COLLATERAL,60_Days_Past_Due
EQF-2025-00511,01-02-2025,Construction,Tower Crane,8899000,1334850,7564150,60,8.9,674,72.8,REQUIRE_COLLATERAL,Performing
EQF-2025-00512,01-02-2025,Healthcare,Surgical Robot,7102000,1775500,5326500,36,10.23,693,70.9,REQUIRE_COLLATERAL,Performing
EQF-2025-00513,02-02-2025,IT & Enterprise Tech,Automated Storage Array,1938000,193800,1744200,24,8.32,672,66.9,REQUIRE_COLLATERAL,30_Days_Past_Due
EQF-2025-00514,02-02-2025,IT & Enterprise Tech,Automated Storage Array,3514000,351400,3162600,48,11.37,727,63.8,STRUCTURED_LEASE,Performing
EQF-2025-00515,02-02-2025,Manufacturing,Industrial Robotic Arm,2587000,646750,1940250,36,10.05,721,64,STRUCTURED_LEASE,Performing
EQF-2025-00516,02-02-2025,Manufacturing,Injection Molding Press,6166000,924900,5241100,48,9.84,761,55,STRUCTURED_LEASE,Performing
EQF-2025-00517,02-02-2025,Healthcare,Digital X-Ray System,10659000,1065900,9593100,60,9.61,785,54.2,STRUCTURED_LEASE,Performing
EQF-2025-00518,02-02-2025,Logistics & Fleet,Electric Delivery Van,1531000,306200,1224800,48,9.47,751,58.7,STRUCTURED_LEASE,Performing
EQF-2025-00519,02-02-2025,IT & Enterprise Tech,Automated Storage Array,990000,148500,841500,36,7.6,665,61.2,STRUCTURED_LEASE,Performing
EQF-2025-00520,02-02-2025,Manufacturing,CNC Milling Unit,5842000,584200,5257800,48,9.94,720,64.9,STRUCTURED_LEASE,Performing
EQF-2025-00521,02-02-2025,Construction,Hydraulic Excavator,5001000,1000200,4000800,48,12.39,605,88.2,REJECT,60_Days_Past_Due
EQF-2025-00522,02-02-2025,Healthcare,Surgical Robot,4951000,990200,3960800,36,10.54,679,66.4,REQUIRE_COLLATERAL,Performing
EQF-2025-00523,02-02-2025,IT & Enterprise Tech,Automated Storage Array,4749000,474900,4274100,24,10.16,550,95,REJECT,60_Days_Past_Due
EQF-2025-00524,02-02-2025,Logistics & Fleet,Electric Delivery Van,2393000,598250,1794750,36,7.2,687,67.4,REQUIRE_COLLATERAL,Default
EQF-2025-00525,02-02-2025,Logistics & Fleet,Forklift Fleet,2946000,736500,2209500,24,11.13,675,69,REQUIRE_COLLATERAL,Performing
EQF-2025-00526,02-02-2025,Construction,Tower Crane,4513000,451300,4061700,60,10.7,754,60.9,STRUCTURED_LEASE,Performing
EQF-2025-00527,02-02-2025,Healthcare,Surgical Robot,10900000,2180000,8720000,48,11.25,647,81.6,REJECT,Performing
EQF-2025-00528,02-02-2025,Healthcare,MRI Scanner,7316000,1829000,5487000,36,8.14,721,59,STRUCTURED_LEASE,Performing
EQF-2025-00529,03-02-2025,Manufacturing,CNC Milling Unit,8276000,2069000,6207000,36,8.9,685,61.1,STRUCTURED_LEASE,Performing
EQF-2025-00530,03-02-2025,IT & Enterprise Tech,Automated Storage Array,4455000,1113750,3341250,60,7.27,682,63.9,STRUCTURED_LEASE,30_Days_Past_Due
EQF-2025-00531,03-02-2025,Logistics & Fleet,Electric Delivery Van,1720000,258000,1462000,36,7.14,660,75.1,REQUIRE_COLLATERAL,Performing
EQF-2025-00532,03-02-2025,IT & Enterprise Tech,Enterprise Server Rack,2967000,741750,2225250,48,8.63,729,62.1,STRUCTURED_LEASE,Performing
EQF-2025-00533,03-02-2025,IT & Enterprise Tech,Edge AI Compute Cluster,2804000,280400,2523600,36,10.2,699,63,STRUCTURED_LEASE,Performing
EQF-2025-00534,03-02-2025,Construction,Bulldozer,7041000,704100,6336900,60,8.88,647,79,REQUIRE_COLLATERAL,Performing
EQF-2025-00535,03-02-2025,Logistics & Fleet,Forklift Fleet,4399000,659850,3739150,48,8.5,718,59.4,STRUCTURED_LEASE,Performing
EQF-2025-00536,03-02-2025,IT & Enterprise Tech,Enterprise Server Rack,3834000,575100,3258900,24,10.01,729,49.3,STRUCTURED_LEASE,Performing
EQF-2025-00537,03-02-2025,Logistics & Fleet,Forklift Fleet,1434000,143400,1290600,36,7,809,33.7,AUTO_APPROVE,Performing
EQF-2025-00538,03-02-2025,Manufacturing,CNC Milling Unit,6088000,913200,5174800,48,8.69,672,72.8,REQUIRE_COLLATERAL,Performing
EQF-2025-00539,03-02-2025,Construction,Tower Crane,2570000,642500,1927500,60,10.01,684,83.3,REJECT,60_Days_Past_Due
EQF-2025-00540,03-02-2025,Manufacturing,CNC Milling Unit,6960000,1392000,5568000,24,8.89,626,76.6,REQUIRE_COLLATERAL,Performing
EQF-2025-00541,03-02-2025,IT & Enterprise Tech,Enterprise Server Rack,4267000,853400,3413600,48,11.45,680,80.7,REJECT,60_Days_Past_Due
EQF-2025-00542,03-02-2025,Construction,Tower Crane,5125000,1025000,4100000,36,8.51,641,74,REQUIRE_COLLATERAL,Performing
EQF-2025-00543,03-02-2025,Manufacturing,CNC Milling Unit,3547000,354700,3192300,60,8.61,781,49.8,STRUCTURED_LEASE,Performing
EQF-2025-00544,03-02-2025,Logistics & Fleet,Heavy Duty Hauler,4233000,634950,3598050,48,8.02,743,55.6,STRUCTURED_LEASE,Performing
EQF-2025-00545,04-02-2025,Construction,Bulldozer,9158000,1831600,7326400,36,8.36,640,79.7,REQUIRE_COLLATERAL,60_Days_Past_Due
EQF-2025-00546,04-02-2025,Healthcare,Digital X-Ray System,7875000,1968750,5906250,36,9.92,646,74.5,REQUIRE_COLLATERAL,Performing
EQF-2025-00547,04-02-2025,Manufacturing,CNC Milling Unit,3593000,898250,2694750,24,10.71,674,70.6,REQUIRE_COLLATERAL,Performing
EQF-2025-00548,04-02-2025,Logistics & Fleet,Electric Delivery Van,3327000,831750,2495250,48,12.73,794,55.7,STRUCTURED_LEASE,Performing
EQF-2025-00549,04-02-2025,Construction,Tower Crane,2571000,385650,2185350,36,10.37,670,73.1,REQUIRE_COLLATERAL,Performing
EQF-2025-00550,04-02-2025,Logistics & Fleet,Heavy Duty Hauler,1514000,302800,1211200,36,7.73,698,65.6,REQUIRE_COLLATERAL,Performing
EQF-2025-00551,04-02-2025,Construction,Bulldozer,3572000,893000,2679000,60,11.36,809,52.2,STRUCTURED_LEASE,Performing
EQF-2025-00552,04-02-2025,IT & Enterprise Tech,Edge AI Compute Cluster,1764000,264600,1499400,36,10.23,736,57.7,STRUCTURED_LEASE,Performing
EQF-2025-00553,04-02-2025,Construction,Hydraulic Excavator,6852000,1713000,5139000,48,9.54,615,86.8,REJECT,Default
EQF-2025-00554,04-02-2025,Construction,Tower Crane,10934000,2186800,8747200,36,11.1,590,81.8,REJECT,Performing
EQF-2025-00555,04-02-2025,IT & Enterprise Tech,Automated Storage Array,4194000,838800,3355200,24,13.05,716,64.6,STRUCTURED_LEASE,Performing
EQF-2025-00556,04-02-2025,Healthcare,Surgical Robot,4674000,934800,3739200,36,9.22,850,25.8,AUTO_APPROVE,Performing
EQF-2025-00557,04-02-2025,Manufacturing,Injection Molding Press,5179000,1035800,4143200,48,8.25,798,43,STRUCTURED_LEASE,Performing
EQF-2025-00558,04-02-2025,Manufacturing,CNC Milling Unit,4977000,995400,3981600,48,11.49,734,65.1,REQUIRE_COLLATERAL,Performing
EQF-2025-00559,04-02-2025,Logistics & Fleet,Heavy Duty Hauler,1748000,437000,1311000,60,13.48,761,69.5,REQUIRE_COLLATERAL,Performing
EQF-2025-00560,04-02-2025,Construction,Bulldozer,10322000,2064400,8257600,36,9.72,765,61,STRUCTURED_LEASE,Performing
EQF-2025-00561,05-02-2025,Logistics & Fleet,Heavy Duty Hauler,2875000,718750,2156250,36,9.55,603,92.9,REJECT,60_Days_Past_Due
EQF-2025-00562,05-02-2025,Manufacturing,Injection Molding Press,8462000,1692400,6769600,60,9.76,723,67.4,REQUIRE_COLLATERAL,Performing
EQF-2025-00563,05-02-2025,Manufacturing,CNC Milling Unit,4441000,1110250,3330750,36,10.17,795,48.1,STRUCTURED_LEASE,Performing
EQF-2025-00564,05-02-2025,Manufacturing,Injection Molding Press,5756000,1151200,4604800,36,7.39,845,26.2,AUTO_APPROVE,Performing
EQF-2025-00565,05-02-2025,Healthcare,Digital X-Ray System,5152000,1288000,3864000,24,9.96,742,53.8,STRUCTURED_LEASE,Performing
EQF-2025-00566,05-02-2025,Construction,Bulldozer,6361000,1272200,5088800,48,9.91,621,87.7,REJECT,Performing
EQF-2025-00567,05-02-2025,Healthcare,Surgical Robot,6626000,993900,5632100,48,9.82,747,53.8,STRUCTURED_LEASE,Performing
EQF-2025-00568,05-02-2025,Healthcare,MRI Scanner,13191000,3297750,9893250,24,9.75,746,49.2,STRUCTURED_LEASE,Performing
EQF-2025-00569,05-02-2025,IT & Enterprise Tech,Enterprise Server Rack,4876000,731400,4144600,36,9.64,766,42,STRUCTURED_LEASE,Performing
EQF-2025-00570,05-02-2025,Healthcare,MRI Scanner,13066000,3266500,9799500,48,7,736,54,STRUCTURED_LEASE,Performing
EQF-2025-00571,05-02-2025,Construction,Hydraulic Excavator,8651000,2162750,6488250,60,8.42,830,40.7,STRUCTURED_LEASE,Performing
EQF-2025-00572,05-02-2025,Logistics & Fleet,Heavy Duty Hauler,4364000,1091000,3273000,36,10.78,722,62.3,STRUCTURED_LEASE,30_Days_Past_Due
EQF-2025-00573,05-02-2025,Healthcare,MRI Scanner,6209000,620900,5588100,60,11.14,713,67.6,REQUIRE_COLLATERAL,Performing
EQF-2025-00574,05-02-2025,Construction,Tower Crane,6342000,1268400,5073600,36,8.87,692,64.7,STRUCTURED_LEASE,Performing
EQF-2025-00575,05-02-2025,IT & Enterprise Tech,Automated Storage Array,4398000,659700,3738300,36,8.07,716,58.8,STRUCTURED_LEASE,Performing
EQF-2025-00576,05-02-2025,IT & Enterprise Tech,Automated Storage Array,4114000,617100,3496900,24,10.58,728,59.6,STRUCTURED_LEASE,Performing
EQF-2025-00577,06-02-2025,Manufacturing,Injection Molding Press,6514000,1628500,4885500,36,9.91,717,63.2,STRUCTURED_LEASE,Performing
EQF-2025-00578,06-02-2025,IT & Enterprise Tech,Edge AI Compute Cluster,1966000,294900,1671100,36,9.32,760,49.5,STRUCTURED_LEASE,Performing
EQF-2025-00579,06-02-2025,Construction,Bulldozer,3337000,500550,2836450,60,10.79,575,99,REJECT,Performing
EQF-2025-00580,06-02-2025,Healthcare,Digital X-Ray System,14085000,2112750,11972250,36,7.73,701,61.9,STRUCTURED_LEASE,Performing
EQF-2025-00581,06-02-2025,Construction,Tower Crane,7261000,1089150,6171850,36,11.24,743,56.9,STRUCTURED_LEASE,Performing
EQF-2025-00582,06-02-2025,IT & Enterprise Tech,Edge AI Compute Cluster,1600000,160000,1440000,24,7.25,728,45.7,STRUCTURED_LEASE,30_Days_Past_Due
EQF-2025-00583,06-02-2025,Construction,Bulldozer,9244000,2311000,6933000,48,8.26,627,79.7,REQUIRE_COLLATERAL,Performing
EQF-2025-00584,06-02-2025,Healthcare,Digital X-Ray System,14064000,2109600,11954400,60,7.94,744,60.7,STRUCTURED_LEASE,30_Days_Past_Due
EQF-2025-00585,06-02-2025,Construction,Bulldozer,3941000,394100,3546900,36,8.63,713,63.5,STRUCTURED_LEASE,Performing
EQF-2025-00586,06-02-2025,Manufacturing,Injection Molding Press,7222000,722200,6499800,36,9.96,759,57.4,STRUCTURED_LEASE,Performing
EQF-2025-00587,06-02-2025,Manufacturing,CNC Milling Unit,8033000,2008250,6024750,24,10.52,747,48.8,STRUCTURED_LEASE,Performing
EQF-2025-00588,06-02-2025,Manufacturing,CNC Milling Unit,8069000,1613800,6455200,36,9.38,731,67.2,REQUIRE_COLLATERAL,30_Days_Past_Due
EQF-2025-00589,06-02-2025,Manufacturing,Industrial Robotic Arm,7899000,1579800,6319200,24,7.58,710,51.1,STRUCTURED_LEASE,60_Days_Past_Due
EQF-2025-00590,06-02-2025,Manufacturing,Industrial Robotic Arm,5325000,1065000,4260000,48,7,728,55.5,STRUCTURED_LEASE,Performing
EQF-2025-00591,06-02-2025,Manufacturing,Injection Molding Press,3993000,598950,3394050,48,10.77,728,70.9,REQUIRE_COLLATERAL,Performing
EQF-2025-00592,06-02-2025,Construction,Tower Crane,2562000,640500,1921500,48,10.58,796,41.2,STRUCTURED_LEASE,Performing
EQF-2025-00593,07-02-2025,Manufacturing,Industrial Robotic Arm,1926000,385200,1540800,36,11.11,850,35.9,AUTO_APPROVE,Performing
EQF-2025-00594,07-02-2025,Healthcare,Surgical Robot,8717000,1307550,7409450,36,9.3,640,76,REQUIRE_COLLATERAL,Performing
EQF-2025-00595,07-02-2025,IT & Enterprise Tech,Edge AI Compute Cluster,2876000,719000,2157000,48,10.5,550,96.5,REJECT,Performing
EQF-2025-00596,07-02-2025,Construction,Tower Crane,4070000,610500,3459500,48,8.54,675,64.8,STRUCTURED_LEASE,Performing
EQF-2025-00597,07-02-2025,Logistics & Fleet,Forklift Fleet,2703000,540600,2162400,24,10.22,648,79.7,REQUIRE_COLLATERAL,Performing
EQF-2025-00598,07-02-2025,Manufacturing,Injection Molding Press,2723000,544600,2178400,48,8.78,764,55.2,STRUCTURED_LEASE,Performing
EQF-2025-00599,07-02-2025,Manufacturing,CNC Milling Unit,7442000,744200,6697800,36,8.28,806,43.4,STRUCTURED_LEASE,Performing
EQF-2025-00600,07-02-2025,Manufacturing,Injection Molding Press,3587000,358700,3228300,36,9.85,763,46.4,STRUCTURED_LEASE,Performing
EQF-2025-00601,07-02-2025,Manufacturing,CNC Milling Unit,5690000,1422500,4267500,24,9.77,689,65.6,REQUIRE_COLLATERAL,Performing
EQF-2025-00602,07-02-2025,Healthcare,Digital X-Ray System,9531000,1429650,8101350,60,10.87,757,73.7,REQUIRE_COLLATERAL,Performing
EQF-2025-00603,07-02-2025,Manufacturing,Injection Molding Press,1863000,279450,1583550,36,7.57,788,39.9,AUTO_APPROVE,Performing
EQF-2025-00604,07-02-2025,Manufacturing,Injection Molding Press,8096000,1619200,6476800,60,10.89,753,63.5,STRUCTURED_LEASE,Performing
EQF-2025-00605,07-02-2025,Manufacturing,Injection Molding Press,5191000,1038200,4152800,36,9.69,745,55.3,STRUCTURED_LEASE,Performing
EQF-2025-00606,07-02-2025,Construction,Tower Crane,5263000,1315750,3947250,36,11.1,702,67.2,REQUIRE_COLLATERAL,Performing
EQF-2025-00607,07-02-2025,Manufacturing,CNC Milling Unit,2607000,260700,2346300,48,11.09,630,83.3,REJECT,Performing
EQF-2025-00608,07-02-2025,Healthcare,Digital X-Ray System,7724000,1544800,6179200,24,7,781,38,AUTO_APPROVE,Performing
EQF-2025-00609,08-02-2025,Construction,Tower Crane,2674000,401100,2272900,36,11.07,820,49.9,STRUCTURED_LEASE,30_Days_Past_Due
EQF-2025-00610,08-02-2025,Logistics & Fleet,Forklift Fleet,2582000,516400,2065600,36,11.14,620,85.7,REJECT,60_Days_Past_Due
EQF-2025-00611,08-02-2025,Manufacturing,CNC Milling Unit,5220000,522000,4698000,60,7.61,759,60.9,STRUCTURED_LEASE,Performing
EQF-2025-00612,08-02-2025,Logistics & Fleet,Electric Delivery Van,4513000,676950,3836050,48,7.16,657,86.9,REJECT,Default
EQF-2025-00613,08-02-2025,Construction,Bulldozer,8343000,834300,7508700,36,10.66,740,54.4,STRUCTURED_LEASE,Performing
EQF-2025-00614,08-02-2025,Manufacturing,Industrial Robotic Arm,2281000,570250,1710750,36,9.67,619,85.6,REJECT,60_Days_Past_Due
EQF-2025-00615,08-02-2025,IT & Enterprise Tech,Edge AI Compute Cluster,1568000,392000,1176000,48,8.54,760,47.2,STRUCTURED_LEASE,30_Days_Past_Due
EQF-2025-00616,08-02-2025,IT & Enterprise Tech,Automated Storage Array,3026000,302600,2723400,36,11.66,737,60.6,STRUCTURED_LEASE,Performing
EQF-2025-00617,08-02-2025,Manufacturing,Injection Molding Press,2870000,430500,2439500,36,9.95,763,64.3,STRUCTURED_LEASE,Performing
EQF-2025-00618,08-02-2025,Healthcare,MRI Scanner,4306000,430600,3875400,36,7,752,51,STRUCTURED_LEASE,Performing
EQF-2025-00619,08-02-2025,Logistics & Fleet,Electric Delivery Van,4259000,851800,3407200,48,7.97,722,61.6,STRUCTURED_LEASE,Performing
EQF-2025-00620,08-02-2025,Logistics & Fleet,Forklift Fleet,1274000,254800,1019200,36,11.06,761,48.8,STRUCTURED_LEASE,Performing
EQF-2025-00621,08-02-2025,Manufacturing,Injection Molding Press,7315000,731500,6583500,48,9.55,681,69.6,REQUIRE_COLLATERAL,Performing
EQF-2025-00622,08-02-2025,Manufacturing,CNC Milling Unit,2509000,501800,2007200,48,8.42,747,51.4,STRUCTURED_LEASE,Performing
EQF-2025-00623,08-02-2025,Healthcare,MRI Scanner,14721000,1472100,13248900,60,10.18,674,74,REQUIRE_COLLATERAL,60_Days_Past_Due
EQF-2025-00624,08-02-2025,Construction,Bulldozer,7633000,1526600,6106400,48,8.59,750,59.4,STRUCTURED_LEASE,Performing
EQF-2025-00625,09-02-2025,Construction,Hydraulic Excavator,8747000,874700,7872300,36,7.63,697,64.7,STRUCTURED_LEASE,Performing
EQF-2025-00626,09-02-2025,Healthcare,Surgical Robot,5215000,1043000,4172000,48,11.03,741,61.8,STRUCTURED_LEASE,Performing
EQF-2025-00627,09-02-2025,Construction,Tower Crane,9828000,1474200,8353800,60,11.25,691,75,REQUIRE_COLLATERAL,Performing
EQF-2025-00628,09-02-2025,Logistics & Fleet,Heavy Duty Hauler,4389000,658350,3730650,36,10.22,692,71.7,REQUIRE_COLLATERAL,Performing
EQF-2025-00629,09-02-2025,Manufacturing,Industrial Robotic Arm,6071000,1214200,4856800,36,7.2,695,69.2,REQUIRE_COLLATERAL,60_Days_Past_Due
EQF-2025-00630,09-02-2025,Healthcare,Digital X-Ray System,9525000,952500,8572500,24,12.28,623,89.1,REJECT,Default
EQF-2025-00631,09-02-2025,Logistics & Fleet,Electric Delivery Van,3942000,788400,3153600,60,12.22,766,63.9,STRUCTURED_LEASE,Performing
EQF-2025-00632,09-02-2025,IT & Enterprise Tech,Automated Storage Array,831000,207750,623250,36,11.41,713,70.7,REQUIRE_COLLATERAL,Performing
EQF-2025-00633,09-02-2025,Construction,Tower Crane,7536000,1884000,5652000,24,9.96,626,83.2,REJECT,60_Days_Past_Due
EQF-2025-00634,09-02-2025,Construction,Tower Crane,9703000,970300,8732700,48,9.64,674,75.1,REQUIRE_COLLATERAL,Performing
EQF-2025-00635,09-02-2025,Manufacturing,Industrial Robotic Arm,3998000,799600,3198400,48,10.16,671,76.9,REQUIRE_COLLATERAL,Performing
EQF-2025-00636,09-02-2025,Healthcare,Surgical Robot,5191000,1038200,4152800,36,7.79,735,50.6,STRUCTURED_LEASE,60_Days_Past_Due
EQF-2025-00637,09-02-2025,Construction,Tower Crane,6077000,911550,5165450,48,8.68,696,71.5,REQUIRE_COLLATERAL,30_Days_Past_Due
EQF-2025-00638,09-02-2025,Manufacturing,Industrial Robotic Arm,6590000,659000,5931000,48,8.62,768,50.6,STRUCTURED_LEASE,Performing
EQF-2025-00639,09-02-2025,Healthcare,MRI Scanner,5180000,1295000,3885000,36,10.41,632,76.8,REQUIRE_COLLATERAL,Performing
EQF-2025-00640,09-02-2025,Healthcare,Surgical Robot,6267000,1566750,4700250,48,9.87,738,56,STRUCTURED_LEASE,Performing
EQF-2025-00641,10-02-2025,Manufacturing,Industrial Robotic Arm,2533000,253300,2279700,48,8.06,733,57.7,STRUCTURED_LEASE,Performing
EQF-2025-00642,10-02-2025,Healthcare,MRI Scanner,12766000,3191500,9574500,60,7.11,682,65.9,REQUIRE_COLLATERAL,Performing
EQF-2025-00643,10-02-2025,Manufacturing,Injection Molding Press,1940000,194000,1746000,48,10.03,726,77.3,REQUIRE_COLLATERAL,Performing
EQF-2025-00644,10-02-2025,Healthcare,Surgical Robot,11552000,2888000,8664000,60,7.91,707,69.3,REQUIRE_COLLATERAL,Performing
EQF-2025-00645,10-02-2025,Manufacturing,Injection Molding Press,4065000,1016250,3048750,36,7.62,788,38.7,AUTO_APPROVE,30_Days_Past_Due
EQF-2025-00646,10-02-2025,IT & Enterprise Tech,Automated Storage Array,4730000,473000,4257000,36,12.64,715,69.2,REQUIRE_COLLATERAL,Performing
EQF-2025-00647,10-02-2025,Construction,Bulldozer,10697000,1069700,9627300,24,12.96,783,54.1,STRUCTURED_LEASE,Performing
EQF-2025-00648,10-02-2025,Logistics & Fleet,Forklift Fleet,1635000,408750,1226250,36,8.83,764,50.2,STRUCTURED_LEASE,30_Days_Past_Due
EQF-2025-00649,10-02-2025,Logistics & Fleet,Electric Delivery Van,2395000,598750,1796250,60,7,629,77.2,REQUIRE_COLLATERAL,Performing
EQF-2025-00650,10-02-2025,Construction,Tower Crane,9386000,1407900,7978100,36,11.32,704,67.3,REQUIRE_COLLATERAL,Performing
EQF-2025-00651,10-02-2025,Manufacturing,Industrial Robotic Arm,3363000,672600,2690400,24,10,764,46.9,STRUCTURED_LEASE,30_Days_Past_Due
EQF-2025-00652,10-02-2025,Construction,Tower Crane,4329000,432900,3896100,24,10.66,725,55.9,STRUCTURED_LEASE,Performing
EQF-2025-00653,10-02-2025,Construction,Hydraulic Excavator,9516000,951600,8564400,36,8.55,715,55.2,STRUCTURED_LEASE,Performing
EQF-2025-00654,10-02-2025,Logistics & Fleet,Electric Delivery Van,4951000,990200,3960800,36,7.94,719,61.5,STRUCTURED_LEASE,Performing
EQF-2025-00655,10-02-2025,Healthcare,Surgical Robot,10126000,1518900,8607100,36,9.14,749,55.5,STRUCTURED_LEASE,Performing
EQF-2025-00656,10-02-2025,Manufacturing,Industrial Robotic Arm,3446000,861500,2584500,48,9.76,684,74.7,REQUIRE_COLLATERAL,Performing
EQF-2025-00657,11-02-2025,Healthcare,Digital X-Ray System,8384000,2096000,6288000,36,8.4,691,55,STRUCTURED_LEASE,Performing
EQF-2025-00658,11-02-2025,Healthcare,Surgical Robot,5871000,880650,4990350,48,11.44,764,56.5,STRUCTURED_LEASE,Performing
EQF-2025-00659,11-02-2025,Construction,Tower Crane,8976000,1346400,7629600,48,7,723,64,STRUCTURED_LEASE,Performing
EQF-2025-00660,11-02-2025,Construction,Tower Crane,9075000,1815000,7260000,48,10.11,698,72,REQUIRE_COLLATERAL,Performing
EQF-2025-00661,11-02-2025,Healthcare,Digital X-Ray System,13626000,2725200,10900800,36,9.69,712,56.7,STRUCTURED_LEASE,Performing
EQF-2025-00662,11-02-2025,IT & Enterprise Tech,Enterprise Server Rack,938000,234500,703500,60,11.33,743,74.8,REQUIRE_COLLATERAL,60_Days_Past_Due
EQF-2025-00663,11-02-2025,Construction,Tower Crane,7277000,1091550,6185450,48,8.06,708,51.3,STRUCTURED_LEASE,Performing
EQF-2025-00664,11-02-2025,Manufacturing,Injection Molding Press,3000000,450000,2550000,36,10.56,720,63.3,STRUCTURED_LEASE,Performing
EQF-2025-00665,11-02-2025,Manufacturing,Injection Molding Press,3886000,971500,2914500,24,10.22,598,93.7,REJECT,Default
EQF-2025-00666,11-02-2025,Manufacturing,Industrial Robotic Arm,6995000,1748750,5246250,24,9.87,725,48.6,STRUCTURED_LEASE,Performing
EQF-2025-00667,11-02-2025,Manufacturing,Industrial Robotic Arm,2844000,711000,2133000,48,8.17,701,62.8,STRUCTURED_LEASE,60_Days_Past_Due
EQF-2025-00668,11-02-2025,Manufacturing,Industrial Robotic Arm,5968000,1492000,4476000,48,8.34,769,43.5,STRUCTURED_LEASE,Performing
EQF-2025-00669,11-02-2025,Manufacturing,Injection Molding Press,6082000,1520500,4561500,36,9.06,706,69.5,REQUIRE_COLLATERAL,30_Days_Past_Due
EQF-2025-00670,11-02-2025,Healthcare,Surgical Robot,14495000,2899000,11596000,36,8.75,806,35.6,AUTO_APPROVE,Performing
EQF-2025-00671,11-02-2025,Manufacturing,CNC Milling Unit,6926000,1731500,5194500,60,11.39,749,70.2,REQUIRE_COLLATERAL,Performing
EQF-2025-00672,11-02-2025,IT & Enterprise Tech,Enterprise Server Rack,4979000,746850,4232150,60,9.7,661,87.9,REJECT,Performing
EQF-2025-00673,12-02-2025,Manufacturing,CNC Milling Unit,5221000,522100,4698900,48,10.69,629,80.1,REJECT,Performing
EQF-2025-00674,12-02-2025,Construction,Bulldozer,4088000,817600,3270400,48,7.32,704,55.1,STRUCTURED_LEASE,Performing
EQF-2025-00675,12-02-2025,Healthcare,MRI Scanner,8681000,1302150,7378850,48,7,711,62.8,STRUCTURED_LEASE,Performing
EQF-2025-00676,12-02-2025,IT & Enterprise Tech,Edge AI Compute Cluster,3657000,365700,3291300,48,9.23,599,93.8,REJECT,60_Days_Past_Due
EQF-2025-00677,12-02-2025,Manufacturing,Industrial Robotic Arm,6249000,1249800,4999200,36,7.58,706,58.8,STRUCTURED_LEASE,Performing
EQF-2025-00678,12-02-2025,Healthcare,Surgical Robot,10685000,2671250,8013750,24,9.56,688,64,STRUCTURED_LEASE,Performing
EQF-2025-00679,12-02-2025,IT & Enterprise Tech,Enterprise Server Rack,2849000,569800,2279200,48,8.24,723,67.9,REQUIRE_COLLATERAL,Performing
EQF-2025-00680,12-02-2025,IT & Enterprise Tech,Edge AI Compute Cluster,2180000,545000,1635000,36,9.96,841,33.5,AUTO_APPROVE,Performing
EQF-2025-00681,12-02-2025,Logistics & Fleet,Forklift Fleet,1839000,459750,1379250,24,8.33,601,87.2,REJECT,Performing
EQF-2025-00682,12-02-2025,Healthcare,MRI Scanner,11632000,2908000,8724000,48,10.34,771,51.6,STRUCTURED_LEASE,Performing
EQF-2025-00683,12-02-2025,Manufacturing,Industrial Robotic Arm,6018000,601800,5416200,48,8.18,741,68.4,REQUIRE_COLLATERAL,30_Days_Past_Due
EQF-2025-00684,12-02-2025,Logistics & Fleet,Heavy Duty Hauler,3812000,762400,3049600,60,7,677,67,REQUIRE_COLLATERAL,Performing
EQF-2025-00685,12-02-2025,IT & Enterprise Tech,Automated Storage Array,2737000,684250,2052750,36,10.78,711,71,REQUIRE_COLLATERAL,Performing
EQF-2025-00686,12-02-2025,Construction,Hydraulic Excavator,4730000,709500,4020500,60,8.35,769,49.4,STRUCTURED_LEASE,Performing
EQF-2025-00687,12-02-2025,Construction,Bulldozer,8958000,1791600,7166400,36,11.56,717,69.4,REQUIRE_COLLATERAL,30_Days_Past_Due
EQF-2025-00688,12-02-2025,Healthcare,MRI Scanner,12510000,1876500,10633500,48,8.54,584,91.7,REJECT,Performing
EQF-2025-00689,13-02-2025,Logistics & Fleet,Electric Delivery Van,2931000,293100,2637900,36,8.27,733,56.1,STRUCTURED_LEASE,Performing
EQF-2025-00690,13-02-2025,Manufacturing,Injection Molding Press,5783000,578300,5204700,24,9.07,756,51.2,STRUCTURED_LEASE,Performing
EQF-2025-00691,13-02-2025,Healthcare,Surgical Robot,8109000,1621800,6487200,36,8.66,683,67.8,REQUIRE_COLLATERAL,30_Days_Past_Due
EQF-2025-00692,13-02-2025,Healthcare,Surgical Robot,11721000,1172100,10548900,48,9.69,766,55,STRUCTURED_LEASE,Performing
EQF-2025-00693,13-02-2025,Construction,Hydraulic Excavator,9604000,960400,8643600,36,10.1,771,41.1,STRUCTURED_LEASE,Performing
EQF-2025-00694,13-02-2025,Manufacturing,CNC Milling Unit,6318000,1263600,5054400,48,10.33,794,56.3,STRUCTURED_LEASE,Performing
EQF-2025-00695,13-02-2025,Manufacturing,Industrial Robotic Arm,5088000,763200,4324800,36,9.37,775,55.6,STRUCTURED_LEASE,Performing
EQF-2025-00696,13-02-2025,Construction,Bulldozer,6399000,1599750,4799250,24,7.25,850,22.6,AUTO_APPROVE,Performing
EQF-2025-00697,13-02-2025,Healthcare,Surgical Robot,11066000,2213200,8852800,48,12.09,785,58.1,STRUCTURED_LEASE,Performing
EQF-2025-00698,13-02-2025,Construction,Hydraulic Excavator,8278000,1655600,6622400,60,8.95,721,72.9,REQUIRE_COLLATERAL,30_Days_Past_Due
EQF-2025-00699,13-02-2025,Manufacturing,CNC Milling Unit,5411000,1352750,4058250,36,8.87,762,52.7,STRUCTURED_LEASE,Performing
EQF-2025-00700,13-02-2025,Construction,Tower Crane,7812000,1171800,6640200,48,9.37,718,61.4,STRUCTURED_LEASE,Performing
EQF-2025-00701,13-02-2025,Construction,Tower Crane,3321000,830250,2490750,60,9.11,693,66.6,REQUIRE_COLLATERAL,Performing
EQF-2025-00702,13-02-2025,Manufacturing,CNC Milling Unit,8162000,2040500,6121500,48,7,642,78.7,REQUIRE_COLLATERAL,Performing
EQF-2025-00703,13-02-2025,Healthcare,Surgical Robot,12699000,1904850,10794150,48,10.36,702,70.4,REQUIRE_COLLATERAL,30_Days_Past_Due
EQF-2025-00704,13-02-2025,Manufacturing,Industrial Robotic Arm,4117000,617550,3499450,36,8.27,768,47,STRUCTURED_LEASE,Performing
EQF-2025-00705,14-02-2025,Manufacturing,CNC Milling Unit,5440000,1360000,4080000,36,9.01,657,69.3,REQUIRE_COLLATERAL,Performing
EQF-2025-00706,14-02-2025,IT & Enterprise Tech,Enterprise Server Rack,1046000,261500,784500,36,12.14,737,60.7,STRUCTURED_LEASE,Performing
EQF-2025-00707,14-02-2025,Healthcare,Surgical Robot,4454000,890800,3563200,36,10.92,688,72.1,REQUIRE_COLLATERAL,Performing
EQF-2025-00708,14-02-2025,Logistics & Fleet,Heavy Duty Hauler,2153000,322950,1830050,48,11.92,713,69.3,REQUIRE_COLLATERAL,Performing
EQF-2025-00709,14-02-2025,Healthcare,MRI Scanner,11587000,1158700,10428300,36,8.48,709,60.6,STRUCTURED_LEASE,Performing
EQF-2025-00710,14-02-2025,Logistics & Fleet,Electric Delivery Van,4438000,665700,3772300,24,10.6,726,57.6,STRUCTURED_LEASE,Performing
EQF-2025-00711,14-02-2025,Logistics & Fleet,Heavy Duty Hauler,3325000,831250,2493750,60,10.1,850,43.5,STRUCTURED_LEASE,Performing
EQF-2025-00712,14-02-2025,Construction,Hydraulic Excavator,7023000,1755750,5267250,48,9.42,679,65.6,REQUIRE_COLLATERAL,30_Days_Past_Due
EQF-2025-00713,14-02-2025,Construction,Tower Crane,5920000,1480000,4440000,60,8.37,711,65.2,REQUIRE_COLLATERAL,Performing
EQF-2025-00714,14-02-2025,Healthcare,Surgical Robot,5778000,1444500,4333500,48,11.13,699,66.6,REQUIRE_COLLATERAL,Performing
EQF-2025-00715,14-02-2025,Healthcare,Surgical Robot,5302000,530200,4771800,24,8.73,616,78.7,REQUIRE_COLLATERAL,Performing
EQF-2025-00716,14-02-2025,IT & Enterprise Tech,Edge AI Compute Cluster,4756000,713400,4042600,48,9.7,769,49.5,STRUCTURED_LEASE,Performing
EQF-2025-00717,14-02-2025,Logistics & Fleet,Electric Delivery Van,4725000,472500,4252500,48,10.87,659,85,REJECT,Performing
EQF-2025-00718,14-02-2025,IT & Enterprise Tech,Automated Storage Array,3183000,318300,2864700,36,8.03,803,36.8,AUTO_APPROVE,Performing
EQF-2025-00719,14-02-2025,Manufacturing,Injection Molding Press,6116000,1529000,4587000,36,7.87,662,66.6,REQUIRE_COLLATERAL,Performing
EQF-2025-00720,14-02-2025,Logistics & Fleet,Forklift Fleet,4675000,467500,4207500,36,13.27,738,60.5,STRUCTURED_LEASE,Performing
EQF-2025-00721,15-02-2025,IT & Enterprise Tech,Automated Storage Array,1269000,317250,951750,48,8.21,826,39,AUTO_APPROVE,Performing
EQF-2025-00722,15-02-2025,Manufacturing,Injection Molding Press,6893000,1723250,5169750,36,11.93,743,54.2,STRUCTURED_LEASE,Performing
EQF-2025-00723,15-02-2025,Manufacturing,Industrial Robotic Arm,5818000,1454500,4363500,48,9.42,675,73.2,REQUIRE_COLLATERAL,Performing
EQF-2025-00724,15-02-2025,Logistics & Fleet,Heavy Duty Hauler,3475000,347500,3127500,36,8.86,655,72.6,REQUIRE_COLLATERAL,60_Days_Past_Due
EQF-2025-00725,15-02-2025,Construction,Bulldozer,4987000,1246750,3740250,36,9.01,571,89.4,REJECT,Default
EQF-2025-00726,15-02-2025,Logistics & Fleet,Forklift Fleet,3799000,379900,3419100,24,9.41,689,64.4,STRUCTURED_LEASE,Performing
EQF-2025-00727,15-02-2025,Manufacturing,CNC Milling Unit,7064000,1059600,6004400,24,11.51,621,80.6,REJECT,Default
EQF-2025-00728,15-02-2025,Logistics & Fleet,Heavy Duty Hauler,1629000,407250,1221750,36,10.63,711,66.2,REQUIRE_COLLATERAL,Performing
EQF-2025-00729,15-02-2025,Manufacturing,CNC Milling Unit,5235000,1047000,4188000,36,9.18,685,64.6,STRUCTURED_LEASE,Performing
EQF-2025-00730,15-02-2025,Manufacturing,CNC Milling Unit,2209000,441800,1767200,36,7,719,51.3,STRUCTURED_LEASE,Performing
EQF-2025-00731,15-02-2025,Manufacturing,CNC Milling Unit,7608000,1521600,6086400,60,9.53,638,86.9,REJECT,Performing
EQF-2025-00732,15-02-2025,Logistics & Fleet,Heavy Duty Hauler,3129000,625800,2503200,48,9.7,679,77.4,REQUIRE_COLLATERAL,Performing
EQF-2025-00733,15-02-2025,Logistics & Fleet,Electric Delivery Van,4270000,854000,3416000,48,11.39,747,76.4,REQUIRE_COLLATERAL,Performing
EQF-2025-00734,15-02-2025,Construction,Hydraulic Excavator,5629000,562900,5066100,60,7.29,732,58.3,STRUCTURED_LEASE,Performing
EQF-2025-00735,15-02-2025,Healthcare,MRI Scanner,5376000,806400,4569600,60,8.76,593,97.7,REJECT,60_Days_Past_Due
EQF-2025-00736,15-02-2025,IT & Enterprise Tech,Edge AI Compute Cluster,1016000,101600,914400,60,8.71,763,54.1,STRUCTURED_LEASE,Performing
EQF-2025-00737,16-02-2025,Healthcare,MRI Scanner,7097000,1774250,5322750,24,9.42,642,77.5,REQUIRE_COLLATERAL,Performing
EQF-2025-00738,16-02-2025,Logistics & Fleet,Forklift Fleet,2128000,319200,1808800,48,9.64,611,94.7,REJECT,Default
EQF-2025-00739,16-02-2025,Healthcare,Surgical Robot,10164000,1524600,8639400,48,10.16,696,71.3,REQUIRE_COLLATERAL,Performing
EQF-2025-00740,16-02-2025,Healthcare,MRI Scanner,4239000,635850,3603150,48,7,850,33.4,AUTO_APPROVE,Performing
EQF-2025-00741,16-02-2025,Construction,Tower Crane,6925000,1038750,5886250,48,9.76,688,73.7,REQUIRE_COLLATERAL,60_Days_Past_Due
EQF-2025-00742,16-02-2025,Healthcare,Surgical Robot,8309000,1661800,6647200,24,9.87,717,58.2,STRUCTURED_LEASE,Performing
EQF-2025-00743,16-02-2025,Logistics & Fleet,Electric Delivery Van,3393000,848250,2544750,60,9.61,755,57.9,STRUCTURED_LEASE,Performing
EQF-2025-00744,16-02-2025,Construction,Bulldozer,8471000,1270650,7200350,36,9.23,654,72.5,REQUIRE_COLLATERAL,Performing
EQF-2025-00745,16-02-2025,Manufacturing,CNC Milling Unit,5939000,890850,5048150,36,7,730,46,STRUCTURED_LEASE,Performing
EQF-2025-00746,16-02-2025,IT & Enterprise Tech,Edge AI Compute Cluster,5920000,1184000,4736000,36,10.35,656,81.4,REJECT,60_Days_Past_Due
EQF-2025-00747,16-02-2025,Healthcare,Digital X-Ray System,5521000,552100,4968900,36,8.04,746,60.7,STRUCTURED_LEASE,Performing
EQF-2025-00748,16-02-2025,Construction,Tower Crane,6153000,615300,5537700,36,10.42,736,51.8,STRUCTURED_LEASE,Performing
EQF-2025-00749,16-02-2025,IT & Enterprise Tech,Automated Storage Array,3009000,300900,2708100,36,11.38,730,67.4,REQUIRE_COLLATERAL,30_Days_Past_Due
EQF-2025-00750,16-02-2025,Construction,Bulldozer,6045000,1511250,4533750,60,7,721,61.6,STRUCTURED_LEASE,Performing
EQF-2025-00751,16-02-2025,Manufacturing,Injection Molding Press,6147000,614700,5532300,36,10.37,840,32.6,AUTO_APPROVE,Performing
EQF-2025-00752,16-02-2025,IT & Enterprise Tech,Enterprise Server Rack,3347000,502050,2844950,48,7.65,725,59.4,STRUCTURED_LEASE,Performing
EQF-2025-00753,17-02-2025,Construction,Bulldozer,6898000,1379600,5518400,48,9.44,744,54.5,STRUCTURED_LEASE,Performing
EQF-2025-00754,17-02-2025,Healthcare,MRI Scanner,8756000,1751200,7004800,48,9.31,734,61.6,STRUCTURED_LEASE,Performing
EQF-2025-00755,17-02-2025,Manufacturing,Industrial Robotic Arm,8442000,844200,7597800,36,10.63,644,78,REQUIRE_COLLATERAL,Performing
EQF-2025-00756,17-02-2025,Logistics & Fleet,Electric Delivery Van,4725000,945000,3780000,48,10.41,660,77.4,REQUIRE_COLLATERAL,Default
EQF-2025-00757,17-02-2025,Construction,Hydraulic Excavator,5116000,767400,4348600,24,9.89,639,81.3,REJECT,Default
EQF-2025-00758,17-02-2025,Construction,Bulldozer,3449000,344900,3104100,24,7.03,659,55.9,STRUCTURED_LEASE,Performing
EQF-2025-00759,17-02-2025,IT & Enterprise Tech,Enterprise Server Rack,5167000,775050,4391950,48,7,677,65,REQUIRE_COLLATERAL,Performing
EQF-2025-00760,17-02-2025,Logistics & Fleet,Electric Delivery Van,4989000,1247250,3741750,60,10.87,696,65.9,REQUIRE_COLLATERAL,Performing
EQF-2025-00761,17-02-2025,Manufacturing,Industrial Robotic Arm,3548000,532200,3015800,48,10.62,696,72.3,REQUIRE_COLLATERAL,Performing
EQF-2025-00762,17-02-2025,Healthcare,MRI Scanner,7936000,1190400,6745600,24,8,747,45,STRUCTURED_LEASE,Performing
EQF-2025-00763,17-02-2025,Manufacturing,Injection Molding Press,8091000,1213650,6877350,36,10.02,797,40.9,STRUCTURED_LEASE,Performing
EQF-2025-00764,17-02-2025,Logistics & Fleet,Forklift Fleet,3902000,585300,3316700,24,9.19,784,43.4,STRUCTURED_LEASE,Performing
EQF-2025-00765,17-02-2025,Manufacturing,CNC Milling Unit,3569000,892250,2676750,48,11.13,728,68.8,REQUIRE_COLLATERAL,30_Days_Past_Due
EQF-2025-00766,17-02-2025,Construction,Hydraulic Excavator,7439000,743900,6695100,36,9.63,656,80.6,REJECT,Default
EQF-2025-00767,17-02-2025,Logistics & Fleet,Forklift Fleet,4788000,718200,4069800,60,10.85,778,72.4,REQUIRE_COLLATERAL,Performing
EQF-2025-00768,17-02-2025,IT & Enterprise Tech,Edge AI Compute Cluster,5021000,502100,4518900,24,8.58,674,61.9,STRUCTURED_LEASE,30_Days_Past_Due
EQF-2025-00769,18-02-2025,Healthcare,MRI Scanner,12160000,2432000,9728000,24,9.93,738,50.3,STRUCTURED_LEASE,60_Days_Past_Due
EQF-2025-00770,18-02-2025,Logistics & Fleet,Forklift Fleet,4001000,600150,3400850,36,8.88,728,57.2,STRUCTURED_LEASE,Performing
EQF-2025-00771,18-02-2025,Manufacturing,Injection Molding Press,2746000,411900,2334100,36,8.57,641,76.1,REQUIRE_COLLATERAL,Performing
EQF-2025-00772,18-02-2025,Logistics & Fleet,Electric Delivery Van,4334000,866800,3467200,48,7,675,77,REQUIRE_COLLATERAL,Performing
EQF-2025-00773,18-02-2025,Manufacturing,Industrial Robotic Arm,3433000,343300,3089700,60,10.89,743,68.1,REQUIRE_COLLATERAL,Performing
EQF-2025-00774,18-02-2025,Healthcare,Digital X-Ray System,14234000,3558500,10675500,24,12.12,700,62.1,STRUCTURED_LEASE,Performing
EQF-2025-00775,18-02-2025,Logistics & Fleet,Electric Delivery Van,2586000,387900,2198100,36,7.42,850,22.1,AUTO_APPROVE,Performing
EQF-2025-00776,18-02-2025,Manufacturing,Industrial Robotic Arm,7504000,1500800,6003200,60,10.54,681,81.8,REJECT,Default
EQF-2025-00777,18-02-2025,Manufacturing,CNC Milling Unit,3364000,672800,2691200,48,10.48,644,81.7,REJECT,Default
EQF-2025-00778,18-02-2025,Logistics & Fleet,Forklift Fleet,3155000,473250,2681750,60,8.73,714,74.2,REQUIRE_COLLATERAL,Performing
EQF-2025-00779,18-02-2025,Logistics & Fleet,Heavy Duty Hauler,1606000,160600,1445400,36,8.39,689,67.3,REQUIRE_COLLATERAL,Performing
EQF-2025-00780,18-02-2025,Construction,Hydraulic Excavator,8111000,811100,7299900,36,11.27,598,85.8,REJECT,Performing
EQF-2025-00781,18-02-2025,Logistics & Fleet,Heavy Duty Hauler,4377000,656550,3720450,36,11.11,764,48.3,STRUCTURED_LEASE,Performing
EQF-2025-00782,18-02-2025,Construction,Hydraulic Excavator,8607000,1721400,6885600,36,10.18,774,51.6,STRUCTURED_LEASE,Performing
EQF-2025-00783,18-02-2025,Healthcare,MRI Scanner,9756000,1463400,8292600,48,8.72,765,50.6,STRUCTURED_LEASE,Performing
EQF-2025-00784,18-02-2025,Healthcare,Digital X-Ray System,4496000,1124000,3372000,36,11.13,730,67.4,REQUIRE_COLLATERAL,Performing
EQF-2025-00785,19-02-2025,Manufacturing,Industrial Robotic Arm,8034000,2008500,6025500,48,8.25,701,67,REQUIRE_COLLATERAL,Performing
EQF-2025-00786,19-02-2025,IT & Enterprise Tech,Automated Storage Array,4469000,446900,4022100,36,11.63,721,66.4,REQUIRE_COLLATERAL,Performing
EQF-2025-00787,19-02-2025,Construction,Hydraulic Excavator,8840000,2210000,6630000,48,11.95,702,67.1,REQUIRE_COLLATERAL,30_Days_Past_Due
EQF-2025-00788,19-02-2025,Healthcare,Surgical Robot,12741000,2548200,10192800,24,11.27,668,69.6,REQUIRE_COLLATERAL,60_Days_Past_Due
EQF-2025-00789,19-02-2025,Construction,Tower Crane,8856000,2214000,6642000,36,10.01,810,41.4,STRUCTURED_LEASE,Performing
EQF-2025-00790,19-02-2025,IT & Enterprise Tech,Edge AI Compute Cluster,3094000,464100,2629900,48,7,792,33.2,AUTO_APPROVE,Performing
EQF-2025-00791,19-02-2025,Manufacturing,Industrial Robotic Arm,6635000,1327000,5308000,24,9.22,752,52.2,STRUCTURED_LEASE,Performing
EQF-2025-00792,19-02-2025,Construction,Hydraulic Excavator,7813000,781300,7031700,36,12.15,682,78.8,REQUIRE_COLLATERAL,60_Days_Past_Due
EQF-2025-00793,19-02-2025,Construction,Hydraulic Excavator,9759000,975900,8783100,36,10.91,748,54.6,STRUCTURED_LEASE,Performing
EQF-2025-00794,19-02-2025,Construction,Tower Crane,9321000,2330250,6990750,60,10.15,694,81,REJECT,Default
EQF-2025-00795,19-02-2025,Manufacturing,Injection Molding Press,1790000,179000,1611000,48,8.48,691,74.2,REQUIRE_COLLATERAL,Performing
EQF-2025-00796,19-02-2025,IT & Enterprise Tech,Automated Storage Array,2770000,415500,2354500,48,11.04,708,72.5,REQUIRE_COLLATERAL,Performing
EQF-2025-00797,19-02-2025,IT & Enterprise Tech,Edge AI Compute Cluster,981000,196200,784800,60,7.14,738,58,STRUCTURED_LEASE,Performing
EQF-2025-00798,19-02-2025,Construction,Bulldozer,3368000,505200,2862800,60,9.24,683,80,REJECT,Default
EQF-2025-00799,19-02-2025,Logistics & Fleet,Electric Delivery Van,3485000,522750,2962250,48,12.11,700,66.6,REQUIRE_COLLATERAL,Performing
EQF-2025-00800,19-02-2025,IT & Enterprise Tech,Automated Storage Array,5344000,801600,4542400,48,8.29,795,45.1,STRUCTURED_LEASE,Performing
EQF-2025-00801,20-02-2025,Logistics & Fleet,Electric Delivery Van,1655000,248250,1406750,48,10.41,601,87.9,REJECT,Default
EQF-2025-00802,20-02-2025,Manufacturing,Injection Molding Press,4658000,931600,3726400,36,7,776,39.2,AUTO_APPROVE,Performing
EQF-2025-00803,20-02-2025,Construction,Hydraulic Excavator,10242000,2048400,8193600,60,8.52,701,71.8,REQUIRE_COLLATERAL,30_Days_Past_Due
EQF-2025-00804,20-02-2025,Construction,Tower Crane,9422000,1413300,8008700,48,9.77,680,69.3,REQUIRE_COLLATERAL,Performing
EQF-2025-00805,20-02-2025,Healthcare,Digital X-Ray System,9716000,1457400,8258600,36,10.03,690,60.4,STRUCTURED_LEASE,60_Days_Past_Due
EQF-2025-00806,20-02-2025,Logistics & Fleet,Forklift Fleet,4132000,413200,3718800,24,12.6,710,76.8,REQUIRE_COLLATERAL,Performing
EQF-2025-00807,20-02-2025,IT & Enterprise Tech,Edge AI Compute Cluster,3518000,351800,3166200,24,8.74,770,41,STRUCTURED_LEASE,Performing
EQF-2025-00808,20-02-2025,IT & Enterprise Tech,Edge AI Compute Cluster,1622000,324400,1297600,36,10.39,721,57.8,STRUCTURED_LEASE,30_Days_Past_Due
EQF-2025-00809,20-02-2025,Construction,Tower Crane,3560000,356000,3204000,36,10.35,678,77.4,REQUIRE_COLLATERAL,Performing
EQF-2025-00810,20-02-2025,Manufacturing,CNC Milling Unit,2819000,563800,2255200,36,8.62,754,47.9,STRUCTURED_LEASE,60_Days_Past_Due
EQF-2025-00811,20-02-2025,IT & Enterprise Tech,Enterprise Server Rack,2625000,525000,2100000,36,10.93,703,60.8,STRUCTURED_LEASE,Performing
EQF-2025-00812,20-02-2025,Logistics & Fleet,Forklift Fleet,4736000,1184000,3552000,48,10.5,744,56.2,STRUCTURED_LEASE,Performing
EQF-2025-00813,20-02-2025,Manufacturing,CNC Milling Unit,7098000,1419600,5678400,36,9.09,727,55.7,STRUCTURED_LEASE,Performing
EQF-2025-00814,20-02-2025,IT & Enterprise Tech,Automated Storage Array,3051000,305100,2745900,36,9.79,640,73.2,REQUIRE_COLLATERAL,30_Days_Past_Due
EQF-2025-00815,20-02-2025,IT & Enterprise Tech,Enterprise Server Rack,3364000,841000,2523000,36,8.06,747,47,STRUCTURED_LEASE,30_Days_Past_Due
EQF-2025-00816,20-02-2025,Construction,Bulldozer,4758000,475800,4282200,60,8.17,603,88.1,REJECT,60_Days_Past_Due
EQF-2025-00817,21-02-2025,Construction,Hydraulic Excavator,8487000,1697400,6789600,36,9.47,703,68.8,REQUIRE_COLLATERAL,Performing
EQF-2025-00818,21-02-2025,Healthcare,MRI Scanner,12830000,2566000,10264000,36,10.62,644,89.8,REJECT,Performing
EQF-2025-00819,21-02-2025,Manufacturing,Injection Molding Press,3172000,475800,2696200,48,9,581,98.9,REJECT,Performing
EQF-2025-00820,21-02-2025,Healthcare,Digital X-Ray System,4460000,892000,3568000,36,8.58,726,55.8,STRUCTURED_LEASE,Performing
EQF-2025-00821,21-02-2025,Logistics & Fleet,Electric Delivery Van,3571000,892750,2678250,36,9.15,764,42.8,STRUCTURED_LEASE,Performing
EQF-2025-00822,21-02-2025,Manufacturing,CNC Milling Unit,5438000,1087600,4350400,36,10.74,707,69.4,REQUIRE_COLLATERAL,30_Days_Past_Due
EQF-2025-00823,21-02-2025,Healthcare,Surgical Robot,8423000,1263450,7159550,48,7.47,793,38.3,AUTO_APPROVE,Performing
EQF-2025-00824,21-02-2025,Healthcare,Digital X-Ray System,11083000,2216600,8866400,48,10.79,710,67.1,REQUIRE_COLLATERAL,Performing
EQF-2025-00825,21-02-2025,Construction,Bulldozer,7180000,1436000,5744000,48,10.27,721,73.5,REQUIRE_COLLATERAL,Performing
EQF-2025-00826,21-02-2025,IT & Enterprise Tech,Edge AI Compute Cluster,2103000,420600,1682400,36,7.47,655,78.7,REQUIRE_COLLATERAL,30_Days_Past_Due
EQF-2025-00827,21-02-2025,Healthcare,Surgical Robot,8375000,1256250,7118750,48,9.15,747,58.1,STRUCTURED_LEASE,Performing
EQF-2025-00828,21-02-2025,Healthcare,MRI Scanner,8709000,870900,7838100,36,10.45,744,63.2,STRUCTURED_LEASE,Performing
EQF-2025-00829,21-02-2025,Logistics & Fleet,Forklift Fleet,4545000,909000,3636000,36,7,682,69.1,REQUIRE_COLLATERAL,Performing
EQF-2025-00830,21-02-2025,Construction,Tower Crane,10668000,2667000,8001000,36,7.95,626,80.9,REJECT,Performing
EQF-2025-00831,21-02-2025,Manufacturing,CNC Milling Unit,7751000,1162650,6588350,48,7.22,612,81.3,REJECT,Performing
EQF-2025-00832,21-02-2025,Construction,Bulldozer,8613000,2153250,6459750,24,8.63,775,39.9,AUTO_APPROVE,Performing
EQF-2025-00833,22-02-2025,Manufacturing,Industrial Robotic Arm,5595000,1119000,4476000,48,11.06,634,86.5,REJECT,Performing
EQF-2025-00834,22-02-2025,Manufacturing,CNC Milling Unit,6325000,948750,5376250,60,10.7,808,44.4,STRUCTURED_LEASE,30_Days_Past_Due
EQF-2025-00835,22-02-2025,Construction,Bulldozer,10482000,2096400,8385600,36,8.74,659,69.7,REQUIRE_COLLATERAL,Performing
EQF-2025-00836,22-02-2025,Healthcare,Digital X-Ray System,6750000,1687500,5062500,36,11.04,690,73.3,REQUIRE_COLLATERAL,Performing
EQF-2025-00837,22-02-2025,IT & Enterprise Tech,Automated Storage Array,3583000,537450,3045550,36,10.5,850,30.8,AUTO_APPROVE,Performing
EQF-2025-00838,22-02-2025,Healthcare,Surgical Robot,11586000,1158600,10427400,36,11.41,679,81.2,REJECT,60_Days_Past_Due
EQF-2025-00839,22-02-2025,Construction,Hydraulic Excavator,8274000,827400,7446600,24,9.37,647,73.7,REQUIRE_COLLATERAL,Performing
EQF-2025-00840,22-02-2025,Construction,Hydraulic Excavator,4644000,464400,4179600,60,10.31,687,80.5,REJECT,Default
EQF-2025-00841,22-02-2025,Manufacturing,Industrial Robotic Arm,5607000,1121400,4485600,36,14.5,611,94.2,REJECT,Performing
EQF-2025-00842,22-02-2025,Logistics & Fleet,Heavy Duty Hauler,4224000,633600,3590400,48,9.04,691,72.4,REQUIRE_COLLATERAL,Performing
EQF-2025-00843,22-02-2025,Manufacturing,Industrial Robotic Arm,4826000,1206500,3619500,24,9.4,714,52.2,STRUCTURED_LEASE,30_Days_Past_Due
EQF-2025-00844,22-02-2025,IT & Enterprise Tech,Automated Storage Array,4925000,1231250,3693750,48,9.26,774,53.6,STRUCTURED_LEASE,Performing
EQF-2025-00845,22-02-2025,Manufacturing,Injection Molding Press,4019000,803800,3215200,60,9.36,743,64.7,STRUCTURED_LEASE,60_Days_Past_Due
EQF-2025-00846,22-02-2025,Healthcare,Digital X-Ray System,14326000,2865200,11460800,48,10.34,719,72.4,REQUIRE_COLLATERAL,Performing
EQF-2025-00847,22-02-2025,Manufacturing,Injection Molding Press,5237000,1309250,3927750,60,9.59,849,29.3,AUTO_APPROVE,Performing
EQF-2025-00848,22-02-2025,IT & Enterprise Tech,Enterprise Server Rack,3899000,584850,3314150,36,7.45,749,46.1,STRUCTURED_LEASE,Performing
EQF-2025-00849,23-02-2025,Construction,Bulldozer,2767000,553400,2213600,36,9.53,803,33.2,AUTO_APPROVE,Performing
EQF-2025-00850,23-02-2025,Construction,Hydraulic Excavator,3947000,592050,3354950,48,8.71,767,47.6,STRUCTURED_LEASE,Performing
EQF-2025-00851,23-02-2025,Manufacturing,Industrial Robotic Arm,5931000,1482750,4448250,48,7,800,40.3,STRUCTURED_LEASE,Performing
EQF-2025-00852,23-02-2025,Logistics & Fleet,Electric Delivery Van,2796000,419400,2376600,60,11.22,784,60.2,STRUCTURED_LEASE,Performing
EQF-2025-00853,23-02-2025,Manufacturing,Injection Molding Press,5057000,505700,4551300,36,8.7,764,60.1,STRUCTURED_LEASE,Performing
EQF-2025-00854,23-02-2025,IT & Enterprise Tech,Automated Storage Array,1127000,281750,845250,36,10.08,749,61.9,STRUCTURED_LEASE,Performing
EQF-2025-00855,23-02-2025,Manufacturing,CNC Milling Unit,7339000,733900,6605100,36,7,806,33.4,AUTO_APPROVE,Performing
EQF-2025-00856,23-02-2025,Manufacturing,CNC Milling Unit,6992000,1748000,5244000,60,10.25,671,83.5,REJECT,Default
EQF-2025-00857,23-02-2025,Manufacturing,Injection Molding Press,2797000,279700,2517300,60,9.03,662,85.4,REJECT,Default
EQF-2025-00858,23-02-2025,Construction,Bulldozer,7892000,1183800,6708200,48,7.17,606,83.4,REJECT,Default
EQF-2025-00859,23-02-2025,Construction,Tower Crane,9456000,2364000,7092000,48,8.67,744,56.5,STRUCTURED_LEASE,Performing
EQF-2025-00860,23-02-2025,Manufacturing,Industrial Robotic Arm,5986000,1496500,4489500,48,8.47,785,46.2,STRUCTURED_LEASE,Performing
EQF-2025-00861,23-02-2025,Logistics & Fleet,Electric Delivery Van,2380000,238000,2142000,48,10.63,642,86,REJECT,Performing
EQF-2025-00862,23-02-2025,Construction,Bulldozer,8077000,1211550,6865450,36,9.64,662,75.4,REQUIRE_COLLATERAL,Performing
EQF-2025-00863,23-02-2025,Construction,Bulldozer,4289000,1072250,3216750,48,7.22,803,41.3,STRUCTURED_LEASE,60_Days_Past_Due
EQF-2025-00864,23-02-2025,Healthcare,Surgical Robot,7501000,1500200,6000800,36,10.16,755,62.7,STRUCTURED_LEASE,30_Days_Past_Due
EQF-2025-00865,24-02-2025,Healthcare,Digital X-Ray System,6641000,664100,5976900,48,7,752,56.4,STRUCTURED_LEASE,Performing
EQF-2025-00866,24-02-2025,Construction,Bulldozer,7234000,1808500,5425500,24,7.81,736,41.4,STRUCTURED_LEASE,Performing
EQF-2025-00867,24-02-2025,Manufacturing,CNC Milling Unit,2258000,338700,1919300,48,9.52,696,60.2,STRUCTURED_LEASE,Performing
EQF-2025-00868,24-02-2025,Manufacturing,Injection Molding Press,8033000,1204950,6828050,48,8.56,608,88.6,REJECT,Default
EQF-2025-00869,24-02-2025,IT & Enterprise Tech,Automated Storage Array,2534000,380100,2153900,48,11.29,748,61.2,STRUCTURED_LEASE,Performing
EQF-2025-00870,24-02-2025,IT & Enterprise Tech,Automated Storage Array,1939000,290850,1648150,48,9.75,848,27.5,AUTO_APPROVE,Performing
EQF-2025-00871,24-02-2025,Healthcare,Surgical Robot,9462000,946200,8515800,48,10.44,729,54.5,STRUCTURED_LEASE,Performing
EQF-2025-00872,24-02-2025,Healthcare,Surgical Robot,7047000,1761750,5285250,48,10.5,635,83.6,REJECT,Performing
EQF-2025-00873,24-02-2025,Construction,Hydraulic Excavator,7047000,704700,6342300,36,8.84,696,65.4,REQUIRE_COLLATERAL,30_Days_Past_Due
EQF-2025-00874,24-02-2025,Healthcare,MRI Scanner,7834000,783400,7050600,48,7.9,771,50.6,STRUCTURED_LEASE,Performing
EQF-2025-00875,24-02-2025,Manufacturing,Injection Molding Press,2424000,363600,2060400,36,9.43,779,44.1,STRUCTURED_LEASE,Performing
EQF-2025-00876,24-02-2025,Manufacturing,Industrial Robotic Arm,3361000,672200,2688800,48,10.8,811,44,STRUCTURED_LEASE,Performing
EQF-2025-00877,24-02-2025,Logistics & Fleet,Forklift Fleet,2866000,429900,2436100,48,9.15,778,47.9,STRUCTURED_LEASE,Performing
EQF-2025-00878,24-02-2025,Logistics & Fleet,Forklift Fleet,1315000,263000,1052000,48,10.39,580,99,REJECT,60_Days_Past_Due
EQF-2025-00879,24-02-2025,Manufacturing,Injection Molding Press,6894000,689400,6204600,48,9.46,724,55.3,STRUCTURED_LEASE,Performing
EQF-2025-00880,24-02-2025,Manufacturing,Industrial Robotic Arm,5853000,877950,4975050,48,7.17,616,81.8,REJECT,Performing
EQF-2025-00881,25-02-2025,Manufacturing,Industrial Robotic Arm,5710000,856500,4853500,48,7.3,751,57.3,STRUCTURED_LEASE,Performing
EQF-2025-00882,25-02-2025,Logistics & Fleet,Electric Delivery Van,3275000,327500,2947500,36,11.84,757,55.5,STRUCTURED_LEASE,Performing
EQF-2025-00883,25-02-2025,Manufacturing,CNC Milling Unit,5632000,844800,4787200,60,7.75,656,78.5,REQUIRE_COLLATERAL,Performing
EQF-2025-00884,25-02-2025,Manufacturing,Industrial Robotic Arm,8043000,2010750,6032250,48,8.54,690,70.5,REQUIRE_COLLATERAL,Performing
EQF-2025-00885,25-02-2025,Logistics & Fleet,Heavy Duty Hauler,1233000,246600,986400,36,10.88,668,71.5,REQUIRE_COLLATERAL,Performing
EQF-2025-00886,25-02-2025,Manufacturing,CNC Milling Unit,1835000,367000,1468000,48,7.71,763,50,STRUCTURED_LEASE,Performing
EQF-2025-00887,25-02-2025,Logistics & Fleet,Electric Delivery Van,1928000,385600,1542400,48,8.47,704,58.7,STRUCTURED_LEASE,Performing
EQF-2025-00888,25-02-2025,Manufacturing,Industrial Robotic Arm,2671000,400650,2270350,60,9.18,668,80.7,REJECT,60_Days_Past_Due
EQF-2025-00889,25-02-2025,Manufacturing,Industrial Robotic Arm,2768000,692000,2076000,48,8.99,761,54.6,STRUCTURED_LEASE,Performing
EQF-2025-00890,25-02-2025,Manufacturing,CNC Milling Unit,6204000,930600,5273400,24,8.04,749,52.9,STRUCTURED_LEASE,Performing
EQF-2025-00891,25-02-2025,Logistics & Fleet,Forklift Fleet,2946000,589200,2356800,36,9.21,763,54.6,STRUCTURED_LEASE,60_Days_Past_Due
EQF-2025-00892,25-02-2025,IT & Enterprise Tech,Edge AI Compute Cluster,5957000,893550,5063450,48,10.52,609,96.5,REJECT,Performing
EQF-2025-00893,25-02-2025,Logistics & Fleet,Electric Delivery Van,2062000,412400,1649600,48,9.32,672,80.2,REJECT,60_Days_Past_Due
EQF-2025-00894,25-02-2025,Healthcare,Digital X-Ray System,7419000,741900,6677100,48,8.51,754,50.6,STRUCTURED_LEASE,Performing
EQF-2025-00895,25-02-2025,Logistics & Fleet,Heavy Duty Hauler,4940000,988000,3952000,36,10.92,601,92,REJECT,Default
EQF-2025-00896,25-02-2025,Manufacturing,CNC Milling Unit,7322000,732200,6589800,48,12.06,603,98.6,REJECT,60_Days_Past_Due
EQF-2025-00897,26-02-2025,Healthcare,Surgical Robot,9168000,916800,8251200,48,10.93,662,76.7,REQUIRE_COLLATERAL,Performing
EQF-2025-00898,26-02-2025,IT & Enterprise Tech,Edge AI Compute Cluster,3684000,368400,3315600,24,7.82,760,50.4,STRUCTURED_LEASE,Performing
EQF-2025-00899,26-02-2025,Manufacturing,CNC Milling Unit,7402000,1480400,5921600,36,7.85,710,58.3,STRUCTURED_LEASE,Performing
EQF-2025-00900,26-02-2025,Manufacturing,Injection Molding Press,4867000,1216750,3650250,36,10.16,742,60.1,STRUCTURED_LEASE,30_Days_Past_Due
EQF-2025-00901,26-02-2025,Manufacturing,Industrial Robotic Arm,2942000,588400,2353600,36,9.76,646,82.7,REJECT,60_Days_Past_Due
EQF-2025-00902,26-02-2025,Manufacturing,CNC Milling Unit,7299000,1094850,6204150,36,7.66,645,74.9,REQUIRE_COLLATERAL,Performing
EQF-2025-00903,26-02-2025,Manufacturing,Industrial Robotic Arm,5264000,789600,4474400,24,9.93,800,49.1,STRUCTURED_LEASE,Performing
EQF-2025-00904,26-02-2025,Construction,Tower Crane,3801000,950250,2850750,60,9.65,737,76.2,REQUIRE_COLLATERAL,Performing
EQF-2025-00905,26-02-2025,Healthcare,MRI Scanner,9561000,2390250,7170750,36,11.72,640,82.9,REJECT,Performing
EQF-2025-00906,26-02-2025,IT & Enterprise Tech,Enterprise Server Rack,2949000,737250,2211750,36,8.85,581,94.2,REJECT,Default
EQF-2025-00907,26-02-2025,Logistics & Fleet,Heavy Duty Hauler,4532000,453200,4078800,36,11.58,618,99,REJECT,Default
EQF-2025-00908,26-02-2025,Healthcare,Digital X-Ray System,5387000,1346750,4040250,36,11.65,641,79.3,REQUIRE_COLLATERAL,Performing
EQF-2025-00909,26-02-2025,Healthcare,Digital X-Ray System,13627000,3406750,10220250,48,8.49,627,68.2,REQUIRE_COLLATERAL,Performing
EQF-2025-00910,26-02-2025,Healthcare,Surgical Robot,9634000,2408500,7225500,36,10.03,707,69.1,REQUIRE_COLLATERAL,Performing
EQF-2025-00911,26-02-2025,Construction,Tower Crane,5937000,1187400,4749600,48,9.18,753,54,STRUCTURED_LEASE,Performing
EQF-2025-00912,26-02-2025,Healthcare,MRI Scanner,5782000,867300,4914700,48,9.12,704,60.6,STRUCTURED_LEASE,Performing
EQF-2025-00913,27-02-2025,Construction,Tower Crane,8457000,1268550,7188450,36,9.87,680,66.4,REQUIRE_COLLATERAL,Performing
EQF-2025-00914,27-02-2025,Healthcare,Surgical Robot,14195000,3548750,10646250,48,8.32,732,50.9,STRUCTURED_LEASE,Performing
EQF-2025-00915,27-02-2025,Construction,Bulldozer,5691000,853650,4837350,48,7.11,688,74.2,REQUIRE_COLLATERAL,Performing
EQF-2025-00916,27-02-2025,Healthcare,MRI Scanner,6657000,1331400,5325600,36,8.7,598,92.6,REJECT,Performing
EQF-2025-00917,27-02-2025,Healthcare,MRI Scanner,10104000,1515600,8588400,48,11.27,723,66,REQUIRE_COLLATERAL,30_Days_Past_Due
EQF-2025-00918,27-02-2025,IT & Enterprise Tech,Automated Storage Array,4940000,494000,4446000,48,9.2,735,59.2,STRUCTURED_LEASE,30_Days_Past_Due
EQF-2025-00919,27-02-2025,Logistics & Fleet,Forklift Fleet,1214000,242800,971200,48,9.47,788,49.9,STRUCTURED_LEASE,Performing
EQF-2025-00920,27-02-2025,Manufacturing,Injection Molding Press,5920000,888000,5032000,36,10.69,769,60.5,STRUCTURED_LEASE,Performing
EQF-2025-00921,27-02-2025,IT & Enterprise Tech,Enterprise Server Rack,3902000,585300,3316700,60,7.1,673,67.3,REQUIRE_COLLATERAL,30_Days_Past_Due
EQF-2025-00922,27-02-2025,Construction,Bulldozer,5204000,1040800,4163200,36,10.16,695,66.4,REQUIRE_COLLATERAL,30_Days_Past_Due
EQF-2025-00923,27-02-2025,IT & Enterprise Tech,Automated Storage Array,3147000,472050,2674950,36,12,712,73.8,REQUIRE_COLLATERAL,Performing
EQF-2025-00924,27-02-2025,Logistics & Fleet,Heavy Duty Hauler,2138000,320700,1817300,36,9.64,723,58.3,STRUCTURED_LEASE,Performing
EQF-2025-00925,27-02-2025,Healthcare,Digital X-Ray System,12689000,3172250,9516750,48,7,807,35.1,AUTO_APPROVE,Performing
EQF-2025-00926,27-02-2025,Manufacturing,Industrial Robotic Arm,5942000,594200,5347800,48,9.39,705,67.8,REQUIRE_COLLATERAL,30_Days_Past_Due
EQF-2025-00927,27-02-2025,Healthcare,Surgical Robot,9860000,1972000,7888000,36,10.42,676,63.1,STRUCTURED_LEASE,Performing
EQF-2025-00928,27-02-2025,Construction,Tower Crane,5836000,1459000,4377000,36,9.67,790,47.1,STRUCTURED_LEASE,Performing
EQF-2025-00929,28-02-2025,Construction,Tower Crane,4977000,746550,4230450,48,9.91,789,48.4,STRUCTURED_LEASE,30_Days_Past_Due
EQF-2025-00930,28-02-2025,Healthcare,Digital X-Ray System,13050000,2610000,10440000,60,10.09,768,61.4,STRUCTURED_LEASE,Performing
EQF-2025-00931,28-02-2025,Manufacturing,Industrial Robotic Arm,4660000,932000,3728000,36,8.1,605,79,REQUIRE_COLLATERAL,Performing
EQF-2025-00932,28-02-2025,Logistics & Fleet,Forklift Fleet,3106000,310600,2795400,48,8.29,715,64.6,STRUCTURED_LEASE,Performing
EQF-2025-00933,28-02-2025,IT & Enterprise Tech,Edge AI Compute Cluster,3508000,350800,3157200,36,8.95,694,65.9,REQUIRE_COLLATERAL,Performing
EQF-2025-00934,28-02-2025,Construction,Tower Crane,6311000,1262200,5048800,48,10.09,738,55.3,STRUCTURED_LEASE,Performing
EQF-2025-00935,28-02-2025,Manufacturing,CNC Milling Unit,3293000,329300,2963700,48,7.72,653,70,REQUIRE_COLLATERAL,30_Days_Past_Due
EQF-2025-00936,28-02-2025,Healthcare,Surgical Robot,5324000,532400,4791600,36,12.58,763,63.8,STRUCTURED_LEASE,Performing
EQF-2025-00937,28-02-2025,Manufacturing,CNC Milling Unit,2190000,328500,1861500,48,7,733,60.3,STRUCTURED_LEASE,Performing
EQF-2025-00938,28-02-2025,IT & Enterprise Tech,Enterprise Server Rack,4739000,473900,4265100,60,7,766,43.2,STRUCTURED_LEASE,Performing
EQF-2025-00939,28-02-2025,Manufacturing,Injection Molding Press,3065000,306500,2758500,36,10.33,661,72.9,REQUIRE_COLLATERAL,Performing
EQF-2025-00940,28-02-2025,Construction,Tower Crane,2973000,743250,2229750,36,10.2,727,61.9,STRUCTURED_LEASE,Performing
EQF-2025-00941,28-02-2025,Healthcare,MRI Scanner,12773000,1915950,10857050,36,9.39,761,53.7,STRUCTURED_LEASE,Performing
EQF-2025-00942,28-02-2025,Construction,Bulldozer,3810000,571500,3238500,36,10.51,550,99,REJECT,Performing
EQF-2025-00943,28-02-2025,Logistics & Fleet,Electric Delivery Van,3576000,715200,2860800,48,10.35,753,60.4,STRUCTURED_LEASE,30_Days_Past_Due
EQF-2025-00944,28-02-2025,Logistics & Fleet,Forklift Fleet,2487000,248700,2238300,36,9.5,686,66,REQUIRE_COLLATERAL,Performing
EQF-2025-00945,01-03-2025,Manufacturing,CNC Milling Unit,2385000,596250,1788750,48,9.9,708,68.3,REQUIRE_COLLATERAL,Performing
EQF-2025-00946,01-03-2025,Manufacturing,Industrial Robotic Arm,4401000,1100250,3300750,36,7,791,34.3,AUTO_APPROVE,Performing
EQF-2025-00947,01-03-2025,Manufacturing,Industrial Robotic Arm,1604000,240600,1363400,60,9.3,780,52,STRUCTURED_LEASE,Performing
EQF-2025-00948,01-03-2025,IT & Enterprise Tech,Automated Storage Array,5173000,517300,4655700,36,9.43,672,60.3,STRUCTURED_LEASE,Performing
EQF-2025-00949,01-03-2025,IT & Enterprise Tech,Edge AI Compute Cluster,3470000,867500,2602500,24,12.37,600,84.1,REJECT,Performing
EQF-2025-00950,01-03-2025,Construction,Hydraulic Excavator,3683000,736600,2946400,24,8.26,705,52.9,STRUCTURED_LEASE,Performing
EQF-2025-00951,01-03-2025,Construction,Hydraulic Excavator,4514000,451400,4062600,48,9.45,779,46.7,STRUCTURED_LEASE,Performing
EQF-2025-00952,01-03-2025,Logistics & Fleet,Heavy Duty Hauler,2902000,290200,2611800,36,11.64,795,52.2,STRUCTURED_LEASE,30_Days_Past_Due
EQF-2025-00953,01-03-2025,Manufacturing,Injection Molding Press,2822000,282200,2539800,24,10.34,573,83,REJECT,Default
EQF-2025-00954,01-03-2025,IT & Enterprise Tech,Edge AI Compute Cluster,2197000,549250,1647750,60,9.54,748,58.2,STRUCTURED_LEASE,Performing
EQF-2025-00955,01-03-2025,Healthcare,Digital X-Ray System,9878000,1481700,8396300,60,10.94,740,69.5,REQUIRE_COLLATERAL,Performing
EQF-2025-00956,01-03-2025,Healthcare,Digital X-Ray System,13159000,1973850,11185150,48,8.31,760,45.9,STRUCTURED_LEASE,Performing
EQF-2025-00957,01-03-2025,Construction,Hydraulic Excavator,5916000,1183200,4732800,36,12.09,710,74.5,REQUIRE_COLLATERAL,Performing
EQF-2025-00958,01-03-2025,Manufacturing,Industrial Robotic Arm,6519000,1629750,4889250,36,10.46,594,91,REJECT,Default
EQF-2025-00959,01-03-2025,Manufacturing,CNC Milling Unit,7637000,763700,6873300,48,7.06,680,70.8,REQUIRE_COLLATERAL,Performing
EQF-2025-00960,01-03-2025,Logistics & Fleet,Electric Delivery Van,2022000,404400,1617600,36,8.59,650,69,REQUIRE_COLLATERAL,60_Days_Past_Due
EQF-2025-00961,02-03-2025,Manufacturing,CNC Milling Unit,7150000,1430000,5720000,36,7,642,68.2,REQUIRE_COLLATERAL,30_Days_Past_Due
EQF-2025-00962,02-03-2025,Construction,Tower Crane,8938000,1340700,7597300,36,10.69,760,53.4,STRUCTURED_LEASE,Performing
EQF-2025-00963,02-03-2025,Manufacturing,Injection Molding Press,3999000,399900,3599100,60,10.35,698,78.3,REQUIRE_COLLATERAL,Performing
EQF-2025-00964,02-03-2025,Healthcare,Surgical Robot,14885000,1488500,13396500,36,8.81,735,59.4,STRUCTURED_LEASE,Performing
EQF-2025-00965,02-03-2025,Healthcare,MRI Scanner,6888000,1722000,5166000,48,11.3,778,57.1,STRUCTURED_LEASE,Performing
EQF-2025-00966,02-03-2025,Healthcare,MRI Scanner,6803000,1700750,5102250,36,9.37,597,86,REJECT,Performing
EQF-2025-00967,02-03-2025,Logistics & Fleet,Electric Delivery Van,4135000,1033750,3101250,48,13.44,814,48,STRUCTURED_LEASE,Performing
EQF-2025-00968,02-03-2025,Healthcare,Digital X-Ray System,8781000,1756200,7024800,48,7.7,826,41.9,STRUCTURED_LEASE,30_Days_Past_Due
EQF-2025-00969,02-03-2025,Construction,Bulldozer,5312000,531200,4780800,36,10.46,594,88.4,REJECT,Performing
EQF-2025-00970,02-03-2025,Construction,Tower Crane,4019000,602850,3416150,36,8.9,755,43.6,STRUCTURED_LEASE,Performing
EQF-2025-00971,02-03-2025,Logistics & Fleet,Heavy Duty Hauler,4108000,821600,3286400,48,8.48,839,30.7,AUTO_APPROVE,Performing
EQF-2025-00972,02-03-2025,IT & Enterprise Tech,Enterprise Server Rack,4889000,977800,3911200,36,9.24,619,78.4,REQUIRE_COLLATERAL,Performing
EQF-2025-00973,02-03-2025,Logistics & Fleet,Heavy Duty Hauler,3353000,502950,2850050,48,10.05,633,82.5,REJECT,Default
EQF-2025-00974,02-03-2025,Manufacturing,CNC Milling Unit,8201000,1230150,6970850,48,9.59,762,54.5,STRUCTURED_LEASE,Performing
EQF-2025-00975,02-03-2025,Manufacturing,CNC Milling Unit,3727000,931750,2795250,48,10.52,739,55.1,STRUCTURED_LEASE,Performing
EQF-2025-00976,02-03-2025,Healthcare,Surgical Robot,6416000,962400,5453600,36,10.41,724,59,STRUCTURED_LEASE,Performing
EQF-2025-00977,03-03-2025,Construction,Bulldozer,8258000,1238700,7019300,36,11.68,693,69.2,REQUIRE_COLLATERAL,Performing
EQF-2025-00978,03-03-2025,Manufacturing,CNC Milling Unit,6809000,1021350,5787650,48,7.7,720,58.9,STRUCTURED_LEASE,Performing
EQF-2025-00979,03-03-2025,Construction,Tower Crane,4412000,661800,3750200,24,7.16,550,85.1,REJECT,Performing
EQF-2025-00980,03-03-2025,Construction,Hydraulic Excavator,3151000,787750,2363250,60,9.4,632,99,REJECT,60_Days_Past_Due
EQF-2025-00981,03-03-2025,Healthcare,Surgical Robot,12916000,2583200,10332800,60,8.31,702,67.1,REQUIRE_COLLATERAL,Performing
EQF-2025-00982,03-03-2025,Logistics & Fleet,Heavy Duty Hauler,4911000,491100,4419900,24,10.81,572,89.2,REJECT,Performing
EQF-2025-00983,03-03-2025,Manufacturing,Injection Molding Press,6013000,601300,5411700,24,7.9,700,52.1,STRUCTURED_LEASE,Performing
EQF-2025-00984,03-03-2025,Manufacturing,Injection Molding Press,3445000,689000,2756000,36,8.68,708,64.9,STRUCTURED_LEASE,Performing
EQF-2025-00985,03-03-2025,Logistics & Fleet,Heavy Duty Hauler,4987000,498700,4488300,60,9,662,69.9,REQUIRE_COLLATERAL,30_Days_Past_Due
EQF-2025-00986,03-03-2025,Construction,Hydraulic Excavator,10093000,1009300,9083700,36,12.15,665,69.3,REQUIRE_COLLATERAL,Performing
EQF-2025-00987,03-03-2025,Logistics & Fleet,Electric Delivery Van,3151000,630200,2520800,36,12.66,642,84.2,REJECT,Performing
EQF-2025-00988,03-03-2025,Healthcare,Surgical Robot,13079000,1307900,11771100,48,7.79,678,71.7,REQUIRE_COLLATERAL,Performing
EQF-2025-00989,03-03-2025,Manufacturing,Industrial Robotic Arm,7211000,721100,6489900,36,7,733,51.5,STRUCTURED_LEASE,Performing
EQF-2025-00990,03-03-2025,Logistics & Fleet,Heavy Duty Hauler,4752000,950400,3801600,36,8.64,737,64.8,STRUCTURED_LEASE,Performing
EQF-2025-00991,03-03-2025,Logistics & Fleet,Forklift Fleet,4396000,439600,3956400,36,9.44,776,45.2,STRUCTURED_LEASE,Performing
EQF-2025-00992,03-03-2025,Logistics & Fleet,Electric Delivery Van,3646000,546900,3099100,48,9.44,699,66.9,REQUIRE_COLLATERAL,Performing
EQF-2025-00993,04-03-2025,Healthcare,Digital X-Ray System,10702000,2140400,8561600,36,9.37,739,55.6,STRUCTURED_LEASE,Performing
EQF-2025-00994,04-03-2025,Construction,Tower Crane,6473000,1618250,4854750,48,10.72,615,89.9,REJECT,Performing
EQF-2025-00995,04-03-2025,Healthcare,MRI Scanner,10891000,1089100,9801900,60,8.9,723,64.9,STRUCTURED_LEASE,30_Days_Past_Due
EQF-2025-00996,04-03-2025,Manufacturing,CNC Milling Unit,7067000,1766750,5300250,48,9.82,695,69.2,REQUIRE_COLLATERAL,30_Days_Past_Due
EQF-2025-00997,04-03-2025,IT & Enterprise Tech,Enterprise Server Rack,5839000,583900,5255100,48,10.47,742,54.7,STRUCTURED_LEASE,Performing
EQF-2025-00998,04-03-2025,Manufacturing,Injection Molding Press,4771000,715650,4055350,24,9.83,691,67.2,REQUIRE_COLLATERAL,Performing
EQF-2025-00999,04-03-2025,IT & Enterprise Tech,Enterprise Server Rack,3783000,756600,3026400,36,10.51,685,75.1,REQUIRE_COLLATERAL,Performing
EQF-2025-01000,04-03-2025,Healthcare,Surgical Robot,8893000,2223250,6669750,24,7,656,62.9,STRUCTURED_LEASE,Performing
EQF-2025-01001,04-03-2025,Manufacturing,Industrial Robotic Arm,6179000,1235800,4943200,48,9.67,775,52,STRUCTURED_LEASE,30_Days_Past_Due
EQF-2025-01002,04-03-2025,Construction,Tower Crane,7854000,1963500,5890500,36,9.84,670,79.8,REQUIRE_COLLATERAL,Performing
EQF-2025-01003,04-03-2025,IT & Enterprise Tech,Enterprise Server Rack,893000,89300,803700,36,9.25,831,31.6,AUTO_APPROVE,Performing
EQF-2025-01004,04-03-2025,Logistics & Fleet,Electric Delivery Van,3256000,488400,2767600,24,8.6,624,76.9,REQUIRE_COLLATERAL,Performing
EQF-2025-01005,04-03-2025,Logistics & Fleet,Heavy Duty Hauler,1536000,384000,1152000,36,10.19,786,47.8,STRUCTURED_LEASE,30_Days_Past_Due
EQF-2025-01006,04-03-2025,Logistics & Fleet,Forklift Fleet,1300000,325000,975000,48,9.68,568,99,REJECT,Performing
EQF-2025-01007,04-03-2025,Logistics & Fleet,Electric Delivery Van,4207000,631050,3575950,48,9.42,698,77.9,REQUIRE_COLLATERAL,60_Days_Past_Due
EQF-2025-01008,04-03-2025,Logistics & Fleet,Heavy Duty Hauler,2183000,327450,1855550,24,9.01,671,70.4,REQUIRE_COLLATERAL,Performing
EQF-2025-01009,05-03-2025,Manufacturing,Industrial Robotic Arm,3885000,582750,3302250,48,9.07,738,76.7,REQUIRE_COLLATERAL,Performing
EQF-2025-01010,05-03-2025,Construction,Tower Crane,3045000,456750,2588250,36,8.35,763,48.5,STRUCTURED_LEASE,Performing
EQF-2025-01011,05-03-2025,Manufacturing,CNC Milling Unit,2757000,413550,2343450,48,8.79,835,14.7,AUTO_APPROVE,Performing
EQF-2025-01012,05-03-2025,IT & Enterprise Tech,Edge AI Compute Cluster,4781000,956200,3824800,48,8.09,675,68.1,REQUIRE_COLLATERAL,Performing
EQF-2025-01013,05-03-2025,IT & Enterprise Tech,Edge AI Compute Cluster,3366000,336600,3029400,36,8.92,662,69.5,REQUIRE_COLLATERAL,Performing
EQF-2025-01014,05-03-2025,Manufacturing,Industrial Robotic Arm,7665000,766500,6898500,36,10.05,767,58.9,STRUCTURED_LEASE,Performing
EQF-2025-01015,05-03-2025,Logistics & Fleet,Electric Delivery Van,2710000,677500,2032500,48,10.73,701,69.9,REQUIRE_COLLATERAL,Performing
EQF-2025-01016,05-03-2025,IT & Enterprise Tech,Automated Storage Array,2197000,329550,1867450,60,9.42,668,85.4,REJECT,Default
EQF-2025-01017,05-03-2025,Manufacturing,Industrial Robotic Arm,3933000,786600,3146400,48,9.38,681,76.2,REQUIRE_COLLATERAL,Performing
EQF-2025-01018,05-03-2025,Construction,Tower Crane,8559000,1711800,6847200,48,9.72,663,78.4,REQUIRE_COLLATERAL,Performing
EQF-2025-01019,05-03-2025,IT & Enterprise Tech,Enterprise Server Rack,3686000,921500,2764500,48,10.98,601,95.4,REJECT,Performing
EQF-2025-01020,05-03-2025,Manufacturing,Injection Molding Press,7829000,1174350,6654650,48,9.16,811,44.6,STRUCTURED_LEASE,Performing
EQF-2025-01021,05-03-2025,Logistics & Fleet,Heavy Duty Hauler,3488000,348800,3139200,48,10.19,741,66.5,REQUIRE_COLLATERAL,60_Days_Past_Due
EQF-2025-01022,05-03-2025,Healthcare,MRI Scanner,9423000,1413450,8009550,36,10.06,605,85.6,REJECT,Performing
EQF-2025-01023,05-03-2025,IT & Enterprise Tech,Enterprise Server Rack,4886000,977200,3908800,48,8.56,807,40.8,STRUCTURED_LEASE,Performing
EQF-2025-01024,05-03-2025,IT & Enterprise Tech,Automated Storage Array,5727000,859050,4867950,48,10.56,721,68.1,REQUIRE_COLLATERAL,Performing
EQF-2025-01025,06-03-2025,IT & Enterprise Tech,Enterprise Server Rack,2650000,265000,2385000,48,7,696,64.7,STRUCTURED_LEASE,Performing
EQF-2025-01026,06-03-2025,Construction,Hydraulic Excavator,4624000,462400,4161600,36,11.09,744,57.5,STRUCTURED_LEASE,Performing
EQF-2025-01027,06-03-2025,IT & Enterprise Tech,Enterprise Server Rack,4004000,1001000,3003000,24,7.71,681,72.3,REQUIRE_COLLATERAL,Performing
EQF-2025-01028,06-03-2025,Logistics & Fleet,Electric Delivery Van,3096000,619200,2476800,48,9.29,624,88.1,REJECT,Performing
EQF-2025-01029,06-03-2025,Healthcare,MRI Scanner,14881000,2232150,12648850,48,10.74,674,74,REQUIRE_COLLATERAL,30_Days_Past_Due
EQF-2025-01030,06-03-2025,Logistics & Fleet,Forklift Fleet,2957000,443550,2513450,60,8.86,705,72.4,REQUIRE_COLLATERAL,Performing
EQF-2025-01031,06-03-2025,Manufacturing,Injection Molding Press,2020000,505000,1515000,36,9.85,651,71.5,REQUIRE_COLLATERAL,60_Days_Past_Due
EQF-2025-01032,06-03-2025,Construction,Tower Crane,10808000,2702000,8106000,24,10.77,743,48.7,STRUCTURED_LEASE,Performing
EQF-2025-01033,06-03-2025,Manufacturing,Injection Molding Press,7405000,1851250,5553750,24,12.27,793,50.7,STRUCTURED_LEASE,Performing
EQF-2025-01034,06-03-2025,Manufacturing,Injection Molding Press,2748000,549600,2198400,48,9.48,686,67,REQUIRE_COLLATERAL,Performing
EQF-2025-01035,06-03-2025,Manufacturing,Industrial Robotic Arm,7832000,1174800,6657200,24,9.77,561,92.5,REJECT,Performing
EQF-2025-01036,06-03-2025,Logistics & Fleet,Heavy Duty Hauler,2495000,623750,1871250,60,9.56,699,67.1,REQUIRE_COLLATERAL,Performing
EQF-2025-01037,06-03-2025,Healthcare,Digital X-Ray System,8148000,1629600,6518400,36,9.17,654,72.6,REQUIRE_COLLATERAL,Performing
EQF-2025-01038,06-03-2025,Logistics & Fleet,Heavy Duty Hauler,4644000,696600,3947400,60,7.48,696,66.2,REQUIRE_COLLATERAL,Performing
EQF-2025-01039,06-03-2025,Manufacturing,CNC Milling Unit,5211000,521100,4689900,48,7.82,695,65.2,REQUIRE_COLLATERAL,Performing
EQF-2025-01040,06-03-2025,Healthcare,Surgical Robot,5515000,1378750,4136250,60,9.48,654,93.5,REJECT,Performing
EQF-2025-01041,07-03-2025,Construction,Tower Crane,5637000,1127400,4509600,36,10.01,621,89.6,REJECT,Default
EQF-2025-01042,07-03-2025,Logistics & Fleet,Forklift Fleet,3944000,591600,3352400,48,11.39,710,69.7,REQUIRE_COLLATERAL,60_Days_Past_Due
EQF-2025-01043,07-03-2025,Healthcare,Surgical Robot,5916000,887400,5028600,24,9.19,660,68.2,REQUIRE_COLLATERAL,Performing
EQF-2025-01044,07-03-2025,Construction,Hydraulic Excavator,7517000,1879250,5637750,36,11.79,823,39.2,AUTO_APPROVE,Performing
EQF-2025-01045,07-03-2025,IT & Enterprise Tech,Automated Storage Array,4415000,1103750,3311250,36,7.69,726,49.8,STRUCTURED_LEASE,Performing
EQF-2025-01046,07-03-2025,Construction,Tower Crane,5423000,813450,4609550,48,9.82,662,76.6,REQUIRE_COLLATERAL,Performing
EQF-2025-01047,07-03-2025,Manufacturing,Injection Molding Press,6357000,1271400,5085600,24,9.1,679,71.5,REQUIRE_COLLATERAL,Performing
EQF-2025-01048,07-03-2025,Manufacturing,Injection Molding Press,7689000,768900,6920100,60,7.53,700,51.8,STRUCTURED_LEASE,Performing
EQF-2025-01049,07-03-2025,IT & Enterprise Tech,Enterprise Server Rack,3255000,488250,2766750,24,7,716,57.2,STRUCTURED_LEASE,Performing
EQF-2025-01050,07-03-2025,Manufacturing,Industrial Robotic Arm,4180000,836000,3344000,36,8.85,750,58,STRUCTURED_LEASE,Performing
EQF-2025-01051,07-03-2025,IT & Enterprise Tech,Automated Storage Array,2106000,526500,1579500,24,8.96,784,30.8,AUTO_APPROVE,Performing
EQF-2025-01052,07-03-2025,Construction,Hydraulic Excavator,7636000,1145400,6490600,48,8.17,705,64.5,STRUCTURED_LEASE,Performing
EQF-2025-01053,07-03-2025,IT & Enterprise Tech,Automated Storage Array,5375000,1343750,4031250,24,10.64,739,52.8,STRUCTURED_LEASE,60_Days_Past_Due
EQF-2025-01054,07-03-2025,Logistics & Fleet,Electric Delivery Van,2434000,243400,2190600,60,8.89,737,61.6,STRUCTURED_LEASE,Performing
EQF-2025-01055,07-03-2025,IT & Enterprise Tech,Automated Storage Array,2860000,715000,2145000,48,8.02,716,62.6,STRUCTURED_LEASE,Performing
EQF-2025-01056,07-03-2025,Healthcare,Surgical Robot,8473000,847300,7625700,60,9.15,696,73.6,REQUIRE_COLLATERAL,Performing
EQF-2025-01057,08-03-2025,Logistics & Fleet,Heavy Duty Hauler,3331000,832750,2498250,36,8.55,719,51.6,STRUCTURED_LEASE,Performing
EQF-2025-01058,08-03-2025,Healthcare,Surgical Robot,6512000,1628000,4884000,36,11.97,667,85.5,REJECT,60_Days_Past_Due
EQF-2025-01059,08-03-2025,Construction,Hydraulic Excavator,9489000,948900,8540100,48,9.03,636,79,REQUIRE_COLLATERAL,Performing
EQF-2025-01060,08-03-2025,Construction,Tower Crane,5013000,1253250,3759750,48,8.12,803,55.8,STRUCTURED_LEASE,30_Days_Past_Due
EQF-2025-01061,08-03-2025,IT & Enterprise Tech,Automated Storage Array,4468000,893600,3574400,36,11.97,724,60.1,STRUCTURED_LEASE,Performing
EQF-2025-01062,08-03-2025,IT & Enterprise Tech,Edge AI Compute Cluster,3469000,867250,2601750,60,10.59,727,63.1,STRUCTURED_LEASE,Performing
EQF-2025-01063,08-03-2025,Logistics & Fleet,Electric Delivery Van,3426000,513900,2912100,24,9.66,695,64.2,STRUCTURED_LEASE,Performing
EQF-2025-01064,08-03-2025,Healthcare,Surgical Robot,5976000,1494000,4482000,48,8.31,742,60.9,STRUCTURED_LEASE,60_Days_Past_Due
EQF-2025-01065,08-03-2025,Healthcare,MRI Scanner,12085000,2417000,9668000,36,10.65,698,74,REQUIRE_COLLATERAL,Performing
EQF-2025-01066,08-03-2025,Logistics & Fleet,Electric Delivery Van,1917000,287550,1629450,24,7.3,611,70.9,REQUIRE_COLLATERAL,Default
EQF-2025-01067,08-03-2025,Manufacturing,Industrial Robotic Arm,2294000,458800,1835200,36,10.54,675,70.8,REQUIRE_COLLATERAL,60_Days_Past_Due
EQF-2025-01068,08-03-2025,Manufacturing,Injection Molding Press,5327000,799050,4527950,60,9.88,748,71.5,REQUIRE_COLLATERAL,Performing
EQF-2025-01069,08-03-2025,Healthcare,Surgical Robot,11802000,2950500,8851500,60,10.99,671,79.7,REQUIRE_COLLATERAL,30_Days_Past_Due
EQF-2025-01070,08-03-2025,Healthcare,Surgical Robot,4550000,910000,3640000,36,7,590,87.9,REJECT,Performing
EQF-2025-01071,08-03-2025,Healthcare,Surgical Robot,4763000,1190750,3572250,60,8.12,690,61.6,STRUCTURED_LEASE,Performing
EQF-2025-01072,08-03-2025,Manufacturing,Injection Molding Press,7119000,1067850,6051150,48,8,597,79.6,REQUIRE_COLLATERAL,Performing
EQF-2025-01073,09-03-2025,Manufacturing,Injection Molding Press,7163000,1432600,5730400,48,7.82,689,71.9,REQUIRE_COLLATERAL,60_Days_Past_Due
EQF-2025-01074,09-03-2025,Manufacturing,CNC Milling Unit,3217000,321700,2895300,24,10.14,787,42.6,STRUCTURED_LEASE,Performing
EQF-2025-01075,09-03-2025,IT & Enterprise Tech,Edge AI Compute Cluster,3999000,799800,3199200,48,9.06,627,87.2,REJECT,Performing
EQF-2025-01076,09-03-2025,Healthcare,MRI Scanner,8875000,2218750,6656250,24,8.19,752,43.6,STRUCTURED_LEASE,Performing
EQF-2025-01077,09-03-2025,Healthcare,MRI Scanner,10960000,1096000,9864000,36,7.85,821,26.2,AUTO_APPROVE,Performing
EQF-2025-01078,09-03-2025,Logistics & Fleet,Forklift Fleet,4479000,447900,4031100,48,8.06,792,45.4,STRUCTURED_LEASE,Performing
EQF-2025-01079,09-03-2025,Manufacturing,Industrial Robotic Arm,2059000,308850,1750150,48,10.8,695,65.3,REQUIRE_COLLATERAL,60_Days_Past_Due
EQF-2025-01080,09-03-2025,IT & Enterprise Tech,Enterprise Server Rack,4846000,484600,4361400,48,9.4,650,79.7,REQUIRE_COLLATERAL,Performing
EQF-2025-01081,09-03-2025,Logistics & Fleet,Forklift Fleet,3074000,307400,2766600,60,10.75,721,65.2,REQUIRE_COLLATERAL,Performing
EQF-2025-01082,09-03-2025,Manufacturing,Injection Molding Press,5449000,817350,4631650,48,13.5,722,75.5,REQUIRE_COLLATERAL,Performing
EQF-2025-01083,09-03-2025,Healthcare,Digital X-Ray System,11193000,2238600,8954400,36,9.47,769,48.1,STRUCTURED_LEASE,Performing
EQF-2025-01084,09-03-2025,IT & Enterprise Tech,Enterprise Server Rack,5598000,1399500,4198500,36,7.37,713,55.6,STRUCTURED_LEASE,Performing
EQF-2025-01085,09-03-2025,IT & Enterprise Tech,Enterprise Server Rack,1095000,219000,876000,48,9.29,736,61.6,STRUCTURED_LEASE,Performing
EQF-2025-01086,09-03-2025,Construction,Hydraulic Excavator,2751000,275100,2475900,60,12.32,650,93.7,REJECT,Default
EQF-2025-01087,09-03-2025,Construction,Bulldozer,4015000,1003750,3011250,60,11.13,758,63.6,STRUCTURED_LEASE,Performing
EQF-2025-01088,09-03-2025,Manufacturing,Industrial Robotic Arm,8405000,1681000,6724000,48,8.53,627,91.1,REJECT,60_Days_Past_Due
EQF-2025-01089,10-03-2025,IT & Enterprise Tech,Edge AI Compute Cluster,4518000,1129500,3388500,48,9.04,669,82.8,REJECT,Default
EQF-2025-01090,10-03-2025,Manufacturing,CNC Milling Unit,5802000,580200,5221800,48,10.66,749,56.6,STRUCTURED_LEASE,Performing
EQF-2025-01091,10-03-2025,IT & Enterprise Tech,Automated Storage Array,1045000,209000,836000,36,10.22,793,40.2,STRUCTURED_LEASE,Performing
EQF-2025-01092,10-03-2025,Construction,Hydraulic Excavator,9972000,2493000,7479000,36,10.68,754,49.3,STRUCTURED_LEASE,Performing
EQF-2025-01093,10-03-2025,Construction,Tower Crane,9408000,2352000,7056000,48,9.14,707,75,REQUIRE_COLLATERAL,Performing
EQF-2025-01094,10-03-2025,Construction,Bulldozer,8151000,1630200,6520800,60,10.08,708,65.3,REQUIRE_COLLATERAL,Performing
EQF-2025-01095,10-03-2025,Manufacturing,CNC Milling Unit,3874000,774800,3099200,60,9.04,650,79.9,REQUIRE_COLLATERAL,Performing
EQF-2025-01096,10-03-2025,Manufacturing,CNC Milling Unit,1994000,199400,1794600,36,11.59,685,72.7,REQUIRE_COLLATERAL,Performing
EQF-2025-01097,10-03-2025,Manufacturing,Injection Molding Press,5560000,834000,4726000,48,7.21,585,97.4,REJECT,Performing
EQF-2025-01098,10-03-2025,Manufacturing,Industrial Robotic Arm,6538000,1634500,4903500,60,7.22,817,34.6,AUTO_APPROVE,Performing
EQF-2025-01099,10-03-2025,Logistics & Fleet,Forklift Fleet,1558000,311600,1246400,48,8.43,850,38.4,AUTO_APPROVE,Performing
EQF-2025-01100,10-03-2025,Healthcare,MRI Scanner,10971000,2194200,8776800,36,8.48,583,88.3,REJECT,Performing
EQF-2025-01101,10-03-2025,Manufacturing,CNC Milling Unit,3505000,701000,2804000,48,7.21,616,81.1,REJECT,Performing
EQF-2025-01102,10-03-2025,IT & Enterprise Tech,Enterprise Server Rack,4774000,1193500,3580500,48,7,798,41.1,STRUCTURED_LEASE,Performing
EQF-2025-01103,10-03-2025,IT & Enterprise Tech,Enterprise Server Rack,3606000,360600,3245400,48,11.1,658,77.5,REQUIRE_COLLATERAL,Performing
EQF-2025-01104,10-03-2025,IT & Enterprise Tech,Edge AI Compute Cluster,1471000,220650,1250350,48,9.25,800,43.7,STRUCTURED_LEASE,30_Days_Past_Due
EQF-2025-01105,11-03-2025,IT & Enterprise Tech,Edge AI Compute Cluster,3538000,884500,2653500,48,9.14,759,50.9,STRUCTURED_LEASE,Performing
EQF-2025-01106,11-03-2025,Manufacturing,CNC Milling Unit,4270000,427000,3843000,36,9.58,689,60.7,STRUCTURED_LEASE,Performing
EQF-2025-01107,11-03-2025,Healthcare,Digital X-Ray System,5984000,1496000,4488000,36,11.9,771,48.5,STRUCTURED_LEASE,30_Days_Past_Due
EQF-2025-01108,11-03-2025,Logistics & Fleet,Electric Delivery Van,4398000,1099500,3298500,48,9.67,707,73,REQUIRE_COLLATERAL,Performing
EQF-2025-01109,11-03-2025,Logistics & Fleet,Electric Delivery Van,1242000,248400,993600,36,9.33,706,61.3,STRUCTURED_LEASE,Performing
EQF-2025-01110,11-03-2025,Manufacturing,CNC Milling Unit,3685000,368500,3316500,60,8.54,744,63.5,STRUCTURED_LEASE,Performing
EQF-2025-01111,11-03-2025,Logistics & Fleet,Forklift Fleet,1248000,249600,998400,36,10.4,761,52.4,STRUCTURED_LEASE,Performing
EQF-2025-01112,11-03-2025,Manufacturing,Injection Molding Press,2172000,434400,1737600,36,9.4,775,47,STRUCTURED_LEASE,Performing
EQF-2025-01113,11-03-2025,Manufacturing,Injection Molding Press,3580000,358000,3222000,60,11.98,850,44,STRUCTURED_LEASE,Performing
EQF-2025-01114,11-03-2025,Construction,Hydraulic Excavator,2961000,592200,2368800,24,9.26,733,57,STRUCTURED_LEASE,Performing
EQF-2025-01115,11-03-2025,Construction,Tower Crane,7571000,1514200,6056800,48,11.01,794,47.5,STRUCTURED_LEASE,Performing
EQF-2025-01116,11-03-2025,Construction,Tower Crane,3238000,485700,2752300,48,8.43,792,44.9,STRUCTURED_LEASE,Performing
EQF-2025-01117,11-03-2025,Manufacturing,CNC Milling Unit,6412000,641200,5770800,24,8.42,754,51.4,STRUCTURED_LEASE,Performing
EQF-2025-01118,11-03-2025,IT & Enterprise Tech,Enterprise Server Rack,1074000,107400,966600,60,7,675,77.3,REQUIRE_COLLATERAL,Performing
EQF-2025-01119,11-03-2025,Healthcare,Surgical Robot,4652000,930400,3721600,24,10.69,781,53.3,STRUCTURED_LEASE,Performing
EQF-2025-01120,11-03-2025,Manufacturing,Injection Molding Press,3637000,727400,2909600,48,9.44,738,55,STRUCTURED_LEASE,30_Days_Past_Due
EQF-2025-01121,12-03-2025,IT & Enterprise Tech,Enterprise Server Rack,5462000,546200,4915800,24,10.46,626,76.3,REQUIRE_COLLATERAL,Performing
EQF-2025-01122,12-03-2025,IT & Enterprise Tech,Automated Storage Array,4135000,413500,3721500,24,12.04,775,49.2,STRUCTURED_LEASE,Performing
EQF-2025-01123,12-03-2025,IT & Enterprise Tech,Edge AI Compute Cluster,4805000,1201250,3603750,60,8.23,604,83.7,REJECT,60_Days_Past_Due
EQF-2025-01124,12-03-2025,Logistics & Fleet,Heavy Duty Hauler,1738000,173800,1564200,48,8,752,57.9,STRUCTURED_LEASE,Performing
EQF-2025-01125,12-03-2025,Logistics & Fleet,Heavy Duty Hauler,4370000,1092500,3277500,36,8.32,674,69.3,REQUIRE_COLLATERAL,Performing
EQF-2025-01126,12-03-2025,Construction,Tower Crane,2569000,513800,2055200,48,7,720,57.6,STRUCTURED_LEASE,Performing
EQF-2025-01127,12-03-2025,Manufacturing,Industrial Robotic Arm,2991000,448650,2542350,48,9.21,619,90.6,REJECT,60_Days_Past_Due
EQF-2025-01128,12-03-2025,Healthcare,Digital X-Ray System,10777000,1616550,9160450,60,10.83,662,79.4,REQUIRE_COLLATERAL,60_Days_Past_Due
EQF-2025-01129,12-03-2025,Healthcare,Surgical Robot,8128000,2032000,6096000,36,9.57,675,76,REQUIRE_COLLATERAL,Performing
EQF-2025-01130,12-03-2025,Healthcare,MRI Scanner,14826000,2965200,11860800,60,7.14,700,75.4,REQUIRE_COLLATERAL,Performing
EQF-2025-01131,12-03-2025,Logistics & Fleet,Forklift Fleet,1315000,263000,1052000,48,8.96,671,75,REQUIRE_COLLATERAL,Performing
EQF-2025-01132,12-03-2025,Construction,Tower Crane,10988000,2197600,8790400,48,9.69,732,61.6,STRUCTURED_LEASE,Performing
EQF-2025-01133,12-03-2025,Manufacturing,Injection Molding Press,5865000,586500,5278500,60,10.94,741,66.9,REQUIRE_COLLATERAL,Performing
EQF-2025-01134,12-03-2025,Manufacturing,Industrial Robotic Arm,5411000,1082200,4328800,36,10.69,680,64.8,STRUCTURED_LEASE,Performing
EQF-2025-01135,12-03-2025,Logistics & Fleet,Forklift Fleet,1426000,142600,1283400,36,8.98,712,59.9,STRUCTURED_LEASE,Performing
EQF-2025-01136,12-03-2025,Manufacturing,Injection Molding Press,3413000,853250,2559750,36,8.98,744,64.2,STRUCTURED_LEASE,Performing
EQF-2025-01137,13-03-2025,IT & Enterprise Tech,Edge AI Compute Cluster,5608000,841200,4766800,36,10.39,564,99,REJECT,Performing
EQF-2025-01138,13-03-2025,Construction,Bulldozer,5511000,1377750,4133250,36,8.61,738,54.8,STRUCTURED_LEASE,Performing
EQF-2025-01139,13-03-2025,Construction,Hydraulic Excavator,8124000,1624800,6499200,48,10.78,668,75.4,REQUIRE_COLLATERAL,30_Days_Past_Due
EQF-2025-01140,13-03-2025,Construction,Bulldozer,10996000,2199200,8796800,36,8.51,550,99,REJECT,Performing
EQF-2025-01141,13-03-2025,Logistics & Fleet,Forklift Fleet,2200000,550000,1650000,36,11.83,684,73.2,REQUIRE_COLLATERAL,Performing
EQF-2025-01142,13-03-2025,Healthcare,MRI Scanner,10337000,1033700,9303300,36,9.85,644,82.5,REJECT,Performing
EQF-2025-01143,13-03-2025,Logistics & Fleet,Electric Delivery Van,3846000,384600,3461400,36,7,679,60.1,STRUCTURED_LEASE,Performing
EQF-2025-01144,13-03-2025,Construction,Hydraulic Excavator,3899000,389900,3509100,36,10.46,740,59.5,STRUCTURED_LEASE,Performing
EQF-2025-01145,13-03-2025,Healthcare,Surgical Robot,5635000,845250,4789750,48,9.88,765,53,STRUCTURED_LEASE,Performing
EQF-2025-01146,13-03-2025,IT & Enterprise Tech,Edge AI Compute Cluster,3173000,475950,2697050,24,10.23,793,42.2,STRUCTURED_LEASE,30_Days_Past_Due
EQF-2025-01147,13-03-2025,Logistics & Fleet,Forklift Fleet,2666000,533200,2132800,60,12.88,797,55.1,STRUCTURED_LEASE,Performing
EQF-2025-01148,13-03-2025,Logistics & Fleet,Forklift Fleet,3914000,978500,2935500,36,9.11,642,75.9,REQUIRE_COLLATERAL,Performing
EQF-2025-01149,13-03-2025,IT & Enterprise Tech,Enterprise Server Rack,1161000,290250,870750,60,7.17,788,48.9,STRUCTURED_LEASE,Performing
EQF-2025-01150,13-03-2025,IT & Enterprise Tech,Enterprise Server Rack,5855000,1171000,4684000,24,11.4,630,84.2,REJECT,Default
EQF-2025-01151,13-03-2025,Logistics & Fleet,Electric Delivery Van,1254000,125400,1128600,48,7,778,44.8,STRUCTURED_LEASE,Performing
EQF-2025-01152,13-03-2025,Logistics & Fleet,Electric Delivery Van,3485000,522750,2962250,48,8.38,747,62.7,STRUCTURED_LEASE,Performing
EQF-2025-01153,14-03-2025,Logistics & Fleet,Electric Delivery Van,3338000,834500,2503500,48,9.56,721,57.4,STRUCTURED_LEASE,Performing
EQF-2025-01154,14-03-2025,Logistics & Fleet,Forklift Fleet,1712000,342400,1369600,48,8.15,652,68.4,REQUIRE_COLLATERAL,Performing
EQF-2025-01155,14-03-2025,Construction,Hydraulic Excavator,3783000,378300,3404700,60,9.4,787,49.6,STRUCTURED_LEASE,Performing
EQF-2025-01156,14-03-2025,Logistics & Fleet,Heavy Duty Hauler,4212000,421200,3790800,48,9.3,644,80.2,REJECT,Performing
EQF-2025-01157,14-03-2025,Manufacturing,CNC Milling Unit,7713000,1156950,6556050,48,11.8,708,79.7,REQUIRE_COLLATERAL,60_Days_Past_Due
EQF-2025-01158,14-03-2025,IT & Enterprise Tech,Edge AI Compute Cluster,2272000,340800,1931200,60,7,714,62.4,STRUCTURED_LEASE,Performing
EQF-2025-01159,14-03-2025,IT & Enterprise Tech,Enterprise Server Rack,3077000,615400,2461600,48,9.63,599,86.1,REJECT,Performing
EQF-2025-01160,14-03-2025,Manufacturing,CNC Milling Unit,3985000,797000,3188000,48,8.12,719,57.9,STRUCTURED_LEASE,Performing
EQF-2025-01161,14-03-2025,Logistics & Fleet,Heavy Duty Hauler,1476000,147600,1328400,36,8.66,638,76.9,REQUIRE_COLLATERAL,Performing
EQF-2025-01162,14-03-2025,Manufacturing,Industrial Robotic Arm,6212000,621200,5590800,60,10.52,803,46.1,STRUCTURED_LEASE,Performing
EQF-2025-01163,14-03-2025,Healthcare,MRI Scanner,13077000,3269250,9807750,36,10.28,850,43.1,STRUCTURED_LEASE,Performing
EQF-2025-01164,14-03-2025,Logistics & Fleet,Electric Delivery Van,2359000,235900,2123100,48,10.01,662,66.1,REQUIRE_COLLATERAL,Performing
EQF-2025-01165,14-03-2025,Manufacturing,CNC Milling Unit,8431000,1686200,6744800,24,7.61,684,56.6,STRUCTURED_LEASE,Performing
EQF-2025-01166,14-03-2025,Logistics & Fleet,Heavy Duty Hauler,1488000,223200,1264800,36,11.28,720,61.4,STRUCTURED_LEASE,Performing
EQF-2025-01167,14-03-2025,Logistics & Fleet,Heavy Duty Hauler,3715000,743000,2972000,48,8.19,576,87.8,REJECT,Performing
EQF-2025-01168,14-03-2025,Construction,Tower Crane,6310000,1577500,4732500,48,11.58,816,50.7,STRUCTURED_LEASE,Performing
EQF-2025-01169,15-03-2025,Manufacturing,Industrial Robotic Arm,4626000,1156500,3469500,36,8.53,689,61.7,STRUCTURED_LEASE,Performing
EQF-2025-01170,15-03-2025,Healthcare,MRI Scanner,9034000,1355100,7678900,36,11.05,684,74.7,REQUIRE_COLLATERAL,Performing
EQF-2025-01171,15-03-2025,Construction,Bulldozer,4699000,939800,3759200,36,9.65,754,61,STRUCTURED_LEASE,Performing
EQF-2025-01172,15-03-2025,IT & Enterprise Tech,Edge AI Compute Cluster,4521000,1130250,3390750,48,7,715,65.7,REQUIRE_COLLATERAL,60_Days_Past_Due
EQF-2025-01173,15-03-2025,Construction,Tower Crane,8633000,1726600,6906400,36,8.97,720,59.9,STRUCTURED_LEASE,Performing
EQF-2025-01174,15-03-2025,Healthcare,MRI Scanner,7106000,1776500,5329500,48,12.05,764,59.8,STRUCTURED_LEASE,Performing
EQF-2025-01175,15-03-2025,Construction,Bulldozer,9600000,1440000,8160000,48,10.74,701,75.2,REQUIRE_COLLATERAL,60_Days_Past_Due
EQF-2025-01176,15-03-2025,Construction,Hydraulic Excavator,5193000,1298250,3894750,60,8.85,636,83.1,REJECT,Default
EQF-2025-01177,15-03-2025,Logistics & Fleet,Electric Delivery Van,3955000,791000,3164000,24,11.46,789,43.4,STRUCTURED_LEASE,Performing
EQF-2025-01178,15-03-2025,Manufacturing,Industrial Robotic Arm,2347000,469400,1877600,24,9.92,671,63.5,STRUCTURED_LEASE,30_Days_Past_Due
EQF-2025-01179,15-03-2025,Logistics & Fleet,Heavy Duty Hauler,1841000,460250,1380750,48,11.96,675,80.8,REJECT,Performing
EQF-2025-01180,15-03-2025,Construction,Hydraulic Excavator,5184000,518400,4665600,48,9.38,724,57.5,STRUCTURED_LEASE,Performing
EQF-2025-01181,15-03-2025,IT & Enterprise Tech,Automated Storage Array,3888000,583200,3304800,24,9.06,625,73.1,REQUIRE_COLLATERAL,Performing
EQF-2025-01182,15-03-2025,Healthcare,Surgical Robot,11101000,1665150,9435850,48,10.98,725,76.6,REQUIRE_COLLATERAL,Performing
EQF-2025-01183,15-03-2025,Construction,Tower Crane,5869000,1467250,4401750,36,9.88,771,53.3,STRUCTURED_LEASE,Performing
EQF-2025-01184,15-03-2025,IT & Enterprise Tech,Automated Storage Array,1205000,301250,903750,36,10.34,812,43.9,STRUCTURED_LEASE,30_Days_Past_Due
EQF-2025-01185,16-03-2025,Manufacturing,Injection Molding Press,4115000,411500,3703500,36,8.21,758,45.5,STRUCTURED_LEASE,Performing
EQF-2025-01186,16-03-2025,IT & Enterprise Tech,Edge AI Compute Cluster,4382000,657300,3724700,60,11.26,779,62.2,STRUCTURED_LEASE,30_Days_Past_Due
EQF-2025-01187,16-03-2025,Logistics & Fleet,Electric Delivery Van,3750000,375000,3375000,36,10.97,668,69.9,REQUIRE_COLLATERAL,Performing
EQF-2025-01188,16-03-2025,Manufacturing,Industrial Robotic Arm,2621000,393150,2227850,36,11.53,763,47.7,STRUCTURED_LEASE,Performing
EQF-2025-01189,16-03-2025,Healthcare,Digital X-Ray System,4086000,1021500,3064500,36,7.46,697,58.1,STRUCTURED_LEASE,Performing
EQF-2025-01190,16-03-2025,Logistics & Fleet,Heavy Duty Hauler,4061000,609150,3451850,48,7.76,785,39.9,AUTO_APPROVE,Performing
EQF-2025-01191,16-03-2025,Manufacturing,Industrial Robotic Arm,2245000,336750,1908250,48,8.38,716,64.6,STRUCTURED_LEASE,Performing
EQF-2025-01192,16-03-2025,Construction,Tower Crane,3200000,480000,2720000,36,9.14,780,48.1,STRUCTURED_LEASE,Performing
EQF-2025-01193,16-03-2025,Healthcare,Digital X-Ray System,4030000,403000,3627000,36,7.5,720,57,STRUCTURED_LEASE,Performing
EQF-2025-01194,16-03-2025,Construction,Bulldozer,6177000,617700,5559300,36,10.46,660,78.5,REQUIRE_COLLATERAL,Performing
EQF-2025-01195,16-03-2025,Manufacturing,Industrial Robotic Arm,5023000,753450,4269550,48,8.84,712,66.9,REQUIRE_COLLATERAL,Performing
EQF-2025-01196,16-03-2025,IT & Enterprise Tech,Enterprise Server Rack,4116000,823200,3292800,36,11.38,688,68.1,REQUIRE_COLLATERAL,30_Days_Past_Due
EQF-2025-01197,16-03-2025,IT & Enterprise Tech,Enterprise Server Rack,2340000,234000,2106000,60,12.65,794,60.5,STRUCTURED_LEASE,Performing
EQF-2025-01198,16-03-2025,IT & Enterprise Tech,Edge AI Compute Cluster,4494000,1123500,3370500,24,8.61,621,78.1,REQUIRE_COLLATERAL,Performing
EQF-2025-01199,16-03-2025,Logistics & Fleet,Heavy Duty Hauler,1843000,460750,1382250,24,8.35,600,77.5,REQUIRE_COLLATERAL,Performing
EQF-2025-01200,16-03-2025,Manufacturing,Injection Molding Press,7324000,1098600,6225400,24,10.62,728,55.6,STRUCTURED_LEASE,60_Days_Past_Due
EQF-2025-01201,17-03-2025,Logistics & Fleet,Electric Delivery Van,3373000,843250,2529750,48,9.65,688,75.5,REQUIRE_COLLATERAL,Performing
EQF-2025-01202,17-03-2025,Manufacturing,CNC Milling Unit,5587000,558700,5028300,48,10.05,635,77.2,REQUIRE_COLLATERAL,Performing
EQF-2025-01203,17-03-2025,Manufacturing,CNC Milling Unit,2968000,593600,2374400,60,11.49,707,76.4,REQUIRE_COLLATERAL,Performing
EQF-2025-01204,17-03-2025,Healthcare,Digital X-Ray System,4815000,963000,3852000,36,9.09,727,57.3,STRUCTURED_LEASE,Performing
EQF-2025-01205,17-03-2025,Construction,Hydraulic Excavator,6450000,1290000,5160000,36,7.9,789,41.5,STRUCTURED_LEASE,Performing
EQF-2025-01206,17-03-2025,Logistics & Fleet,Electric Delivery Van,3539000,884750,2654250,48,7.65,589,87.2,REJECT,60_Days_Past_Due
EQF-2025-01207,17-03-2025,Logistics & Fleet,Heavy Duty Hauler,1561000,234150,1326850,48,9.23,722,65,REQUIRE_COLLATERAL,Performing
EQF-2025-01208,17-03-2025,Healthcare,Surgical Robot,14456000,3614000,10842000,48,8.97,816,33.7,AUTO_APPROVE,Performing
EQF-2025-01209,17-03-2025,Healthcare,MRI Scanner,14785000,2217750,12567250,36,10.8,813,44,STRUCTURED_LEASE,Performing
EQF-2025-01210,17-03-2025,IT & Enterprise Tech,Enterprise Server Rack,3636000,727200,2908800,24,11.59,716,56.9,STRUCTURED_LEASE,Performing
EQF-2025-01211,17-03-2025,Healthcare,Digital X-Ray System,14451000,1445100,13005900,24,11.58,671,77.2,REQUIRE_COLLATERAL,Performing
EQF-2025-01212,17-03-2025,Construction,Hydraulic Excavator,4025000,1006250,3018750,48,8.45,692,61.3,STRUCTURED_LEASE,30_Days_Past_Due
EQF-2025-01213,17-03-2025,Manufacturing,Industrial Robotic Arm,1678000,167800,1510200,48,8.3,645,65.8,REQUIRE_COLLATERAL,Performing
EQF-2025-01214,17-03-2025,Logistics & Fleet,Forklift Fleet,1350000,270000,1080000,48,7,681,58.5,STRUCTURED_LEASE,Performing
EQF-2025-01215,17-03-2025,Logistics & Fleet,Electric Delivery Van,3433000,514950,2918050,36,9.5,715,61.1,STRUCTURED_LEASE,Performing
EQF-2025-01216,17-03-2025,Manufacturing,Industrial Robotic Arm,1931000,193100,1737900,48,10.83,740,54.7,STRUCTURED_LEASE,Performing
EQF-2025-01217,18-03-2025,Manufacturing,CNC Milling Unit,8210000,2052500,6157500,36,8.44,765,41.5,STRUCTURED_LEASE,Performing
EQF-2025-01218,18-03-2025,Logistics & Fleet,Forklift Fleet,1739000,173900,1565100,24,7.28,702,52.3,STRUCTURED_LEASE,Performing
EQF-2025-01219,18-03-2025,Logistics & Fleet,Electric Delivery Van,2358000,235800,2122200,60,12.33,698,81.2,REJECT,Default
EQF-2025-01220,18-03-2025,Healthcare,MRI Scanner,13048000,3262000,9786000,48,8.44,766,47.6,STRUCTURED_LEASE,Performing
EQF-2025-01221,18-03-2025,IT & Enterprise Tech,Enterprise Server Rack,1937000,290550,1646450,48,9.33,687,69.7,REQUIRE_COLLATERAL,Performing
EQF-2025-01222,18-03-2025,Manufacturing,Industrial Robotic Arm,3201000,800250,2400750,48,8.8,755,53.5,STRUCTURED_LEASE,Performing
EQF-2025-01223,18-03-2025,Healthcare,MRI Scanner,11065000,2213000,8852000,36,7.5,602,74.6,REQUIRE_COLLATERAL,Performing
EQF-2025-01224,18-03-2025,IT & Enterprise Tech,Edge AI Compute Cluster,2236000,335400,1900600,48,10.85,740,64.5,STRUCTURED_LEASE,30_Days_Past_Due
EQF-2025-01225,18-03-2025,Healthcare,Digital X-Ray System,6392000,639200,5752800,60,7,847,45.3,STRUCTURED_LEASE,Performing
EQF-2025-01226,18-03-2025,Construction,Tower Crane,4661000,1165250,3495750,36,11.19,649,71,REQUIRE_COLLATERAL,Default
EQF-2025-01227,18-03-2025,Healthcare,Surgical Robot,9397000,1879400,7517600,48,9.9,803,42.1,STRUCTURED_LEASE,Performing
EQF-2025-01228,18-03-2025,Healthcare,Digital X-Ray System,14627000,3656750,10970250,48,9.1,755,49,STRUCTURED_LEASE,Performing
EQF-2025-01229,18-03-2025,IT & Enterprise Tech,Enterprise Server Rack,5128000,769200,4358800,36,9.12,766,48.4,STRUCTURED_LEASE,Performing
EQF-2025-01230,18-03-2025,Healthcare,Surgical Robot,7131000,1426200,5704800,36,10.18,753,47.3,STRUCTURED_LEASE,Performing
EQF-2025-01231,18-03-2025,IT & Enterprise Tech,Enterprise Server Rack,2690000,269000,2421000,24,8.54,668,72.3,REQUIRE_COLLATERAL,Performing
EQF-2025-01232,18-03-2025,Manufacturing,Injection Molding Press,4752000,712800,4039200,48,9.77,625,92.5,REJECT,Performing
EQF-2025-01233,19-03-2025,Manufacturing,Injection Molding Press,8353000,1670600,6682400,48,8.17,740,60,STRUCTURED_LEASE,30_Days_Past_Due
EQF-2025-01234,19-03-2025,Manufacturing,Injection Molding Press,2707000,406050,2300950,48,7,702,67,REQUIRE_COLLATERAL,Performing
EQF-2025-01235,19-03-2025,Logistics & Fleet,Forklift Fleet,2558000,255800,2302200,36,10.43,619,85.1,REJECT,60_Days_Past_Due
EQF-2025-01236,19-03-2025,Healthcare,MRI Scanner,12024000,2404800,9619200,48,13.16,680,86.2,REJECT,Performing
EQF-2025-01237,19-03-2025,IT & Enterprise Tech,Edge AI Compute Cluster,5813000,1453250,4359750,48,10.35,641,81.6,REJECT,Performing
EQF-2025-01238,19-03-2025,Construction,Hydraulic Excavator,3823000,955750,2867250,36,9.43,834,32.4,AUTO_APPROVE,Performing
EQF-2025-01239,19-03-2025,IT & Enterprise Tech,Edge AI Compute Cluster,1982000,198200,1783800,48,8.91,764,56.2,STRUCTURED_LEASE,Performing
EQF-2025-01240,19-03-2025,Manufacturing,CNC Milling Unit,3080000,616000,2464000,48,8.95,646,77,REQUIRE_COLLATERAL,Default
EQF-2025-01241,19-03-2025,IT & Enterprise Tech,Automated Storage Array,909000,90900,818100,24,8.9,742,61.2,STRUCTURED_LEASE,Performing
EQF-2025-01242,19-03-2025,Logistics & Fleet,Forklift Fleet,3496000,349600,3146400,36,9.8,634,85.2,REJECT,Default
EQF-2025-01243,19-03-2025,Logistics & Fleet,Electric Delivery Van,3749000,562350,3186650,48,7,591,84,REJECT,Performing
EQF-2025-01244,19-03-2025,Logistics & Fleet,Electric Delivery Van,3490000,872500,2617500,48,7,664,69.9,REQUIRE_COLLATERAL,Performing
EQF-2025-01245,19-03-2025,Logistics & Fleet,Heavy Duty Hauler,1471000,147100,1323900,60,10.18,700,72.7,REQUIRE_COLLATERAL,Performing
EQF-2025-01246,19-03-2025,Construction,Tower Crane,3088000,463200,2624800,48,9.2,734,56.4,STRUCTURED_LEASE,Performing
EQF-2025-01247,19-03-2025,Manufacturing,CNC Milling Unit,2973000,297300,2675700,36,8.02,766,51.4,STRUCTURED_LEASE,Performing
EQF-2025-01248,19-03-2025,Manufacturing,Industrial Robotic Arm,3532000,353200,3178800,36,7.98,686,60.1,STRUCTURED_LEASE,Performing
EQF-2025-01249,20-03-2025,IT & Enterprise Tech,Edge AI Compute Cluster,4890000,489000,4401000,48,8.66,753,54.3,STRUCTURED_LEASE,Performing
EQF-2025-01250,20-03-2025,Construction,Tower Crane,3855000,963750,2891250,36,8.87,606,80.1,REJECT,Performing
EQF-2025-01251,20-03-2025,Logistics & Fleet,Forklift Fleet,1368000,273600,1094400,48,11.64,805,47.2,STRUCTURED_LEASE,Performing
EQF-2025-01252,20-03-2025,Construction,Bulldozer,5849000,1462250,4386750,36,7.89,608,85.2,REJECT,Performing
EQF-2025-01253,20-03-2025,Manufacturing,CNC Milling Unit,4415000,662250,3752750,24,10.65,677,72.1,REQUIRE_COLLATERAL,Performing
EQF-2025-01254,20-03-2025,Manufacturing,Industrial Robotic Arm,4656000,931200,3724800,36,10.39,664,72.8,REQUIRE_COLLATERAL,Performing
EQF-2025-01255,20-03-2025,Logistics & Fleet,Heavy Duty Hauler,4342000,651300,3690700,36,9.19,616,88.2,REJECT,Default
EQF-2025-01256,20-03-2025,Healthcare,Digital X-Ray System,5078000,507800,4570200,48,10.65,731,66.9,REQUIRE_COLLATERAL,Performing
EQF-2025-01257,20-03-2025,Manufacturing,Injection Molding Press,6428000,1285600,5142400,36,10.16,820,40.3,STRUCTURED_LEASE,Performing
EQF-2025-01258,20-03-2025,Construction,Bulldozer,5373000,805950,4567050,60,7.62,592,96.1,REJECT,Performing
EQF-2025-01259,20-03-2025,Manufacturing,Industrial Robotic Arm,3670000,367000,3303000,48,8.61,561,99,REJECT,Default
EQF-2025-01260,20-03-2025,Construction,Tower Crane,10427000,1564050,8862950,36,10.08,653,78.5,REQUIRE_COLLATERAL,Performing
EQF-2025-01261,20-03-2025,Healthcare,Surgical Robot,6733000,1009950,5723050,36,8.6,694,65.4,REQUIRE_COLLATERAL,Performing
EQF-2025-01262,20-03-2025,Logistics & Fleet,Forklift Fleet,3642000,910500,2731500,48,10.42,759,47.7,STRUCTURED_LEASE,Performing
EQF-2025-01263,20-03-2025,Healthcare,MRI Scanner,7026000,702600,6323400,24,11.24,678,71.1,REQUIRE_COLLATERAL,30_Days_Past_Due
EQF-2025-01264,20-03-2025,Construction,Bulldozer,6811000,1702750,5108250,60,9.46,590,98.3,REJECT,Performing
EQF-2025-01265,21-03-2025,Manufacturing,Industrial Robotic Arm,7004000,1400800,5603200,48,8.59,793,47.4,STRUCTURED_LEASE,Performing
EQF-2025-01266,21-03-2025,Manufacturing,CNC Milling Unit,7672000,767200,6904800,24,8.42,650,65.2,REQUIRE_COLLATERAL,Performing
EQF-2025-01267,21-03-2025,Healthcare,Digital X-Ray System,13226000,3306500,9919500,48,8.95,750,52.7,STRUCTURED_LEASE,Performing
EQF-2025-01268,21-03-2025,Construction,Hydraulic Excavator,7449000,1862250,5586750,36,8.85,636,81,REJECT,Performing
EQF-2025-01269,21-03-2025,Construction,Tower Crane,4615000,923000,3692000,24,10.8,698,62.5,STRUCTURED_LEASE,Performing
EQF-2025-01270,21-03-2025,Healthcare,Surgical Robot,11274000,1691100,9582900,60,8.62,733,63.6,STRUCTURED_LEASE,Performing
EQF-2025-01271,21-03-2025,Logistics & Fleet,Electric Delivery Van,3898000,584700,3313300,24,9.24,654,60.1,STRUCTURED_LEASE,Performing
EQF-2025-01272,21-03-2025,IT & Enterprise Tech,Enterprise Server Rack,856000,128400,727600,48,10.67,737,62.7,STRUCTURED_LEASE,Performing
EQF-2025-01273,21-03-2025,Logistics & Fleet,Electric Delivery Van,2869000,573800,2295200,60,9.01,686,77.9,REQUIRE_COLLATERAL,Performing
EQF-2025-01274,21-03-2025,Manufacturing,CNC Milling Unit,7403000,1850750,5552250,36,8.83,680,69.1,REQUIRE_COLLATERAL,Performing
EQF-2025-01275,21-03-2025,Construction,Tower Crane,6661000,666100,5994900,36,10.81,808,43.1,STRUCTURED_LEASE,Performing
EQF-2025-01276,21-03-2025,Manufacturing,Injection Molding Press,3680000,736000,2944000,24,11.24,733,52.4,STRUCTURED_LEASE,Performing
EQF-2025-01277,21-03-2025,Manufacturing,Injection Molding Press,7603000,1140450,6462550,24,9.56,741,43.2,STRUCTURED_LEASE,Performing
EQF-2025-01278,21-03-2025,IT & Enterprise Tech,Edge AI Compute Cluster,1611000,241650,1369350,24,11.99,757,50.1,STRUCTURED_LEASE,Performing
EQF-2025-01279,21-03-2025,Manufacturing,Industrial Robotic Arm,2945000,294500,2650500,48,9.75,747,63.7,STRUCTURED_LEASE,Performing
EQF-2025-01280,21-03-2025,Construction,Tower Crane,8343000,1668600,6674400,48,10.81,733,63.7,STRUCTURED_LEASE,Performing
EQF-2025-01281,22-03-2025,Construction,Hydraulic Excavator,5496000,824400,4671600,48,12.43,790,58.4,STRUCTURED_LEASE,Performing
EQF-2025-01282,22-03-2025,Logistics & Fleet,Electric Delivery Van,3909000,781800,3127200,36,8.56,649,81,REJECT,60_Days_Past_Due
EQF-2025-01283,22-03-2025,Construction,Tower Crane,3840000,960000,2880000,48,8.72,719,63,STRUCTURED_LEASE,Performing
EQF-2025-01284,22-03-2025,Manufacturing,CNC Milling Unit,3266000,653200,2612800,48,10.7,689,77.6,REQUIRE_COLLATERAL,Performing
EQF-2025-01285,22-03-2025,Healthcare,Surgical Robot,5723000,1430750,4292250,36,9.26,719,65.7,REQUIRE_COLLATERAL,30_Days_Past_Due
EQF-2025-01286,22-03-2025,Construction,Tower Crane,10600000,1060000,9540000,36,8.09,664,62.5,STRUCTURED_LEASE,Performing
EQF-2025-01287,22-03-2025,Manufacturing,Industrial Robotic Arm,4338000,1084500,3253500,24,8.98,604,77.3,REQUIRE_COLLATERAL,Performing
EQF-2025-01288,22-03-2025,Healthcare,Surgical Robot,7709000,1927250,5781750,60,7.38,762,45.2,STRUCTURED_LEASE,Performing
EQF-2025-01289,22-03-2025,Manufacturing,Injection Molding Press,1599000,159900,1439100,48,9.54,850,26.3,AUTO_APPROVE,Performing
EQF-2025-01290,22-03-2025,Manufacturing,CNC Milling Unit,2574000,386100,2187900,48,9.74,779,49,STRUCTURED_LEASE,Performing
EQF-2025-01291,22-03-2025,Healthcare,Digital X-Ray System,8632000,863200,7768800,48,11.13,766,56.1,STRUCTURED_LEASE,Performing
EQF-2025-01292,22-03-2025,Manufacturing,Industrial Robotic Arm,1980000,396000,1584000,48,11.27,726,57.1,STRUCTURED_LEASE,Performing
EQF-2025-01293,22-03-2025,Construction,Hydraulic Excavator,6841000,684100,6156900,24,9.02,699,62.5,STRUCTURED_LEASE,Performing
EQF-2025-01294,22-03-2025,Logistics & Fleet,Forklift Fleet,2929000,585800,2343200,48,12.66,703,72.2,REQUIRE_COLLATERAL,Performing
EQF-2025-01295,22-03-2025,Logistics & Fleet,Heavy Duty Hauler,4115000,617250,3497750,48,7.89,702,71.5,REQUIRE_COLLATERAL,30_Days_Past_Due
EQF-2025-01296,22-03-2025,Manufacturing,Injection Molding Press,6119000,1223800,4895200,24,7.4,667,64.7,STRUCTURED_LEASE,Performing
EQF-2025-01297,23-03-2025,Manufacturing,CNC Milling Unit,4622000,462200,4159800,60,7.64,602,90.3,REJECT,60_Days_Past_Due
EQF-2025-01298,23-03-2025,Manufacturing,Injection Molding Press,3073000,307300,2765700,36,7.74,722,55,STRUCTURED_LEASE,Performing
EQF-2025-01299,23-03-2025,Construction,Hydraulic Excavator,8678000,1301700,7376300,36,10.64,691,68.6,REQUIRE_COLLATERAL,Performing
EQF-2025-01300,23-03-2025,Logistics & Fleet,Forklift Fleet,3890000,389000,3501000,48,12.02,784,57.2,STRUCTURED_LEASE,30_Days_Past_Due
EQF-2025-01301,23-03-2025,Manufacturing,Injection Molding Press,2573000,385950,2187050,48,12.08,758,65.7,REQUIRE_COLLATERAL,Performing
EQF-2025-01302,23-03-2025,IT & Enterprise Tech,Automated Storage Array,5557000,833550,4723450,36,7,577,79.6,REQUIRE_COLLATERAL,Performing
EQF-2025-01303,23-03-2025,Manufacturing,Injection Molding Press,1951000,195100,1755900,48,10.79,821,40.3,STRUCTURED_LEASE,Performing
EQF-2025-01304,23-03-2025,Construction,Bulldozer,2968000,742000,2226000,36,11.79,676,76.5,REQUIRE_COLLATERAL,Performing
EQF-2025-01305,23-03-2025,Logistics & Fleet,Electric Delivery Van,1912000,382400,1529600,48,11,686,74.5,REQUIRE_COLLATERAL,60_Days_Past_Due
EQF-2025-01306,23-03-2025,IT & Enterprise Tech,Automated Storage Array,5529000,1382250,4146750,24,8.55,600,85,REJECT,60_Days_Past_Due
EQF-2025-01307,23-03-2025,Logistics & Fleet,Electric Delivery Van,3176000,476400,2699600,24,9.75,727,52.3,STRUCTURED_LEASE,Performing
EQF-2025-01308,23-03-2025,Logistics & Fleet,Forklift Fleet,4194000,838800,3355200,24,8.07,736,56.4,STRUCTURED_LEASE,30_Days_Past_Due
EQF-2025-01309,23-03-2025,Healthcare,Digital X-Ray System,6506000,1626500,4879500,36,10.62,821,38,AUTO_APPROVE,Performing
EQF-2025-01310,23-03-2025,Logistics & Fleet,Electric Delivery Van,3063000,306300,2756700,36,7.3,765,44,STRUCTURED_LEASE,Performing
EQF-2025-01311,23-03-2025,Manufacturing,CNC Milling Unit,4008000,1002000,3006000,48,10.53,677,81.1,REJECT,Performing
EQF-2025-01312,23-03-2025,IT & Enterprise Tech,Automated Storage Array,5105000,1021000,4084000,36,8.43,594,88.5,REJECT,Performing
EQF-2025-01313,24-03-2025,Construction,Hydraulic Excavator,2692000,538400,2153600,24,10.04,672,78.4,REQUIRE_COLLATERAL,Performing
EQF-2025-01314,24-03-2025,Logistics & Fleet,Heavy Duty Hauler,2127000,425400,1701600,24,9.12,777,48.1,STRUCTURED_LEASE,Performing
EQF-2025-01315,24-03-2025,Construction,Bulldozer,3797000,759400,3037600,24,8.96,684,69.9,REQUIRE_COLLATERAL,Performing
EQF-2025-01316,24-03-2025,Construction,Hydraulic Excavator,9803000,2450750,7352250,36,10.92,638,80,REJECT,Default
EQF-2025-01317,24-03-2025,Construction,Bulldozer,6474000,647400,5826600,24,11.79,720,68.3,REQUIRE_COLLATERAL,Performing
EQF-2025-01318,24-03-2025,Logistics & Fleet,Heavy Duty Hauler,2736000,273600,2462400,36,8.2,688,64.8,STRUCTURED_LEASE,Performing
EQF-2025-01319,24-03-2025,Manufacturing,Injection Molding Press,4646000,929200,3716800,36,9.78,680,58.6,STRUCTURED_LEASE,30_Days_Past_Due
EQF-2025-01320,24-03-2025,Manufacturing,Injection Molding Press,8303000,830300,7472700,48,7.87,661,75.7,REQUIRE_COLLATERAL,Performing
EQF-2025-01321,24-03-2025,Manufacturing,Injection Molding Press,7452000,1863000,5589000,48,8.81,717,65.8,REQUIRE_COLLATERAL,Performing
EQF-2025-01322,24-03-2025,Manufacturing,Industrial Robotic Arm,6445000,644500,5800500,36,8.41,776,40.1,STRUCTURED_LEASE,30_Days_Past_Due
EQF-2025-01323,24-03-2025,IT & Enterprise Tech,Enterprise Server Rack,2310000,346500,1963500,36,7.61,743,52.9,STRUCTURED_LEASE,Performing
EQF-2025-01324,24-03-2025,Manufacturing,Industrial Robotic Arm,2656000,265600,2390400,36,11.09,584,94.3,REJECT,Performing
EQF-2025-01325,24-03-2025,IT & Enterprise Tech,Enterprise Server Rack,5591000,1118200,4472800,24,9.66,810,43.3,STRUCTURED_LEASE,Performing
EQF-2025-01326,24-03-2025,Healthcare,MRI Scanner,8654000,865400,7788600,24,8.68,758,48.7,STRUCTURED_LEASE,Performing
EQF-2025-01327,24-03-2025,Manufacturing,CNC Milling Unit,3451000,345100,3105900,48,9.41,729,61.7,STRUCTURED_LEASE,Performing
EQF-2025-01328,24-03-2025,Logistics & Fleet,Electric Delivery Van,2989000,298900,2690100,36,11.29,737,53.8,STRUCTURED_LEASE,30_Days_Past_Due
EQF-2025-01329,25-03-2025,Logistics & Fleet,Heavy Duty Hauler,4688000,468800,4219200,60,11.04,747,55.1,STRUCTURED_LEASE,Performing
EQF-2025-01330,25-03-2025,Construction,Tower Crane,5790000,868500,4921500,36,10.34,735,65.2,REQUIRE_COLLATERAL,Performing
EQF-2025-01331,25-03-2025,Construction,Bulldozer,7282000,1820500,5461500,48,8.5,647,79.7,REQUIRE_COLLATERAL,Performing
EQF-2025-01332,25-03-2025,Logistics & Fleet,Heavy Duty Hauler,4251000,850200,3400800,48,9.68,742,58.3,STRUCTURED_LEASE,Performing
EQF-2025-01333,25-03-2025,Manufacturing,CNC Milling Unit,4490000,898000,3592000,36,7.86,720,59.5,STRUCTURED_LEASE,Performing
EQF-2025-01334,25-03-2025,IT & Enterprise Tech,Automated Storage Array,2014000,201400,1812600,36,9.37,737,55.1,STRUCTURED_LEASE,Performing
EQF-2025-01335,25-03-2025,IT & Enterprise Tech,Automated Storage Array,5972000,1493000,4479000,48,10.97,668,68.6,REQUIRE_COLLATERAL,Performing
EQF-2025-01336,25-03-2025,Logistics & Fleet,Heavy Duty Hauler,4835000,483500,4351500,60,11.24,780,63.2,STRUCTURED_LEASE,Performing
EQF-2025-01337,25-03-2025,Manufacturing,Injection Molding Press,7404000,1110600,6293400,36,8.54,673,74.2,REQUIRE_COLLATERAL,30_Days_Past_Due
EQF-2025-01338,25-03-2025,Logistics & Fleet,Electric Delivery Van,3816000,954000,2862000,24,10.75,706,60.9,STRUCTURED_LEASE,Performing
EQF-2025-01339,25-03-2025,Manufacturing,Industrial Robotic Arm,3564000,891000,2673000,36,10.44,676,71.8,REQUIRE_COLLATERAL,Performing
EQF-2025-01340,25-03-2025,Manufacturing,CNC Milling Unit,7894000,1973500,5920500,36,9.14,645,72.9,REQUIRE_COLLATERAL,Performing
EQF-2025-01341,25-03-2025,Healthcare,Digital X-Ray System,7031000,1757750,5273250,60,10.62,756,71.3,REQUIRE_COLLATERAL,Performing
EQF-2025-01342,25-03-2025,Construction,Tower Crane,9307000,930700,8376300,48,11.34,677,83.4,REJECT,Performing
EQF-2025-01343,25-03-2025,IT & Enterprise Tech,Enterprise Server Rack,5575000,836250,4738750,24,10.78,719,55.7,STRUCTURED_LEASE,Performing
EQF-2025-01344,25-03-2025,Logistics & Fleet,Forklift Fleet,3491000,872750,2618250,36,7.92,619,82.1,REJECT,Performing
EQF-2025-01345,26-03-2025,Logistics & Fleet,Heavy Duty Hauler,4252000,850400,3401600,24,9.08,591,79.8,REQUIRE_COLLATERAL,Performing
EQF-2025-01346,26-03-2025,Healthcare,Digital X-Ray System,12709000,2541800,10167200,48,10.1,822,38.7,AUTO_APPROVE,Performing
EQF-2025-01347,26-03-2025,Healthcare,MRI Scanner,6125000,918750,5206250,60,8.29,813,42.2,STRUCTURED_LEASE,Performing
EQF-2025-01348,26-03-2025,Healthcare,MRI Scanner,11347000,2269400,9077600,24,11.84,670,69.8,REQUIRE_COLLATERAL,30_Days_Past_Due
EQF-2025-01349,26-03-2025,IT & Enterprise Tech,Edge AI Compute Cluster,1286000,128600,1157400,36,9.97,739,49.4,STRUCTURED_LEASE,Performing
EQF-2025-01350,26-03-2025,Manufacturing,Industrial Robotic Arm,5055000,505500,4549500,60,8.82,681,81.2,REJECT,Performing
EQF-2025-01351,26-03-2025,IT & Enterprise Tech,Enterprise Server Rack,1644000,246600,1397400,24,8.73,753,48.8,STRUCTURED_LEASE,Performing
EQF-2025-01352,26-03-2025,Construction,Tower Crane,6039000,1509750,4529250,36,8.46,639,83.6,REJECT,60_Days_Past_Due
EQF-2025-01353,26-03-2025,Healthcare,Digital X-Ray System,13163000,2632600,10530400,36,10.56,633,80.9,REJECT,60_Days_Past_Due
EQF-2025-01354,26-03-2025,Logistics & Fleet,Electric Delivery Van,4951000,990200,3960800,24,10.74,711,54.1,STRUCTURED_LEASE,Performing
EQF-2025-01355,26-03-2025,Construction,Tower Crane,5203000,780450,4422550,24,8.5,734,56.5,STRUCTURED_LEASE,Performing
EQF-2025-01356,26-03-2025,IT & Enterprise Tech,Edge AI Compute Cluster,3566000,534900,3031100,60,11.7,664,86,REJECT,Performing
EQF-2025-01357,26-03-2025,IT & Enterprise Tech,Edge AI Compute Cluster,3459000,691800,2767200,48,8.92,625,82.2,REJECT,Default
EQF-2025-01358,26-03-2025,Healthcare,Surgical Robot,14498000,3624500,10873500,36,8.3,791,48.1,STRUCTURED_LEASE,Performing
EQF-2025-01359,26-03-2025,Healthcare,MRI Scanner,9264000,1389600,7874400,36,10.22,679,64.2,STRUCTURED_LEASE,Performing
EQF-2025-01360,26-03-2025,Construction,Tower Crane,8442000,844200,7597800,48,7.7,680,73.6,REQUIRE_COLLATERAL,60_Days_Past_Due
EQF-2025-01361,27-03-2025,IT & Enterprise Tech,Enterprise Server Rack,5593000,1118600,4474400,36,7.45,790,44,STRUCTURED_LEASE,Performing
EQF-2025-01362,27-03-2025,Manufacturing,Injection Molding Press,4114000,617100,3496900,36,8.07,850,29.7,AUTO_APPROVE,Performing
EQF-2025-01363,27-03-2025,Construction,Tower Crane,10168000,1525200,8642800,24,8.32,731,44.3,STRUCTURED_LEASE,Performing
EQF-2025-01364,27-03-2025,Construction,Hydraulic Excavator,10298000,1544700,8753300,48,10.62,767,60.7,STRUCTURED_LEASE,Performing
EQF-2025-01365,27-03-2025,Logistics & Fleet,Electric Delivery Van,4737000,947400,3789600,36,7.56,636,78.2,REQUIRE_COLLATERAL,Performing
EQF-2025-01366,27-03-2025,Manufacturing,Industrial Robotic Arm,3393000,339300,3053700,24,10.05,757,51.1,STRUCTURED_LEASE,Performing
EQF-2025-01367,27-03-2025,Logistics & Fleet,Electric Delivery Van,2721000,272100,2448900,36,10.76,765,52.9,STRUCTURED_LEASE,Performing
EQF-2025-01368,27-03-2025,IT & Enterprise Tech,Edge AI Compute Cluster,5326000,1065200,4260800,24,11.67,647,71.9,REQUIRE_COLLATERAL,Performing
EQF-2025-01369,27-03-2025,Manufacturing,Industrial Robotic Arm,4014000,602100,3411900,60,8.76,675,70.2,REQUIRE_COLLATERAL,Performing
EQF-2025-01370,27-03-2025,Manufacturing,Industrial Robotic Arm,5702000,1140400,4561600,48,8.88,789,43.5,STRUCTURED_LEASE,Performing
EQF-2025-01371,27-03-2025,IT & Enterprise Tech,Edge AI Compute Cluster,1414000,282800,1131200,36,12.55,692,65.3,REQUIRE_COLLATERAL,Performing
EQF-2025-01372,27-03-2025,Manufacturing,Injection Molding Press,1894000,284100,1609900,36,11.53,802,39,AUTO_APPROVE,Performing
EQF-2025-01373,27-03-2025,IT & Enterprise Tech,Automated Storage Array,2942000,588400,2353600,48,9.09,711,62.8,STRUCTURED_LEASE,Performing
EQF-2025-01374,27-03-2025,Construction,Tower Crane,7421000,1855250,5565750,36,11.22,708,60.1,STRUCTURED_LEASE,Performing
EQF-2025-01375,27-03-2025,Manufacturing,Industrial Robotic Arm,4249000,424900,3824100,48,9.87,773,51.9,STRUCTURED_LEASE,Performing
EQF-2025-01376,27-03-2025,IT & Enterprise Tech,Automated Storage Array,3804000,951000,2853000,48,9.52,843,37.2,AUTO_APPROVE,Performing
EQF-2025-01377,28-03-2025,Healthcare,Surgical Robot,9666000,2416500,7249500,36,13.22,752,54.2,STRUCTURED_LEASE,Performing
EQF-2025-01378,28-03-2025,Construction,Bulldozer,8329000,2082250,6246750,60,11.11,721,75,REQUIRE_COLLATERAL,Performing
EQF-2025-01379,28-03-2025,Healthcare,Digital X-Ray System,11145000,2229000,8916000,36,12.33,792,55.7,STRUCTURED_LEASE,Performing
EQF-2025-01380,28-03-2025,Construction,Hydraulic Excavator,6106000,915900,5190100,36,7.91,796,29.2,AUTO_APPROVE,Performing
EQF-2025-01381,28-03-2025,Manufacturing,CNC Milling Unit,4475000,895000,3580000,48,12.2,744,71.3,REQUIRE_COLLATERAL,Performing
EQF-2025-01382,28-03-2025,Healthcare,MRI Scanner,5549000,554900,4994100,48,9.27,734,63.1,STRUCTURED_LEASE,60_Days_Past_Due
EQF-2025-01383,28-03-2025,IT & Enterprise Tech,Enterprise Server Rack,3469000,693800,2775200,48,9.25,755,56.1,STRUCTURED_LEASE,Performing
EQF-2025-01384,28-03-2025,Healthcare,Digital X-Ray System,10459000,2091800,8367200,48,10.08,617,95.1,REJECT,Performing
EQF-2025-01385,28-03-2025,Logistics & Fleet,Heavy Duty Hauler,3011000,602200,2408800,36,10.27,641,79.9,REQUIRE_COLLATERAL,30_Days_Past_Due
EQF-2025-01386,28-03-2025,Healthcare,Surgical Robot,7583000,1516600,6066400,36,11.08,725,58.8,STRUCTURED_LEASE,Performing
EQF-2025-01387,28-03-2025,Logistics & Fleet,Forklift Fleet,3942000,985500,2956500,36,10.83,659,69.2,REQUIRE_COLLATERAL,Performing
EQF-2025-01388,28-03-2025,Manufacturing,CNC Milling Unit,2023000,303450,1719550,48,8.52,712,62.9,STRUCTURED_LEASE,Performing
EQF-2025-01389,28-03-2025,IT & Enterprise Tech,Automated Storage Array,5555000,555500,4999500,36,8.01,723,55.8,STRUCTURED_LEASE,Performing
EQF-2025-01390,28-03-2025,Construction,Tower Crane,2675000,267500,2407500,24,9.21,646,63.8,REQUIRE_COLLATERAL,30_Days_Past_Due
EQF-2025-01391,28-03-2025,Manufacturing,CNC Milling Unit,8236000,823600,7412400,60,9.48,748,59.5,STRUCTURED_LEASE,Performing
EQF-2025-01392,28-03-2025,Manufacturing,CNC Milling Unit,4736000,947200,3788800,36,9.63,586,97.7,REJECT,Performing
EQF-2025-01393,29-03-2025,Manufacturing,Industrial Robotic Arm,4389000,438900,3950100,36,11.55,689,74.2,REQUIRE_COLLATERAL,Performing
EQF-2025-01394,29-03-2025,Construction,Bulldozer,4680000,1170000,3510000,36,9.78,610,78.4,REQUIRE_COLLATERAL,60_Days_Past_Due
EQF-2025-01395,29-03-2025,Healthcare,Digital X-Ray System,4111000,616650,3494350,36,13.46,689,77.4,REQUIRE_COLLATERAL,Performing
EQF-2025-01396,29-03-2025,Logistics & Fleet,Electric Delivery Van,2244000,448800,1795200,36,11.67,772,57.1,STRUCTURED_LEASE,Performing
EQF-2025-01397,29-03-2025,Healthcare,Surgical Robot,5203000,1040600,4162400,24,9.05,661,73.8,REQUIRE_COLLATERAL,Performing
EQF-2025-01398,29-03-2025,Manufacturing,Industrial Robotic Arm,6119000,1529750,4589250,24,7,578,85.4,REJECT,Default
EQF-2025-01399,29-03-2025,Construction,Bulldozer,5212000,521200,4690800,36,13.08,694,79.7,REQUIRE_COLLATERAL,Performing
EQF-2025-01400,29-03-2025,Logistics & Fleet,Forklift Fleet,4115000,823000,3292000,36,9.08,656,77.2,REQUIRE_COLLATERAL,Performing
EQF-2025-01401,29-03-2025,Manufacturing,Industrial Robotic Arm,2948000,589600,2358400,24,10.89,710,60.7,STRUCTURED_LEASE,Performing
EQF-2025-01402,29-03-2025,Manufacturing,Injection Molding Press,7802000,1950500,5851500,36,8.5,694,65.5,REQUIRE_COLLATERAL,30_Days_Past_Due
EQF-2025-01403,29-03-2025,Manufacturing,Industrial Robotic Arm,5161000,1290250,3870750,36,11.9,721,64.2,STRUCTURED_LEASE,Performing
EQF-2025-01404,29-03-2025,Logistics & Fleet,Forklift Fleet,1635000,163500,1471500,24,10.77,786,47,STRUCTURED_LEASE,Performing
EQF-2025-01405,29-03-2025,Logistics & Fleet,Heavy Duty Hauler,2723000,408450,2314550,60,7.87,685,75.3,REQUIRE_COLLATERAL,Performing
EQF-2025-01406,29-03-2025,Construction,Bulldozer,4257000,638550,3618450,60,7,715,62.7,STRUCTURED_LEASE,Performing
EQF-2025-01407,29-03-2025,Logistics & Fleet,Forklift Fleet,1959000,195900,1763100,36,9.78,688,69.5,REQUIRE_COLLATERAL,Performing
EQF-2025-01408,29-03-2025,Logistics & Fleet,Electric Delivery Van,3124000,468600,2655400,36,10.25,775,47.4,STRUCTURED_LEASE,Performing
EQF-2025-01409,30-03-2025,Construction,Bulldozer,8211000,2052750,6158250,48,10.64,720,64.9,STRUCTURED_LEASE,Performing
EQF-2025-01410,30-03-2025,IT & Enterprise Tech,Enterprise Server Rack,5540000,1385000,4155000,48,8.33,743,55.9,STRUCTURED_LEASE,Performing
EQF-2025-01411,30-03-2025,Manufacturing,CNC Milling Unit,5015000,1253750,3761250,60,8.53,759,54,STRUCTURED_LEASE,30_Days_Past_Due
EQF-2025-01412,30-03-2025,Manufacturing,Injection Molding Press,8261000,1239150,7021850,36,7,583,91.6,REJECT,60_Days_Past_Due
EQF-2025-01413,30-03-2025,Healthcare,Surgical Robot,14358000,2153700,12204300,48,8.67,761,56,STRUCTURED_LEASE,Performing
EQF-2025-01414,30-03-2025,Manufacturing,CNC Milling Unit,7555000,1511000,6044000,60,7.05,734,62.7,STRUCTURED_LEASE,Performing
EQF-2025-01415,30-03-2025,Construction,Tower Crane,6750000,1350000,5400000,36,8.43,666,72.6,REQUIRE_COLLATERAL,30_Days_Past_Due
EQF-2025-01416,30-03-2025,IT & Enterprise Tech,Enterprise Server Rack,1533000,306600,1226400,24,9.99,793,42.6,STRUCTURED_LEASE,Performing
EQF-2025-01417,30-03-2025,Manufacturing,CNC Milling Unit,3025000,453750,2571250,36,9.97,774,43.4,STRUCTURED_LEASE,Performing
EQF-2025-01418,30-03-2025,Manufacturing,Injection Molding Press,6034000,1206800,4827200,24,8.49,697,65.1,REQUIRE_COLLATERAL,60_Days_Past_Due
EQF-2025-01419,30-03-2025,Construction,Bulldozer,6085000,1521250,4563750,24,9.91,575,99,REJECT,Performing
EQF-2025-01420,30-03-2025,IT & Enterprise Tech,Enterprise Server Rack,1563000,234450,1328550,48,11.72,706,75.2,REQUIRE_COLLATERAL,Performing
EQF-2025-01421,30-03-2025,Healthcare,Digital X-Ray System,9269000,926900,8342100,36,9.08,645,71.9,REQUIRE_COLLATERAL,Performing
EQF-2025-01422,30-03-2025,Construction,Hydraulic Excavator,2648000,397200,2250800,24,7.58,567,89.1,REJECT,Default
EQF-2025-01423,30-03-2025,Manufacturing,CNC Milling Unit,6637000,1327400,5309600,60,10.68,747,60.2,STRUCTURED_LEASE,Performing
EQF-2025-01424,30-03-2025,Manufacturing,Industrial Robotic Arm,2015000,302250,1712750,36,11.14,809,41.9,STRUCTURED_LEASE,Performing
EQF-2025-01425,31-03-2025,IT & Enterprise Tech,Enterprise Server Rack,4071000,814200,3256800,36,8.46,703,49.7,STRUCTURED_LEASE,Performing
EQF-2025-01426,31-03-2025,IT & Enterprise Tech,Enterprise Server Rack,4924000,984800,3939200,36,8.47,726,63.6,STRUCTURED_LEASE,Performing
EQF-2025-01427,31-03-2025,Manufacturing,Injection Molding Press,2429000,242900,2186100,36,7,797,39.4,AUTO_APPROVE,Performing
EQF-2025-01428,31-03-2025,IT & Enterprise Tech,Edge AI Compute Cluster,3497000,349700,3147300,36,8.81,721,61.4,STRUCTURED_LEASE,Performing
EQF-2025-01429,31-03-2025,Construction,Bulldozer,9122000,2280500,6841500,48,8.12,670,75.8,REQUIRE_COLLATERAL,30_Days_Past_Due
EQF-2025-01430,31-03-2025,IT & Enterprise Tech,Automated Storage Array,2155000,431000,1724000,36,7.22,565,91.8,REJECT,Default
EQF-2025-01431,31-03-2025,Construction,Tower Crane,3885000,582750,3302250,48,8.95,762,58.3,STRUCTURED_LEASE,Performing
EQF-2025-01432,31-03-2025,Construction,Tower Crane,5363000,536300,4826700,24,9.49,737,59.8,STRUCTURED_LEASE,Performing
EQF-2025-01433,31-03-2025,Construction,Hydraulic Excavator,7215000,721500,6493500,60,9.22,770,55.7,STRUCTURED_LEASE,Performing
EQF-2025-01434,31-03-2025,Logistics & Fleet,Forklift Fleet,3386000,677200,2708800,48,9.01,550,91.9,REJECT,60_Days_Past_Due
EQF-2025-01435,31-03-2025,Manufacturing,Industrial Robotic Arm,2416000,362400,2053600,60,11.79,844,41,STRUCTURED_LEASE,Performing
EQF-2025-01436,31-03-2025,Manufacturing,Injection Molding Press,4703000,470300,4232700,36,9.96,658,78,REQUIRE_COLLATERAL,Performing
EQF-2025-01437,31-03-2025,Healthcare,Surgical Robot,6951000,695100,6255900,48,10.48,781,47.5,STRUCTURED_LEASE,Performing
EQF-2025-01438,31-03-2025,Logistics & Fleet,Electric Delivery Van,4400000,660000,3740000,60,12.22,586,99,REJECT,60_Days_Past_Due
EQF-2025-01439,31-03-2025,Manufacturing,CNC Milling Unit,3695000,369500,3325500,48,10.98,659,93.1,REJECT,Default
EQF-2025-01440,31-03-2025,Logistics & Fleet,Forklift Fleet,4387000,658050,3728950,24,9.09,674,71.1,REQUIRE_COLLATERAL,30_Days_Past_Due
EQF-2025-01441,01-04-2025,IT & Enterprise Tech,Edge AI Compute Cluster,3029000,605800,2423200,24,7,643,58.1,REQUIRE_COLLATERAL,Performing
EQF-2025-01442,01-04-2025,Manufacturing,CNC Milling Unit,6586000,658600,5927400,36,8.94,656,84.8,REJECT,Performing
EQF-2025-01443,01-04-2025,Logistics & Fleet,Forklift Fleet,3138000,627600,2510400,24,11.68,815,47.4,STRUCTURED_LEASE,Performing
EQF-2025-01444,01-04-2025,Healthcare,Digital X-Ray System,10842000,1626300,9215700,48,10.97,687,77.7,REQUIRE_COLLATERAL,Performing
EQF-2025-01445,01-04-2025,IT & Enterprise Tech,Automated Storage Array,2856000,571200,2284800,48,8.95,848,35.2,AUTO_APPROVE,Performing
EQF-2025-01446,01-04-2025,Manufacturing,Industrial Robotic Arm,6877000,1375400,5501600,48,9.38,778,44,STRUCTURED_LEASE,Performing
EQF-2025-01447,01-04-2025,Logistics & Fleet,Electric Delivery Van,2816000,563200,2252800,36,9.69,579,89.9,REJECT,60_Days_Past_Due
EQF-2025-01448,01-04-2025,Logistics & Fleet,Forklift Fleet,2938000,734500,2203500,36,8.58,687,55.6,STRUCTURED_LEASE,60_Days_Past_Due
EQF-2025-01449,01-04-2025,IT & Enterprise Tech,Automated Storage Array,3492000,523800,2968200,36,8.67,684,71.2,REQUIRE_COLLATERAL,Performing
EQF-2025-01450,01-04-2025,Logistics & Fleet,Electric Delivery Van,4361000,654150,3706850,36,8.53,648,74.9,REQUIRE_COLLATERAL,Performing
EQF-2025-01451,01-04-2025,Construction,Hydraulic Excavator,8105000,1215750,6889250,48,10.24,789,46.6,STRUCTURED_LEASE,60_Days_Past_Due
EQF-2025-01452,01-04-2025,Construction,Bulldozer,5468000,820200,4647800,36,7.92,766,51.8,STRUCTURED_LEASE,Performing
EQF-2025-01453,01-04-2025,IT & Enterprise Tech,Edge AI Compute Cluster,4286000,642900,3643100,48,11.66,850,41.7,STRUCTURED_LEASE,60_Days_Past_Due
EQF-2025-01454,01-04-2025,Construction,Tower Crane,7961000,796100,7164900,36,9.49,680,77.3,REQUIRE_COLLATERAL,Performing
EQF-2025-01455,01-04-2025,Manufacturing,CNC Milling Unit,8017000,801700,7215300,60,7.84,738,57.7,STRUCTURED_LEASE,Performing
EQF-2025-01456,01-04-2025,IT & Enterprise Tech,Enterprise Server Rack,5175000,517500,4657500,36,11.04,687,77.9,REQUIRE_COLLATERAL,30_Days_Past_Due
EQF-2025-01457,02-04-2025,Logistics & Fleet,Heavy Duty Hauler,3660000,732000,2928000,36,11.75,684,74.3,REQUIRE_COLLATERAL,Performing
EQF-2025-01458,02-04-2025,Logistics & Fleet,Forklift Fleet,2498000,499600,1998400,24,14.21,762,53.9,STRUCTURED_LEASE,Performing
EQF-2025-01459,02-04-2025,Manufacturing,Industrial Robotic Arm,6957000,1043550,5913450,36,11.56,850,39.2,AUTO_APPROVE,30_Days_Past_Due
EQF-2025-01460,02-04-2025,Logistics & Fleet,Electric Delivery Van,3386000,846500,2539500,48,8.19,774,49.5,STRUCTURED_LEASE,Performing
EQF-2025-01461,02-04-2025,Healthcare,Digital X-Ray System,14838000,2225700,12612300,48,9.82,767,56.5,STRUCTURED_LEASE,Performing
EQF-2025-01462,02-04-2025,Logistics & Fleet,Heavy Duty Hauler,2141000,214100,1926900,36,13.29,706,66.8,REQUIRE_COLLATERAL,Performing
EQF-2025-01463,02-04-2025,Manufacturing,Industrial Robotic Arm,2058000,308700,1749300,36,8.33,765,36.3,AUTO_APPROVE,Performing
EQF-2025-01464,02-04-2025,Logistics & Fleet,Forklift Fleet,1466000,293200,1172800,48,7.6,786,42.7,STRUCTURED_LEASE,Performing
EQF-2025-01465,02-04-2025,IT & Enterprise Tech,Enterprise Server Rack,4128000,619200,3508800,36,8.92,654,76.4,REQUIRE_COLLATERAL,Performing
EQF-2025-01466,02-04-2025,Manufacturing,CNC Milling Unit,8075000,807500,7267500,36,7.98,712,61.4,STRUCTURED_LEASE,60_Days_Past_Due
EQF-2025-01467,02-04-2025,IT & Enterprise Tech,Enterprise Server Rack,810000,121500,688500,48,8.59,688,66.7,REQUIRE_COLLATERAL,60_Days_Past_Due
EQF-2025-01468,02-04-2025,Healthcare,MRI Scanner,11983000,2396600,9586400,36,8.51,668,70.7,REQUIRE_COLLATERAL,Performing
EQF-2025-01469,02-04-2025,IT & Enterprise Tech,Automated Storage Array,4217000,1054250,3162750,48,10.57,773,52.6,STRUCTURED_LEASE,Performing
EQF-2025-01470,02-04-2025,Logistics & Fleet,Electric Delivery Van,3983000,398300,3584700,48,7.56,694,64.7,STRUCTURED_LEASE,Performing
EQF-2025-01471,02-04-2025,Construction,Bulldozer,5521000,828150,4692850,48,9.7,740,66.3,REQUIRE_COLLATERAL,Performing
EQF-2025-01472,02-04-2025,Logistics & Fleet,Electric Delivery Van,4318000,863600,3454400,48,8.35,741,50.1,STRUCTURED_LEASE,30_Days_Past_Due
EQF-2025-01473,03-04-2025,IT & Enterprise Tech,Automated Storage Array,1032000,103200,928800,24,10.32,692,74.1,REQUIRE_COLLATERAL,Performing
EQF-2025-01474,03-04-2025,Healthcare,MRI Scanner,12310000,1231000,11079000,36,10.49,615,86.4,REJECT,Default
EQF-2025-01475,03-04-2025,Healthcare,MRI Scanner,6938000,1387600,5550400,60,10.84,687,87.8,REJECT,60_Days_Past_Due
EQF-2025-01476,03-04-2025,Logistics & Fleet,Forklift Fleet,3012000,451800,2560200,36,10.84,744,67.3,REQUIRE_COLLATERAL,Performing
EQF-2025-01477,03-04-2025,Logistics & Fleet,Forklift Fleet,4326000,648900,3677100,48,8.57,729,48.5,STRUCTURED_LEASE,Performing
EQF-2025-01478,03-04-2025,Logistics & Fleet,Electric Delivery Van,2231000,334650,1896350,48,9.49,583,94.9,REJECT,Performing
EQF-2025-01479,03-04-2025,Logistics & Fleet,Forklift Fleet,1904000,190400,1713600,48,11.7,762,54.6,STRUCTURED_LEASE,Performing
EQF-2025-01480,03-04-2025,Healthcare,Surgical Robot,11494000,2873500,8620500,36,10.16,674,71.2,REQUIRE_COLLATERAL,Performing
EQF-2025-01481,03-04-2025,Logistics & Fleet,Electric Delivery Van,3227000,322700,2904300,24,10.83,747,56,STRUCTURED_LEASE,60_Days_Past_Due
EQF-2025-01482,03-04-2025,Manufacturing,Industrial Robotic Arm,5101000,765150,4335850,36,7.67,762,54.3,STRUCTURED_LEASE,Performing
EQF-2025-01483,03-04-2025,Construction,Tower Crane,4683000,468300,4214700,36,10.93,740,53.6,STRUCTURED_LEASE,Performing
EQF-2025-01484,03-04-2025,Manufacturing,Injection Molding Press,1744000,436000,1308000,60,7,832,50,STRUCTURED_LEASE,Performing
EQF-2025-01485,03-04-2025,Healthcare,Digital X-Ray System,8513000,851300,7661700,48,7.21,774,44.1,STRUCTURED_LEASE,Performing
EQF-2025-01486,03-04-2025,Healthcare,MRI Scanner,5172000,1034400,4137600,48,8.15,680,63,STRUCTURED_LEASE,Performing
EQF-2025-01487,03-04-2025,Healthcare,MRI Scanner,13966000,2094900,11871100,36,10.14,687,74.4,REQUIRE_COLLATERAL,30_Days_Past_Due
EQF-2025-01488,03-04-2025,Logistics & Fleet,Heavy Duty Hauler,1357000,203550,1153450,24,10.4,705,62.6,STRUCTURED_LEASE,Performing
EQF-2025-01489,04-04-2025,Healthcare,Surgical Robot,8748000,1312200,7435800,36,8.28,687,75.9,REQUIRE_COLLATERAL,30_Days_Past_Due
EQF-2025-01490,04-04-2025,Healthcare,MRI Scanner,4575000,457500,4117500,36,7,734,46.8,STRUCTURED_LEASE,Performing
EQF-2025-01491,04-04-2025,Manufacturing,Injection Molding Press,2169000,216900,1952100,36,10.93,636,82.8,REJECT,Performing
EQF-2025-01492,04-04-2025,Healthcare,Surgical Robot,11248000,1124800,10123200,36,10.38,799,51.2,STRUCTURED_LEASE,Performing
EQF-2025-01493,04-04-2025,Manufacturing,CNC Milling Unit,6030000,904500,5125500,36,10.14,712,59.2,STRUCTURED_LEASE,Performing
EQF-2025-01494,04-04-2025,Manufacturing,Industrial Robotic Arm,1731000,173100,1557900,36,12.39,797,56.1,STRUCTURED_LEASE,Performing
EQF-2025-01495,04-04-2025,Construction,Bulldozer,2510000,376500,2133500,60,9.73,633,89.1,REJECT,Default
EQF-2025-01496,04-04-2025,Logistics & Fleet,Heavy Duty Hauler,1500000,150000,1350000,36,8.01,633,71.1,REQUIRE_COLLATERAL,Performing
EQF-2025-01497,04-04-2025,Construction,Bulldozer,8985000,1347750,7637250,48,11.49,780,61.4,STRUCTURED_LEASE,Performing
EQF-2025-01498,04-04-2025,Construction,Tower Crane,7469000,1493800,5975200,36,8.89,667,69.6,REQUIRE_COLLATERAL,Performing
EQF-2025-01499,04-04-2025,Healthcare,Digital X-Ray System,4419000,441900,3977100,36,9.34,645,82.4,REJECT,Performing
EQF-2025-01500,04-04-2025,IT & Enterprise Tech,Enterprise Server Rack,3338000,500700,2837300,36,8.7,785,40.7,STRUCTURED_LEASE,Performing
EQF-2025-01501,04-04-2025,Construction,Bulldozer,8552000,1710400,6841600,48,8.25,657,67.7,REQUIRE_COLLATERAL,30_Days_Past_Due
EQF-2025-01502,04-04-2025,Construction,Bulldozer,9886000,1977200,7908800,36,8.87,708,59.4,STRUCTURED_LEASE,Performing
EQF-2025-01503,04-04-2025,Manufacturing,Injection Molding Press,8038000,2009500,6028500,24,11.78,674,71.2,REQUIRE_COLLATERAL,Performing
EQF-2025-01504,04-04-2025,Healthcare,Surgical Robot,7602000,760200,6841800,48,7.9,759,52.8,STRUCTURED_LEASE,Performing
EQF-2025-01505,05-04-2025,Healthcare,MRI Scanner,5494000,824100,4669900,24,11.1,724,62,STRUCTURED_LEASE,30_Days_Past_Due
EQF-2025-01506,05-04-2025,Healthcare,Digital X-Ray System,6606000,1651500,4954500,36,7,769,53.8,STRUCTURED_LEASE,Performing
EQF-2025-01507,05-04-2025,Construction,Hydraulic Excavator,9097000,909700,8187300,36,11.9,632,84.4,REJECT,Performing
EQF-2025-01508,05-04-2025,Construction,Bulldozer,10758000,2151600,8606400,36,12.06,725,73.7,REQUIRE_COLLATERAL,60_Days_Past_Due
EQF-2025-01509,05-04-2025,Construction,Bulldozer,6464000,646400,5817600,48,7.96,715,66.7,REQUIRE_COLLATERAL,Performing
EQF-2025-01510,05-04-2025,Logistics & Fleet,Electric Delivery Van,2360000,354000,2006000,48,9.62,661,76.7,REQUIRE_COLLATERAL,Performing
EQF-2025-01511,05-04-2025,Logistics & Fleet,Forklift Fleet,2831000,566200,2264800,36,10.47,642,81.1,REJECT,Performing
EQF-2025-01512,05-04-2025,Logistics & Fleet,Heavy Duty Hauler,2358000,589500,1768500,24,8.59,704,60.2,STRUCTURED_LEASE,30_Days_Past_Due
EQF-2025-01513,05-04-2025,IT & Enterprise Tech,Enterprise Server Rack,2134000,213400,1920600,48,12.32,691,81.6,REJECT,60_Days_Past_Due
EQF-2025-01514,05-04-2025,Manufacturing,Industrial Robotic Arm,5656000,565600,5090400,36,9.53,786,51.7,STRUCTURED_LEASE,60_Days_Past_Due
EQF-2025-01515,05-04-2025,Manufacturing,CNC Milling Unit,1610000,402500,1207500,60,8.72,763,49.3,STRUCTURED_LEASE,Performing
EQF-2025-01516,05-04-2025,Manufacturing,CNC Milling Unit,3317000,331700,2985300,36,9.62,665,77.6,REQUIRE_COLLATERAL,Performing
EQF-2025-01517,05-04-2025,Construction,Hydraulic Excavator,8122000,812200,7309800,48,8.4,693,69.5,REQUIRE_COLLATERAL,Performing
EQF-2025-01518,05-04-2025,IT & Enterprise Tech,Enterprise Server Rack,967000,96700,870300,60,9.53,745,64,STRUCTURED_LEASE,Performing
EQF-2025-01519,05-04-2025,Manufacturing,Injection Molding Press,2082000,416400,1665600,48,8.83,752,54.7,STRUCTURED_LEASE,30_Days_Past_Due
EQF-2025-01520,05-04-2025,IT & Enterprise Tech,Enterprise Server Rack,2326000,465200,1860800,36,8.33,787,46.5,STRUCTURED_LEASE,Performing
EQF-2025-01521,06-04-2025,Manufacturing,Industrial Robotic Arm,7645000,1146750,6498250,48,10.7,705,74.3,REQUIRE_COLLATERAL,Performing
EQF-2025-01522,06-04-2025,IT & Enterprise Tech,Edge AI Compute Cluster,4777000,477700,4299300,48,7,720,59,STRUCTURED_LEASE,Performing
EQF-2025-01523,06-04-2025,Healthcare,MRI Scanner,4244000,636600,3607400,48,12.14,594,99,REJECT,Performing
EQF-2025-01524,06-04-2025,Manufacturing,Industrial Robotic Arm,5012000,1002400,4009600,24,9.85,637,72.6,REQUIRE_COLLATERAL,Performing
EQF-2025-01525,06-04-2025,Construction,Hydraulic Excavator,4835000,483500,4351500,48,12.27,769,59.3,STRUCTURED_LEASE,Performing
EQF-2025-01526,06-04-2025,Healthcare,Digital X-Ray System,11135000,1670250,9464750,24,10.94,639,79.5,REQUIRE_COLLATERAL,30_Days_Past_Due
EQF-2025-01527,06-04-2025,Healthcare,Digital X-Ray System,11937000,1193700,10743300,24,7.48,601,76.9,REQUIRE_COLLATERAL,Performing
EQF-2025-01528,06-04-2025,Healthcare,MRI Scanner,13491000,1349100,12141900,48,9.61,759,53.9,STRUCTURED_LEASE,Performing
EQF-2025-01529,06-04-2025,Logistics & Fleet,Heavy Duty Hauler,3007000,751750,2255250,24,7,684,54.5,STRUCTURED_LEASE,Performing
EQF-2025-01530,06-04-2025,Construction,Bulldozer,10953000,1642950,9310050,48,8.14,658,76.7,REQUIRE_COLLATERAL,Performing
EQF-2025-01531,06-04-2025,Healthcare,MRI Scanner,14780000,2956000,11824000,60,9.29,613,99,REJECT,Performing
EQF-2025-01532,06-04-2025,Construction,Hydraulic Excavator,9998000,1499700,8498300,60,8.44,614,91.5,REJECT,Default
EQF-2025-01533,06-04-2025,Logistics & Fleet,Forklift Fleet,3385000,507750,2877250,48,8.79,680,70.3,REQUIRE_COLLATERAL,Performing
EQF-2025-01534,06-04-2025,Healthcare,MRI Scanner,8378000,1256700,7121300,36,8.5,700,69.1,REQUIRE_COLLATERAL,Performing
EQF-2025-01535,06-04-2025,Healthcare,MRI Scanner,8008000,2002000,6006000,36,12.84,790,52.1,STRUCTURED_LEASE,Performing
EQF-2025-01536,06-04-2025,Manufacturing,Injection Molding Press,1585000,158500,1426500,36,9.68,701,68.6,REQUIRE_COLLATERAL,Performing
EQF-2025-01537,07-04-2025,Manufacturing,CNC Milling Unit,3244000,648800,2595200,36,10.44,689,72,REQUIRE_COLLATERAL,Performing
EQF-2025-01538,07-04-2025,Logistics & Fleet,Heavy Duty Hauler,3931000,982750,2948250,36,9.42,691,59,STRUCTURED_LEASE,Performing
EQF-2025-01539,07-04-2025,Manufacturing,Injection Molding Press,5725000,1145000,4580000,48,10.01,563,99,REJECT,Default
EQF-2025-01540,07-04-2025,Construction,Bulldozer,10290000,2572500,7717500,36,7,678,74.8,REQUIRE_COLLATERAL,30_Days_Past_Due
EQF-2025-01541,07-04-2025,Logistics & Fleet,Electric Delivery Van,1390000,139000,1251000,36,12.01,751,56.3,STRUCTURED_LEASE,Performing
EQF-2025-01542,07-04-2025,Manufacturing,CNC Milling Unit,2587000,517400,2069600,48,8.42,715,70.6,REQUIRE_COLLATERAL,Performing
EQF-2025-01543,07-04-2025,Construction,Tower Crane,9209000,1381350,7827650,36,11.22,760,60.3,STRUCTURED_LEASE,Performing
EQF-2025-01544,07-04-2025,Healthcare,Digital X-Ray System,7944000,1986000,5958000,36,11.28,780,48.8,STRUCTURED_LEASE,Performing
EQF-2025-01545,07-04-2025,IT & Enterprise Tech,Automated Storage Array,1415000,283000,1132000,24,7,603,77.5,REQUIRE_COLLATERAL,Default
EQF-2025-01546,07-04-2025,Construction,Hydraulic Excavator,10970000,1097000,9873000,48,9.58,667,70.9,REQUIRE_COLLATERAL,30_Days_Past_Due
EQF-2025-01547,07-04-2025,Logistics & Fleet,Heavy Duty Hauler,4192000,838400,3353600,48,10.11,775,57.9,STRUCTURED_LEASE,Performing
EQF-2025-01548,07-04-2025,Construction,Bulldozer,5974000,1493500,4480500,48,9.66,716,60.4,STRUCTURED_LEASE,Performing
EQF-2025-01549,07-04-2025,Manufacturing,Industrial Robotic Arm,7263000,726300,6536700,36,9.5,700,67.2,REQUIRE_COLLATERAL,Performing
EQF-2025-01550,07-04-2025,Construction,Bulldozer,8285000,1242750,7042250,48,8.85,777,59.6,STRUCTURED_LEASE,Performing
EQF-2025-01551,07-04-2025,IT & Enterprise Tech,Enterprise Server Rack,4908000,1227000,3681000,48,8.43,658,72.5,REQUIRE_COLLATERAL,Performing
EQF-2025-01552,07-04-2025,Construction,Bulldozer,9429000,2357250,7071750,36,11.09,662,78.8,REQUIRE_COLLATERAL,Performing
EQF-2025-01553,08-04-2025,Logistics & Fleet,Heavy Duty Hauler,1522000,152200,1369800,36,10.1,658,68.3,REQUIRE_COLLATERAL,Performing
EQF-2025-01554,08-04-2025,IT & Enterprise Tech,Edge AI Compute Cluster,4039000,1009750,3029250,48,9.78,623,86.6,REJECT,Default
EQF-2025-01555,08-04-2025,Manufacturing,CNC Milling Unit,1547000,309400,1237600,36,7.1,695,56,STRUCTURED_LEASE,Performing
EQF-2025-01556,08-04-2025,Manufacturing,Industrial Robotic Arm,1804000,270600,1533400,48,9.11,721,64.5,STRUCTURED_LEASE,Performing
EQF-2025-01557,08-04-2025,Construction,Tower Crane,10184000,2036800,8147200,36,9.42,642,75.1,REQUIRE_COLLATERAL,Performing
EQF-2025-01558,08-04-2025,Healthcare,MRI Scanner,9803000,980300,8822700,48,10.76,703,66,REQUIRE_COLLATERAL,Performing
EQF-2025-01559,08-04-2025,Logistics & Fleet,Heavy Duty Hauler,3996000,999000,2997000,36,7,671,65.4,REQUIRE_COLLATERAL,Performing
EQF-2025-01560,08-04-2025,IT & Enterprise Tech,Edge AI Compute Cluster,5160000,774000,4386000,36,7.86,705,47.2,STRUCTURED_LEASE,Performing
EQF-2025-01561,08-04-2025,Healthcare,Surgical Robot,14445000,1444500,13000500,36,12.2,803,43.2,STRUCTURED_LEASE,Performing
EQF-2025-01562,08-04-2025,Manufacturing,CNC Milling Unit,7585000,1517000,6068000,60,8.3,715,78.3,REQUIRE_COLLATERAL,Performing
EQF-2025-01563,08-04-2025,Logistics & Fleet,Electric Delivery Van,3037000,759250,2277750,48,7,716,58.6,STRUCTURED_LEASE,Performing
EQF-2025-01564,08-04-2025,Healthcare,Digital X-Ray System,7696000,1924000,5772000,48,8.45,842,32.9,AUTO_APPROVE,Performing
EQF-2025-01565,08-04-2025,Logistics & Fleet,Forklift Fleet,1787000,178700,1608300,48,8.31,677,73.1,REQUIRE_COLLATERAL,Performing
EQF-2025-01566,08-04-2025,Healthcare,MRI Scanner,8404000,1680800,6723200,24,10.48,749,58.3,STRUCTURED_LEASE,Performing
EQF-2025-01567,08-04-2025,Logistics & Fleet,Electric Delivery Van,2593000,648250,1944750,48,10.46,675,84.7,REJECT,Performing
EQF-2025-01568,08-04-2025,Manufacturing,Injection Molding Press,5417000,1083400,4333600,36,8.05,761,48.3,STRUCTURED_LEASE,Performing
EQF-2025-01569,09-04-2025,Construction,Tower Crane,8157000,1223550,6933450,36,8.93,651,73.8,REQUIRE_COLLATERAL,30_Days_Past_Due
EQF-2025-01570,09-04-2025,Construction,Hydraulic Excavator,10816000,2704000,8112000,24,10.31,688,68,REQUIRE_COLLATERAL,30_Days_Past_Due
EQF-2025-01571,09-04-2025,Construction,Bulldozer,8691000,1303650,7387350,24,10.36,673,69.8,REQUIRE_COLLATERAL,30_Days_Past_Due
EQF-2025-01572,09-04-2025,Manufacturing,Industrial Robotic Arm,6006000,1501500,4504500,24,7.95,642,70.2,REQUIRE_COLLATERAL,Performing
EQF-2025-01573,09-04-2025,Logistics & Fleet,Forklift Fleet,2473000,247300,2225700,36,8.11,571,93.6,REJECT,Default
EQF-2025-01574,09-04-2025,IT & Enterprise Tech,Enterprise Server Rack,979000,244750,734250,24,12.67,736,63.7,STRUCTURED_LEASE,Performing
EQF-2025-01575,09-04-2025,Manufacturing,Injection Molding Press,3517000,879250,2637750,48,9.11,668,75.4,REQUIRE_COLLATERAL,30_Days_Past_Due
EQF-2025-01576,09-04-2025,Manufacturing,CNC Milling Unit,6879000,1375800,5503200,36,11.74,692,84,REJECT,Default
EQF-2025-01577,09-04-2025,Manufacturing,Industrial Robotic Arm,2937000,587400,2349600,36,9.84,701,75.3,REQUIRE_COLLATERAL,Performing
EQF-2025-01578,09-04-2025,Construction,Hydraulic Excavator,8554000,1283100,7270900,48,11.14,614,94.2,REJECT,Performing
EQF-2025-01579,09-04-2025,Construction,Tower Crane,7428000,1114200,6313800,24,10.44,684,73.1,REQUIRE_COLLATERAL,Performing
EQF-2025-01580,09-04-2025,Construction,Tower Crane,3961000,594150,3366850,48,9.76,593,89.6,REJECT,Performing
EQF-2025-01581,09-04-2025,Manufacturing,CNC Milling Unit,3331000,832750,2498250,48,9.74,680,74,REQUIRE_COLLATERAL,Performing
EQF-2025-01582,09-04-2025,Healthcare,Digital X-Ray System,9459000,2364750,7094250,36,7.64,807,41.3,STRUCTURED_LEASE,Performing
EQF-2025-01583,09-04-2025,Construction,Bulldozer,6056000,908400,5147600,24,9.25,675,73.6,REQUIRE_COLLATERAL,Performing
EQF-2025-01584,09-04-2025,Construction,Tower Crane,9118000,911800,8206200,24,8.72,635,69.1,REQUIRE_COLLATERAL,Performing
EQF-2025-01585,10-04-2025,IT & Enterprise Tech,Enterprise Server Rack,4619000,461900,4157100,36,9.01,678,65.8,REQUIRE_COLLATERAL,30_Days_Past_Due
EQF-2025-01586,10-04-2025,Manufacturing,Injection Molding Press,5522000,1380500,4141500,24,8.95,811,36.5,AUTO_APPROVE,Performing
EQF-2025-01587,10-04-2025,Logistics & Fleet,Forklift Fleet,4325000,432500,3892500,36,9.74,680,77.8,REQUIRE_COLLATERAL,Performing
EQF-2025-01588,10-04-2025,Healthcare,Digital X-Ray System,10189000,1018900,9170100,24,10.46,609,84.2,REJECT,Performing
EQF-2025-01589,10-04-2025,Healthcare,Digital X-Ray System,14608000,2191200,12416800,48,9.29,591,98.2,REJECT,Default
EQF-2025-01590,10-04-2025,Logistics & Fleet,Heavy Duty Hauler,2025000,202500,1822500,24,10.93,683,67.8,REQUIRE_COLLATERAL,Performing
EQF-2025-01591,10-04-2025,Logistics & Fleet,Forklift Fleet,3914000,391400,3522600,48,8.88,762,57.5,STRUCTURED_LEASE,Performing
EQF-2025-01592,10-04-2025,IT & Enterprise Tech,Enterprise Server Rack,2724000,681000,2043000,36,9.63,738,51.8,STRUCTURED_LEASE,Performing
EQF-2025-01593,10-04-2025,Manufacturing,Industrial Robotic Arm,3453000,863250,2589750,48,13.29,781,55.6,STRUCTURED_LEASE,Performing
EQF-2025-01594,10-04-2025,Manufacturing,Injection Molding Press,2763000,690750,2072250,36,7.7,750,49.1,STRUCTURED_LEASE,Performing
EQF-2025-01595,10-04-2025,Logistics & Fleet,Heavy Duty Hauler,3300000,330000,2970000,48,8.87,710,59.3,STRUCTURED_LEASE,Performing
EQF-2025-01596,10-04-2025,Construction,Hydraulic Excavator,4331000,649650,3681350,36,7,550,86.5,REJECT,Performing
EQF-2025-01597,10-04-2025,Healthcare,MRI Scanner,6204000,1240800,4963200,48,9.84,800,45.4,STRUCTURED_LEASE,Performing
EQF-2025-01598,10-04-2025,Manufacturing,CNC Milling Unit,8434000,2108500,6325500,24,9.52,615,72.9,REQUIRE_COLLATERAL,Performing
EQF-2025-01599,10-04-2025,Manufacturing,CNC Milling Unit,7112000,1778000,5334000,36,9.69,850,31.8,AUTO_APPROVE,Performing
EQF-2025-01600,10-04-2025,IT & Enterprise Tech,Automated Storage Array,4691000,1172750,3518250,24,8.13,660,68.6,REQUIRE_COLLATERAL,Performing
EQF-2025-01601,11-04-2025,Manufacturing,CNC Milling Unit,7058000,1058700,5999300,36,8.36,662,66.6,REQUIRE_COLLATERAL,30_Days_Past_Due
EQF-2025-01602,11-04-2025,Healthcare,Surgical Robot,14658000,2931600,11726400,24,9.58,675,65.3,REQUIRE_COLLATERAL,30_Days_Past_Due
EQF-2025-01603,11-04-2025,Manufacturing,CNC Milling Unit,5513000,1102600,4410400,36,7.4,710,56.2,STRUCTURED_LEASE,Performing
EQF-2025-01604,11-04-2025,Healthcare,Digital X-Ray System,6423000,1605750,4817250,24,10.82,620,89.5,REJECT,Performing
EQF-2025-01605,11-04-2025,Manufacturing,Industrial Robotic Arm,7535000,753500,6781500,36,7.41,652,71.5,REQUIRE_COLLATERAL,30_Days_Past_Due
EQF-2025-01606,11-04-2025,Construction,Hydraulic Excavator,8813000,2203250,6609750,48,9.27,770,63.7,STRUCTURED_LEASE,30_Days_Past_Due
EQF-2025-01607,11-04-2025,Manufacturing,Industrial Robotic Arm,4400000,1100000,3300000,60,8.85,797,47.1,STRUCTURED_LEASE,Performing
EQF-2025-01608,11-04-2025,Logistics & Fleet,Forklift Fleet,3000000,300000,2700000,36,8.75,638,74.6,REQUIRE_COLLATERAL,60_Days_Past_Due
EQF-2025-01609,11-04-2025,Manufacturing,CNC Milling Unit,4379000,437900,3941100,48,7.09,731,61.9,STRUCTURED_LEASE,60_Days_Past_Due
EQF-2025-01610,11-04-2025,Construction,Bulldozer,10405000,2601250,7803750,48,9.43,675,61,STRUCTURED_LEASE,Performing
EQF-2025-01611,11-04-2025,IT & Enterprise Tech,Enterprise Server Rack,2586000,387900,2198100,36,7.69,742,55.4,STRUCTURED_LEASE,Performing
EQF-2025-01612,11-04-2025,Logistics & Fleet,Electric Delivery Van,4861000,729150,4131850,24,9.71,651,71.9,REQUIRE_COLLATERAL,Performing
EQF-2025-01613,11-04-2025,Construction,Bulldozer,10237000,1023700,9213300,24,8.36,757,46.6,STRUCTURED_LEASE,60_Days_Past_Due
EQF-2025-01614,11-04-2025,Healthcare,Digital X-Ray System,10936000,2734000,8202000,60,9.42,701,69.8,REQUIRE_COLLATERAL,Performing
EQF-2025-01615,11-04-2025,Healthcare,Digital X-Ray System,10378000,1556700,8821300,36,7,678,67,REQUIRE_COLLATERAL,Performing
EQF-2025-01616,11-04-2025,Logistics & Fleet,Heavy Duty Hauler,2606000,651500,1954500,48,10.87,707,60.5,STRUCTURED_LEASE,Performing
EQF-2025-01617,12-04-2025,IT & Enterprise Tech,Automated Storage Array,895000,223750,671250,48,11.14,803,45.5,STRUCTURED_LEASE,60_Days_Past_Due
EQF-2025-01618,12-04-2025,Logistics & Fleet,Electric Delivery Van,1685000,421250,1263750,36,8.67,703,72,REQUIRE_COLLATERAL,Performing
EQF-2025-01619,12-04-2025,Construction,Hydraulic Excavator,8911000,1336650,7574350,36,13.7,728,68.1,REQUIRE_COLLATERAL,Performing
EQF-2025-01620,12-04-2025,Logistics & Fleet,Heavy Duty Hauler,2992000,598400,2393600,48,10.64,715,61.6,STRUCTURED_LEASE,Performing
EQF-2025-01621,12-04-2025,Construction,Hydraulic Excavator,3774000,943500,2830500,24,9.11,716,57,STRUCTURED_LEASE,60_Days_Past_Due
EQF-2025-01622,12-04-2025,Manufacturing,Industrial Robotic Arm,3348000,502200,2845800,36,8.76,789,47.2,STRUCTURED_LEASE,30_Days_Past_Due
EQF-2025-01623,12-04-2025,Construction,Hydraulic Excavator,10557000,2111400,8445600,36,8.33,764,48.5,STRUCTURED_LEASE,Performing
EQF-2025-01624,12-04-2025,IT & Enterprise Tech,Automated Storage Array,2709000,270900,2438100,60,8.61,621,86.8,REJECT,Default
EQF-2025-01625,12-04-2025,Manufacturing,Injection Molding Press,7854000,1178100,6675900,36,9.34,745,51.5,STRUCTURED_LEASE,Performing
EQF-2025-01626,12-04-2025,Logistics & Fleet,Electric Delivery Van,2358000,471600,1886400,48,9.43,814,36.7,AUTO_APPROVE,Performing
EQF-2025-01627,12-04-2025,Manufacturing,Injection Molding Press,5303000,795450,4507550,24,7.39,694,48.4,STRUCTURED_LEASE,Performing
EQF-2025-01628,12-04-2025,Construction,Hydraulic Excavator,2674000,534800,2139200,24,11.53,765,47.1,STRUCTURED_LEASE,Performing
EQF-2025-01629,12-04-2025,Manufacturing,Industrial Robotic Arm,5153000,1030600,4122400,60,10.68,550,99,REJECT,Performing
EQF-2025-01630,12-04-2025,Construction,Hydraulic Excavator,7914000,1187100,6726900,48,12.27,647,83.9,REJECT,Performing
EQF-2025-01631,12-04-2025,Logistics & Fleet,Electric Delivery Van,2090000,209000,1881000,36,10.05,850,32.1,AUTO_APPROVE,Performing
EQF-2025-01632,12-04-2025,Healthcare,Digital X-Ray System,10368000,2592000,7776000,48,11.07,759,51.2,STRUCTURED_LEASE,Performing
EQF-2025-01633,13-04-2025,Logistics & Fleet,Heavy Duty Hauler,3659000,731800,2927200,24,7.62,724,51.7,STRUCTURED_LEASE,60_Days_Past_Due
EQF-2025-01634,13-04-2025,Logistics & Fleet,Forklift Fleet,3810000,952500,2857500,48,10.4,829,39.9,AUTO_APPROVE,Performing
EQF-2025-01635,13-04-2025,IT & Enterprise Tech,Automated Storage Array,4837000,483700,4353300,24,7,637,67.8,REQUIRE_COLLATERAL,Performing
EQF-2025-01636,13-04-2025,Manufacturing,Industrial Robotic Arm,3679000,919750,2759250,48,8.04,792,41.9,STRUCTURED_LEASE,Performing
EQF-2025-01637,13-04-2025,Healthcare,MRI Scanner,10246000,2561500,7684500,48,13.26,654,83.8,REJECT,Default
EQF-2025-01638,13-04-2025,Manufacturing,CNC Milling Unit,8371000,1255650,7115350,36,8.98,716,58.8,STRUCTURED_LEASE,Performing
EQF-2025-01639,13-04-2025,IT & Enterprise Tech,Edge AI Compute Cluster,5470000,820500,4649500,60,9.47,604,92.8,REJECT,Default
EQF-2025-01640,13-04-2025,IT & Enterprise Tech,Automated Storage Array,5754000,575400,5178600,60,10.55,685,66.2,REQUIRE_COLLATERAL,Performing
EQF-2025-01641,13-04-2025,Construction,Hydraulic Excavator,5782000,867300,4914700,36,9.44,796,35,AUTO_APPROVE,Performing
EQF-2025-01642,13-04-2025,Logistics & Fleet,Forklift Fleet,4190000,838000,3352000,48,7.97,676,67.6,REQUIRE_COLLATERAL,60_Days_Past_Due
EQF-2025-01643,13-04-2025,Construction,Bulldozer,7769000,776900,6992100,48,8,742,60.4,STRUCTURED_LEASE,Performing
EQF-2025-01644,13-04-2025,Construction,Tower Crane,3203000,480450,2722550,48,10.7,678,68.7,REQUIRE_COLLATERAL,Performing
EQF-2025-01645,13-04-2025,Manufacturing,Industrial Robotic Arm,7268000,1090200,6177800,60,9.95,737,67.7,REQUIRE_COLLATERAL,Performing
EQF-2025-01646,13-04-2025,Logistics & Fleet,Forklift Fleet,3773000,377300,3395700,36,10.75,758,63,STRUCTURED_LEASE,Performing
EQF-2025-01647,13-04-2025,Manufacturing,CNC Milling Unit,2892000,578400,2313600,48,10.38,665,76.6,REQUIRE_COLLATERAL,Performing
EQF-2025-01648,13-04-2025,Logistics & Fleet,Heavy Duty Hauler,1503000,150300,1352700,48,9.59,653,76.6,REQUIRE_COLLATERAL,Performing
EQF-2025-01649,14-04-2025,Logistics & Fleet,Electric Delivery Van,4381000,657150,3723850,36,9.52,683,71.2,REQUIRE_COLLATERAL,Default
EQF-2025-01650,14-04-2025,Logistics & Fleet,Forklift Fleet,1500000,225000,1275000,36,9.65,682,69.5,REQUIRE_COLLATERAL,Performing
EQF-2025-01651,14-04-2025,Manufacturing,CNC Milling Unit,2139000,213900,1925100,36,8.95,578,87.2,REJECT,Performing
EQF-2025-01652,14-04-2025,Healthcare,MRI Scanner,8701000,1740200,6960800,48,8.97,731,61.7,STRUCTURED_LEASE,Performing
EQF-2025-01653,14-04-2025,Healthcare,Digital X-Ray System,5483000,1096600,4386400,48,10.25,734,59,STRUCTURED_LEASE,Performing
EQF-2025-01654,14-04-2025,Healthcare,Surgical Robot,14050000,3512500,10537500,36,11.66,593,99,REJECT,Performing
EQF-2025-01655,14-04-2025,Manufacturing,CNC Milling Unit,4792000,958400,3833600,36,7,764,44,STRUCTURED_LEASE,Performing
EQF-2025-01656,14-04-2025,IT & Enterprise Tech,Edge AI Compute Cluster,3760000,376000,3384000,24,13.08,684,74.6,REQUIRE_COLLATERAL,Performing
EQF-2025-01657,14-04-2025,Construction,Hydraulic Excavator,10389000,2077800,8311200,24,10.54,731,64.9,STRUCTURED_LEASE,Performing
EQF-2025-01658,14-04-2025,Healthcare,MRI Scanner,9833000,1966600,7866400,48,10.15,693,70.4,REQUIRE_COLLATERAL,Performing
EQF-2025-01659,14-04-2025,Healthcare,MRI Scanner,7890000,1972500,5917500,36,7.99,731,50.8,STRUCTURED_LEASE,30_Days_Past_Due
EQF-2025-01660,14-04-2025,Healthcare,Digital X-Ray System,12769000,2553800,10215200,48,8.43,717,59.3,STRUCTURED_LEASE,Performing
EQF-2025-01661,14-04-2025,Construction,Bulldozer,6264000,1566000,4698000,48,10.42,767,55.6,STRUCTURED_LEASE,Performing
EQF-2025-01662,14-04-2025,Construction,Tower Crane,5207000,1301750,3905250,60,9.88,710,69.8,REQUIRE_COLLATERAL,Performing
EQF-2025-01663,14-04-2025,IT & Enterprise Tech,Automated Storage Array,4561000,912200,3648800,36,7.56,759,46.6,STRUCTURED_LEASE,Performing
EQF-2025-01664,14-04-2025,Construction,Hydraulic Excavator,9314000,1397100,7916900,60,8.21,802,48.4,STRUCTURED_LEASE,Performing
EQF-2025-01665,15-04-2025,IT & Enterprise Tech,Automated Storage Array,4917000,491700,4425300,36,8.39,704,62,STRUCTURED_LEASE,Performing
EQF-2025-01666,15-04-2025,IT & Enterprise Tech,Enterprise Server Rack,5884000,588400,5295600,48,8.26,692,65,REQUIRE_COLLATERAL,Performing
EQF-2025-01667,15-04-2025,Manufacturing,CNC Milling Unit,7007000,1401400,5605600,48,9.91,746,59.1,STRUCTURED_LEASE,Performing
EQF-2025-01668,15-04-2025,IT & Enterprise Tech,Edge AI Compute Cluster,4804000,480400,4323600,36,7.96,576,85.1,REJECT,Default
EQF-2025-01669,15-04-2025,Manufacturing,CNC Milling Unit,7502000,750200,6751800,24,10.67,653,71.6,REQUIRE_COLLATERAL,Performing
EQF-2025-01670,15-04-2025,Logistics & Fleet,Electric Delivery Van,1201000,300250,900750,24,7.27,650,55.5,STRUCTURED_LEASE,Performing
EQF-2025-01671,15-04-2025,Healthcare,Surgical Robot,7987000,1198050,6788950,48,10.96,745,57.4,STRUCTURED_LEASE,Performing
EQF-2025-01672,15-04-2025,IT & Enterprise Tech,Automated Storage Array,4636000,463600,4172400,36,14.09,719,74.7,REQUIRE_COLLATERAL,Performing
EQF-2025-01673,15-04-2025,IT & Enterprise Tech,Enterprise Server Rack,3919000,587850,3331150,60,10.67,792,57.4,STRUCTURED_LEASE,Performing
EQF-2025-01674,15-04-2025,Logistics & Fleet,Electric Delivery Van,1875000,187500,1687500,36,8.68,788,47.2,STRUCTURED_LEASE,Performing
EQF-2025-01675,15-04-2025,Logistics & Fleet,Heavy Duty Hauler,2354000,353100,2000900,60,8.75,582,98.3,REJECT,60_Days_Past_Due
EQF-2025-01676,15-04-2025,Healthcare,Digital X-Ray System,7705000,1155750,6549250,36,7.81,600,80.6,REJECT,Performing
EQF-2025-01677,15-04-2025,Manufacturing,Industrial Robotic Arm,5475000,547500,4927500,24,11.12,712,55.7,STRUCTURED_LEASE,Performing
EQF-2025-01678,15-04-2025,Healthcare,Digital X-Ray System,13148000,3287000,9861000,36,9.74,609,83.7,REJECT,Default
EQF-2025-01679,15-04-2025,Manufacturing,Injection Molding Press,8027000,1204050,6822950,60,7,581,77.1,REQUIRE_COLLATERAL,60_Days_Past_Due
EQF-2025-01680,15-04-2025,Logistics & Fleet,Electric Delivery Van,4050000,607500,3442500,48,7.32,662,77.6,REQUIRE_COLLATERAL,Performing
EQF-2025-01681,16-04-2025,Healthcare,Surgical Robot,13272000,1327200,11944800,24,7,574,84.3,REJECT,60_Days_Past_Due
EQF-2025-01682,16-04-2025,IT & Enterprise Tech,Edge AI Compute Cluster,3244000,486600,2757400,36,10.64,643,84,REJECT,Performing
EQF-2025-01683,16-04-2025,Construction,Bulldozer,5813000,871950,4941050,36,8,756,46.5,STRUCTURED_LEASE,Performing
EQF-2025-01684,16-04-2025,Logistics & Fleet,Forklift Fleet,2692000,673000,2019000,48,10.75,678,67.9,REQUIRE_COLLATERAL,30_Days_Past_Due
EQF-2025-01685,16-04-2025,Manufacturing,Injection Molding Press,5812000,871800,4940200,36,8.66,807,40.2,STRUCTURED_LEASE,Performing
EQF-2025-01686,16-04-2025,IT & Enterprise Tech,Enterprise Server Rack,1446000,361500,1084500,48,10.69,673,77.7,REQUIRE_COLLATERAL,Performing
EQF-2025-01687,16-04-2025,IT & Enterprise Tech,Edge AI Compute Cluster,3813000,571950,3241050,48,9.11,745,56.9,STRUCTURED_LEASE,30_Days_Past_Due
EQF-2025-01688,16-04-2025,Construction,Hydraulic Excavator,8154000,1223100,6930900,60,10.92,675,82,REJECT,60_Days_Past_Due
EQF-2025-01689,16-04-2025,Construction,Tower Crane,6231000,1557750,4673250,48,8.31,695,64.4,STRUCTURED_LEASE,Performing
EQF-2025-01690,16-04-2025,Logistics & Fleet,Electric Delivery Van,4822000,1205500,3616500,36,8.4,684,66.8,REQUIRE_COLLATERAL,30_Days_Past_Due
EQF-2025-01691,16-04-2025,Manufacturing,CNC Milling Unit,5757000,1151400,4605600,60,8.82,746,62.6,STRUCTURED_LEASE,Performing
EQF-2025-01692,16-04-2025,Construction,Bulldozer,4370000,655500,3714500,36,10.75,757,63.3,STRUCTURED_LEASE,Performing
EQF-2025-01693,16-04-2025,Healthcare,Digital X-Ray System,9271000,2317750,6953250,36,7.88,843,33.5,AUTO_APPROVE,Performing
EQF-2025-01694,16-04-2025,Manufacturing,Injection Molding Press,6228000,934200,5293800,48,8.64,710,58,STRUCTURED_LEASE,Performing
EQF-2025-01695,16-04-2025,Healthcare,MRI Scanner,7560000,1134000,6426000,24,9.13,745,48.4,STRUCTURED_LEASE,Performing
EQF-2025-01696,16-04-2025,Manufacturing,Injection Molding Press,2057000,308550,1748450,36,10.1,643,74.3,REQUIRE_COLLATERAL,Performing
EQF-2025-01697,17-04-2025,Manufacturing,Industrial Robotic Arm,5584000,558400,5025600,24,8.91,754,54.8,STRUCTURED_LEASE,Performing
EQF-2025-01698,17-04-2025,Manufacturing,Industrial Robotic Arm,8135000,1627000,6508000,24,10.37,711,58.1,STRUCTURED_LEASE,Performing
EQF-2025-01699,17-04-2025,IT & Enterprise Tech,Edge AI Compute Cluster,3322000,332200,2989800,24,8.38,550,90.3,REJECT,Default
EQF-2025-01700,17-04-2025,Construction,Hydraulic Excavator,10202000,2040400,8161600,24,10.98,653,74.1,REQUIRE_COLLATERAL,Default
EQF-2025-01701,17-04-2025,IT & Enterprise Tech,Edge AI Compute Cluster,5142000,771300,4370700,36,10.63,575,96.7,REJECT,Default
EQF-2025-01702,17-04-2025,Healthcare,MRI Scanner,5622000,843300,4778700,48,8.64,662,68.8,REQUIRE_COLLATERAL,Performing
EQF-2025-01703,17-04-2025,Healthcare,Surgical Robot,11790000,2947500,8842500,48,10.58,729,64.2,STRUCTURED_LEASE,Performing
EQF-2025-01704,17-04-2025,Construction,Tower Crane,6201000,1240200,4960800,48,7.86,690,71.6,REQUIRE_COLLATERAL,Default
EQF-2025-01705,17-04-2025,Healthcare,Digital X-Ray System,6753000,1350600,5402400,48,9.74,750,56.2,STRUCTURED_LEASE,30_Days_Past_Due
EQF-2025-01706,17-04-2025,Manufacturing,Industrial Robotic Arm,6309000,630900,5678100,48,8.32,557,99,REJECT,Default
EQF-2025-01707,17-04-2025,Construction,Bulldozer,8813000,1762600,7050400,60,9.97,772,52.7,STRUCTURED_LEASE,Performing
EQF-2025-01708,17-04-2025,Manufacturing,Industrial Robotic Arm,2759000,413850,2345150,48,9.25,725,59.7,STRUCTURED_LEASE,Performing
EQF-2025-01709,17-04-2025,Construction,Hydraulic Excavator,10273000,2568250,7704750,48,8.36,627,85.7,REJECT,Default
EQF-2025-01710,17-04-2025,Logistics & Fleet,Forklift Fleet,4054000,405400,3648600,36,7.14,708,57.9,STRUCTURED_LEASE,Performing
EQF-2025-01711,17-04-2025,Manufacturing,Injection Molding Press,8034000,2008500,6025500,48,9.18,850,33.5,AUTO_APPROVE,Performing
EQF-2025-01712,17-04-2025,Manufacturing,Injection Molding Press,3720000,744000,2976000,48,11.29,805,43.5,STRUCTURED_LEASE,30_Days_Past_Due
EQF-2025-01713,18-04-2025,Logistics & Fleet,Forklift Fleet,4769000,953800,3815200,48,9.93,819,40.2,STRUCTURED_LEASE,Performing
EQF-2025-01714,18-04-2025,Construction,Bulldozer,5632000,563200,5068800,36,7.15,696,69.6,REQUIRE_COLLATERAL,Performing
EQF-2025-01715,18-04-2025,Manufacturing,CNC Milling Unit,1878000,375600,1502400,24,9.15,783,43.7,STRUCTURED_LEASE,Performing
EQF-2025-01716,18-04-2025,IT & Enterprise Tech,Automated Storage Array,4767000,1191750,3575250,24,11.28,795,47,STRUCTURED_LEASE,Performing
EQF-2025-01717,18-04-2025,Manufacturing,Industrial Robotic Arm,6425000,963750,5461250,60,9.04,642,80.5,REJECT,Performing
EQF-2025-01718,18-04-2025,Logistics & Fleet,Forklift Fleet,3472000,347200,3124800,48,8.04,793,45.6,STRUCTURED_LEASE,Performing
EQF-2025-01719,18-04-2025,IT & Enterprise Tech,Automated Storage Array,3347000,669400,2677600,36,12.12,779,51.7,STRUCTURED_LEASE,Performing
EQF-2025-01720,18-04-2025,Manufacturing,Injection Molding Press,1725000,431250,1293750,36,7.88,666,62.4,STRUCTURED_LEASE,30_Days_Past_Due
EQF-2025-01721,18-04-2025,Manufacturing,Injection Molding Press,5872000,880800,4991200,48,9.16,716,60.4,STRUCTURED_LEASE,Performing
EQF-2025-01722,18-04-2025,Manufacturing,Injection Molding Press,4418000,883600,3534400,36,8.58,798,38.5,AUTO_APPROVE,Performing
EQF-2025-01723,18-04-2025,Healthcare,MRI Scanner,10162000,1016200,9145800,36,10.48,706,76,REQUIRE_COLLATERAL,Performing
EQF-2025-01724,18-04-2025,Manufacturing,CNC Milling Unit,4505000,901000,3604000,24,10.22,767,57.3,STRUCTURED_LEASE,Performing
EQF-2025-01725,18-04-2025,Logistics & Fleet,Forklift Fleet,4871000,974200,3896800,24,8.16,679,54.4,STRUCTURED_LEASE,Performing
EQF-2025-01726,18-04-2025,Manufacturing,CNC Milling Unit,5729000,1145800,4583200,36,8.45,638,71.9,REQUIRE_COLLATERAL,Performing
EQF-2025-01727,18-04-2025,Construction,Tower Crane,8869000,1330350,7538650,48,9.71,632,82.8,REJECT,Performing
EQF-2025-01728,18-04-2025,IT & Enterprise Tech,Automated Storage Array,5669000,850350,4818650,24,9.83,691,63.9,STRUCTURED_LEASE,30_Days_Past_Due
EQF-2025-01729,19-04-2025,Logistics & Fleet,Electric Delivery Van,3448000,689600,2758400,36,9.16,738,54.9,STRUCTURED_LEASE,Performing
EQF-2025-01730,19-04-2025,Construction,Tower Crane,2603000,520600,2082400,48,9.04,595,99,REJECT,Performing
EQF-2025-01731,19-04-2025,Healthcare,Surgical Robot,4377000,437700,3939300,48,7.66,835,32.2,AUTO_APPROVE,Performing
EQF-2025-01732,19-04-2025,Construction,Tower Crane,8470000,1694000,6776000,36,12.28,779,62.5,STRUCTURED_LEASE,Performing
EQF-2025-01733,19-04-2025,Construction,Tower Crane,4872000,1218000,3654000,48,10.46,743,65.8,REQUIRE_COLLATERAL,Performing
EQF-2025-01734,19-04-2025,Healthcare,Digital X-Ray System,10373000,2593250,7779750,60,9.51,763,57.7,STRUCTURED_LEASE,Performing
EQF-2025-01735,19-04-2025,Manufacturing,Injection Molding Press,2916000,291600,2624400,60,10.96,667,79.1,REQUIRE_COLLATERAL,Performing
EQF-2025-01736,19-04-2025,IT & Enterprise Tech,Automated Storage Array,2205000,330750,1874250,48,9.19,614,83.2,REJECT,60_Days_Past_Due
EQF-2025-01737,19-04-2025,Healthcare,Digital X-Ray System,9551000,1910200,7640800,48,8.28,736,67.4,REQUIRE_COLLATERAL,Performing
EQF-2025-01738,19-04-2025,Manufacturing,Injection Molding Press,8329000,832900,7496100,36,10.02,777,52.5,STRUCTURED_LEASE,Performing
EQF-2025-01739,19-04-2025,Healthcare,Surgical Robot,10779000,1616850,9162150,48,9.71,677,75.3,REQUIRE_COLLATERAL,Performing
EQF-2025-01740,19-04-2025,Healthcare,Digital X-Ray System,14298000,1429800,12868200,48,12.02,648,74.3,REQUIRE_COLLATERAL,Performing
EQF-2025-01741,19-04-2025,Logistics & Fleet,Forklift Fleet,4846000,726900,4119100,36,8.39,674,65.5,REQUIRE_COLLATERAL,Performing
EQF-2025-01742,19-04-2025,Logistics & Fleet,Heavy Duty Hauler,1991000,398200,1592800,36,8.06,741,50.7,STRUCTURED_LEASE,30_Days_Past_Due
EQF-2025-01743,19-04-2025,Logistics & Fleet,Forklift Fleet,2383000,238300,2144700,48,12.65,749,65.5,REQUIRE_COLLATERAL,Performing
EQF-2025-01744,19-04-2025,Manufacturing,CNC Milling Unit,6890000,1378000,5512000,60,11.28,827,47.2,STRUCTURED_LEASE,Performing
EQF-2025-01745,20-04-2025,Healthcare,Digital X-Ray System,13534000,1353400,12180600,36,10.46,739,56.3,STRUCTURED_LEASE,Performing
EQF-2025-01746,20-04-2025,Construction,Bulldozer,6913000,1036950,5876050,36,8.47,655,73.9,REQUIRE_COLLATERAL,30_Days_Past_Due
EQF-2025-01747,20-04-2025,Manufacturing,Industrial Robotic Arm,8453000,845300,7607700,48,10.13,690,76.4,REQUIRE_COLLATERAL,Performing
EQF-2025-01748,20-04-2025,Healthcare,Digital X-Ray System,4127000,1031750,3095250,24,7.56,641,66.8,REQUIRE_COLLATERAL,Performing
EQF-2025-01749,20-04-2025,Logistics & Fleet,Electric Delivery Van,2338000,584500,1753500,48,8.73,781,43.8,STRUCTURED_LEASE,Performing
EQF-2025-01750,20-04-2025,Manufacturing,Industrial Robotic Arm,5862000,586200,5275800,24,7.75,637,68.3,REQUIRE_COLLATERAL,Performing
EQF-2025-01751,20-04-2025,Construction,Tower Crane,6489000,1622250,4866750,36,8.37,673,63.4,STRUCTURED_LEASE,Performing
EQF-2025-01752,20-04-2025,Manufacturing,Injection Molding Press,2316000,463200,1852800,48,7.71,741,54,STRUCTURED_LEASE,Performing
EQF-2025-01753,20-04-2025,Manufacturing,CNC Milling Unit,4075000,1018750,3056250,24,10.54,813,48.5,STRUCTURED_LEASE,Performing
EQF-2025-01754,20-04-2025,Manufacturing,Injection Molding Press,1678000,419500,1258500,36,12.18,850,35.9,AUTO_APPROVE,Performing
EQF-2025-01755,20-04-2025,IT & Enterprise Tech,Automated Storage Array,4142000,828400,3313600,36,10.96,622,79.6,REQUIRE_COLLATERAL,Performing
EQF-2025-01756,20-04-2025,Logistics & Fleet,Forklift Fleet,4592000,918400,3673600,36,10.62,751,53.7,STRUCTURED_LEASE,Performing
EQF-2025-01757,20-04-2025,IT & Enterprise Tech,Automated Storage Array,5401000,810150,4590850,48,9,708,73.2,REQUIRE_COLLATERAL,Performing
EQF-2025-01758,20-04-2025,Construction,Hydraulic Excavator,8446000,1689200,6756800,48,9.79,693,69.1,REQUIRE_COLLATERAL,Performing
EQF-2025-01759,20-04-2025,Manufacturing,Injection Molding Press,4760000,476000,4284000,36,7.89,691,59.1,STRUCTURED_LEASE,Performing
EQF-2025-01760,20-04-2025,Construction,Tower Crane,6852000,1713000,5139000,36,7.55,629,67.4,REQUIRE_COLLATERAL,Performing
EQF-2025-01761,21-04-2025,Construction,Bulldozer,3664000,549600,3114400,24,7.32,818,28.7,AUTO_APPROVE,Performing
EQF-2025-01762,21-04-2025,Logistics & Fleet,Forklift Fleet,2496000,499200,1996800,48,7.67,574,84.8,REJECT,Performing
EQF-2025-01763,21-04-2025,Manufacturing,CNC Milling Unit,2814000,703500,2110500,24,10.53,700,64.4,STRUCTURED_LEASE,Performing
EQF-2025-01764,21-04-2025,Construction,Hydraulic Excavator,9480000,948000,8532000,48,10.7,807,45.3,STRUCTURED_LEASE,Performing
EQF-2025-01765,21-04-2025,Manufacturing,Industrial Robotic Arm,7903000,790300,7112700,48,8.15,724,49.6,STRUCTURED_LEASE,Performing
EQF-2025-01766,21-04-2025,Healthcare,Surgical Robot,9906000,1485900,8420100,48,9.94,666,85.1,REJECT,60_Days_Past_Due
EQF-2025-01767,21-04-2025,Logistics & Fleet,Forklift Fleet,3966000,396600,3569400,48,11.21,669,89.6,REJECT,Performing
EQF-2025-01768,21-04-2025,Construction,Bulldozer,3532000,883000,2649000,60,9.27,767,57.9,STRUCTURED_LEASE,60_Days_Past_Due
EQF-2025-01769,21-04-2025,Healthcare,Digital X-Ray System,10694000,2138800,8555200,60,8.38,690,79.3,REQUIRE_COLLATERAL,Performing
EQF-2025-01770,21-04-2025,Healthcare,MRI Scanner,11731000,1173100,10557900,48,8.88,707,66.5,REQUIRE_COLLATERAL,Performing
EQF-2025-01771,21-04-2025,Construction,Tower Crane,6349000,1269800,5079200,36,11.65,750,48.7,STRUCTURED_LEASE,Performing
EQF-2025-01772,21-04-2025,Logistics & Fleet,Forklift Fleet,2124000,531000,1593000,60,9.4,770,55,STRUCTURED_LEASE,Performing
EQF-2025-01773,21-04-2025,IT & Enterprise Tech,Enterprise Server Rack,5362000,1340500,4021500,24,12.7,673,70.9,REQUIRE_COLLATERAL,Performing
EQF-2025-01774,21-04-2025,IT & Enterprise Tech,Enterprise Server Rack,4663000,932600,3730400,48,8.5,621,76,REQUIRE_COLLATERAL,Performing
EQF-2025-01775,21-04-2025,Logistics & Fleet,Electric Delivery Van,4619000,1154750,3464250,48,8.74,644,79,REQUIRE_COLLATERAL,Performing
EQF-2025-01776,21-04-2025,Healthcare,MRI Scanner,13002000,1950300,11051700,60,7.39,799,41.8,STRUCTURED_LEASE,Performing
EQF-2025-01777,22-04-2025,Logistics & Fleet,Heavy Duty Hauler,4963000,496300,4466700,60,11.11,714,73.3,REQUIRE_COLLATERAL,30_Days_Past_Due
EQF-2025-01778,22-04-2025,Healthcare,Surgical Robot,6114000,917100,5196900,24,9.64,628,80.9,REJECT,Default
EQF-2025-01779,22-04-2025,Healthcare,Surgical Robot,4954000,743100,4210900,48,8.15,649,85,REJECT,Performing
EQF-2025-01780,22-04-2025,Logistics & Fleet,Heavy Duty Hauler,2481000,372150,2108850,24,8.96,785,41,STRUCTURED_LEASE,60_Days_Past_Due
EQF-2025-01781,22-04-2025,Manufacturing,CNC Milling Unit,2403000,480600,1922400,24,10.23,715,53.8,STRUCTURED_LEASE,30_Days_Past_Due
EQF-2025-01782,22-04-2025,IT & Enterprise Tech,Edge AI Compute Cluster,3520000,704000,2816000,36,8.26,601,81.1,REJECT,Performing
EQF-2025-01783,22-04-2025,Construction,Tower Crane,7881000,1970250,5910750,24,10.01,638,73.8,REQUIRE_COLLATERAL,60_Days_Past_Due
EQF-2025-01784,22-04-2025,Construction,Hydraulic Excavator,7415000,1483000,5932000,48,10.85,784,64.3,STRUCTURED_LEASE,Performing
EQF-2025-01785,22-04-2025,Logistics & Fleet,Forklift Fleet,2185000,546250,1638750,60,8.85,673,75.9,REQUIRE_COLLATERAL,30_Days_Past_Due
EQF-2025-01786,22-04-2025,IT & Enterprise Tech,Enterprise Server Rack,5526000,1105200,4420800,48,7,846,33.2,AUTO_APPROVE,Performing
EQF-2025-01787,22-04-2025,Construction,Hydraulic Excavator,2680000,670000,2010000,36,9.09,834,39.8,AUTO_APPROVE,Performing
EQF-2025-01788,22-04-2025,Construction,Bulldozer,5458000,545800,4912200,48,8.74,806,50.2,STRUCTURED_LEASE,Performing
EQF-2025-01789,22-04-2025,Manufacturing,Injection Molding Press,6533000,1633250,4899750,60,7.63,742,59.6,STRUCTURED_LEASE,Performing
EQF-2025-01790,22-04-2025,Construction,Tower Crane,9019000,901900,8117100,48,10.38,777,51.5,STRUCTURED_LEASE,Performing
EQF-2025-01791,22-04-2025,Manufacturing,Industrial Robotic Arm,4413000,1103250,3309750,48,10.44,706,66.6,REQUIRE_COLLATERAL,Performing
EQF-2025-01792,22-04-2025,Logistics & Fleet,Electric Delivery Van,1264000,252800,1011200,60,9.83,708,64.5,STRUCTURED_LEASE,Performing
EQF-2025-01793,23-04-2025,Construction,Tower Crane,7753000,1550600,6202400,36,8.85,631,82.9,REJECT,Performing
EQF-2025-01794,23-04-2025,Logistics & Fleet,Forklift Fleet,1440000,144000,1296000,60,9.7,707,84.5,REJECT,Default
EQF-2025-01795,23-04-2025,Manufacturing,CNC Milling Unit,2255000,338250,1916750,60,8.52,627,92.6,REJECT,Default
EQF-2025-01796,23-04-2025,Manufacturing,Industrial Robotic Arm,6052000,907800,5144200,60,10.53,710,72.1,REQUIRE_COLLATERAL,60_Days_Past_Due
EQF-2025-01797,23-04-2025,Logistics & Fleet,Electric Delivery Van,2387000,596750,1790250,36,8.84,631,72,REQUIRE_COLLATERAL,Performing
EQF-2025-01798,23-04-2025,Manufacturing,Injection Molding Press,3936000,787200,3148800,60,9.12,653,78.6,REQUIRE_COLLATERAL,Performing
EQF-2025-01799,23-04-2025,Manufacturing,Injection Molding Press,4908000,736200,4171800,36,9.25,550,99,REJECT,60_Days_Past_Due
EQF-2025-01800,23-04-2025,Manufacturing,CNC Milling Unit,8350000,1670000,6680000,48,14.4,659,86.4,REJECT,Performing
EQF-2025-01801,23-04-2025,IT & Enterprise Tech,Enterprise Server Rack,5820000,1164000,4656000,48,7.97,663,72.4,REQUIRE_COLLATERAL,Performing
EQF-2025-01802,23-04-2025,Logistics & Fleet,Forklift Fleet,2782000,556400,2225600,24,8.79,689,63.9,STRUCTURED_LEASE,Performing
EQF-2025-01803,23-04-2025,Healthcare,Digital X-Ray System,6920000,1730000,5190000,36,7.1,787,41.3,STRUCTURED_LEASE,60_Days_Past_Due
EQF-2025-01804,23-04-2025,Healthcare,Digital X-Ray System,7329000,732900,6596100,48,9.88,706,79.4,REQUIRE_COLLATERAL,60_Days_Past_Due
EQF-2025-01805,23-04-2025,Healthcare,Digital X-Ray System,6957000,1739250,5217750,48,12.1,770,70,REQUIRE_COLLATERAL,30_Days_Past_Due
EQF-2025-01806,23-04-2025,Logistics & Fleet,Heavy Duty Hauler,3223000,483450,2739550,48,9.16,772,50.2,STRUCTURED_LEASE,Performing
EQF-2025-01807,23-04-2025,Logistics & Fleet,Electric Delivery Van,3506000,350600,3155400,36,8.54,801,45.5,STRUCTURED_LEASE,Performing
EQF-2025-01808,23-04-2025,Manufacturing,Industrial Robotic Arm,4921000,738150,4182850,48,9.41,651,71.9,REQUIRE_COLLATERAL,60_Days_Past_Due
EQF-2025-01809,24-04-2025,Manufacturing,Injection Molding Press,4356000,435600,3920400,24,11.05,633,84,REJECT,Performing
EQF-2025-01810,24-04-2025,Manufacturing,Industrial Robotic Arm,2979000,297900,2681100,48,11.57,702,74.8,REQUIRE_COLLATERAL,Performing
EQF-2025-01811,24-04-2025,Logistics & Fleet,Forklift Fleet,3034000,758500,2275500,36,7.93,642,69.5,REQUIRE_COLLATERAL,Performing
EQF-2025-01812,24-04-2025,Logistics & Fleet,Electric Delivery Van,2496000,499200,1996800,48,10.49,695,77.3,REQUIRE_COLLATERAL,Default
EQF-2025-01813,24-04-2025,Healthcare,MRI Scanner,9958000,1991600,7966400,36,9.35,648,70.7,REQUIRE_COLLATERAL,Performing
EQF-2025-01814,24-04-2025,Manufacturing,Industrial Robotic Arm,6226000,622600,5603400,60,11.66,630,91.4,REJECT,Performing
EQF-2025-01815,24-04-2025,Manufacturing,Industrial Robotic Arm,5933000,1483250,4449750,48,12.94,733,69.3,REQUIRE_COLLATERAL,30_Days_Past_Due
EQF-2025-01816,24-04-2025,IT & Enterprise Tech,Automated Storage Array,3205000,480750,2724250,48,12.23,831,37,AUTO_APPROVE,Performing
EQF-2025-01817,24-04-2025,Healthcare,Surgical Robot,10117000,1517550,8599450,36,8.02,693,63.8,STRUCTURED_LEASE,60_Days_Past_Due
EQF-2025-01818,24-04-2025,Logistics & Fleet,Forklift Fleet,2282000,456400,1825600,48,8.24,728,54.9,STRUCTURED_LEASE,Performing
EQF-2025-01819,24-04-2025,Construction,Tower Crane,2706000,541200,2164800,36,12.04,714,65.1,REQUIRE_COLLATERAL,60_Days_Past_Due
EQF-2025-01820,24-04-2025,Healthcare,Digital X-Ray System,10875000,1631250,9243750,24,9.34,707,58.7,STRUCTURED_LEASE,Performing
EQF-2025-01821,24-04-2025,Manufacturing,CNC Milling Unit,3268000,490200,2777800,48,8.35,802,34.9,AUTO_APPROVE,Performing
EQF-2025-01822,24-04-2025,Manufacturing,Industrial Robotic Arm,6183000,1545750,4637250,48,7.46,692,63,STRUCTURED_LEASE,30_Days_Past_Due
EQF-2025-01823,24-04-2025,Construction,Hydraulic Excavator,8850000,1327500,7522500,36,9.71,550,97.3,REJECT,60_Days_Past_Due
EQF-2025-01824,24-04-2025,Logistics & Fleet,Forklift Fleet,4681000,1170250,3510750,36,8.88,652,72.1,REQUIRE_COLLATERAL,Performing
EQF-2025-01825,25-04-2025,Construction,Bulldozer,10644000,2128800,8515200,48,10.09,716,61.3,STRUCTURED_LEASE,Performing
EQF-2025-01826,25-04-2025,Construction,Bulldozer,2589000,388350,2200650,48,9.79,703,61.5,STRUCTURED_LEASE,Performing
EQF-2025-01827,25-04-2025,Manufacturing,CNC Milling Unit,8433000,1686600,6746400,36,7.68,695,56.7,STRUCTURED_LEASE,Performing
EQF-2025-01828,25-04-2025,IT & Enterprise Tech,Edge AI Compute Cluster,4352000,435200,3916800,60,8.27,676,64.8,STRUCTURED_LEASE,Performing
EQF-2025-01829,25-04-2025,Logistics & Fleet,Forklift Fleet,3645000,364500,3280500,60,10.92,715,67.5,REQUIRE_COLLATERAL,Performing
EQF-2025-01830,25-04-2025,Healthcare,Digital X-Ray System,4167000,416700,3750300,36,11.05,843,42.8,STRUCTURED_LEASE,Performing
EQF-2025-01831,25-04-2025,IT & Enterprise Tech,Edge AI Compute Cluster,5278000,791700,4486300,36,8.94,688,58.4,STRUCTURED_LEASE,Performing
EQF-2025-01832,25-04-2025,Construction,Bulldozer,3737000,747400,2989600,48,9.76,850,40.4,STRUCTURED_LEASE,Performing
EQF-2025-01833,25-04-2025,Construction,Hydraulic Excavator,9617000,1442550,8174450,60,7.94,740,53,STRUCTURED_LEASE,Performing
EQF-2025-01834,25-04-2025,Logistics & Fleet,Electric Delivery Van,1259000,251800,1007200,48,9.42,666,78.1,REQUIRE_COLLATERAL,Performing
EQF-2025-01835,25-04-2025,Logistics & Fleet,Forklift Fleet,3655000,913750,2741250,36,11.16,766,67,REQUIRE_COLLATERAL,30_Days_Past_Due
EQF-2025-01836,25-04-2025,Logistics & Fleet,Electric Delivery Van,2852000,427800,2424200,36,12,551,99,REJECT,Default
EQF-2025-01837,25-04-2025,Manufacturing,Industrial Robotic Arm,2905000,290500,2614500,36,9.31,709,61.3,STRUCTURED_LEASE,Performing
EQF-2025-01838,25-04-2025,Healthcare,Digital X-Ray System,5183000,1295750,3887250,48,9.03,743,57,STRUCTURED_LEASE,Performing
EQF-2025-01839,25-04-2025,IT & Enterprise Tech,Edge AI Compute Cluster,3089000,617800,2471200,36,7.35,744,54.7,STRUCTURED_LEASE,Performing
EQF-2025-01840,25-04-2025,Manufacturing,Industrial Robotic Arm,2363000,354450,2008550,48,8.6,751,57.1,STRUCTURED_LEASE,Performing
EQF-2025-01841,26-04-2025,Healthcare,MRI Scanner,9351000,1870200,7480800,24,9.4,757,49.7,STRUCTURED_LEASE,Performing
EQF-2025-01842,26-04-2025,Healthcare,MRI Scanner,10877000,2175400,8701600,36,9.24,729,55.4,STRUCTURED_LEASE,Performing
EQF-2025-01843,26-04-2025,Healthcare,Surgical Robot,13101000,1965150,11135850,24,8.65,756,48.6,STRUCTURED_LEASE,30_Days_Past_Due
EQF-2025-01844,26-04-2025,Construction,Hydraulic Excavator,8269000,1240350,7028650,24,11.28,673,62,STRUCTURED_LEASE,Performing
EQF-2025-01845,26-04-2025,IT & Enterprise Tech,Enterprise Server Rack,1139000,227800,911200,60,10.12,786,51.4,STRUCTURED_LEASE,Performing
EQF-2025-01846,26-04-2025,Manufacturing,CNC Milling Unit,3652000,730400,2921600,36,9.25,680,77.5,REQUIRE_COLLATERAL,60_Days_Past_Due
EQF-2025-01847,26-04-2025,Manufacturing,Industrial Robotic Arm,3516000,879000,2637000,48,10.53,785,56.2,STRUCTURED_LEASE,30_Days_Past_Due
EQF-2025-01848,26-04-2025,Manufacturing,Industrial Robotic Arm,7905000,790500,7114500,24,9.46,708,58.6,STRUCTURED_LEASE,Performing
EQF-2025-01849,26-04-2025,IT & Enterprise Tech,Automated Storage Array,5312000,1062400,4249600,36,11.83,724,59.1,STRUCTURED_LEASE,Performing
EQF-2025-01850,26-04-2025,Construction,Bulldozer,5646000,564600,5081400,36,8.31,767,57.4,STRUCTURED_LEASE,Performing
EQF-2025-01851,26-04-2025,Healthcare,Surgical Robot,4783000,1195750,3587250,24,9.99,807,35.5,AUTO_APPROVE,Performing
EQF-2025-01852,26-04-2025,Logistics & Fleet,Electric Delivery Van,4598000,459800,4138200,24,7,712,48.2,STRUCTURED_LEASE,Performing
EQF-2025-01853,26-04-2025,IT & Enterprise Tech,Enterprise Server Rack,5419000,541900,4877100,60,8.91,724,66.2,REQUIRE_COLLATERAL,Performing
EQF-2025-01854,26-04-2025,Logistics & Fleet,Heavy Duty Hauler,4448000,1112000,3336000,24,9.73,550,91.9,REJECT,60_Days_Past_Due
EQF-2025-01855,26-04-2025,IT & Enterprise Tech,Edge AI Compute Cluster,5194000,1038800,4155200,24,9.02,653,60.3,STRUCTURED_LEASE,Performing
EQF-2025-01856,26-04-2025,Healthcare,Surgical Robot,9283000,928300,8354700,48,7.84,611,77,REQUIRE_COLLATERAL,Performing
EQF-2025-01857,27-04-2025,Logistics & Fleet,Forklift Fleet,1874000,374800,1499200,36,8.46,683,65.2,REQUIRE_COLLATERAL,Performing
EQF-2025-01858,27-04-2025,Construction,Bulldozer,6559000,1311800,5247200,48,7.99,666,66.8,REQUIRE_COLLATERAL,Performing
EQF-2025-01859,27-04-2025,Logistics & Fleet,Electric Delivery Van,3079000,461850,2617150,24,9.32,658,62.2,STRUCTURED_LEASE,Performing
EQF-2025-01860,27-04-2025,Logistics & Fleet,Forklift Fleet,3062000,612400,2449600,36,10.68,642,72.7,REQUIRE_COLLATERAL,Performing
EQF-2025-01861,27-04-2025,Logistics & Fleet,Forklift Fleet,3247000,649400,2597600,48,8.98,744,56.5,STRUCTURED_LEASE,Performing
EQF-2025-01862,27-04-2025,Logistics & Fleet,Electric Delivery Van,2179000,217900,1961100,60,12.21,593,99,REJECT,Performing
EQF-2025-01863,27-04-2025,Manufacturing,CNC Milling Unit,4064000,812800,3251200,24,9.84,639,79.5,REQUIRE_COLLATERAL,Performing
EQF-2025-01864,27-04-2025,Construction,Tower Crane,6191000,1238200,4952800,36,7,712,50.5,STRUCTURED_LEASE,Performing
EQF-2025-01865,27-04-2025,IT & Enterprise Tech,Edge AI Compute Cluster,1482000,222300,1259700,24,10,773,45.2,STRUCTURED_LEASE,Performing
EQF-2025-01866,27-04-2025,IT & Enterprise Tech,Edge AI Compute Cluster,3168000,475200,2692800,36,9.42,649,72.4,REQUIRE_COLLATERAL,Performing
EQF-2025-01867,27-04-2025,Manufacturing,Industrial Robotic Arm,7173000,717300,6455700,60,11.57,778,62.1,STRUCTURED_LEASE,Performing
EQF-2025-01868,27-04-2025,Manufacturing,CNC Milling Unit,7296000,729600,6566400,24,9.47,550,94.1,REJECT,Performing
EQF-2025-01869,27-04-2025,Manufacturing,Injection Molding Press,4381000,657150,3723850,60,9.12,710,70.6,REQUIRE_COLLATERAL,30_Days_Past_Due
EQF-2025-01870,27-04-2025,Logistics & Fleet,Electric Delivery Van,3171000,475650,2695350,36,12.61,729,71.3,REQUIRE_COLLATERAL,30_Days_Past_Due
EQF-2025-01871,27-04-2025,Logistics & Fleet,Heavy Duty Hauler,1328000,332000,996000,60,7,645,79.5,REQUIRE_COLLATERAL,30_Days_Past_Due
EQF-2025-01872,27-04-2025,Manufacturing,Injection Molding Press,6221000,1244200,4976800,48,8.98,624,89.4,REJECT,Default
EQF-2025-01873,28-04-2025,Construction,Bulldozer,5939000,593900,5345100,60,9.9,718,62.3,STRUCTURED_LEASE,Performing
EQF-2025-01874,28-04-2025,Logistics & Fleet,Forklift Fleet,2893000,289300,2603700,36,8.9,707,54.5,STRUCTURED_LEASE,Performing
EQF-2025-01875,28-04-2025,Logistics & Fleet,Electric Delivery Van,4520000,904000,3616000,48,7,657,78.9,REQUIRE_COLLATERAL,Performing
EQF-2025-01876,28-04-2025,Construction,Tower Crane,6426000,1285200,5140800,48,10.11,691,73,REQUIRE_COLLATERAL,Performing
EQF-2025-01877,28-04-2025,Construction,Bulldozer,2680000,268000,2412000,48,8.81,670,76.4,REQUIRE_COLLATERAL,Performing
EQF-2025-01878,28-04-2025,Construction,Bulldozer,4434000,665100,3768900,48,9.3,791,53.7,STRUCTURED_LEASE,Performing
EQF-2025-01879,28-04-2025,Healthcare,Surgical Robot,9232000,1384800,7847200,48,11.39,754,56.8,STRUCTURED_LEASE,Performing
EQF-2025-01880,28-04-2025,Construction,Bulldozer,6107000,1221400,4885600,60,9.96,722,65,REQUIRE_COLLATERAL,Performing
EQF-2025-01881,28-04-2025,Logistics & Fleet,Forklift Fleet,4469000,446900,4022100,36,8.57,832,37.7,AUTO_APPROVE,Performing
EQF-2025-01882,28-04-2025,IT & Enterprise Tech,Automated Storage Array,3619000,723800,2895200,48,10.09,777,50.9,STRUCTURED_LEASE,Performing
EQF-2025-01883,28-04-2025,Construction,Hydraulic Excavator,8362000,1254300,7107700,60,8.86,790,47.9,STRUCTURED_LEASE,Performing
EQF-2025-01884,28-04-2025,Logistics & Fleet,Forklift Fleet,2983000,745750,2237250,36,9.04,812,32.7,AUTO_APPROVE,Performing
EQF-2025-01885,28-04-2025,Manufacturing,Industrial Robotic Arm,4578000,1144500,3433500,36,10.64,699,71.9,REQUIRE_COLLATERAL,Performing
EQF-2025-01886,28-04-2025,Construction,Tower Crane,6293000,943950,5349050,60,8.54,630,82.5,REJECT,Performing
EQF-2025-01887,28-04-2025,Manufacturing,Industrial Robotic Arm,4376000,875200,3500800,36,10.34,594,94.3,REJECT,Performing
EQF-2025-01888,28-04-2025,Manufacturing,Injection Molding Press,5270000,1317500,3952500,36,9.15,758,53.6,STRUCTURED_LEASE,Performing
EQF-2025-01889,29-04-2025,Logistics & Fleet,Electric Delivery Van,2152000,322800,1829200,36,8.74,647,81.7,REJECT,Performing
EQF-2025-01890,29-04-2025,IT & Enterprise Tech,Enterprise Server Rack,5433000,543300,4889700,60,8.74,850,28.8,AUTO_APPROVE,Performing
EQF-2025-01891,29-04-2025,Manufacturing,Injection Molding Press,3832000,766400,3065600,60,8.58,655,65.4,REQUIRE_COLLATERAL,Performing
EQF-2025-01892,29-04-2025,Healthcare,Digital X-Ray System,5623000,1124600,4498400,60,9.63,644,93.3,REJECT,Default
EQF-2025-01893,29-04-2025,Logistics & Fleet,Heavy Duty Hauler,1567000,391750,1175250,48,9.09,760,59.3,STRUCTURED_LEASE,Performing
EQF-2025-01894,29-04-2025,Manufacturing,CNC Milling Unit,1594000,318800,1275200,48,11.55,761,54.3,STRUCTURED_LEASE,Performing
EQF-2025-01895,29-04-2025,Construction,Tower Crane,6094000,1523500,4570500,36,8.17,826,29.9,AUTO_APPROVE,Performing
EQF-2025-01896,29-04-2025,Logistics & Fleet,Heavy Duty Hauler,1913000,478250,1434750,24,10.31,693,64.7,STRUCTURED_LEASE,Performing
EQF-2025-01897,29-04-2025,Construction,Tower Crane,2684000,402600,2281400,24,11.21,785,45.2,STRUCTURED_LEASE,Performing
EQF-2025-01898,29-04-2025,Manufacturing,CNC Milling Unit,5140000,1285000,3855000,24,12.1,699,63.7,STRUCTURED_LEASE,Performing
EQF-2025-01899,29-04-2025,Healthcare,Surgical Robot,11480000,1148000,10332000,60,8.28,745,55.1,STRUCTURED_LEASE,Performing
EQF-2025-01900,29-04-2025,Logistics & Fleet,Forklift Fleet,1526000,305200,1220800,48,11.04,696,70.2,REQUIRE_COLLATERAL,Performing
EQF-2025-01901,29-04-2025,Construction,Bulldozer,6418000,1604500,4813500,48,9.81,834,42,STRUCTURED_LEASE,Performing
EQF-2025-01902,29-04-2025,Manufacturing,Injection Molding Press,6705000,1341000,5364000,60,11.08,850,42.5,STRUCTURED_LEASE,30_Days_Past_Due
EQF-2025-01903,29-04-2025,Logistics & Fleet,Forklift Fleet,4946000,1236500,3709500,60,8.53,632,82.3,REJECT,60_Days_Past_Due
EQF-2025-01904,29-04-2025,Manufacturing,Industrial Robotic Arm,6170000,925500,5244500,48,9.33,793,44.1,STRUCTURED_LEASE,Performing
EQF-2025-01905,30-04-2025,Logistics & Fleet,Forklift Fleet,2130000,213000,1917000,36,8.95,649,85.4,REJECT,Performing
EQF-2025-01906,30-04-2025,Manufacturing,Injection Molding Press,6516000,1303200,5212800,36,8.82,785,41.6,STRUCTURED_LEASE,Performing
EQF-2025-01907,30-04-2025,IT & Enterprise Tech,Automated Storage Array,3909000,586350,3322650,48,9.56,816,45.5,STRUCTURED_LEASE,Performing
EQF-2025-01908,30-04-2025,Healthcare,Surgical Robot,6330000,1266000,5064000,36,13.24,647,96.9,REJECT,60_Days_Past_Due
EQF-2025-01909,30-04-2025,Healthcare,MRI Scanner,13362000,2004300,11357700,36,10.5,630,85.8,REJECT,Performing
EQF-2025-01910,30-04-2025,Manufacturing,Injection Molding Press,4492000,449200,4042800,60,8.97,677,78.2,REQUIRE_COLLATERAL,Performing
EQF-2025-01911,30-04-2025,Healthcare,Surgical Robot,14582000,3645500,10936500,36,9.06,785,51.2,STRUCTURED_LEASE,Performing
EQF-2025-01912,30-04-2025,IT & Enterprise Tech,Edge AI Compute Cluster,4559000,683850,3875150,36,10.34,740,64.7,STRUCTURED_LEASE,30_Days_Past_Due
EQF-2025-01913,30-04-2025,IT & Enterprise Tech,Enterprise Server Rack,4152000,830400,3321600,48,9.22,693,69.1,REQUIRE_COLLATERAL,Performing
EQF-2025-01914,30-04-2025,Healthcare,Digital X-Ray System,12012000,2402400,9609600,48,9.23,756,48.7,STRUCTURED_LEASE,Performing
EQF-2025-01915,30-04-2025,Healthcare,Surgical Robot,9259000,1388850,7870150,36,7.84,691,62.3,STRUCTURED_LEASE,Performing
EQF-2025-01916,30-04-2025,Logistics & Fleet,Electric Delivery Van,3120000,312000,2808000,36,9.43,718,63.5,STRUCTURED_LEASE,Performing
EQF-2025-01917,30-04-2025,IT & Enterprise Tech,Edge AI Compute Cluster,5226000,522600,4703400,60,7,745,54.8,STRUCTURED_LEASE,30_Days_Past_Due
EQF-2025-01918,30-04-2025,Construction,Bulldozer,8288000,2072000,6216000,36,7,741,49,STRUCTURED_LEASE,Performing
EQF-2025-01919,30-04-2025,Healthcare,MRI Scanner,13870000,3467500,10402500,48,8.97,819,49,STRUCTURED_LEASE,Performing
EQF-2025-01920,30-04-2025,Healthcare,MRI Scanner,13799000,2759800,11039200,36,10.49,631,86,REJECT,Performing
EQF-2025-01921,01-05-2025,Logistics & Fleet,Electric Delivery Van,4911000,982200,3928800,36,11.92,771,57.4,STRUCTURED_LEASE,Performing
EQF-2025-01922,01-05-2025,Manufacturing,Injection Molding Press,6402000,1600500,4801500,36,10.1,648,72.3,REQUIRE_COLLATERAL,30_Days_Past_Due
EQF-2025-01923,01-05-2025,Construction,Tower Crane,6770000,1692500,5077500,48,10.3,683,72.6,REQUIRE_COLLATERAL,Performing
EQF-2025-01924,01-05-2025,Healthcare,Digital X-Ray System,5829000,1457250,4371750,60,9.67,699,74.4,REQUIRE_COLLATERAL,Performing
EQF-2025-01925,01-05-2025,Logistics & Fleet,Electric Delivery Van,3880000,582000,3298000,36,10.76,682,74.7,REQUIRE_COLLATERAL,Performing
EQF-2025-01926,01-05-2025,Manufacturing,Injection Molding Press,3541000,885250,2655750,24,9.82,622,86.9,REJECT,Performing
EQF-2025-01927,01-05-2025,Construction,Bulldozer,4905000,735750,4169250,24,10.06,680,70.1,REQUIRE_COLLATERAL,Performing
EQF-2025-01928,01-05-2025,Construction,Hydraulic Excavator,4525000,678750,3846250,48,7.15,727,54.5,STRUCTURED_LEASE,30_Days_Past_Due
EQF-2025-01929,01-05-2025,Construction,Bulldozer,9939000,2484750,7454250,36,9.89,701,74.7,REQUIRE_COLLATERAL,Performing
EQF-2025-01930,01-05-2025,Manufacturing,Industrial Robotic Arm,7576000,757600,6818400,24,9.53,805,36.7,AUTO_APPROVE,Performing
EQF-2025-01931,01-05-2025,Construction,Tower Crane,7863000,786300,7076700,36,8.88,702,67.5,REQUIRE_COLLATERAL,Performing
EQF-2025-01932,01-05-2025,Construction,Hydraulic Excavator,6520000,1304000,5216000,48,8.99,710,62.1,STRUCTURED_LEASE,Performing
EQF-2025-01933,01-05-2025,Construction,Bulldozer,8213000,2053250,6159750,60,7.5,721,59,STRUCTURED_LEASE,Performing
EQF-2025-01934,01-05-2025,Construction,Tower Crane,7661000,1532200,6128800,48,10.31,701,63.1,STRUCTURED_LEASE,30_Days_Past_Due
EQF-2025-01935,01-05-2025,Logistics & Fleet,Heavy Duty Hauler,2780000,695000,2085000,36,9.85,741,50,STRUCTURED_LEASE,Performing
EQF-2025-01936,01-05-2025,Logistics & Fleet,Heavy Duty Hauler,2643000,528600,2114400,36,9.6,676,67.8,REQUIRE_COLLATERAL,Performing
EQF-2025-01937,02-05-2025,Healthcare,Digital X-Ray System,8211000,1231650,6979350,36,9.85,634,86.5,REJECT,60_Days_Past_Due
EQF-2025-01938,02-05-2025,Logistics & Fleet,Electric Delivery Van,3439000,859750,2579250,24,7.63,705,57.2,STRUCTURED_LEASE,Performing
EQF-2025-01939,02-05-2025,Construction,Bulldozer,8005000,800500,7204500,48,12.14,735,57.5,STRUCTURED_LEASE,Performing
EQF-2025-01940,02-05-2025,Manufacturing,CNC Milling Unit,4662000,1165500,3496500,36,10.91,720,67.6,REQUIRE_COLLATERAL,Performing
EQF-2025-01941,02-05-2025,Manufacturing,Industrial Robotic Arm,8281000,1656200,6624800,36,10.43,652,77.3,REQUIRE_COLLATERAL,Performing
EQF-2025-01942,02-05-2025,Healthcare,MRI Scanner,4922000,984400,3937600,48,11.73,720,76.4,REQUIRE_COLLATERAL,Performing
EQF-2025-01943,02-05-2025,Logistics & Fleet,Forklift Fleet,2519000,503800,2015200,48,9.82,754,54.7,STRUCTURED_LEASE,Performing
EQF-2025-01944,02-05-2025,Logistics & Fleet,Electric Delivery Van,2792000,558400,2233600,48,9.08,723,57.8,STRUCTURED_LEASE,Performing
EQF-2025-01945,02-05-2025,Logistics & Fleet,Forklift Fleet,1264000,252800,1011200,48,9.91,663,86,REJECT,Performing
EQF-2025-01946,02-05-2025,Construction,Hydraulic Excavator,5602000,1120400,4481600,48,11.79,714,75.3,REQUIRE_COLLATERAL,60_Days_Past_Due
EQF-2025-01947,02-05-2025,Healthcare,Surgical Robot,7011000,701100,6309900,48,8.16,820,30.4,AUTO_APPROVE,Performing
EQF-2025-01948,02-05-2025,Manufacturing,Injection Molding Press,5042000,1008400,4033600,48,11.77,642,87.9,REJECT,Performing
EQF-2025-01949,02-05-2025,Healthcare,MRI Scanner,7701000,770100,6930900,36,7.47,781,33.9,AUTO_APPROVE,Performing
EQF-2025-01950,02-05-2025,Healthcare,Surgical Robot,11988000,2997000,8991000,24,10.3,564,97.6,REJECT,60_Days_Past_Due
EQF-2025-01951,02-05-2025,Manufacturing,CNC Milling Unit,5070000,760500,4309500,60,11.02,674,75.4,REQUIRE_COLLATERAL,Performing
EQF-2025-01952,02-05-2025,Manufacturing,Industrial Robotic Arm,2408000,240800,2167200,60,10.47,682,71.7,REQUIRE_COLLATERAL,Performing
EQF-2025-01953,03-05-2025,Construction,Hydraulic Excavator,8876000,2219000,6657000,48,11.07,780,61.1,STRUCTURED_LEASE,Performing
EQF-2025-01954,03-05-2025,Logistics & Fleet,Heavy Duty Hauler,1577000,236550,1340450,48,9.31,825,42.5,STRUCTURED_LEASE,Performing
EQF-2025-01955,03-05-2025,IT & Enterprise Tech,Edge AI Compute Cluster,5163000,516300,4646700,36,7.59,782,46.1,STRUCTURED_LEASE,60_Days_Past_Due
EQF-2025-01956,03-05-2025,IT & Enterprise Tech,Enterprise Server Rack,5643000,564300,5078700,48,11.08,743,59.9,STRUCTURED_LEASE,Performing
EQF-2025-01957,03-05-2025,Construction,Tower Crane,5241000,1310250,3930750,60,12.27,779,60.2,STRUCTURED_LEASE,30_Days_Past_Due
EQF-2025-01958,03-05-2025,Healthcare,Digital X-Ray System,14188000,2837600,11350400,60,9.25,622,96.3,REJECT,60_Days_Past_Due
EQF-2025-01959,03-05-2025,Construction,Hydraulic Excavator,9241000,924100,8316900,36,10.52,768,53.6,STRUCTURED_LEASE,Performing
EQF-2025-01960,03-05-2025,Logistics & Fleet,Forklift Fleet,4705000,470500,4234500,36,8.26,638,87.3,REJECT,Performing
EQF-2025-01961,03-05-2025,Manufacturing,Injection Molding Press,6164000,1541000,4623000,36,8.15,661,69.3,REQUIRE_COLLATERAL,Performing
EQF-2025-01962,03-05-2025,Healthcare,Digital X-Ray System,6592000,1318400,5273600,36,9.66,735,62.2,STRUCTURED_LEASE,Performing
EQF-2025-01963,03-05-2025,Logistics & Fleet,Forklift Fleet,4599000,689850,3909150,36,8.41,629,83.5,REJECT,Performing
EQF-2025-01964,03-05-2025,Healthcare,Surgical Robot,6027000,1205400,4821600,48,9.64,789,50,STRUCTURED_LEASE,Performing
EQF-2025-01965,03-05-2025,Construction,Hydraulic Excavator,4311000,862200,3448800,24,14.05,710,75.7,REQUIRE_COLLATERAL,Performing
EQF-2025-01966,03-05-2025,Construction,Tower Crane,4804000,1201000,3603000,48,8.44,625,79.8,REQUIRE_COLLATERAL,30_Days_Past_Due
EQF-2025-01967,03-05-2025,Manufacturing,Industrial Robotic Arm,3630000,726000,2904000,48,10.01,808,50,STRUCTURED_LEASE,60_Days_Past_Due
EQF-2025-01968,03-05-2025,Healthcare,MRI Scanner,9659000,2414750,7244250,48,7,692,59.4,STRUCTURED_LEASE,Performing
EQF-2025-01969,04-05-2025,Healthcare,Surgical Robot,11848000,1777200,10070800,48,10.28,699,63.9,STRUCTURED_LEASE,Performing
EQF-2025-01970,04-05-2025,Manufacturing,Industrial Robotic Arm,7983000,798300,7184700,48,8.44,695,67.3,REQUIRE_COLLATERAL,Performing
EQF-2025-01971,04-05-2025,Manufacturing,Injection Molding Press,2119000,211900,1907100,48,9.94,550,99,REJECT,60_Days_Past_Due
EQF-2025-01972,04-05-2025,Logistics & Fleet,Electric Delivery Van,4827000,1206750,3620250,36,9.9,791,40,STRUCTURED_LEASE,30_Days_Past_Due
EQF-2025-01973,04-05-2025,Healthcare,Digital X-Ray System,14135000,3533750,10601250,60,9.71,711,73.8,REQUIRE_COLLATERAL,Performing
EQF-2025-01974,04-05-2025,Construction,Tower Crane,2959000,591800,2367200,36,8.08,719,65.2,REQUIRE_COLLATERAL,30_Days_Past_Due
EQF-2025-01975,04-05-2025,Healthcare,Digital X-Ray System,7964000,1592800,6371200,60,9.07,754,57.5,STRUCTURED_LEASE,Performing
EQF-2025-01976,04-05-2025,IT & Enterprise Tech,Automated Storage Array,5028000,502800,4525200,36,9.85,690,72.9,REQUIRE_COLLATERAL,30_Days_Past_Due
EQF-2025-01977,04-05-2025,Healthcare,Surgical Robot,10727000,1072700,9654300,24,9.14,637,71,REQUIRE_COLLATERAL,30_Days_Past_Due
EQF-2025-01978,04-05-2025,Healthcare,Surgical Robot,12570000,1257000,11313000,36,11.6,649,79.5,REQUIRE_COLLATERAL,30_Days_Past_Due
EQF-2025-01979,04-05-2025,IT & Enterprise Tech,Automated Storage Array,4539000,1134750,3404250,48,9.56,766,53.7,STRUCTURED_LEASE,Performing
EQF-2025-01980,04-05-2025,Logistics & Fleet,Heavy Duty Hauler,3088000,463200,2624800,36,8.01,709,63.6,STRUCTURED_LEASE,Performing
EQF-2025-01981,04-05-2025,Manufacturing,Industrial Robotic Arm,1789000,268350,1520650,48,10.15,775,52.8,STRUCTURED_LEASE,Performing
EQF-2025-01982,04-05-2025,Logistics & Fleet,Electric Delivery Van,3420000,855000,2565000,48,7,786,33.9,AUTO_APPROVE,Performing
EQF-2025-01983,04-05-2025,Construction,Tower Crane,2913000,582600,2330400,36,12.44,767,62.4,STRUCTURED_LEASE,Performing
EQF-2025-01984,04-05-2025,Construction,Hydraulic Excavator,7632000,1144800,6487200,48,7,791,43.3,STRUCTURED_LEASE,30_Days_Past_Due
EQF-2025-01985,05-05-2025,Manufacturing,Injection Molding Press,7103000,1420600,5682400,36,10.84,663,64.3,STRUCTURED_LEASE,Performing
EQF-2025-01986,05-05-2025,Manufacturing,Industrial Robotic Arm,5595000,559500,5035500,48,10.61,749,67.1,REQUIRE_COLLATERAL,Performing
EQF-2025-01987,05-05-2025,Logistics & Fleet,Forklift Fleet,4989000,498900,4490100,48,7.8,679,76.5,REQUIRE_COLLATERAL,Performing
EQF-2025-01988,05-05-2025,Construction,Bulldozer,6375000,1275000,5100000,36,10.34,638,74.8,REQUIRE_COLLATERAL,Performing
EQF-2025-01989,05-05-2025,Healthcare,MRI Scanner,12237000,1223700,11013300,60,8.47,739,54,STRUCTURED_LEASE,Performing
EQF-2025-01990,05-05-2025,Logistics & Fleet,Heavy Duty Hauler,3735000,933750,2801250,48,9.25,759,60.5,STRUCTURED_LEASE,Performing
EQF-2025-01991,05-05-2025,Logistics & Fleet,Forklift Fleet,4967000,993400,3973600,48,10.21,687,78.4,REQUIRE_COLLATERAL,Performing
EQF-2025-01992,05-05-2025,Manufacturing,Industrial Robotic Arm,6493000,1298600,5194400,48,9.43,713,67.7,REQUIRE_COLLATERAL,Performing
EQF-2025-01993,05-05-2025,Construction,Tower Crane,3894000,778800,3115200,60,8,755,54.3,STRUCTURED_LEASE,Performing
EQF-2025-01994,05-05-2025,Manufacturing,CNC Milling Unit,8189000,1228350,6960650,36,10.12,670,68.7,REQUIRE_COLLATERAL,30_Days_Past_Due
EQF-2025-01995,05-05-2025,Logistics & Fleet,Heavy Duty Hauler,3738000,747600,2990400,36,9.19,762,53.4,STRUCTURED_LEASE,Performing
EQF-2025-01996,05-05-2025,Logistics & Fleet,Heavy Duty Hauler,1425000,285000,1140000,36,9.33,651,71.9,REQUIRE_COLLATERAL,60_Days_Past_Due
EQF-2025-01997,05-05-2025,IT & Enterprise Tech,Enterprise Server Rack,4219000,843800,3375200,60,9.42,736,60.6,STRUCTURED_LEASE,Performing
EQF-2025-01998,05-05-2025,Manufacturing,CNC Milling Unit,7682000,1152300,6529700,36,7.48,631,79.4,REQUIRE_COLLATERAL,60_Days_Past_Due
EQF-2025-01999,05-05-2025,Manufacturing,CNC Milling Unit,5539000,553900,4985100,60,7.81,797,51.8,STRUCTURED_LEASE,Performing
EQF-2025-02000,05-05-2025,Healthcare,MRI Scanner,7894000,1184100,6709900,24,8.62,754,54.8,STRUCTURED_LEASE,Performing
EQF-2025-02001,06-05-2025,Healthcare,Digital X-Ray System,13030000,3257500,9772500,36,10.12,840,26.2,AUTO_APPROVE,Performing
EQF-2025-02002,06-05-2025,Manufacturing,CNC Milling Unit,6978000,1395600,5582400,36,8.11,649,70.4,REQUIRE_COLLATERAL,30_Days_Past_Due
EQF-2025-02003,06-05-2025,IT & Enterprise Tech,Enterprise Server Rack,3630000,907500,2722500,48,11.28,753,58.8,STRUCTURED_LEASE,30_Days_Past_Due
EQF-2025-02004,06-05-2025,Manufacturing,Industrial Robotic Arm,2581000,387150,2193850,60,9.8,708,70.7,REQUIRE_COLLATERAL,Default
EQF-2025-02005,06-05-2025,Healthcare,Digital X-Ray System,6761000,676100,6084900,36,10.05,614,78.5,REQUIRE_COLLATERAL,Performing
EQF-2025-02006,06-05-2025,Logistics & Fleet,Forklift Fleet,4006000,400600,3605400,48,9,717,66.3,REQUIRE_COLLATERAL,Performing
EQF-2025-02007,06-05-2025,Healthcare,MRI Scanner,12867000,2573400,10293600,36,7.11,746,58.8,STRUCTURED_LEASE,Performing
EQF-2025-02008,06-05-2025,Logistics & Fleet,Heavy Duty Hauler,2261000,226100,2034900,48,10.3,838,33.7,AUTO_APPROVE,Performing
EQF-2025-02009,06-05-2025,Manufacturing,CNC Milling Unit,4076000,611400,3464600,24,8.42,677,64.7,STRUCTURED_LEASE,Performing
EQF-2025-02010,06-05-2025,Construction,Hydraulic Excavator,3160000,474000,2686000,36,7.26,740,57.2,STRUCTURED_LEASE,Performing
EQF-2025-02011,06-05-2025,Manufacturing,Injection Molding Press,6494000,649400,5844600,48,8.25,729,58,STRUCTURED_LEASE,Performing
EQF-2025-02012,06-05-2025,Manufacturing,Industrial Robotic Arm,1525000,305000,1220000,48,9.38,698,64.8,STRUCTURED_LEASE,Performing
EQF-2025-02013,06-05-2025,IT & Enterprise Tech,Edge AI Compute Cluster,1042000,208400,833600,24,7,703,55.8,STRUCTURED_LEASE,Performing
EQF-2025-02014,06-05-2025,Manufacturing,CNC Milling Unit,1530000,229500,1300500,36,9,758,54.5,STRUCTURED_LEASE,Performing
EQF-2025-02015,06-05-2025,Construction,Hydraulic Excavator,7985000,798500,7186500,48,11.01,703,64.6,STRUCTURED_LEASE,Performing
EQF-2025-02016,06-05-2025,Healthcare,MRI Scanner,8591000,1288650,7302350,48,9.55,694,74.9,REQUIRE_COLLATERAL,30_Days_Past_Due
EQF-2025-02017,07-05-2025,Healthcare,Surgical Robot,7273000,1090950,6182050,60,11.3,677,79.9,REQUIRE_COLLATERAL,60_Days_Past_Due
EQF-2025-02018,07-05-2025,IT & Enterprise Tech,Automated Storage Array,5546000,1386500,4159500,48,8.9,612,83,REJECT,Performing
EQF-2025-02019,07-05-2025,Manufacturing,Industrial Robotic Arm,2850000,427500,2422500,60,11.23,770,52.6,STRUCTURED_LEASE,Performing
EQF-2025-02020,07-05-2025,Logistics & Fleet,Heavy Duty Hauler,2680000,536000,2144000,36,7.49,676,62.3,STRUCTURED_LEASE,Performing
EQF-2025-02021,07-05-2025,IT & Enterprise Tech,Enterprise Server Rack,5690000,569000,5121000,36,10.4,790,43.8,STRUCTURED_LEASE,Performing
EQF-2025-02022,07-05-2025,Construction,Hydraulic Excavator,6130000,613000,5517000,24,9.34,791,34.8,AUTO_APPROVE,Performing
EQF-2025-02023,07-05-2025,IT & Enterprise Tech,Enterprise Server Rack,3684000,921000,2763000,36,11.53,850,38.5,AUTO_APPROVE,Performing
EQF-2025-02024,07-05-2025,Manufacturing,Injection Molding Press,2062000,515500,1546500,48,8.88,738,59.3,STRUCTURED_LEASE,Performing
EQF-2025-02025,07-05-2025,Healthcare,Digital X-Ray System,12692000,2538400,10153600,48,7.92,746,59.6,STRUCTURED_LEASE,Performing
EQF-2025-02026,07-05-2025,Healthcare,Digital X-Ray System,8650000,2162500,6487500,36,10.26,749,59.2,STRUCTURED_LEASE,Performing
EQF-2025-02027,07-05-2025,Logistics & Fleet,Forklift Fleet,4242000,636300,3605700,48,11.97,726,64.8,STRUCTURED_LEASE,Performing
EQF-2025-02028,07-05-2025,IT & Enterprise Tech,Enterprise Server Rack,2120000,318000,1802000,48,9.85,786,48.6,STRUCTURED_LEASE,Performing
EQF-2025-02029,07-05-2025,Healthcare,Digital X-Ray System,8647000,1729400,6917600,48,9.44,704,63.6,STRUCTURED_LEASE,Performing
EQF-2025-02030,07-05-2025,Logistics & Fleet,Electric Delivery Van,4189000,418900,3770100,36,7.68,745,42.8,STRUCTURED_LEASE,Performing
EQF-2025-02031,07-05-2025,Manufacturing,Injection Molding Press,8317000,1663400,6653600,48,10.92,702,72.9,REQUIRE_COLLATERAL,Performing
EQF-2025-02032,07-05-2025,Construction,Hydraulic Excavator,3007000,751750,2255250,36,9.42,624,82.1,REJECT,Default
EQF-2025-02033,08-05-2025,Construction,Tower Crane,9406000,940600,8465400,60,10.55,758,58.4,STRUCTURED_LEASE,Performing
EQF-2025-02034,08-05-2025,IT & Enterprise Tech,Enterprise Server Rack,2364000,236400,2127600,60,9.8,550,99,REJECT,Performing
EQF-2025-02035,08-05-2025,Construction,Tower Crane,7181000,718100,6462900,36,12.56,745,59.8,STRUCTURED_LEASE,Performing
EQF-2025-02036,08-05-2025,Healthcare,Surgical Robot,7191000,1797750,5393250,36,8.66,780,51.4,STRUCTURED_LEASE,Performing
EQF-2025-02037,08-05-2025,Manufacturing,CNC Milling Unit,5794000,869100,4924900,48,8.72,748,55.3,STRUCTURED_LEASE,Performing
EQF-2025-02038,08-05-2025,Manufacturing,Injection Molding Press,3977000,596550,3380450,36,11.02,658,70.8,REQUIRE_COLLATERAL,Performing
EQF-2025-02039,08-05-2025,Manufacturing,Industrial Robotic Arm,3835000,958750,2876250,24,11.06,810,47.9,STRUCTURED_LEASE,Performing
EQF-2025-02040,08-05-2025,Healthcare,Surgical Robot,4417000,1104250,3312750,60,11.1,827,49.3,STRUCTURED_LEASE,Performing
EQF-2025-02041,08-05-2025,IT & Enterprise Tech,Automated Storage Array,1564000,312800,1251200,36,9.48,753,48.3,STRUCTURED_LEASE,Performing
EQF-2025-02042,08-05-2025,Construction,Bulldozer,10295000,2059000,8236000,36,9.81,830,34.8,AUTO_APPROVE,Performing
EQF-2025-02043,08-05-2025,Construction,Tower Crane,10985000,1647750,9337250,48,7.48,847,27.4,AUTO_APPROVE,Performing
EQF-2025-02044,08-05-2025,Manufacturing,CNC Milling Unit,6964000,1741000,5223000,36,9.26,668,76.2,REQUIRE_COLLATERAL,Performing
EQF-2025-02045,08-05-2025,IT & Enterprise Tech,Automated Storage Array,2291000,458200,1832800,36,9.92,650,66.2,REQUIRE_COLLATERAL,Performing
EQF-2025-02046,08-05-2025,Logistics & Fleet,Heavy Duty Hauler,2729000,682250,2046750,48,9.92,758,57.9,STRUCTURED_LEASE,Performing
EQF-2025-02047,08-05-2025,Manufacturing,Industrial Robotic Arm,6677000,1669250,5007750,36,8.36,550,86.6,REJECT,Performing
EQF-2025-02048,08-05-2025,Logistics & Fleet,Heavy Duty Hauler,4880000,732000,4148000,48,7.85,695,56.3,STRUCTURED_LEASE,Performing
EQF-2025-02049,09-05-2025,Construction,Bulldozer,6372000,955800,5416200,60,11.07,667,84.7,REJECT,60_Days_Past_Due
EQF-2025-02050,09-05-2025,Manufacturing,Injection Molding Press,7307000,1826750,5480250,60,10.83,697,69.4,REQUIRE_COLLATERAL,Performing
EQF-2025-02051,09-05-2025,Construction,Bulldozer,10788000,1078800,9709200,24,9.15,630,79.2,REQUIRE_COLLATERAL,Performing
EQF-2025-02052,09-05-2025,Construction,Bulldozer,9925000,992500,8932500,24,11.05,700,69.3,REQUIRE_COLLATERAL,Performing
EQF-2025-02053,09-05-2025,Manufacturing,Injection Molding Press,3090000,772500,2317500,48,10.91,749,58.4,STRUCTURED_LEASE,Performing
EQF-2025-02054,09-05-2025,IT & Enterprise Tech,Automated Storage Array,842000,126300,715700,48,7,822,38.4,AUTO_APPROVE,Performing
EQF-2025-02055,09-05-2025,Logistics & Fleet,Electric Delivery Van,3070000,307000,2763000,60,9.34,740,70.1,REQUIRE_COLLATERAL,Performing
EQF-2025-02056,09-05-2025,Logistics & Fleet,Electric Delivery Van,3219000,482850,2736150,48,11.51,594,91.3,REJECT,Default
EQF-2025-02057,09-05-2025,Construction,Tower Crane,4211000,421100,3789900,36,7.11,714,60.7,STRUCTURED_LEASE,60_Days_Past_Due
EQF-2025-02058,09-05-2025,Healthcare,MRI Scanner,7131000,1782750,5348250,36,7.32,802,33.6,AUTO_APPROVE,30_Days_Past_Due
EQF-2025-02059,09-05-2025,Logistics & Fleet,Heavy Duty Hauler,4108000,821600,3286400,48,10.44,696,71.3,REQUIRE_COLLATERAL,Default
EQF-2025-02060,09-05-2025,Construction,Tower Crane,6498000,1299600,5198400,60,11.44,754,61.2,STRUCTURED_LEASE,Performing
EQF-2025-02061,09-05-2025,Manufacturing,CNC Milling Unit,3721000,558150,3162850,36,9.08,788,41.5,STRUCTURED_LEASE,Performing
EQF-2025-02062,09-05-2025,Construction,Hydraulic Excavator,7792000,1168800,6623200,48,8.8,721,60.3,STRUCTURED_LEASE,Performing
EQF-2025-02063,09-05-2025,Logistics & Fleet,Forklift Fleet,3680000,368000,3312000,36,7,733,48.9,STRUCTURED_LEASE,Performing
EQF-2025-02064,09-05-2025,Construction,Bulldozer,9040000,2260000,6780000,36,9.05,748,52.5,STRUCTURED_LEASE,Performing
EQF-2025-02065,10-05-2025,Manufacturing,CNC Milling Unit,2597000,259700,2337300,24,7.29,682,66,REQUIRE_COLLATERAL,Performing
EQF-2025-02066,10-05-2025,Logistics & Fleet,Heavy Duty Hauler,4018000,1004500,3013500,60,8.97,696,64.7,STRUCTURED_LEASE,Performing
EQF-2025-02067,10-05-2025,Manufacturing,Industrial Robotic Arm,5696000,1424000,4272000,48,11.47,652,85.3,REJECT,60_Days_Past_Due
EQF-2025-02068,10-05-2025,Healthcare,MRI Scanner,4633000,694950,3938050,60,7.56,678,67.1,REQUIRE_COLLATERAL,Performing
EQF-2025-02069,10-05-2025,Manufacturing,Injection Molding Press,6942000,1388400,5553600,60,9.12,762,52.3,STRUCTURED_LEASE,Performing
EQF-2025-02070,10-05-2025,Healthcare,MRI Scanner,8214000,1642800,6571200,36,10.79,745,48.4,STRUCTURED_LEASE,Performing
EQF-2025-02071,10-05-2025,Logistics & Fleet,Electric Delivery Van,2455000,368250,2086750,48,8.34,636,85.2,REJECT,Default
EQF-2025-02072,10-05-2025,Construction,Bulldozer,6309000,1261800,5047200,60,10.11,648,83.5,REJECT,Performing
EQF-2025-02073,10-05-2025,Manufacturing,Injection Molding Press,3923000,588450,3334550,48,10.72,672,72.6,REQUIRE_COLLATERAL,Performing
EQF-2025-02074,10-05-2025,IT & Enterprise Tech,Automated Storage Array,2559000,255900,2303100,48,9.62,618,87.3,REJECT,Performing
EQF-2025-02075,10-05-2025,IT & Enterprise Tech,Automated Storage Array,5002000,1250500,3751500,36,9.65,726,57.6,STRUCTURED_LEASE,Performing
EQF-2025-02076,10-05-2025,IT & Enterprise Tech,Enterprise Server Rack,1447000,289400,1157600,48,7.85,669,77,REQUIRE_COLLATERAL,Performing
EQF-2025-02077,10-05-2025,Manufacturing,Industrial Robotic Arm,8294000,1658800,6635200,36,8.9,743,48.8,STRUCTURED_LEASE,Performing
EQF-2025-02078,10-05-2025,Construction,Hydraulic Excavator,7217000,721700,6495300,36,9.74,776,47.8,STRUCTURED_LEASE,30_Days_Past_Due
EQF-2025-02079,10-05-2025,IT & Enterprise Tech,Enterprise Server Rack,1751000,175100,1575900,24,7,601,81.6,REJECT,60_Days_Past_Due
EQF-2025-02080,10-05-2025,Logistics & Fleet,Forklift Fleet,1699000,339800,1359200,24,7,669,57.1,STRUCTURED_LEASE,Performing
EQF-2025-02081,11-05-2025,Manufacturing,Industrial Robotic Arm,5641000,1128200,4512800,24,9.27,609,78.3,REQUIRE_COLLATERAL,30_Days_Past_Due
EQF-2025-02082,11-05-2025,Manufacturing,Injection Molding Press,5931000,889650,5041350,36,10.07,590,83.8,REJECT,Performing
EQF-2025-02083,11-05-2025,Construction,Hydraulic Excavator,2951000,442650,2508350,36,9.63,745,50.7,STRUCTURED_LEASE,Performing
EQF-2025-02084,11-05-2025,IT & Enterprise Tech,Enterprise Server Rack,2064000,412800,1651200,24,7.07,723,42.9,STRUCTURED_LEASE,Performing
EQF-2025-02085,11-05-2025,Construction,Bulldozer,9261000,1389150,7871850,36,11.16,673,69,REQUIRE_COLLATERAL,30_Days_Past_Due
EQF-2025-02086,11-05-2025,Construction,Hydraulic Excavator,2922000,292200,2629800,48,9.66,648,73.5,REQUIRE_COLLATERAL,30_Days_Past_Due
EQF-2025-02087,11-05-2025,Manufacturing,CNC Milling Unit,7486000,1871500,5614500,48,10.96,639,81.6,REJECT,60_Days_Past_Due
EQF-2025-02088,11-05-2025,Logistics & Fleet,Forklift Fleet,3701000,555150,3145850,48,8.54,721,66.4,REQUIRE_COLLATERAL,30_Days_Past_Due
EQF-2025-02089,11-05-2025,Logistics & Fleet,Heavy Duty Hauler,2851000,712750,2138250,60,9.9,694,75.5,REQUIRE_COLLATERAL,Performing
EQF-2025-02090,11-05-2025,Healthcare,Digital X-Ray System,7811000,1171650,6639350,24,10.28,651,80.1,REJECT,Performing
EQF-2025-02091,11-05-2025,Logistics & Fleet,Forklift Fleet,1273000,254600,1018400,36,11.01,737,57.9,STRUCTURED_LEASE,Performing
EQF-2025-02092,11-05-2025,IT & Enterprise Tech,Edge AI Compute Cluster,5091000,763650,4327350,36,10.88,728,57.1,STRUCTURED_LEASE,Performing
EQF-2025-02093,11-05-2025,Manufacturing,CNC Milling Unit,2499000,624750,1874250,60,8.3,646,80.5,REJECT,Performing
EQF-2025-02094,11-05-2025,Construction,Hydraulic Excavator,5131000,1282750,3848250,48,9.33,679,69.5,REQUIRE_COLLATERAL,30_Days_Past_Due
EQF-2025-02095,11-05-2025,Healthcare,Surgical Robot,10260000,2052000,8208000,36,8.72,765,50.7,STRUCTURED_LEASE,Performing
EQF-2025-02096,11-05-2025,Logistics & Fleet,Heavy Duty Hauler,2135000,533750,1601250,24,9.71,758,41.3,STRUCTURED_LEASE,Performing
EQF-2025-02097,12-05-2025,Construction,Bulldozer,6726000,1345200,5380800,48,7.34,667,70.4,REQUIRE_COLLATERAL,Performing
EQF-2025-02098,12-05-2025,Construction,Bulldozer,9379000,1875800,7503200,36,7.12,817,41.2,STRUCTURED_LEASE,Performing
EQF-2025-02099,12-05-2025,Logistics & Fleet,Forklift Fleet,2988000,747000,2241000,48,13.08,698,72,REQUIRE_COLLATERAL,30_Days_Past_Due
EQF-2025-02100,12-05-2025,Healthcare,Surgical Robot,14439000,1443900,12995100,60,12.4,761,62.7,STRUCTURED_LEASE,Performing
EQF-2025-02101,12-05-2025,IT & Enterprise Tech,Automated Storage Array,5207000,1301750,3905250,48,11.25,641,76.5,REQUIRE_COLLATERAL,Performing
EQF-2025-02102,12-05-2025,Construction,Tower Crane,5331000,1332750,3998250,60,10.23,700,79.1,REQUIRE_COLLATERAL,Performing
EQF-2025-02103,12-05-2025,Manufacturing,Injection Molding Press,4300000,645000,3655000,36,10.66,650,77.8,REQUIRE_COLLATERAL,Performing
EQF-2025-02104,12-05-2025,Logistics & Fleet,Electric Delivery Van,2809000,702250,2106750,48,10.67,602,89.8,REJECT,Performing
EQF-2025-02105,12-05-2025,Logistics & Fleet,Heavy Duty Hauler,3579000,536850,3042150,60,11.98,707,76.1,REQUIRE_COLLATERAL,Performing
EQF-2025-02106,12-05-2025,Healthcare,Surgical Robot,7155000,1073250,6081750,48,8.76,688,69,REQUIRE_COLLATERAL,Performing
EQF-2025-02107,12-05-2025,IT & Enterprise Tech,Enterprise Server Rack,5840000,1460000,4380000,48,8.36,779,44.9,STRUCTURED_LEASE,Performing
EQF-2025-02108,12-05-2025,IT & Enterprise Tech,Automated Storage Array,3965000,793000,3172000,48,9.48,672,67.4,REQUIRE_COLLATERAL,Performing
EQF-2025-02109,12-05-2025,Healthcare,Digital X-Ray System,8393000,839300,7553700,60,10.39,727,68.7,REQUIRE_COLLATERAL,Performing
EQF-2025-02110,12-05-2025,IT & Enterprise Tech,Edge AI Compute Cluster,4154000,1038500,3115500,24,9.12,683,64.1,STRUCTURED_LEASE,Performing
EQF-2025-02111,12-05-2025,Manufacturing,Industrial Robotic Arm,4268000,1067000,3201000,36,8.67,646,72.8,REQUIRE_COLLATERAL,Performing
EQF-2025-02112,12-05-2025,Manufacturing,CNC Milling Unit,7225000,1445000,5780000,36,11.66,762,54.3,STRUCTURED_LEASE,Performing
EQF-2025-02113,13-05-2025,Manufacturing,Injection Molding Press,5475000,821250,4653750,60,8.24,670,81.1,REJECT,60_Days_Past_Due
EQF-2025-02114,13-05-2025,IT & Enterprise Tech,Enterprise Server Rack,1018000,203600,814400,60,11.7,681,82.4,REJECT,Performing
EQF-2025-02115,13-05-2025,Logistics & Fleet,Electric Delivery Van,1872000,374400,1497600,24,10.94,632,72.6,REQUIRE_COLLATERAL,Performing
EQF-2025-02116,13-05-2025,Manufacturing,CNC Milling Unit,7555000,1133250,6421750,24,12.37,600,95.9,REJECT,60_Days_Past_Due
EQF-2025-02117,13-05-2025,Healthcare,Digital X-Ray System,10192000,2548000,7644000,60,12.77,739,73.9,REQUIRE_COLLATERAL,30_Days_Past_Due
EQF-2025-02118,13-05-2025,Construction,Tower Crane,10578000,2115600,8462400,36,10.06,703,68.3,REQUIRE_COLLATERAL,Performing
EQF-2025-02119,13-05-2025,Manufacturing,Industrial Robotic Arm,2007000,401400,1605600,36,12.62,769,52.4,STRUCTURED_LEASE,Performing
EQF-2025-02120,13-05-2025,IT & Enterprise Tech,Automated Storage Array,2335000,583750,1751250,24,10.26,743,57.6,STRUCTURED_LEASE,Performing
EQF-2025-02121,13-05-2025,Logistics & Fleet,Forklift Fleet,1935000,483750,1451250,36,10.09,629,82.5,REJECT,60_Days_Past_Due
EQF-2025-02122,13-05-2025,Construction,Tower Crane,7208000,720800,6487200,48,9.79,710,60.9,STRUCTURED_LEASE,30_Days_Past_Due
EQF-2025-02123,13-05-2025,IT & Enterprise Tech,Enterprise Server Rack,2791000,558200,2232800,36,8.85,707,63.2,STRUCTURED_LEASE,Performing
EQF-2025-02124,13-05-2025,Healthcare,MRI Scanner,5730000,573000,5157000,48,10.64,775,59.1,STRUCTURED_LEASE,Performing
EQF-2025-02125,13-05-2025,IT & Enterprise Tech,Automated Storage Array,4142000,621300,3520700,60,11.23,790,58.7,STRUCTURED_LEASE,Performing
EQF-2025-02126,13-05-2025,Logistics & Fleet,Electric Delivery Van,3238000,809500,2428500,24,7.4,597,70.1,REQUIRE_COLLATERAL,60_Days_Past_Due
EQF-2025-02127,13-05-2025,Construction,Hydraulic Excavator,4835000,1208750,3626250,24,13.34,781,53.7,STRUCTURED_LEASE,30_Days_Past_Due
EQF-2025-02128,13-05-2025,Manufacturing,Industrial Robotic Arm,4858000,485800,4372200,60,11.94,772,59.6,STRUCTURED_LEASE,60_Days_Past_Due
EQF-2025-02129,14-05-2025,IT & Enterprise Tech,Enterprise Server Rack,4678000,935600,3742400,48,8.63,657,66.4,REQUIRE_COLLATERAL,Performing
EQF-2025-02130,14-05-2025,Healthcare,Surgical Robot,6258000,938700,5319300,36,10.34,707,68.3,REQUIRE_COLLATERAL,Performing
EQF-2025-02131,14-05-2025,Manufacturing,Industrial Robotic Arm,3550000,710000,2840000,36,9.44,573,95.9,REJECT,Performing
EQF-2025-02132,14-05-2025,Manufacturing,Industrial Robotic Arm,3923000,784600,3138400,36,10,706,64.3,STRUCTURED_LEASE,Performing
EQF-2025-02133,14-05-2025,Construction,Hydraulic Excavator,8847000,884700,7962300,48,9.3,641,75.7,REQUIRE_COLLATERAL,Performing
EQF-2025-02134,14-05-2025,Construction,Hydraulic Excavator,9699000,1939800,7759200,24,10.28,743,60.3,STRUCTURED_LEASE,Performing
EQF-2025-02135,14-05-2025,Logistics & Fleet,Heavy Duty Hauler,2630000,263000,2367000,36,7.9,736,56,STRUCTURED_LEASE,Performing
EQF-2025-02136,14-05-2025,IT & Enterprise Tech,Edge AI Compute Cluster,2342000,585500,1756500,24,12.79,703,70.7,REQUIRE_COLLATERAL,Performing
EQF-2025-02137,14-05-2025,Manufacturing,Injection Molding Press,7726000,1931500,5794500,48,8.01,722,64.8,STRUCTURED_LEASE,Performing
EQF-2025-02138,14-05-2025,Logistics & Fleet,Forklift Fleet,4998000,1249500,3748500,36,10.33,658,81.8,REJECT,Performing
EQF-2025-02139,14-05-2025,Manufacturing,CNC Milling Unit,6192000,928800,5263200,48,8.48,636,81.8,REJECT,Default
EQF-2025-02140,14-05-2025,IT & Enterprise Tech,Automated Storage Array,5948000,892200,5055800,24,9.27,847,22.6,AUTO_APPROVE,Performing
EQF-2025-02141,14-05-2025,Logistics & Fleet,Heavy Duty Hauler,3708000,741600,2966400,24,10.19,776,42.5,STRUCTURED_LEASE,Performing
EQF-2025-02142,14-05-2025,Construction,Bulldozer,8734000,873400,7860600,48,9.65,718,62.1,STRUCTURED_LEASE,Performing
EQF-2025-02143,14-05-2025,Logistics & Fleet,Electric Delivery Van,2677000,535400,2141600,48,9.69,696,75.7,REQUIRE_COLLATERAL,Performing
EQF-2025-02144,14-05-2025,Healthcare,MRI Scanner,8763000,2190750,6572250,48,8.95,850,35.2,AUTO_APPROVE,Performing
EQF-2025-02145,15-05-2025,Construction,Bulldozer,3725000,745000,2980000,48,8.46,818,36.6,AUTO_APPROVE,Performing
EQF-2025-02146,15-05-2025,Logistics & Fleet,Electric Delivery Van,4326000,865200,3460800,24,10.49,691,64.3,STRUCTURED_LEASE,Performing
EQF-2025-02147,15-05-2025,Construction,Bulldozer,10414000,2082800,8331200,48,8.22,646,84,REJECT,Performing
EQF-2025-02148,15-05-2025,Healthcare,Digital X-Ray System,10858000,2714500,8143500,36,8.53,713,62.8,STRUCTURED_LEASE,30_Days_Past_Due
EQF-2025-02149,15-05-2025,Construction,Tower Crane,5421000,542100,4878900,24,8.54,685,67.5,REQUIRE_COLLATERAL,Performing
EQF-2025-02150,15-05-2025,Logistics & Fleet,Forklift Fleet,1785000,357000,1428000,48,9,648,73.1,REQUIRE_COLLATERAL,Performing
EQF-2025-02151,15-05-2025,Healthcare,Surgical Robot,6917000,1729250,5187750,60,7.37,799,44.4,STRUCTURED_LEASE,Performing
EQF-2025-02152,15-05-2025,Manufacturing,Industrial Robotic Arm,3288000,493200,2794800,48,7.39,744,50.8,STRUCTURED_LEASE,Performing
EQF-2025-02153,15-05-2025,Logistics & Fleet,Electric Delivery Van,3531000,353100,3177900,48,10.31,683,81.3,REJECT,60_Days_Past_Due
EQF-2025-02154,15-05-2025,Logistics & Fleet,Electric Delivery Van,4791000,1197750,3593250,60,10.33,682,77,REQUIRE_COLLATERAL,60_Days_Past_Due
EQF-2025-02155,15-05-2025,Manufacturing,CNC Milling Unit,1838000,367600,1470400,24,9.97,710,57.1,STRUCTURED_LEASE,Performing
EQF-2025-02156,15-05-2025,Manufacturing,Industrial Robotic Arm,1507000,376750,1130250,60,11.56,678,71.2,REQUIRE_COLLATERAL,Performing
EQF-2025-02157,15-05-2025,Manufacturing,CNC Milling Unit,5701000,570100,5130900,48,8.18,672,78.6,REQUIRE_COLLATERAL,Performing
EQF-2025-02158,15-05-2025,Healthcare,Digital X-Ray System,7125000,1425000,5700000,48,7,843,38.6,AUTO_APPROVE,Performing
EQF-2025-02159,15-05-2025,Construction,Hydraulic Excavator,9985000,1497750,8487250,48,10.68,650,71.6,REQUIRE_COLLATERAL,Performing
EQF-2025-02160,15-05-2025,Logistics & Fleet,Electric Delivery Van,2444000,366600,2077400,48,7,566,93.3,REJECT,Performing
EQF-2025-02161,16-05-2025,Logistics & Fleet,Electric Delivery Van,2301000,345150,1955850,48,9.29,752,61.1,STRUCTURED_LEASE,Performing
EQF-2025-02162,16-05-2025,Construction,Tower Crane,4791000,1197750,3593250,36,9.92,782,50,STRUCTURED_LEASE,60_Days_Past_Due
EQF-2025-02163,16-05-2025,Healthcare,Surgical Robot,5593000,559300,5033700,60,12.59,720,72.1,REQUIRE_COLLATERAL,Performing
EQF-2025-02164,16-05-2025,Logistics & Fleet,Forklift Fleet,3410000,511500,2898500,24,8.68,605,75.5,REQUIRE_COLLATERAL,Performing
EQF-2025-02165,16-05-2025,Construction,Tower Crane,3930000,786000,3144000,36,8.79,701,68.8,REQUIRE_COLLATERAL,Performing
EQF-2025-02166,16-05-2025,IT & Enterprise Tech,Enterprise Server Rack,3008000,601600,2406400,24,10.49,676,72.4,REQUIRE_COLLATERAL,Default
EQF-2025-02167,16-05-2025,Construction,Hydraulic Excavator,6418000,1283600,5134400,36,10.4,796,48.7,STRUCTURED_LEASE,Performing
EQF-2025-02168,16-05-2025,Manufacturing,Industrial Robotic Arm,1643000,410750,1232250,36,8.98,655,79.3,REQUIRE_COLLATERAL,Performing
EQF-2025-02169,16-05-2025,Logistics & Fleet,Forklift Fleet,1264000,126400,1137600,24,9.78,724,67.4,REQUIRE_COLLATERAL,Performing
EQF-2025-02170,16-05-2025,Healthcare,MRI Scanner,9722000,972200,8749800,36,8.39,748,50.1,STRUCTURED_LEASE,30_Days_Past_Due
EQF-2025-02171,16-05-2025,Logistics & Fleet,Forklift Fleet,3845000,576750,3268250,36,10.17,654,74.7,REQUIRE_COLLATERAL,Performing
EQF-2025-02172,16-05-2025,Manufacturing,CNC Milling Unit,8095000,809500,7285500,24,7.11,671,60.2,STRUCTURED_LEASE,Performing
EQF-2025-02173,16-05-2025,Manufacturing,Industrial Robotic Arm,2754000,550800,2203200,36,13.86,738,61.3,STRUCTURED_LEASE,Performing
EQF-2025-02174,16-05-2025,IT & Enterprise Tech,Automated Storage Array,1337000,267400,1069600,60,10.58,550,99,REJECT,Default
EQF-2025-02175,16-05-2025,Manufacturing,CNC Milling Unit,1865000,466250,1398750,24,7.85,798,42.6,STRUCTURED_LEASE,Performing
EQF-2025-02176,16-05-2025,Logistics & Fleet,Electric Delivery Van,2857000,571400,2285600,36,9.1,644,81.5,REJECT,Performing
EQF-2025-02177,17-05-2025,Healthcare,Digital X-Ray System,10855000,1085500,9769500,24,7.92,712,63.3,STRUCTURED_LEASE,Performing
EQF-2025-02178,17-05-2025,Construction,Tower Crane,9645000,1929000,7716000,24,8.27,622,76.1,REQUIRE_COLLATERAL,Performing
EQF-2025-02179,17-05-2025,Logistics & Fleet,Forklift Fleet,3794000,569100,3224900,48,9.82,795,50,STRUCTURED_LEASE,Performing
EQF-2025-02180,17-05-2025,Construction,Bulldozer,4271000,1067750,3203250,36,11.59,710,70.4,REQUIRE_COLLATERAL,Performing
EQF-2025-02181,17-05-2025,Healthcare,Digital X-Ray System,9079000,2269750,6809250,36,9.35,723,57.2,STRUCTURED_LEASE,Performing
EQF-2025-02182,17-05-2025,Manufacturing,Injection Molding Press,7872000,787200,7084800,36,7,746,43.7,STRUCTURED_LEASE,Performing
EQF-2025-02183,17-05-2025,Manufacturing,CNC Milling Unit,3787000,757400,3029600,48,8.58,780,49.4,STRUCTURED_LEASE,Performing
EQF-2025-02184,17-05-2025,Healthcare,Digital X-Ray System,9486000,1897200,7588800,48,8.68,637,78,REQUIRE_COLLATERAL,Performing
EQF-2025-02185,17-05-2025,Logistics & Fleet,Electric Delivery Van,4843000,484300,4358700,36,9.63,692,77.6,REQUIRE_COLLATERAL,Performing
EQF-2025-02186,17-05-2025,IT & Enterprise Tech,Automated Storage Array,4620000,462000,4158000,24,9.29,792,33,AUTO_APPROVE,Performing
EQF-2025-02187,17-05-2025,IT & Enterprise Tech,Edge AI Compute Cluster,4688000,703200,3984800,24,7,681,59.5,STRUCTURED_LEASE,Performing
EQF-2025-02188,17-05-2025,Logistics & Fleet,Heavy Duty Hauler,2159000,215900,1943100,48,8.11,798,45.1,STRUCTURED_LEASE,Performing
EQF-2025-02189,17-05-2025,Logistics & Fleet,Forklift Fleet,2776000,555200,2220800,24,7.84,723,48.2,STRUCTURED_LEASE,Performing
EQF-2025-02190,17-05-2025,Logistics & Fleet,Forklift Fleet,1513000,226950,1286050,36,10.85,682,69.3,REQUIRE_COLLATERAL,Performing
EQF-2025-02191,17-05-2025,Healthcare,Digital X-Ray System,10672000,2668000,8004000,36,9.07,755,52,STRUCTURED_LEASE,Performing
EQF-2025-02192,17-05-2025,IT & Enterprise Tech,Edge AI Compute Cluster,1339000,267800,1071200,36,7,700,53.4,STRUCTURED_LEASE,Performing
EQF-2025-02193,18-05-2025,Logistics & Fleet,Electric Delivery Van,4376000,1094000,3282000,24,8.2,765,46,STRUCTURED_LEASE,Performing
EQF-2025-02194,18-05-2025,Construction,Bulldozer,9424000,2356000,7068000,36,11.26,678,81.3,REJECT,60_Days_Past_Due
EQF-2025-02195,18-05-2025,Manufacturing,Industrial Robotic Arm,5235000,1308750,3926250,24,8.6,765,42.9,STRUCTURED_LEASE,Performing
EQF-2025-02196,18-05-2025,Healthcare,MRI Scanner,5553000,1110600,4442400,36,8.48,738,57.9,STRUCTURED_LEASE,Performing
EQF-2025-02197,18-05-2025,Construction,Tower Crane,2717000,679250,2037750,48,9.24,687,79.1,REQUIRE_COLLATERAL,Performing
EQF-2025-02198,18-05-2025,IT & Enterprise Tech,Edge AI Compute Cluster,4943000,988600,3954400,36,9.84,591,94.5,REJECT,Performing
EQF-2025-02199,18-05-2025,Construction,Bulldozer,7601000,1900250,5700750,48,9.29,741,55.2,STRUCTURED_LEASE,Performing
EQF-2025-02200,18-05-2025,Healthcare,Digital X-Ray System,11820000,1182000,10638000,48,11.03,779,46.6,STRUCTURED_LEASE,Performing
EQF-2025-02201,18-05-2025,IT & Enterprise Tech,Automated Storage Array,2380000,238000,2142000,48,9.29,722,61.4,STRUCTURED_LEASE,Performing
EQF-2025-02202,18-05-2025,Manufacturing,Industrial Robotic Arm,5066000,1013200,4052800,60,10.51,564,99,REJECT,60_Days_Past_Due
EQF-2025-02203,18-05-2025,Healthcare,MRI Scanner,12219000,3054750,9164250,36,9.8,784,36.5,AUTO_APPROVE,Performing
EQF-2025-02204,18-05-2025,Manufacturing,CNC Milling Unit,4738000,1184500,3553500,36,7.56,735,52.9,STRUCTURED_LEASE,Performing
EQF-2025-02205,18-05-2025,Logistics & Fleet,Forklift Fleet,3485000,871250,2613750,48,12.18,750,59.1,STRUCTURED_LEASE,Performing
EQF-2025-02206,18-05-2025,IT & Enterprise Tech,Automated Storage Array,4907000,490700,4416300,48,11.23,704,70.6,REQUIRE_COLLATERAL,30_Days_Past_Due
EQF-2025-02207,18-05-2025,Healthcare,Digital X-Ray System,6367000,1591750,4775250,48,8.65,584,90.4,REJECT,Default
EQF-2025-02208,18-05-2025,IT & Enterprise Tech,Edge AI Compute Cluster,1143000,285750,857250,24,9.33,747,49.4,STRUCTURED_LEASE,30_Days_Past_Due
EQF-2025-02209,19-05-2025,Healthcare,MRI Scanner,9850000,1970000,7880000,48,10.42,695,75.2,REQUIRE_COLLATERAL,Performing
EQF-2025-02210,19-05-2025,IT & Enterprise Tech,Edge AI Compute Cluster,1123000,280750,842250,60,9.77,662,75.9,REQUIRE_COLLATERAL,Performing
EQF-2025-02211,19-05-2025,Logistics & Fleet,Heavy Duty Hauler,4113000,411300,3701700,36,9.66,823,28.8,AUTO_APPROVE,Performing
EQF-2025-02212,19-05-2025,Logistics & Fleet,Forklift Fleet,3933000,983250,2949750,60,10.26,748,67.2,REQUIRE_COLLATERAL,Performing
EQF-2025-02213,19-05-2025,Manufacturing,Industrial Robotic Arm,7672000,767200,6904800,36,10.03,724,63.8,STRUCTURED_LEASE,Performing
EQF-2025-02214,19-05-2025,IT & Enterprise Tech,Automated Storage Array,4126000,412600,3713400,24,10.04,653,75.3,REQUIRE_COLLATERAL,Performing
EQF-2025-02215,19-05-2025,Logistics & Fleet,Electric Delivery Van,1455000,218250,1236750,36,9.64,645,72.7,REQUIRE_COLLATERAL,Performing
EQF-2025-02216,19-05-2025,Healthcare,MRI Scanner,6785000,678500,6106500,36,10.46,742,60.6,STRUCTURED_LEASE,Performing
EQF-2025-02217,19-05-2025,Logistics & Fleet,Forklift Fleet,4270000,640500,3629500,48,9.81,580,89,REJECT,Performing
EQF-2025-02218,19-05-2025,Healthcare,Surgical Robot,5838000,875700,4962300,48,9.85,745,57.7,STRUCTURED_LEASE,60_Days_Past_Due
EQF-2025-02219,19-05-2025,IT & Enterprise Tech,Edge AI Compute Cluster,4432000,1108000,3324000,48,11.56,749,69.6,REQUIRE_COLLATERAL,Performing
EQF-2025-02220,19-05-2025,Manufacturing,Injection Molding Press,6962000,1044300,5917700,24,10.15,799,43.7,STRUCTURED_LEASE,Performing
EQF-2025-02221,19-05-2025,Logistics & Fleet,Heavy Duty Hauler,2454000,490800,1963200,36,10,773,49.4,STRUCTURED_LEASE,Performing
EQF-2025-02222,19-05-2025,Construction,Bulldozer,5240000,524000,4716000,36,8.17,784,42.6,STRUCTURED_LEASE,Performing
EQF-2025-02223,19-05-2025,Manufacturing,Injection Molding Press,5405000,1081000,4324000,60,8.24,671,70,REQUIRE_COLLATERAL,30_Days_Past_Due
EQF-2025-02224,19-05-2025,Manufacturing,Industrial Robotic Arm,7529000,1129350,6399650,36,11.21,614,95.5,REJECT,Performing
EQF-2025-02225,20-05-2025,Manufacturing,Injection Molding Press,3067000,766750,2300250,60,10.36,721,74.2,REQUIRE_COLLATERAL,Performing
EQF-2025-02226,20-05-2025,Construction,Tower Crane,10501000,1050100,9450900,36,10.88,738,63.4,STRUCTURED_LEASE,Performing
EQF-2025-02227,20-05-2025,Healthcare,Digital X-Ray System,10590000,2118000,8472000,24,9.8,775,44.8,STRUCTURED_LEASE,Performing
EQF-2025-02228,20-05-2025,Construction,Bulldozer,10933000,2733250,8199750,36,10.1,806,40.9,STRUCTURED_LEASE,Performing
EQF-2025-02229,20-05-2025,Healthcare,MRI Scanner,4986000,747900,4238100,36,9.28,634,74.9,REQUIRE_COLLATERAL,Performing
EQF-2025-02230,20-05-2025,Healthcare,Digital X-Ray System,5392000,1348000,4044000,60,9.46,765,64.7,STRUCTURED_LEASE,Performing
EQF-2025-02231,20-05-2025,Logistics & Fleet,Forklift Fleet,4341000,868200,3472800,48,8.87,564,87.8,REJECT,60_Days_Past_Due
EQF-2025-02232,20-05-2025,Manufacturing,Industrial Robotic Arm,7553000,1888250,5664750,60,11.5,727,73.2,REQUIRE_COLLATERAL,Performing
EQF-2025-02233,20-05-2025,IT & Enterprise Tech,Enterprise Server Rack,3116000,623200,2492800,48,8.43,755,46,STRUCTURED_LEASE,Performing
EQF-2025-02234,20-05-2025,IT & Enterprise Tech,Enterprise Server Rack,4513000,1128250,3384750,48,9.96,610,88.1,REJECT,Performing
EQF-2025-02235,20-05-2025,Logistics & Fleet,Electric Delivery Van,4497000,449700,4047300,48,9.27,750,56.7,STRUCTURED_LEASE,Performing
EQF-2025-02236,20-05-2025,Construction,Hydraulic Excavator,2867000,716750,2150250,48,10.93,640,78.2,REQUIRE_COLLATERAL,Performing
EQF-2025-02237,20-05-2025,IT & Enterprise Tech,Automated Storage Array,3785000,378500,3406500,48,9.84,684,68.3,REQUIRE_COLLATERAL,30_Days_Past_Due
EQF-2025-02238,20-05-2025,Manufacturing,Injection Molding Press,7474000,1494800,5979200,36,10.19,765,55.6,STRUCTURED_LEASE,Performing
EQF-2025-02239,20-05-2025,Manufacturing,Industrial Robotic Arm,4287000,428700,3858300,36,9.81,689,75.2,REQUIRE_COLLATERAL,Performing
EQF-2025-02240,20-05-2025,Manufacturing,CNC Milling Unit,3617000,904250,2712750,48,8.01,688,69.2,REQUIRE_COLLATERAL,Performing
EQF-2025-02241,21-05-2025,Logistics & Fleet,Forklift Fleet,4224000,422400,3801600,24,10.33,730,52.9,STRUCTURED_LEASE,Performing
EQF-2025-02242,21-05-2025,Manufacturing,Injection Molding Press,3851000,770200,3080800,36,9.35,761,46.1,STRUCTURED_LEASE,Performing
EQF-2025-02243,21-05-2025,Construction,Bulldozer,2527000,631750,1895250,60,8.36,709,63.7,STRUCTURED_LEASE,Performing
EQF-2025-02244,21-05-2025,IT & Enterprise Tech,Edge AI Compute Cluster,5790000,579000,5211000,36,7.38,812,35.3,AUTO_APPROVE,Performing
EQF-2025-02245,21-05-2025,IT & Enterprise Tech,Edge AI Compute Cluster,3879000,387900,3491100,48,8.27,688,69.5,REQUIRE_COLLATERAL,30_Days_Past_Due
EQF-2025-02246,21-05-2025,Construction,Bulldozer,9466000,1419900,8046100,36,10.65,790,53.6,STRUCTURED_LEASE,Performing
EQF-2025-02247,21-05-2025,Manufacturing,Injection Molding Press,7277000,727700,6549300,48,12.14,744,64.1,STRUCTURED_LEASE,Performing
EQF-2025-02248,21-05-2025,Logistics & Fleet,Heavy Duty Hauler,1452000,217800,1234200,36,9.68,753,50.1,STRUCTURED_LEASE,Performing
EQF-2025-02249,21-05-2025,Construction,Hydraulic Excavator,3952000,790400,3161600,60,8,634,77.5,REQUIRE_COLLATERAL,Performing
EQF-2025-02250,21-05-2025,Manufacturing,CNC Milling Unit,3678000,551700,3126300,60,10.12,789,52.6,STRUCTURED_LEASE,Performing
EQF-2025-02251,21-05-2025,Manufacturing,Industrial Robotic Arm,3745000,749000,2996000,60,11.12,717,63.5,STRUCTURED_LEASE,Performing
EQF-2025-02252,21-05-2025,IT & Enterprise Tech,Automated Storage Array,4226000,422600,3803400,24,12.38,850,31.4,AUTO_APPROVE,Performing
EQF-2025-02253,21-05-2025,Logistics & Fleet,Electric Delivery Van,3568000,356800,3211200,36,11.4,726,56.9,STRUCTURED_LEASE,Performing
EQF-2025-02254,21-05-2025,Logistics & Fleet,Forklift Fleet,3079000,461850,2617150,60,9.84,708,69.6,REQUIRE_COLLATERAL,30_Days_Past_Due
EQF-2025-02255,21-05-2025,IT & Enterprise Tech,Enterprise Server Rack,1899000,379800,1519200,48,10.36,676,77.8,REQUIRE_COLLATERAL,30_Days_Past_Due
EQF-2025-02256,21-05-2025,Construction,Hydraulic Excavator,5747000,574700,5172300,60,8.42,710,69.2,REQUIRE_COLLATERAL,Default
EQF-2025-02257,22-05-2025,Construction,Hydraulic Excavator,7121000,1068150,6052850,48,10.7,801,52.1,STRUCTURED_LEASE,Performing
EQF-2025-02258,22-05-2025,Healthcare,MRI Scanner,9148000,1372200,7775800,36,10.9,760,50,STRUCTURED_LEASE,Performing
EQF-2025-02259,22-05-2025,Healthcare,Surgical Robot,5400000,810000,4590000,24,7,729,56.3,STRUCTURED_LEASE,Performing
EQF-2025-02260,22-05-2025,Healthcare,MRI Scanner,11145000,1114500,10030500,48,9.71,765,57.8,STRUCTURED_LEASE,Performing
EQF-2025-02261,22-05-2025,Logistics & Fleet,Forklift Fleet,1478000,295600,1182400,48,11.74,681,80.6,REJECT,60_Days_Past_Due
EQF-2025-02262,22-05-2025,Construction,Bulldozer,5715000,571500,5143500,24,8.49,676,69.8,REQUIRE_COLLATERAL,60_Days_Past_Due
EQF-2025-02263,22-05-2025,IT & Enterprise Tech,Edge AI Compute Cluster,4492000,1123000,3369000,36,7,669,66.9,REQUIRE_COLLATERAL,Performing
EQF-2025-02264,22-05-2025,Healthcare,MRI Scanner,4220000,1055000,3165000,48,9.46,774,51.4,STRUCTURED_LEASE,Performing
EQF-2025-02265,22-05-2025,Construction,Hydraulic Excavator,7345000,734500,6610500,48,11.11,780,61,STRUCTURED_LEASE,Performing
EQF-2025-02266,22-05-2025,Construction,Tower Crane,5343000,1068600,4274400,24,10.1,658,67.5,REQUIRE_COLLATERAL,30_Days_Past_Due
EQF-2025-02267,22-05-2025,Construction,Bulldozer,2575000,386250,2188750,36,9.54,666,71.2,REQUIRE_COLLATERAL,Performing
EQF-2025-02268,22-05-2025,Logistics & Fleet,Heavy Duty Hauler,1923000,480750,1442250,36,8.11,701,67.2,REQUIRE_COLLATERAL,Default
EQF-2025-02269,22-05-2025,Manufacturing,Injection Molding Press,8087000,2021750,6065250,36,7.85,643,72.6,REQUIRE_COLLATERAL,Performing
EQF-2025-02270,22-05-2025,Construction,Tower Crane,6930000,693000,6237000,60,9.77,725,64.1,STRUCTURED_LEASE,Performing
EQF-2025-02271,22-05-2025,Manufacturing,Injection Molding Press,8481000,2120250,6360750,48,9.41,803,40.7,STRUCTURED_LEASE,Performing
EQF-2025-02272,22-05-2025,Healthcare,MRI Scanner,9773000,2443250,7329750,48,10.78,733,65,REQUIRE_COLLATERAL,60_Days_Past_Due
EQF-2025-02273,23-05-2025,Construction,Bulldozer,7123000,1068450,6054550,48,10.16,776,50.9,STRUCTURED_LEASE,Performing
EQF-2025-02274,23-05-2025,Logistics & Fleet,Forklift Fleet,2689000,403350,2285650,36,8.39,624,81.4,REJECT,60_Days_Past_Due
EQF-2025-02275,23-05-2025,IT & Enterprise Tech,Enterprise Server Rack,2412000,482400,1929600,48,9.88,677,82.4,REJECT,Performing
EQF-2025-02276,23-05-2025,Construction,Hydraulic Excavator,4638000,1159500,3478500,60,9.64,586,99,REJECT,Performing
EQF-2025-02277,23-05-2025,Logistics & Fleet,Forklift Fleet,2505000,501000,2004000,48,7,705,50.1,STRUCTURED_LEASE,Performing
EQF-2025-02278,23-05-2025,Construction,Bulldozer,6409000,1281800,5127200,36,8.87,850,33.9,AUTO_APPROVE,Performing
EQF-2025-02279,23-05-2025,Construction,Tower Crane,4132000,619800,3512200,48,9.59,825,44.9,STRUCTURED_LEASE,60_Days_Past_Due
EQF-2025-02280,23-05-2025,Manufacturing,CNC Milling Unit,3074000,461100,2612900,60,9.33,735,62.3,STRUCTURED_LEASE,Performing
EQF-2025-02281,23-05-2025,Healthcare,Surgical Robot,6987000,698700,6288300,24,9.97,715,65.1,REQUIRE_COLLATERAL,30_Days_Past_Due
EQF-2025-02282,23-05-2025,Healthcare,MRI Scanner,8942000,1341300,7600700,36,9.62,741,57.4,STRUCTURED_LEASE,Performing
EQF-2025-02283,23-05-2025,Construction,Tower Crane,8049000,1609800,6439200,60,10.01,633,78,REQUIRE_COLLATERAL,Performing
EQF-2025-02284,23-05-2025,Manufacturing,Injection Molding Press,7493000,1873250,5619750,60,9.75,725,67.7,REQUIRE_COLLATERAL,Performing
EQF-2025-02285,23-05-2025,Manufacturing,Injection Molding Press,3510000,702000,2808000,36,9.47,570,91.9,REJECT,Performing
EQF-2025-02286,23-05-2025,Healthcare,Surgical Robot,6021000,1204200,4816800,36,9.74,550,95.1,REJECT,Default
EQF-2025-02287,23-05-2025,IT & Enterprise Tech,Enterprise Server Rack,2770000,554000,2216000,36,8.96,687,68.2,REQUIRE_COLLATERAL,Performing
EQF-2025-02288,23-05-2025,Healthcare,Digital X-Ray System,13838000,2075700,11762300,36,8.88,850,33.6,AUTO_APPROVE,Performing
EQF-2025-02289,24-05-2025,Construction,Hydraulic Excavator,2584000,516800,2067200,60,9.65,818,49.6,STRUCTURED_LEASE,Performing
EQF-2025-02290,24-05-2025,Manufacturing,Injection Molding Press,6245000,624500,5620500,24,7,784,40.6,STRUCTURED_LEASE,Performing
EQF-2025-02291,24-05-2025,Construction,Tower Crane,6556000,1639000,4917000,36,8.94,711,55.3,STRUCTURED_LEASE,60_Days_Past_Due
EQF-2025-02292,24-05-2025,Healthcare,Surgical Robot,5772000,865800,4906200,60,8.44,811,39.8,AUTO_APPROVE,Performing
EQF-2025-02293,24-05-2025,Manufacturing,Injection Molding Press,3747000,749400,2997600,36,8.26,676,68.6,REQUIRE_COLLATERAL,30_Days_Past_Due
EQF-2025-02294,24-05-2025,Construction,Hydraulic Excavator,4412000,441200,3970800,48,9.03,633,87.4,REJECT,60_Days_Past_Due
EQF-2025-02295,24-05-2025,Manufacturing,Injection Molding Press,7645000,1911250,5733750,36,7.49,672,68.2,REQUIRE_COLLATERAL,Default
EQF-2025-02296,24-05-2025,Manufacturing,Industrial Robotic Arm,4873000,974600,3898400,48,9.03,605,77.6,REQUIRE_COLLATERAL,60_Days_Past_Due
EQF-2025-02297,24-05-2025,Manufacturing,Injection Molding Press,5442000,1360500,4081500,60,9.85,850,42.4,STRUCTURED_LEASE,Performing
EQF-2025-02298,24-05-2025,Manufacturing,Injection Molding Press,5656000,848400,4807600,36,11.08,745,50.5,STRUCTURED_LEASE,Performing
EQF-2025-02299,24-05-2025,Manufacturing,CNC Milling Unit,5977000,896550,5080450,48,12.8,653,89.3,REJECT,Default
EQF-2025-02300,24-05-2025,Healthcare,Digital X-Ray System,9451000,945100,8505900,60,7,704,62.7,STRUCTURED_LEASE,Performing
EQF-2025-02301,24-05-2025,Logistics & Fleet,Heavy Duty Hauler,1268000,190200,1077800,60,8.1,702,69.9,REQUIRE_COLLATERAL,Performing
EQF-2025-02302,24-05-2025,Construction,Bulldozer,5345000,534500,4810500,36,9.03,803,51.5,STRUCTURED_LEASE,Performing
EQF-2025-02303,24-05-2025,Construction,Hydraulic Excavator,4063000,812600,3250400,36,9.71,850,30.4,AUTO_APPROVE,Performing
EQF-2025-02304,24-05-2025,Healthcare,MRI Scanner,11482000,2870500,8611500,36,10.05,780,44.5,STRUCTURED_LEASE,Performing
EQF-2025-02305,25-05-2025,IT & Enterprise Tech,Enterprise Server Rack,1095000,164250,930750,36,8.58,758,47.7,STRUCTURED_LEASE,Performing
EQF-2025-02306,25-05-2025,Healthcare,MRI Scanner,10202000,2550500,7651500,36,7,730,45.1,STRUCTURED_LEASE,Performing
EQF-2025-02307,25-05-2025,Manufacturing,Injection Molding Press,2974000,743500,2230500,36,11.05,717,59.3,STRUCTURED_LEASE,Performing
EQF-2025-02308,25-05-2025,Construction,Bulldozer,10565000,2113000,8452000,48,10.25,715,72,REQUIRE_COLLATERAL,Default
EQF-2025-02309,25-05-2025,Manufacturing,Industrial Robotic Arm,3849000,769800,3079200,48,10.57,717,57,STRUCTURED_LEASE,Performing
EQF-2025-02310,25-05-2025,Healthcare,MRI Scanner,7577000,1136550,6440450,60,9.18,697,68.7,REQUIRE_COLLATERAL,Performing
EQF-2025-02311,25-05-2025,Construction,Hydraulic Excavator,10349000,2069800,8279200,48,10.03,680,75.1,REQUIRE_COLLATERAL,Performing
EQF-2025-02312,25-05-2025,IT & Enterprise Tech,Edge AI Compute Cluster,2970000,742500,2227500,36,7,641,70.1,REQUIRE_COLLATERAL,60_Days_Past_Due
EQF-2025-02313,25-05-2025,Construction,Hydraulic Excavator,10684000,1068400,9615600,48,7.89,694,72.8,REQUIRE_COLLATERAL,Performing
EQF-2025-02314,25-05-2025,Logistics & Fleet,Electric Delivery Van,1292000,129200,1162800,48,11.29,624,88.1,REJECT,60_Days_Past_Due
EQF-2025-02315,25-05-2025,IT & Enterprise Tech,Automated Storage Array,2393000,239300,2153700,36,9.55,673,69.1,REQUIRE_COLLATERAL,Performing
EQF-2025-02316,25-05-2025,Manufacturing,Industrial Robotic Arm,6163000,924450,5238550,24,12.3,702,67.6,REQUIRE_COLLATERAL,60_Days_Past_Due
EQF-2025-02317,25-05-2025,Healthcare,MRI Scanner,13799000,2759800,11039200,60,8.04,726,64.3,STRUCTURED_LEASE,30_Days_Past_Due
EQF-2025-02318,25-05-2025,Healthcare,Digital X-Ray System,6820000,1364000,5456000,24,13.33,725,64,STRUCTURED_LEASE,Performing
EQF-2025-02319,25-05-2025,Healthcare,Surgical Robot,14235000,2847000,11388000,60,13.54,742,71.2,REQUIRE_COLLATERAL,Performing
EQF-2025-02320,25-05-2025,Healthcare,MRI Scanner,10535000,2107000,8428000,60,8.53,736,52.1,STRUCTURED_LEASE,Performing
EQF-2025-02321,26-05-2025,IT & Enterprise Tech,Automated Storage Array,4965000,1241250,3723750,36,8.82,826,29.8,AUTO_APPROVE,Performing
EQF-2025-02322,26-05-2025,Logistics & Fleet,Forklift Fleet,2709000,270900,2438100,48,11.38,817,49.6,STRUCTURED_LEASE,Performing
EQF-2025-02323,26-05-2025,Construction,Tower Crane,4304000,1076000,3228000,36,8.66,685,71.2,REQUIRE_COLLATERAL,Performing
EQF-2025-02324,26-05-2025,Healthcare,Surgical Robot,14024000,2103600,11920400,60,9.1,769,62.2,STRUCTURED_LEASE,Performing
EQF-2025-02325,26-05-2025,Logistics & Fleet,Heavy Duty Hauler,4746000,474600,4271400,48,8.4,698,59.1,STRUCTURED_LEASE,Performing
EQF-2025-02326,26-05-2025,IT & Enterprise Tech,Automated Storage Array,3387000,338700,3048300,24,8.44,601,76.4,REQUIRE_COLLATERAL,30_Days_Past_Due
EQF-2025-02327,26-05-2025,Logistics & Fleet,Forklift Fleet,1225000,306250,918750,48,9.68,753,64.5,STRUCTURED_LEASE,Performing
EQF-2025-02328,26-05-2025,Manufacturing,Industrial Robotic Arm,2268000,340200,1927800,48,9.09,675,71,REQUIRE_COLLATERAL,Performing
EQF-2025-02329,26-05-2025,Construction,Bulldozer,7371000,1105650,6265350,24,7,665,66.4,REQUIRE_COLLATERAL,60_Days_Past_Due
EQF-2025-02330,26-05-2025,Manufacturing,Industrial Robotic Arm,1666000,166600,1499400,60,11.66,672,99,REJECT,Performing
EQF-2025-02331,26-05-2025,Healthcare,Digital X-Ray System,8366000,1673200,6692800,36,11.9,660,84,REJECT,Performing
EQF-2025-02332,26-05-2025,Manufacturing,CNC Milling Unit,3624000,543600,3080400,48,10.27,829,40.5,STRUCTURED_LEASE,Performing
EQF-2025-02333,26-05-2025,Construction,Hydraulic Excavator,8572000,2143000,6429000,36,9.69,631,79.6,REQUIRE_COLLATERAL,Default
EQF-2025-02334,26-05-2025,Logistics & Fleet,Heavy Duty Hauler,1411000,211650,1199350,48,8.1,700,67.9,REQUIRE_COLLATERAL,Performing
EQF-2025-02335,26-05-2025,Manufacturing,CNC Milling Unit,4921000,492100,4428900,48,8.81,600,79.2,REQUIRE_COLLATERAL,60_Days_Past_Due
EQF-2025-02336,26-05-2025,Healthcare,Digital X-Ray System,10370000,2074000,8296000,48,11.13,662,82.5,REJECT,Performing
EQF-2025-02337,27-05-2025,Construction,Bulldozer,7747000,1162050,6584950,48,10.4,624,85.6,REJECT,Default
EQF-2025-02338,27-05-2025,Healthcare,MRI Scanner,8457000,845700,7611300,48,10.18,743,59.9,STRUCTURED_LEASE,Performing
EQF-2025-02339,27-05-2025,Manufacturing,CNC Milling Unit,3631000,544650,3086350,36,10.25,610,86.7,REJECT,60_Days_Past_Due
EQF-2025-02340,27-05-2025,Healthcare,MRI Scanner,11507000,2301400,9205600,36,11.09,803,53.4,STRUCTURED_LEASE,60_Days_Past_Due
EQF-2025-02341,27-05-2025,Logistics & Fleet,Forklift Fleet,4421000,1105250,3315750,24,10.87,624,82.1,REJECT,Default
EQF-2025-02342,27-05-2025,Manufacturing,CNC Milling Unit,6355000,635500,5719500,24,10.53,642,77.3,REQUIRE_COLLATERAL,30_Days_Past_Due
EQF-2025-02343,27-05-2025,Manufacturing,Injection Molding Press,8025000,802500,7222500,24,8.98,753,51.9,STRUCTURED_LEASE,Performing
EQF-2025-02344,27-05-2025,Healthcare,Digital X-Ray System,11890000,2378000,9512000,60,12.03,832,48.8,STRUCTURED_LEASE,Performing
EQF-2025-02345,27-05-2025,IT & Enterprise Tech,Edge AI Compute Cluster,4776000,477600,4298400,60,8.77,681,77.8,REQUIRE_COLLATERAL,30_Days_Past_Due
EQF-2025-02346,27-05-2025,Logistics & Fleet,Electric Delivery Van,1838000,367600,1470400,24,8.2,748,47.1,STRUCTURED_LEASE,Performing
EQF-2025-02347,27-05-2025,Logistics & Fleet,Forklift Fleet,2794000,279400,2514600,36,8.65,642,81.4,REJECT,60_Days_Past_Due
EQF-2025-02348,27-05-2025,Healthcare,MRI Scanner,9336000,1867200,7468800,24,7.71,676,68.8,REQUIRE_COLLATERAL,Performing
EQF-2025-02349,27-05-2025,Construction,Hydraulic Excavator,4678000,701700,3976300,48,10.38,702,73.2,REQUIRE_COLLATERAL,Performing
EQF-2025-02350,27-05-2025,Manufacturing,CNC Milling Unit,5200000,780000,4420000,36,9.48,656,62.9,STRUCTURED_LEASE,Performing
EQF-2025-02351,27-05-2025,Construction,Hydraulic Excavator,4972000,745800,4226200,48,11.19,784,54.4,STRUCTURED_LEASE,Performing
EQF-2025-02352,27-05-2025,IT & Enterprise Tech,Enterprise Server Rack,4375000,437500,3937500,48,7,762,39.5,AUTO_APPROVE,Performing
EQF-2025-02353,28-05-2025,Construction,Bulldozer,6497000,1299400,5197600,48,9.82,675,76.4,REQUIRE_COLLATERAL,Performing
EQF-2025-02354,28-05-2025,IT & Enterprise Tech,Edge AI Compute Cluster,3186000,637200,2548800,36,9.11,550,99,REJECT,60_Days_Past_Due
EQF-2025-02355,28-05-2025,Logistics & Fleet,Heavy Duty Hauler,4938000,1234500,3703500,24,8.98,662,74,REQUIRE_COLLATERAL,Performing
EQF-2025-02356,28-05-2025,Manufacturing,Industrial Robotic Arm,4247000,637050,3609950,24,7.94,791,36.3,AUTO_APPROVE,Performing
EQF-2025-02357,28-05-2025,IT & Enterprise Tech,Automated Storage Array,2684000,671000,2013000,36,9.57,701,63.8,STRUCTURED_LEASE,30_Days_Past_Due
EQF-2025-02358,28-05-2025,Manufacturing,Injection Molding Press,3730000,559500,3170500,60,8.35,776,43.5,STRUCTURED_LEASE,Performing
EQF-2025-02359,28-05-2025,Construction,Hydraulic Excavator,10105000,2526250,7578750,36,11.78,817,44,STRUCTURED_LEASE,Performing
EQF-2025-02360,28-05-2025,Manufacturing,Injection Molding Press,4977000,746550,4230450,36,10.44,749,55,STRUCTURED_LEASE,Performing
EQF-2025-02361,28-05-2025,Manufacturing,Industrial Robotic Arm,5700000,1140000,4560000,60,10.97,783,50.6,STRUCTURED_LEASE,Performing
EQF-2025-02362,28-05-2025,Healthcare,MRI Scanner,5989000,898350,5090650,24,7,673,56.6,STRUCTURED_LEASE,Performing
EQF-2025-02363,28-05-2025,Healthcare,MRI Scanner,9950000,995000,8955000,24,10.83,785,39.3,AUTO_APPROVE,Performing
EQF-2025-02364,28-05-2025,Construction,Tower Crane,4835000,725250,4109750,60,10.69,696,86.1,REJECT,Default
EQF-2025-02365,28-05-2025,Construction,Hydraulic Excavator,8710000,1306500,7403500,48,8.89,660,76.4,REQUIRE_COLLATERAL,30_Days_Past_Due
EQF-2025-02366,28-05-2025,Manufacturing,CNC Milling Unit,7328000,1465600,5862400,36,9.22,847,35.5,AUTO_APPROVE,Performing
EQF-2025-02367,28-05-2025,Manufacturing,Industrial Robotic Arm,6504000,650400,5853600,48,8.03,708,67.9,REQUIRE_COLLATERAL,Performing
EQF-2025-02368,28-05-2025,Construction,Hydraulic Excavator,8707000,1741400,6965600,48,9.04,663,83.5,REJECT,Performing
EQF-2025-02369,29-05-2025,Healthcare,MRI Scanner,9637000,2409250,7227750,24,10.35,737,62.7,STRUCTURED_LEASE,Performing
EQF-2025-02370,29-05-2025,Logistics & Fleet,Electric Delivery Van,3906000,976500,2929500,48,8.5,639,84.2,REJECT,60_Days_Past_Due
EQF-2025-02371,29-05-2025,Logistics & Fleet,Forklift Fleet,2806000,280600,2525400,48,9.55,628,76.6,REQUIRE_COLLATERAL,Performing
EQF-2025-02372,29-05-2025,Logistics & Fleet,Electric Delivery Van,3676000,919000,2757000,60,13.32,696,85.9,REJECT,60_Days_Past_Due
EQF-2025-02373,29-05-2025,Logistics & Fleet,Heavy Duty Hauler,2184000,218400,1965600,60,8.03,616,85.1,REJECT,Default
EQF-2025-02374,29-05-2025,Healthcare,Digital X-Ray System,4767000,715050,4051950,36,10,679,64.1,STRUCTURED_LEASE,Performing
EQF-2025-02375,29-05-2025,Logistics & Fleet,Heavy Duty Hauler,2771000,692750,2078250,48,7.95,624,79.7,REQUIRE_COLLATERAL,Performing
EQF-2025-02376,29-05-2025,Healthcare,MRI Scanner,9080000,1362000,7718000,24,7.27,773,40.9,STRUCTURED_LEASE,Performing
EQF-2025-02377,29-05-2025,Healthcare,Digital X-Ray System,6820000,1364000,5456000,24,10.7,819,24.7,AUTO_APPROVE,Performing
EQF-2025-02378,29-05-2025,Logistics & Fleet,Heavy Duty Hauler,3965000,991250,2973750,36,8.89,619,83.2,REJECT,60_Days_Past_Due
EQF-2025-02379,29-05-2025,Healthcare,Surgical Robot,4809000,961800,3847200,48,11.9,848,46.7,STRUCTURED_LEASE,Performing
EQF-2025-02380,29-05-2025,Logistics & Fleet,Heavy Duty Hauler,2046000,409200,1636800,48,10.35,759,57.6,STRUCTURED_LEASE,30_Days_Past_Due
EQF-2025-02381,29-05-2025,Logistics & Fleet,Electric Delivery Van,4045000,404500,3640500,36,8.32,725,51.2,STRUCTURED_LEASE,Performing
EQF-2025-02382,29-05-2025,IT & Enterprise Tech,Automated Storage Array,3073000,614600,2458400,48,8.18,611,88,REJECT,Default
EQF-2025-02383,29-05-2025,IT & Enterprise Tech,Automated Storage Array,4467000,446700,4020300,48,10.58,603,91.9,REJECT,Performing
EQF-2025-02384,29-05-2025,Healthcare,MRI Scanner,10242000,1024200,9217800,48,7.92,707,72,REQUIRE_COLLATERAL,Performing
EQF-2025-02385,30-05-2025,Healthcare,Digital X-Ray System,14458000,1445800,13012200,24,7.88,698,46.5,STRUCTURED_LEASE,Performing
EQF-2025-02386,30-05-2025,Construction,Hydraulic Excavator,7581000,758100,6822900,48,7,690,52.1,STRUCTURED_LEASE,Performing
EQF-2025-02387,30-05-2025,Healthcare,MRI Scanner,4164000,416400,3747600,60,10.44,713,70.6,REQUIRE_COLLATERAL,60_Days_Past_Due
EQF-2025-02388,30-05-2025,Construction,Tower Crane,5499000,824850,4674150,24,8.29,663,64.3,STRUCTURED_LEASE,30_Days_Past_Due
EQF-2025-02389,30-05-2025,Logistics & Fleet,Electric Delivery Van,1744000,174400,1569600,36,10.04,695,68.3,REQUIRE_COLLATERAL,Performing
EQF-2025-02390,30-05-2025,Logistics & Fleet,Heavy Duty Hauler,4714000,1178500,3535500,60,7.55,709,67.7,REQUIRE_COLLATERAL,Performing
EQF-2025-02391,30-05-2025,Healthcare,Surgical Robot,5144000,514400,4629600,48,7.04,850,37.5,AUTO_APPROVE,Performing
EQF-2025-02392,30-05-2025,Manufacturing,CNC Milling Unit,4214000,632100,3581900,48,10.58,562,99,REJECT,Default
EQF-2025-02393,30-05-2025,Healthcare,Surgical Robot,6487000,1621750,4865250,36,9.26,734,58.9,STRUCTURED_LEASE,Performing
EQF-2025-02394,30-05-2025,Manufacturing,CNC Milling Unit,7427000,1856750,5570250,48,8.48,715,56.2,STRUCTURED_LEASE,Performing
EQF-2025-02395,30-05-2025,IT & Enterprise Tech,Edge AI Compute Cluster,2405000,360750,2044250,36,8.77,711,73,REQUIRE_COLLATERAL,Performing
EQF-2025-02396,30-05-2025,Healthcare,Surgical Robot,14911000,3727750,11183250,24,8.78,733,57.8,STRUCTURED_LEASE,Performing
EQF-2025-02397,30-05-2025,Manufacturing,Industrial Robotic Arm,1770000,265500,1504500,36,12.55,838,45.5,STRUCTURED_LEASE,Performing
EQF-2025-02398,30-05-2025,Manufacturing,Industrial Robotic Arm,2398000,479600,1918400,36,9.9,732,54.5,STRUCTURED_LEASE,Performing
EQF-2025-02399,30-05-2025,Construction,Tower Crane,4409000,881800,3527200,48,9.71,612,94.9,REJECT,Performing
EQF-2025-02400,30-05-2025,Construction,Tower Crane,9394000,939400,8454600,60,8.37,733,67.2,REQUIRE_COLLATERAL,30_Days_Past_Due
EQF-2025-02401,31-05-2025,Healthcare,Digital X-Ray System,13664000,1366400,12297600,36,10.68,699,70.7,REQUIRE_COLLATERAL,Performing
EQF-2025-02402,31-05-2025,Manufacturing,CNC Milling Unit,2000000,200000,1800000,48,7.77,669,70.8,REQUIRE_COLLATERAL,Performing
EQF-2025-02403,31-05-2025,Healthcare,Surgical Robot,4357000,435700,3921300,36,10.28,722,56.3,STRUCTURED_LEASE,Performing
EQF-2025-02404,31-05-2025,Healthcare,MRI Scanner,12190000,1828500,10361500,24,10.29,702,62.1,STRUCTURED_LEASE,Performing
EQF-2025-02405,31-05-2025,Logistics & Fleet,Heavy Duty Hauler,1707000,341400,1365600,60,11.03,695,72.4,REQUIRE_COLLATERAL,Performing
EQF-2025-02406,31-05-2025,Construction,Hydraulic Excavator,3630000,544500,3085500,24,7,703,56.9,STRUCTURED_LEASE,Performing
EQF-2025-02407,31-05-2025,Healthcare,Digital X-Ray System,4246000,1061500,3184500,24,11.19,633,74.1,REQUIRE_COLLATERAL,60_Days_Past_Due
EQF-2025-02408,31-05-2025,Manufacturing,CNC Milling Unit,1849000,462250,1386750,36,10.03,756,50,STRUCTURED_LEASE,Performing
EQF-2025-02409,31-05-2025,IT & Enterprise Tech,Automated Storage Array,2171000,542750,1628250,48,8.37,701,55.2,STRUCTURED_LEASE,Performing
EQF-2025-02410,31-05-2025,Construction,Hydraulic Excavator,3053000,763250,2289750,36,7,727,55.9,STRUCTURED_LEASE,Performing
EQF-2025-02411,31-05-2025,Logistics & Fleet,Electric Delivery Van,2602000,650500,1951500,36,8.89,653,75.9,REQUIRE_COLLATERAL,30_Days_Past_Due
EQF-2025-02412,31-05-2025,Manufacturing,Injection Molding Press,7329000,1465800,5863200,48,9.78,637,80.2,REJECT,60_Days_Past_Due
EQF-2025-02413,31-05-2025,Construction,Bulldozer,5274000,791100,4482900,36,7.22,685,50.8,STRUCTURED_LEASE,Performing
EQF-2025-02414,31-05-2025,Manufacturing,Injection Molding Press,6595000,1648750,4946250,36,8.22,708,51.7,STRUCTURED_LEASE,Performing
EQF-2025-02415,31-05-2025,Construction,Bulldozer,3298000,329800,2968200,36,7.6,683,64.8,STRUCTURED_LEASE,Performing
EQF-2025-02416,31-05-2025,IT & Enterprise Tech,Enterprise Server Rack,4229000,845800,3383200,36,8.85,715,65,REQUIRE_COLLATERAL,Performing
EQF-2025-02417,01-06-2025,Healthcare,Digital X-Ray System,7484000,748400,6735600,48,7.87,570,88.4,REJECT,Performing
EQF-2025-02418,01-06-2025,Manufacturing,Injection Molding Press,6748000,1349600,5398400,48,12.76,840,50.7,STRUCTURED_LEASE,Performing
EQF-2025-02419,01-06-2025,Manufacturing,Injection Molding Press,2454000,490800,1963200,48,10.8,660,88.4,REJECT,Performing
EQF-2025-02420,01-06-2025,Healthcare,Digital X-Ray System,13877000,1387700,12489300,36,7.84,634,77.8,REQUIRE_COLLATERAL,30_Days_Past_Due
EQF-2025-02421,01-06-2025,Manufacturing,CNC Milling Unit,3198000,319800,2878200,36,8.06,784,48.3,STRUCTURED_LEASE,Performing
EQF-2025-02422,01-06-2025,Manufacturing,Injection Molding Press,3972000,993000,2979000,24,7.28,634,65.1,REQUIRE_COLLATERAL,Performing
EQF-2025-02423,01-06-2025,Logistics & Fleet,Heavy Duty Hauler,4811000,481100,4329900,36,9.27,723,50.2,STRUCTURED_LEASE,Performing
EQF-2025-02424,01-06-2025,Construction,Hydraulic Excavator,7417000,1112550,6304450,24,12.16,634,90.8,REJECT,Default
EQF-2025-02425,01-06-2025,Healthcare,MRI Scanner,8023000,1604600,6418400,36,11.3,690,65.9,REQUIRE_COLLATERAL,60_Days_Past_Due
EQF-2025-02426,01-06-2025,IT & Enterprise Tech,Enterprise Server Rack,5738000,1147600,4590400,24,9.8,691,69.5,REQUIRE_COLLATERAL,Performing
EQF-2025-02427,01-06-2025,Manufacturing,Injection Molding Press,3804000,951000,2853000,48,9.06,661,78,REQUIRE_COLLATERAL,Performing
EQF-2025-02428,01-06-2025,IT & Enterprise Tech,Automated Storage Array,1293000,258600,1034400,36,10.33,766,60.8,STRUCTURED_LEASE,60_Days_Past_Due
EQF-2025-02429,01-06-2025,Healthcare,MRI Scanner,14965000,1496500,13468500,24,9.92,802,43.5,STRUCTURED_LEASE,60_Days_Past_Due
EQF-2025-02430,01-06-2025,IT & Enterprise Tech,Enterprise Server Rack,2193000,438600,1754400,36,10.15,660,69.1,REQUIRE_COLLATERAL,Performing
EQF-2025-02431,01-06-2025,Construction,Tower Crane,9736000,1947200,7788800,36,9.8,718,59.7,STRUCTURED_LEASE,Performing
EQF-2025-02432,01-06-2025,Logistics & Fleet,Electric Delivery Van,1829000,182900,1646100,48,10.17,624,90,REJECT,60_Days_Past_Due
EQF-2025-02433,02-06-2025,IT & Enterprise Tech,Edge AI Compute Cluster,4603000,460300,4142700,36,7.37,716,53.7,STRUCTURED_LEASE,Performing
EQF-2025-02434,02-06-2025,Healthcare,Surgical Robot,9769000,1953800,7815200,24,9.32,763,52.1,STRUCTURED_LEASE,Performing
EQF-2025-02435,02-06-2025,IT & Enterprise Tech,Edge AI Compute Cluster,5901000,885150,5015850,36,9.85,717,62.2,STRUCTURED_LEASE,Performing
EQF-2025-02436,02-06-2025,Healthcare,Surgical Robot,10081000,1008100,9072900,36,8.85,673,74.5,REQUIRE_COLLATERAL,Performing
EQF-2025-02437,02-06-2025,Healthcare,Surgical Robot,4275000,641250,3633750,48,7.63,693,71.4,REQUIRE_COLLATERAL,Performing
EQF-2025-02438,02-06-2025,Healthcare,Surgical Robot,10643000,1596450,9046550,60,9.51,678,78.3,REQUIRE_COLLATERAL,Performing
EQF-2025-02439,02-06-2025,Construction,Bulldozer,3735000,933750,2801250,24,14.5,696,72.3,REQUIRE_COLLATERAL,Performing
EQF-2025-02440,02-06-2025,Manufacturing,Industrial Robotic Arm,7090000,1063500,6026500,48,8.27,667,70.2,REQUIRE_COLLATERAL,60_Days_Past_Due
EQF-2025-02441,02-06-2025,Construction,Hydraulic Excavator,9781000,2445250,7335750,36,9.29,721,53.9,STRUCTURED_LEASE,Performing
EQF-2025-02442,02-06-2025,Construction,Hydraulic Excavator,6598000,989700,5608300,24,11.39,632,88.8,REJECT,Performing
EQF-2025-02443,02-06-2025,Logistics & Fleet,Heavy Duty Hauler,4176000,1044000,3132000,24,12.16,550,99,REJECT,Performing
EQF-2025-02444,02-06-2025,Logistics & Fleet,Electric Delivery Van,1751000,175100,1575900,60,8.63,779,51.4,STRUCTURED_LEASE,Performing
EQF-2025-02445,02-06-2025,Healthcare,MRI Scanner,9413000,1882600,7530400,36,10.95,706,65.4,REQUIRE_COLLATERAL,Performing
EQF-2025-02446,02-06-2025,Healthcare,Digital X-Ray System,8333000,1666600,6666400,60,10.69,717,70.5,REQUIRE_COLLATERAL,30_Days_Past_Due
EQF-2025-02447,02-06-2025,Healthcare,Digital X-Ray System,10724000,2681000,8043000,36,8.74,661,69.2,REQUIRE_COLLATERAL,60_Days_Past_Due
EQF-2025-02448,02-06-2025,Manufacturing,Industrial Robotic Arm,1811000,181100,1629900,36,10.44,682,67.9,REQUIRE_COLLATERAL,Performing
EQF-2025-02449,03-06-2025,Manufacturing,CNC Milling Unit,6765000,1691250,5073750,48,9.24,640,74.1,REQUIRE_COLLATERAL,Performing
EQF-2025-02450,03-06-2025,Healthcare,MRI Scanner,4870000,1217500,3652500,60,8.56,786,51.1,STRUCTURED_LEASE,Performing
EQF-2025-02451,03-06-2025,Healthcare,MRI Scanner,11221000,1122100,10098900,48,12.08,677,85.6,REJECT,60_Days_Past_Due
EQF-2025-02452,03-06-2025,IT & Enterprise Tech,Automated Storage Array,896000,134400,761600,48,10.47,609,86.8,REJECT,60_Days_Past_Due
EQF-2025-02453,03-06-2025,Construction,Tower Crane,9571000,1435650,8135350,36,7,753,50.3,STRUCTURED_LEASE,Performing
EQF-2025-02454,03-06-2025,Healthcare,Surgical Robot,5922000,592200,5329800,24,9.31,783,45.3,STRUCTURED_LEASE,Performing
EQF-2025-02455,03-06-2025,Construction,Tower Crane,6882000,1720500,5161500,36,8.72,698,65.4,REQUIRE_COLLATERAL,Performing
EQF-2025-02456,03-06-2025,Manufacturing,CNC Milling Unit,3330000,666000,2664000,36,9.18,808,49.6,STRUCTURED_LEASE,Performing
EQF-2025-02457,03-06-2025,Healthcare,Digital X-Ray System,11949000,2987250,8961750,60,10.27,729,70.2,REQUIRE_COLLATERAL,Performing
EQF-2025-02458,03-06-2025,Construction,Tower Crane,5231000,784650,4446350,48,9.94,701,69.4,REQUIRE_COLLATERAL,Performing
EQF-2025-02459,03-06-2025,Construction,Bulldozer,8659000,865900,7793100,48,11.65,704,73.8,REQUIRE_COLLATERAL,Performing
EQF-2025-02460,03-06-2025,Healthcare,Digital X-Ray System,7134000,713400,6420600,36,11.33,742,63.7,STRUCTURED_LEASE,Performing
EQF-2025-02461,03-06-2025,IT & Enterprise Tech,Enterprise Server Rack,4713000,471300,4241700,48,7.68,780,55.4,STRUCTURED_LEASE,Performing
EQF-2025-02462,03-06-2025,IT & Enterprise Tech,Edge AI Compute Cluster,959000,143850,815150,60,9.35,743,60.9,STRUCTURED_LEASE,Performing
EQF-2025-02463,03-06-2025,Construction,Tower Crane,4908000,1227000,3681000,36,7,726,54.4,STRUCTURED_LEASE,Performing
EQF-2025-02464,03-06-2025,Construction,Tower Crane,6738000,673800,6064200,36,8,714,73.6,REQUIRE_COLLATERAL,Performing
EQF-2025-02465,04-06-2025,Construction,Bulldozer,2883000,576600,2306400,48,7,755,50.5,STRUCTURED_LEASE,60_Days_Past_Due
EQF-2025-02466,04-06-2025,Manufacturing,Industrial Robotic Arm,2802000,280200,2521800,48,7.15,668,69.7,REQUIRE_COLLATERAL,30_Days_Past_Due
EQF-2025-02467,04-06-2025,Healthcare,Digital X-Ray System,14280000,3570000,10710000,60,11.6,611,91.9,REJECT,Default
EQF-2025-02468,04-06-2025,Manufacturing,Injection Molding Press,8338000,1250700,7087300,36,10.63,722,62.8,STRUCTURED_LEASE,Performing
EQF-2025-02469,04-06-2025,Construction,Bulldozer,8788000,1757600,7030400,36,10.43,644,78.7,REQUIRE_COLLATERAL,60_Days_Past_Due
EQF-2025-02470,04-06-2025,Construction,Bulldozer,4644000,928800,3715200,36,11.26,612,89.9,REJECT,60_Days_Past_Due
EQF-2025-02471,04-06-2025,Manufacturing,Injection Molding Press,3324000,332400,2991600,36,10.42,815,42.8,STRUCTURED_LEASE,Performing
EQF-2025-02472,04-06-2025,IT & Enterprise Tech,Enterprise Server Rack,4158000,1039500,3118500,48,9.37,550,91.1,REJECT,60_Days_Past_Due
EQF-2025-02473,04-06-2025,IT & Enterprise Tech,Enterprise Server Rack,1412000,141200,1270800,24,8.62,750,41.6,STRUCTURED_LEASE,Performing
EQF-2025-02474,04-06-2025,Logistics & Fleet,Electric Delivery Van,4804000,960800,3843200,60,12.04,640,89.9,REJECT,60_Days_Past_Due
EQF-2025-02475,04-06-2025,Construction,Hydraulic Excavator,4411000,441100,3969900,60,11.46,657,83.5,REJECT,Default
EQF-2025-02476,04-06-2025,IT & Enterprise Tech,Edge AI Compute Cluster,5998000,1499500,4498500,36,9.17,738,50.4,STRUCTURED_LEASE,Performing
EQF-2025-02477,04-06-2025,Manufacturing,CNC Milling Unit,4970000,745500,4224500,36,10.65,850,25,AUTO_APPROVE,Performing
EQF-2025-02478,04-06-2025,Logistics & Fleet,Forklift Fleet,4131000,826200,3304800,48,7,755,58.8,STRUCTURED_LEASE,Performing
EQF-2025-02479,04-06-2025,Manufacturing,Injection Molding Press,1515000,378750,1136250,48,10.72,643,91.6,REJECT,Default
EQF-2025-02480,04-06-2025,Logistics & Fleet,Heavy Duty Hauler,4577000,457700,4119300,36,8.75,707,65.3,REQUIRE_COLLATERAL,Performing
EQF-2025-02481,05-06-2025,Healthcare,MRI Scanner,6970000,1394000,5576000,24,13.57,691,69.1,REQUIRE_COLLATERAL,Default
EQF-2025-02482,05-06-2025,IT & Enterprise Tech,Edge AI Compute Cluster,4273000,427300,3845700,48,11.23,575,99,REJECT,60_Days_Past_Due
EQF-2025-02483,05-06-2025,IT & Enterprise Tech,Edge AI Compute Cluster,4993000,499300,4493700,48,7,713,56.3,STRUCTURED_LEASE,Performing
EQF-2025-02484,05-06-2025,Manufacturing,Industrial Robotic Arm,2649000,397350,2251650,36,8.43,666,72,REQUIRE_COLLATERAL,Performing
EQF-2025-02485,05-06-2025,Construction,Bulldozer,6261000,626100,5634900,48,9.59,758,51.8,STRUCTURED_LEASE,Performing
EQF-2025-02486,05-06-2025,IT & Enterprise Tech,Automated Storage Array,3368000,336800,3031200,60,9.44,689,74.3,REQUIRE_COLLATERAL,30_Days_Past_Due
EQF-2025-02487,05-06-2025,Construction,Bulldozer,5153000,1288250,3864750,24,9.37,810,39,AUTO_APPROVE,Performing
EQF-2025-02488,05-06-2025,IT & Enterprise Tech,Automated Storage Array,3305000,330500,2974500,48,10.98,732,57,STRUCTURED_LEASE,Performing
EQF-2025-02489,05-06-2025,Construction,Tower Crane,5199000,779850,4419150,24,8.69,723,52.1,STRUCTURED_LEASE,Performing
EQF-2025-02490,05-06-2025,Healthcare,Surgical Robot,7968000,796800,7171200,36,9.39,837,35.6,AUTO_APPROVE,Performing
EQF-2025-02491,05-06-2025,Healthcare,Surgical Robot,11363000,1136300,10226700,24,11.79,729,53.5,STRUCTURED_LEASE,Performing
EQF-2025-02492,05-06-2025,Manufacturing,Injection Molding Press,5928000,592800,5335200,36,11.81,816,39.5,AUTO_APPROVE,Performing
EQF-2025-02493,05-06-2025,Logistics & Fleet,Forklift Fleet,2083000,416600,1666400,48,10.97,636,86.9,REJECT,Default
EQF-2025-02494,05-06-2025,Healthcare,MRI Scanner,13872000,2080800,11791200,48,8.98,578,91.3,REJECT,Default
EQF-2025-02495,05-06-2025,Construction,Tower Crane,9834000,1966800,7867200,36,8.44,724,50.9,STRUCTURED_LEASE,30_Days_Past_Due
EQF-2025-02496,05-06-2025,Construction,Tower Crane,6827000,1024050,5802950,24,9.44,788,41.8,STRUCTURED_LEASE,Performing
EQF-2025-02497,06-06-2025,Construction,Bulldozer,6183000,927450,5255550,48,9.54,635,84.9,REJECT,Performing
EQF-2025-02498,06-06-2025,IT & Enterprise Tech,Enterprise Server Rack,2760000,690000,2070000,24,9.45,681,76.4,REQUIRE_COLLATERAL,Performing
EQF-2025-02499,06-06-2025,IT & Enterprise Tech,Edge AI Compute Cluster,4478000,895600,3582400,36,10.33,601,88.7,REJECT,Performing
EQF-2025-02500,06-06-2025,Healthcare,Digital X-Ray System,11388000,1708200,9679800,48,10.04,707,68,REQUIRE_COLLATERAL,Performing
EQF-2025-02501,06-06-2025,Logistics & Fleet,Forklift Fleet,1945000,291750,1653250,60,9.98,709,69.6,REQUIRE_COLLATERAL,Performing
EQF-2025-02502,06-06-2025,Logistics & Fleet,Forklift Fleet,3752000,938000,2814000,24,8.8,749,54.5,STRUCTURED_LEASE,30_Days_Past_Due
EQF-2025-02503,06-06-2025,Construction,Tower Crane,4646000,929200,3716800,48,7.7,677,71,REQUIRE_COLLATERAL,Performing
EQF-2025-02504,06-06-2025,IT & Enterprise Tech,Edge AI Compute Cluster,897000,89700,807300,24,10.54,692,69.3,REQUIRE_COLLATERAL,Default
EQF-2025-02505,06-06-2025,Manufacturing,CNC Milling Unit,6394000,1598500,4795500,48,9.59,750,58.6,STRUCTURED_LEASE,Performing
EQF-2025-02506,06-06-2025,Manufacturing,Industrial Robotic Arm,6014000,902100,5111900,48,10.11,724,68.9,REQUIRE_COLLATERAL,Performing
EQF-2025-02507,06-06-2025,IT & Enterprise Tech,Edge AI Compute Cluster,2936000,587200,2348800,48,10.16,736,63.7,STRUCTURED_LEASE,Performing
EQF-2025-02508,06-06-2025,Healthcare,Surgical Robot,9783000,1467450,8315550,48,7,765,41.5,STRUCTURED_LEASE,Performing
EQF-2025-02509,06-06-2025,Logistics & Fleet,Electric Delivery Van,4799000,1199750,3599250,36,12.08,757,56.4,STRUCTURED_LEASE,Performing
EQF-2025-02510,06-06-2025,IT & Enterprise Tech,Automated Storage Array,3895000,973750,2921250,36,8.65,847,29.2,AUTO_APPROVE,Performing
EQF-2025-02511,06-06-2025,Manufacturing,Industrial Robotic Arm,6105000,1221000,4884000,24,11.56,738,59.5,STRUCTURED_LEASE,Performing
EQF-2025-02512,06-06-2025,IT & Enterprise Tech,Edge AI Compute Cluster,1132000,283000,849000,48,10.14,739,61.9,STRUCTURED_LEASE,30_Days_Past_Due
EQF-2025-02513,07-06-2025,Healthcare,Digital X-Ray System,5826000,1456500,4369500,60,7.88,690,77.2,REQUIRE_COLLATERAL,Performing
EQF-2025-02514,07-06-2025,Construction,Hydraulic Excavator,5058000,505800,4552200,48,8.44,714,64.9,STRUCTURED_LEASE,30_Days_Past_Due
EQF-2025-02515,07-06-2025,Construction,Bulldozer,7085000,1062750,6022250,48,8.47,626,84.7,REJECT,Performing
EQF-2025-02516,07-06-2025,IT & Enterprise Tech,Enterprise Server Rack,4838000,483800,4354200,36,8.55,669,64.4,STRUCTURED_LEASE,Performing
EQF-2025-02517,07-06-2025,Manufacturing,Industrial Robotic Arm,3749000,374900,3374100,36,7,783,41.7,STRUCTURED_LEASE,Performing
EQF-2025-02518,07-06-2025,Construction,Hydraulic Excavator,5529000,1105800,4423200,36,8.3,609,81,REJECT,60_Days_Past_Due
EQF-2025-02519,07-06-2025,Logistics & Fleet,Forklift Fleet,2173000,543250,1629750,24,10.95,800,32,AUTO_APPROVE,Performing
EQF-2025-02520,07-06-2025,Logistics & Fleet,Electric Delivery Van,2168000,325200,1842800,36,11.1,690,63.9,STRUCTURED_LEASE,Performing
EQF-2025-02521,07-06-2025,Logistics & Fleet,Heavy Duty Hauler,4806000,720900,4085100,48,8.49,650,80.7,REJECT,Default
EQF-2025-02522,07-06-2025,Manufacturing,CNC Milling Unit,5948000,892200,5055800,36,7,692,64.2,STRUCTURED_LEASE,Performing
EQF-2025-02523,07-06-2025,Healthcare,Surgical Robot,5715000,1428750,4286250,48,10.45,748,56.9,STRUCTURED_LEASE,Performing
EQF-2025-02524,07-06-2025,Healthcare,MRI Scanner,11945000,1791750,10153250,48,7.88,715,58.6,STRUCTURED_LEASE,Performing
EQF-2025-02525,07-06-2025,Logistics & Fleet,Forklift Fleet,3944000,591600,3352400,36,8,834,26.3,AUTO_APPROVE,Performing
EQF-2025-02526,07-06-2025,Healthcare,Digital X-Ray System,11331000,2832750,8498250,48,9.08,738,64,STRUCTURED_LEASE,Performing
EQF-2025-02527,07-06-2025,Manufacturing,Industrial Robotic Arm,2443000,488600,1954400,36,8.94,743,50,STRUCTURED_LEASE,Performing
EQF-2025-02528,07-06-2025,IT & Enterprise Tech,Enterprise Server Rack,2922000,438300,2483700,36,8.32,745,49.4,STRUCTURED_LEASE,30_Days_Past_Due
EQF-2025-02529,08-06-2025,Manufacturing,Industrial Robotic Arm,2247000,561750,1685250,36,8.45,718,63.5,STRUCTURED_LEASE,Performing
EQF-2025-02530,08-06-2025,IT & Enterprise Tech,Edge AI Compute Cluster,5046000,504600,4541400,36,8.75,694,69.3,REQUIRE_COLLATERAL,Performing
EQF-2025-02531,08-06-2025,Logistics & Fleet,Heavy Duty Hauler,3690000,922500,2767500,48,8.43,716,61.5,STRUCTURED_LEASE,Performing
EQF-2025-02532,08-06-2025,Logistics & Fleet,Electric Delivery Van,3127000,312700,2814300,60,8.52,724,64.5,STRUCTURED_LEASE,Performing
EQF-2025-02533,08-06-2025,Healthcare,MRI Scanner,7773000,1943250,5829750,36,9.04,706,64.7,STRUCTURED_LEASE,Performing
EQF-2025-02534,08-06-2025,Manufacturing,Injection Molding Press,2790000,418500,2371500,24,10.03,791,40.2,STRUCTURED_LEASE,Performing
EQF-2025-02535,08-06-2025,Logistics & Fleet,Forklift Fleet,1605000,321000,1284000,36,9.87,784,46.5,STRUCTURED_LEASE,Performing
EQF-2025-02536,08-06-2025,Logistics & Fleet,Forklift Fleet,4883000,976600,3906400,48,8.69,633,80.3,REJECT,60_Days_Past_Due
EQF-2025-02537,08-06-2025,Logistics & Fleet,Heavy Duty Hauler,1959000,293850,1665150,36,9.02,772,51.2,STRUCTURED_LEASE,Performing
EQF-2025-02538,08-06-2025,Manufacturing,CNC Milling Unit,1919000,191900,1727100,48,11.52,708,78.1,REQUIRE_COLLATERAL,Performing
EQF-2025-02539,08-06-2025,Logistics & Fleet,Electric Delivery Van,4854000,1213500,3640500,48,10.98,690,79.5,REQUIRE_COLLATERAL,Performing
EQF-2025-02540,08-06-2025,Logistics & Fleet,Electric Delivery Van,3286000,492900,2793100,36,10.32,756,59.3,STRUCTURED_LEASE,Performing
EQF-2025-02541,08-06-2025,Logistics & Fleet,Electric Delivery Van,4227000,1056750,3170250,60,7,728,54.8,STRUCTURED_LEASE,30_Days_Past_Due
EQF-2025-02542,08-06-2025,Logistics & Fleet,Electric Delivery Van,1366000,204900,1161100,36,9.66,651,82.3,REJECT,Performing
EQF-2025-02543,08-06-2025,Logistics & Fleet,Electric Delivery Van,3354000,503100,2850900,60,8.49,762,52.7,STRUCTURED_LEASE,Performing
EQF-2025-02544,08-06-2025,Construction,Hydraulic Excavator,5885000,1471250,4413750,36,8.07,704,51.8,STRUCTURED_LEASE,Performing
EQF-2025-02545,09-06-2025,Manufacturing,CNC Milling Unit,6904000,1380800,5523200,24,8.96,761,42.2,STRUCTURED_LEASE,Performing
EQF-2025-02546,09-06-2025,Construction,Bulldozer,2827000,565400,2261600,48,11.07,709,69.3,REQUIRE_COLLATERAL,Performing
EQF-2025-02547,09-06-2025,Manufacturing,Injection Molding Press,4312000,431200,3880800,48,10.83,762,47.4,STRUCTURED_LEASE,Performing
EQF-2025-02548,09-06-2025,Healthcare,Surgical Robot,12790000,3197500,9592500,48,8.57,771,54.2,STRUCTURED_LEASE,Performing
EQF-2025-02549,09-06-2025,Healthcare,Surgical Robot,9750000,975000,8775000,36,9.63,787,50,STRUCTURED_LEASE,Performing
EQF-2025-02550,09-06-2025,Manufacturing,CNC Milling Unit,5350000,802500,4547500,60,8.87,670,75.2,REQUIRE_COLLATERAL,Performing
EQF-2025-02551,09-06-2025,Healthcare,MRI Scanner,5069000,506900,4562100,24,9.14,828,26.3,AUTO_APPROVE,Performing
EQF-2025-02552,09-06-2025,Manufacturing,CNC Milling Unit,2426000,363900,2062100,24,11,700,69,REQUIRE_COLLATERAL,Performing
EQF-2025-02553,09-06-2025,Logistics & Fleet,Electric Delivery Van,3773000,943250,2829750,36,9.41,632,74.8,REQUIRE_COLLATERAL,Performing
EQF-2025-02554,09-06-2025,IT & Enterprise Tech,Edge AI Compute Cluster,4310000,1077500,3232500,48,7,721,50.1,STRUCTURED_LEASE,30_Days_Past_Due
EQF-2025-02555,09-06-2025,Manufacturing,Injection Molding Press,8354000,2088500,6265500,48,9.71,698,68.9,REQUIRE_COLLATERAL,Performing
EQF-2025-02556,09-06-2025,IT & Enterprise Tech,Edge AI Compute Cluster,4502000,1125500,3376500,36,12.22,672,77,REQUIRE_COLLATERAL,Performing
EQF-2025-02557,09-06-2025,Construction,Hydraulic Excavator,6693000,669300,6023700,36,8.45,713,61.1,STRUCTURED_LEASE,Performing
EQF-2025-02558,09-06-2025,Healthcare,Surgical Robot,13431000,2014650,11416350,24,11.82,758,57.3,STRUCTURED_LEASE,60_Days_Past_Due
EQF-2025-02559,09-06-2025,Manufacturing,Injection Molding Press,2231000,446200,1784800,36,10.43,731,64.4,STRUCTURED_LEASE,Performing
EQF-2025-02560,09-06-2025,Construction,Tower Crane,6319000,1579750,4739250,36,11.26,796,41.1,STRUCTURED_LEASE,30_Days_Past_Due
EQF-2025-02561,10-06-2025,Logistics & Fleet,Forklift Fleet,2291000,572750,1718250,48,10.81,702,60.5,STRUCTURED_LEASE,Performing
EQF-2025-02562,10-06-2025,Logistics & Fleet,Electric Delivery Van,1598000,239700,1358300,48,9.77,737,63.1,STRUCTURED_LEASE,Performing
EQF-2025-02563,10-06-2025,Manufacturing,Industrial Robotic Arm,6845000,1369000,5476000,60,8.58,726,64.4,STRUCTURED_LEASE,Performing
EQF-2025-02564,10-06-2025,Manufacturing,Injection Molding Press,5076000,1269000,3807000,24,9.76,830,30.8,AUTO_APPROVE,Performing
EQF-2025-02565,10-06-2025,Healthcare,Digital X-Ray System,10124000,2024800,8099200,36,9.85,644,77.1,REQUIRE_COLLATERAL,Performing
EQF-2025-02566,10-06-2025,Healthcare,Digital X-Ray System,8524000,2131000,6393000,36,10.96,673,69.7,REQUIRE_COLLATERAL,Performing
EQF-2025-02567,10-06-2025,Manufacturing,Industrial Robotic Arm,4722000,472200,4249800,48,7,845,39.5,AUTO_APPROVE,Performing
EQF-2025-02568,10-06-2025,Healthcare,Digital X-Ray System,5276000,527600,4748400,36,7.36,695,51,STRUCTURED_LEASE,Performing
EQF-2025-02569,10-06-2025,Logistics & Fleet,Forklift Fleet,3757000,751400,3005600,60,9.85,607,95.2,REJECT,Default
EQF-2025-02570,10-06-2025,IT & Enterprise Tech,Enterprise Server Rack,3049000,457350,2591650,48,10,839,32.4,AUTO_APPROVE,Performing
EQF-2025-02571,10-06-2025,Healthcare,MRI Scanner,12984000,1947600,11036400,24,8.2,646,66.8,REQUIRE_COLLATERAL,Performing
EQF-2025-02572,10-06-2025,IT & Enterprise Tech,Edge AI Compute Cluster,1821000,182100,1638900,24,10.04,716,56.6,STRUCTURED_LEASE,30_Days_Past_Due
EQF-2025-02573,10-06-2025,Healthcare,Digital X-Ray System,6256000,938400,5317600,48,10.52,780,48,STRUCTURED_LEASE,Performing
EQF-2025-02574,10-06-2025,Construction,Tower Crane,7989000,1198350,6790650,48,9.21,768,51.6,STRUCTURED_LEASE,Performing
EQF-2025-02575,10-06-2025,Manufacturing,CNC Milling Unit,7422000,1113300,6308700,36,11.64,653,66.6,REQUIRE_COLLATERAL,30_Days_Past_Due
EQF-2025-02576,10-06-2025,Construction,Tower Crane,6514000,1302800,5211200,24,11.92,850,25.8,AUTO_APPROVE,Performing
EQF-2025-02577,11-06-2025,IT & Enterprise Tech,Automated Storage Array,4580000,916000,3664000,48,9.68,744,49.7,STRUCTURED_LEASE,Performing
EQF-2025-02578,11-06-2025,Construction,Bulldozer,10994000,1649100,9344900,48,10.76,707,63.4,STRUCTURED_LEASE,Performing
EQF-2025-02579,11-06-2025,Healthcare,Surgical Robot,14893000,1489300,13403700,24,7,645,63.7,REQUIRE_COLLATERAL,30_Days_Past_Due
EQF-2025-02580,11-06-2025,Construction,Hydraulic Excavator,8827000,1324050,7502950,36,11.11,741,59.2,STRUCTURED_LEASE,Performing
EQF-2025-02581,11-06-2025,Manufacturing,Industrial Robotic Arm,6677000,1669250,5007750,36,11.7,807,42.8,STRUCTURED_LEASE,Performing
EQF-2025-02582,11-06-2025,IT & Enterprise Tech,Edge AI Compute Cluster,2088000,208800,1879200,60,7.98,691,66.2,REQUIRE_COLLATERAL,Performing
EQF-2025-02583,11-06-2025,Construction,Tower Crane,9585000,1917000,7668000,36,10.43,596,87,REJECT,Performing
EQF-2025-02584,11-06-2025,Healthcare,MRI Scanner,8456000,2114000,6342000,48,7,664,67.2,REQUIRE_COLLATERAL,Performing
EQF-2025-02585,11-06-2025,Construction,Hydraulic Excavator,10677000,1601550,9075450,48,8.32,688,66.5,REQUIRE_COLLATERAL,Performing
EQF-2025-02586,11-06-2025,Construction,Hydraulic Excavator,3192000,478800,2713200,24,8.72,610,77.5,REQUIRE_COLLATERAL,Default
EQF-2025-02587,11-06-2025,Manufacturing,CNC Milling Unit,4551000,455100,4095900,48,7.29,744,49.9,STRUCTURED_LEASE,30_Days_Past_Due
EQF-2025-02588,11-06-2025,Logistics & Fleet,Forklift Fleet,3312000,331200,2980800,24,9.14,757,39.9,AUTO_APPROVE,Performing
EQF-2025-02589,11-06-2025,Manufacturing,CNC Milling Unit,4336000,650400,3685600,48,9.04,663,75.2,REQUIRE_COLLATERAL,Performing
EQF-2025-02590,11-06-2025,Logistics & Fleet,Heavy Duty Hauler,2000000,300000,1700000,48,10.43,764,60.4,STRUCTURED_LEASE,30_Days_Past_Due
EQF-2025-02591,11-06-2025,Logistics & Fleet,Heavy Duty Hauler,3453000,345300,3107700,24,7.23,650,61.8,STRUCTURED_LEASE,Performing
EQF-2025-02592,11-06-2025,Logistics & Fleet,Electric Delivery Van,4072000,1018000,3054000,36,10.44,623,83.2,REJECT,Performing
EQF-2025-02593,12-06-2025,Construction,Tower Crane,7981000,1596200,6384800,48,8.32,641,76.5,REQUIRE_COLLATERAL,Performing
EQF-2025-02594,12-06-2025,Construction,Tower Crane,4493000,449300,4043700,36,7.58,656,73.1,REQUIRE_COLLATERAL,Default
EQF-2025-02595,12-06-2025,Manufacturing,Injection Molding Press,6621000,1655250,4965750,36,9.21,761,46.3,STRUCTURED_LEASE,Performing
EQF-2025-02596,12-06-2025,Logistics & Fleet,Forklift Fleet,2176000,326400,1849600,36,10.63,746,56,STRUCTURED_LEASE,30_Days_Past_Due
EQF-2025-02597,12-06-2025,Healthcare,MRI Scanner,5927000,1185400,4741600,60,8.77,650,80.7,REJECT,Default
EQF-2025-02598,12-06-2025,Construction,Tower Crane,8371000,2092750,6278250,48,10.27,666,78.7,REQUIRE_COLLATERAL,Performing
EQF-2025-02599,12-06-2025,Healthcare,Surgical Robot,13271000,2654200,10616800,48,9.92,825,36.2,AUTO_APPROVE,30_Days_Past_Due
EQF-2025-02600,12-06-2025,Manufacturing,Industrial Robotic Arm,4871000,974200,3896800,24,14.2,763,59.1,STRUCTURED_LEASE,Performing
EQF-2025-02601,12-06-2025,Construction,Bulldozer,7017000,1403400,5613600,24,9.03,618,75.4,REQUIRE_COLLATERAL,Performing
EQF-2025-02602,12-06-2025,Manufacturing,Injection Molding Press,3619000,904750,2714250,36,9.25,796,45.6,STRUCTURED_LEASE,Performing
EQF-2025-02603,12-06-2025,Logistics & Fleet,Heavy Duty Hauler,3080000,770000,2310000,36,11.16,850,33.4,AUTO_APPROVE,Performing
EQF-2025-02604,12-06-2025,Healthcare,MRI Scanner,5452000,817800,4634200,48,9.42,708,72.6,REQUIRE_COLLATERAL,Performing
EQF-2025-02605,12-06-2025,Manufacturing,Injection Molding Press,8191000,1638200,6552800,48,9.88,690,63.3,STRUCTURED_LEASE,Performing
EQF-2025-02606,12-06-2025,Construction,Hydraulic Excavator,9303000,930300,8372700,36,7,682,65.9,REQUIRE_COLLATERAL,Performing
EQF-2025-02607,12-06-2025,Manufacturing,Injection Molding Press,6176000,617600,5558400,48,9.32,689,71.9,REQUIRE_COLLATERAL,Performing
EQF-2025-02608,12-06-2025,Healthcare,Surgical Robot,9920000,992000,8928000,36,8.44,759,51.7,STRUCTURED_LEASE,Performing
EQF-2025-02609,13-06-2025,Logistics & Fleet,Electric Delivery Van,4210000,1052500,3157500,24,8.78,668,71.8,REQUIRE_COLLATERAL,Performing
EQF-2025-02610,13-06-2025,Manufacturing,CNC Milling Unit,4963000,744450,4218550,60,9.88,759,50.8,STRUCTURED_LEASE,Performing
EQF-2025-02611,13-06-2025,Logistics & Fleet,Heavy Duty Hauler,2340000,585000,1755000,48,9.42,710,76.8,REQUIRE_COLLATERAL,Performing
EQF-2025-02612,13-06-2025,Manufacturing,CNC Milling Unit,2623000,524600,2098400,48,10.66,671,79.8,REQUIRE_COLLATERAL,Performing
EQF-2025-02613,13-06-2025,Manufacturing,Industrial Robotic Arm,6033000,603300,5429700,36,10.93,733,70.2,REQUIRE_COLLATERAL,Performing
EQF-2025-02614,13-06-2025,Logistics & Fleet,Electric Delivery Van,4732000,1183000,3549000,36,9.23,695,74.5,REQUIRE_COLLATERAL,Performing
EQF-2025-02615,13-06-2025,Healthcare,Digital X-Ray System,5690000,569000,5121000,24,9.95,668,71.3,REQUIRE_COLLATERAL,Performing
EQF-2025-02616,13-06-2025,Manufacturing,CNC Milling Unit,2760000,690000,2070000,60,7,708,65.9,REQUIRE_COLLATERAL,Performing
EQF-2025-02617,13-06-2025,Healthcare,MRI Scanner,8770000,877000,7893000,48,9.97,709,71.1,REQUIRE_COLLATERAL,Performing
EQF-2025-02618,13-06-2025,Healthcare,MRI Scanner,12876000,2575200,10300800,24,11.08,678,58,STRUCTURED_LEASE,Performing
EQF-2025-02619,13-06-2025,Logistics & Fleet,Electric Delivery Van,2317000,231700,2085300,48,8.14,657,74.3,REQUIRE_COLLATERAL,Performing
EQF-2025-02620,13-06-2025,Healthcare,Digital X-Ray System,6793000,1358600,5434400,36,10.63,715,68.7,REQUIRE_COLLATERAL,30_Days_Past_Due
EQF-2025-02621,13-06-2025,Logistics & Fleet,Forklift Fleet,3556000,711200,2844800,48,8.82,723,69.4,REQUIRE_COLLATERAL,Performing
EQF-2025-02622,13-06-2025,IT & Enterprise Tech,Edge AI Compute Cluster,3585000,896250,2688750,24,8.63,735,49.9,STRUCTURED_LEASE,Performing
EQF-2025-02623,13-06-2025,Healthcare,Surgical Robot,4662000,1165500,3496500,24,11.64,733,60.4,STRUCTURED_LEASE,Performing
EQF-2025-02624,13-06-2025,IT & Enterprise Tech,Enterprise Server Rack,1224000,306000,918000,36,9.45,795,46.6,STRUCTURED_LEASE,30_Days_Past_Due
EQF-2025-02625,14-06-2025,Healthcare,Digital X-Ray System,11073000,2214600,8858400,36,10.8,639,80.6,REJECT,Performing
EQF-2025-02626,14-06-2025,IT & Enterprise Tech,Enterprise Server Rack,3219000,482850,2736150,48,7,813,33.3,AUTO_APPROVE,Performing
EQF-2025-02627,14-06-2025,Manufacturing,CNC Milling Unit,8297000,1244550,7052450,48,8.59,623,79.9,REQUIRE_COLLATERAL,Performing
EQF-2025-02628,14-06-2025,Logistics & Fleet,Heavy Duty Hauler,3778000,755600,3022400,48,10.57,791,45.4,STRUCTURED_LEASE,Performing
EQF-2025-02629,14-06-2025,Construction,Hydraulic Excavator,2586000,517200,2068800,60,9.69,742,55.5,STRUCTURED_LEASE,30_Days_Past_Due
EQF-2025-02630,14-06-2025,Healthcare,Digital X-Ray System,9291000,2322750,6968250,36,9.22,676,68.5,REQUIRE_COLLATERAL,Performing
EQF-2025-02631,14-06-2025,Construction,Hydraulic Excavator,6023000,1505750,4517250,60,10.41,552,99,REJECT,60_Days_Past_Due
EQF-2025-02632,14-06-2025,Logistics & Fleet,Forklift Fleet,1606000,401500,1204500,60,8.25,612,89.7,REJECT,Default
EQF-2025-02633,14-06-2025,Manufacturing,Industrial Robotic Arm,7962000,1194300,6767700,36,11.33,668,74.3,REQUIRE_COLLATERAL,Performing
EQF-2025-02634,14-06-2025,Manufacturing,CNC Milling Unit,7135000,1070250,6064750,24,9.18,738,53.9,STRUCTURED_LEASE,Performing
EQF-2025-02635,14-06-2025,Logistics & Fleet,Electric Delivery Van,2074000,414800,1659200,48,8.28,675,67,REQUIRE_COLLATERAL,Performing
EQF-2025-02636,14-06-2025,Logistics & Fleet,Forklift Fleet,2173000,325950,1847050,36,8.37,707,52.4,STRUCTURED_LEASE,Performing
EQF-2025-02637,14-06-2025,IT & Enterprise Tech,Enterprise Server Rack,966000,241500,724500,48,9.38,681,68.8,REQUIRE_COLLATERAL,Performing
EQF-2025-02638,14-06-2025,Logistics & Fleet,Forklift Fleet,2328000,582000,1746000,36,8.86,720,53.2,STRUCTURED_LEASE,Performing
EQF-2025-02639,14-06-2025,IT & Enterprise Tech,Enterprise Server Rack,3840000,960000,2880000,48,10.29,620,78.4,REQUIRE_COLLATERAL,Performing
EQF-2025-02640,14-06-2025,Logistics & Fleet,Forklift Fleet,2799000,699750,2099250,48,9.43,692,67.2,REQUIRE_COLLATERAL,Performing
EQF-2025-02641,15-06-2025,Healthcare,MRI Scanner,14662000,3665500,10996500,24,8.97,744,52.7,STRUCTURED_LEASE,Performing
EQF-2025-02642,15-06-2025,Manufacturing,Industrial Robotic Arm,1893000,189300,1703700,36,10.03,850,34.8,AUTO_APPROVE,Performing
EQF-2025-02643,15-06-2025,Logistics & Fleet,Heavy Duty Hauler,3447000,689400,2757600,24,8.71,764,46.6,STRUCTURED_LEASE,Performing
EQF-2025-02644,15-06-2025,Construction,Tower Crane,9796000,1959200,7836800,36,10.24,697,75.3,REQUIRE_COLLATERAL,Performing
EQF-2025-02645,15-06-2025,Manufacturing,CNC Milling Unit,4865000,729750,4135250,48,9.99,668,73.7,REQUIRE_COLLATERAL,Performing
EQF-2025-02646,15-06-2025,Healthcare,MRI Scanner,4033000,1008250,3024750,36,9.93,739,59.2,STRUCTURED_LEASE,Performing
EQF-2025-02647,15-06-2025,IT & Enterprise Tech,Automated Storage Array,2063000,206300,1856700,48,8.96,655,75.1,REQUIRE_COLLATERAL,60_Days_Past_Due
EQF-2025-02648,15-06-2025,Construction,Bulldozer,5252000,1313000,3939000,36,8.56,719,65.6,REQUIRE_COLLATERAL,Performing
EQF-2025-02649,15-06-2025,Healthcare,Surgical Robot,14626000,3656500,10969500,48,10.71,730,60.3,STRUCTURED_LEASE,Performing
EQF-2025-02650,15-06-2025,Construction,Hydraulic Excavator,10250000,1537500,8712500,60,10.42,697,78.3,REQUIRE_COLLATERAL,Performing
EQF-2025-02651,15-06-2025,Manufacturing,CNC Milling Unit,8144000,814400,7329600,36,7.99,773,46.6,STRUCTURED_LEASE,Performing
EQF-2025-02652,15-06-2025,Healthcare,MRI Scanner,13083000,1308300,11774700,60,8.85,703,75.9,REQUIRE_COLLATERAL,30_Days_Past_Due
EQF-2025-02653,15-06-2025,Healthcare,Digital X-Ray System,7868000,1573600,6294400,48,11.51,680,77.2,REQUIRE_COLLATERAL,Performing
EQF-2025-02654,15-06-2025,Manufacturing,Industrial Robotic Arm,7841000,1960250,5880750,36,10.98,676,72.1,REQUIRE_COLLATERAL,Performing
EQF-2025-02655,15-06-2025,Logistics & Fleet,Heavy Duty Hauler,4930000,493000,4437000,60,7.74,626,82.5,REJECT,Default
EQF-2025-02656,15-06-2025,Healthcare,Surgical Robot,7851000,1570200,6280800,24,9.52,617,78.6,REQUIRE_COLLATERAL,Performing
EQF-2025-02657,16-06-2025,Logistics & Fleet,Forklift Fleet,2190000,219000,1971000,24,10.13,748,42.6,STRUCTURED_LEASE,Performing
EQF-2025-02658,16-06-2025,IT & Enterprise Tech,Automated Storage Array,3644000,911000,2733000,48,10.99,806,45.7,STRUCTURED_LEASE,Performing
EQF-2025-02659,16-06-2025,Manufacturing,CNC Milling Unit,2810000,562000,2248000,48,9.69,849,33,AUTO_APPROVE,Performing
EQF-2025-02660,16-06-2025,Logistics & Fleet,Forklift Fleet,1324000,132400,1191600,48,10.23,782,46.2,STRUCTURED_LEASE,Performing
EQF-2025-02661,16-06-2025,Construction,Hydraulic Excavator,10540000,1581000,8959000,24,10.9,743,51.9,STRUCTURED_LEASE,30_Days_Past_Due
EQF-2025-02662,16-06-2025,IT & Enterprise Tech,Edge AI Compute Cluster,5614000,561400,5052600,60,11.1,730,64.3,STRUCTURED_LEASE,Performing
EQF-2025-02663,16-06-2025,Manufacturing,Injection Molding Press,2639000,659750,1979250,48,9.23,795,44.2,STRUCTURED_LEASE,Performing
EQF-2025-02664,16-06-2025,Logistics & Fleet,Electric Delivery Van,2749000,412350,2336650,60,9.57,686,78.3,REQUIRE_COLLATERAL,Default
EQF-2025-02665,16-06-2025,Construction,Bulldozer,9564000,956400,8607600,36,8.36,827,37.4,AUTO_APPROVE,Performing
EQF-2025-02666,16-06-2025,Healthcare,MRI Scanner,11271000,1127100,10143900,48,9.09,707,73.8,REQUIRE_COLLATERAL,Performing
EQF-2025-02667,16-06-2025,Manufacturing,CNC Milling Unit,4264000,852800,3411200,60,8.89,726,66.4,REQUIRE_COLLATERAL,Performing
EQF-2025-02668,16-06-2025,Logistics & Fleet,Heavy Duty Hauler,4028000,1007000,3021000,36,9.22,711,54.1,STRUCTURED_LEASE,Performing
EQF-2025-02669,16-06-2025,Logistics & Fleet,Heavy Duty Hauler,4609000,460900,4148100,60,9.36,783,51.7,STRUCTURED_LEASE,Performing
EQF-2025-02670,16-06-2025,Healthcare,Surgical Robot,14188000,1418800,12769200,36,10.72,709,62.2,STRUCTURED_LEASE,Performing
EQF-2025-02671,16-06-2025,Construction,Tower Crane,5720000,572000,5148000,36,10.02,736,53,STRUCTURED_LEASE,Performing
EQF-2025-02672,16-06-2025,Healthcare,MRI Scanner,5909000,1477250,4431750,60,7.58,630,88.4,REJECT,Performing
EQF-2025-02673,17-06-2025,Logistics & Fleet,Forklift Fleet,4669000,700350,3968650,60,10.33,697,76.7,REQUIRE_COLLATERAL,Performing
EQF-2025-02674,17-06-2025,Manufacturing,Industrial Robotic Arm,2148000,537000,1611000,36,8.68,778,46.1,STRUCTURED_LEASE,Performing
EQF-2025-02675,17-06-2025,IT & Enterprise Tech,Enterprise Server Rack,4553000,910600,3642400,24,7.87,655,60,STRUCTURED_LEASE,Performing
EQF-2025-02676,17-06-2025,Healthcare,Digital X-Ray System,5545000,1109000,4436000,48,7.79,708,62.4,STRUCTURED_LEASE,Performing
EQF-2025-02677,17-06-2025,Healthcare,MRI Scanner,8283000,2070750,6212250,60,9.75,707,82.5,REJECT,Performing
EQF-2025-02678,17-06-2025,Manufacturing,Industrial Robotic Arm,4381000,438100,3942900,48,11.09,672,73.8,REQUIRE_COLLATERAL,Performing
EQF-2025-02679,17-06-2025,Manufacturing,Industrial Robotic Arm,2611000,261100,2349900,48,9.18,776,49.8,STRUCTURED_LEASE,30_Days_Past_Due
EQF-2025-02680,17-06-2025,Construction,Hydraulic Excavator,10343000,1551450,8791550,48,10.91,742,69.1,REQUIRE_COLLATERAL,Performing
EQF-2025-02681,17-06-2025,Healthcare,Surgical Robot,4029000,1007250,3021750,36,9.63,768,47.8,STRUCTURED_LEASE,Performing
EQF-2025-02682,17-06-2025,Logistics & Fleet,Electric Delivery Van,4596000,1149000,3447000,60,7,778,46.9,STRUCTURED_LEASE,Performing
EQF-2025-02683,17-06-2025,Manufacturing,CNC Milling Unit,7687000,768700,6918300,36,10.42,712,62.9,STRUCTURED_LEASE,Performing
EQF-2025-02684,17-06-2025,Healthcare,Digital X-Ray System,7487000,1497400,5989600,48,8.69,812,43.6,STRUCTURED_LEASE,Performing
EQF-2025-02685,17-06-2025,Healthcare,Digital X-Ray System,11747000,2349400,9397600,36,8.28,630,72.7,REQUIRE_COLLATERAL,Performing
EQF-2025-02686,17-06-2025,Manufacturing,Injection Molding Press,3270000,490500,2779500,36,10.43,700,71.4,REQUIRE_COLLATERAL,Performing
EQF-2025-02687,17-06-2025,Manufacturing,Industrial Robotic Arm,6811000,1021650,5789350,48,9.7,719,62.6,STRUCTURED_LEASE,60_Days_Past_Due
EQF-2025-02688,17-06-2025,Healthcare,Digital X-Ray System,10172000,2034400,8137600,60,9.4,596,95.6,REJECT,60_Days_Past_Due
EQF-2025-02689,18-06-2025,Construction,Hydraulic Excavator,5052000,1263000,3789000,48,9.65,801,44.3,STRUCTURED_LEASE,Performing
EQF-2025-02690,18-06-2025,Healthcare,MRI Scanner,8403000,1260450,7142550,48,8.23,653,69.2,REQUIRE_COLLATERAL,Performing
EQF-2025-02691,18-06-2025,Construction,Bulldozer,8364000,836400,7527600,24,12.15,714,52.9,STRUCTURED_LEASE,Performing
EQF-2025-02692,18-06-2025,Construction,Tower Crane,10202000,2550500,7651500,48,9.76,759,57,STRUCTURED_LEASE,Performing
EQF-2025-02693,18-06-2025,Manufacturing,Industrial Robotic Arm,2415000,241500,2173500,36,9.74,850,23.1,AUTO_APPROVE,Performing
EQF-2025-02694,18-06-2025,Construction,Tower Crane,7357000,1103550,6253450,24,9.37,601,86.4,REJECT,Performing
EQF-2025-02695,18-06-2025,IT & Enterprise Tech,Automated Storage Array,2119000,423800,1695200,24,7.08,748,45.9,STRUCTURED_LEASE,Performing
EQF-2025-02696,18-06-2025,Construction,Tower Crane,9312000,1396800,7915200,48,8.49,692,78,REQUIRE_COLLATERAL,30_Days_Past_Due
EQF-2025-02697,18-06-2025,Logistics & Fleet,Heavy Duty Hauler,1467000,293400,1173600,60,7.66,752,53.5,STRUCTURED_LEASE,30_Days_Past_Due
EQF-2025-02698,18-06-2025,Healthcare,Surgical Robot,11579000,2894750,8684250,48,7.52,770,57.2,STRUCTURED_LEASE,Performing
EQF-2025-02699,18-06-2025,Logistics & Fleet,Heavy Duty Hauler,1865000,279750,1585250,36,7.19,737,50,STRUCTURED_LEASE,Performing
EQF-2025-02700,18-06-2025,Logistics & Fleet,Heavy Duty Hauler,3466000,519900,2946100,36,8.55,715,64,STRUCTURED_LEASE,30_Days_Past_Due
EQF-2025-02701,18-06-2025,Construction,Bulldozer,9603000,1440450,8162550,48,9.53,641,84.1,REJECT,Default
EQF-2025-02702,18-06-2025,IT & Enterprise Tech,Enterprise Server Rack,4726000,1181500,3544500,24,7.37,645,59.3,REQUIRE_COLLATERAL,Performing
EQF-2025-02703,18-06-2025,Manufacturing,Industrial Robotic Arm,6771000,677100,6093900,36,10.55,762,69.3,REQUIRE_COLLATERAL,Performing
EQF-2025-02704,18-06-2025,Manufacturing,Injection Molding Press,5125000,512500,4612500,48,9.95,654,87.5,REJECT,Performing
EQF-2025-02705,19-06-2025,Logistics & Fleet,Heavy Duty Hauler,4585000,917000,3668000,60,9.15,737,65,REQUIRE_COLLATERAL,Performing
EQF-2025-02706,19-06-2025,Logistics & Fleet,Electric Delivery Van,3435000,515250,2919750,36,12.74,794,57.8,STRUCTURED_LEASE,Performing
EQF-2025-02707,19-06-2025,Manufacturing,Industrial Robotic Arm,7923000,792300,7130700,36,9.14,625,81.8,REJECT,Performing
EQF-2025-02708,19-06-2025,Healthcare,MRI Scanner,10012000,2503000,7509000,48,10.7,794,54.7,STRUCTURED_LEASE,Performing
EQF-2025-02709,19-06-2025,Manufacturing,Industrial Robotic Arm,5042000,756300,4285700,48,9.81,792,49.5,STRUCTURED_LEASE,Performing
EQF-2025-02710,19-06-2025,Healthcare,Surgical Robot,6446000,1289200,5156800,60,11.66,732,64.4,STRUCTURED_LEASE,Performing
EQF-2025-02711,19-06-2025,Logistics & Fleet,Heavy Duty Hauler,3270000,327000,2943000,36,11.13,670,74.4,REQUIRE_COLLATERAL,Performing
EQF-2025-02712,19-06-2025,Construction,Tower Crane,3695000,923750,2771250,36,9.05,744,51.4,STRUCTURED_LEASE,Performing
EQF-2025-02713,19-06-2025,Healthcare,Digital X-Ray System,13567000,3391750,10175250,60,9.1,698,74.6,REQUIRE_COLLATERAL,60_Days_Past_Due
EQF-2025-02714,19-06-2025,Healthcare,MRI Scanner,11435000,2287000,9148000,36,7.49,663,63.1,STRUCTURED_LEASE,Performing
EQF-2025-02715,19-06-2025,Manufacturing,CNC Milling Unit,8455000,845500,7609500,48,9.67,718,65.5,REQUIRE_COLLATERAL,Performing
EQF-2025-02716,19-06-2025,Healthcare,MRI Scanner,5013000,751950,4261050,36,10.48,653,70.1,REQUIRE_COLLATERAL,Performing
EQF-2025-02717,19-06-2025,Construction,Hydraulic Excavator,4546000,1136500,3409500,48,9.41,633,86.7,REJECT,Performing
EQF-2025-02718,19-06-2025,IT & Enterprise Tech,Automated Storage Array,5361000,1072200,4288800,48,11.6,674,72.5,REQUIRE_COLLATERAL,Performing
EQF-2025-02719,19-06-2025,Logistics & Fleet,Heavy Duty Hauler,2702000,675500,2026500,36,9.72,598,90.6,REJECT,Performing
EQF-2025-02720,19-06-2025,Manufacturing,Injection Molding Press,4764000,1191000,3573000,48,11.37,787,53.9,STRUCTURED_LEASE,Performing
EQF-2025-02721,20-06-2025,IT & Enterprise Tech,Automated Storage Array,5275000,527500,4747500,36,9.26,743,59.9,STRUCTURED_LEASE,Performing
EQF-2025-02722,20-06-2025,Logistics & Fleet,Heavy Duty Hauler,3183000,318300,2864700,60,7.76,654,77.4,REQUIRE_COLLATERAL,Performing
EQF-2025-02723,20-06-2025,Logistics & Fleet,Forklift Fleet,1935000,290250,1644750,36,8.56,676,72,REQUIRE_COLLATERAL,Performing
EQF-2025-02724,20-06-2025,Construction,Hydraulic Excavator,10082000,2520500,7561500,24,9.45,759,48.8,STRUCTURED_LEASE,Performing
EQF-2025-02725,20-06-2025,Healthcare,MRI Scanner,4342000,868400,3473600,36,8.38,792,44.1,STRUCTURED_LEASE,60_Days_Past_Due
EQF-2025-02726,20-06-2025,Healthcare,Digital X-Ray System,13849000,3462250,10386750,48,7.02,716,50.4,STRUCTURED_LEASE,Performing
EQF-2025-02727,20-06-2025,Manufacturing,CNC Milling Unit,1854000,370800,1483200,48,7,693,61.1,STRUCTURED_LEASE,Performing
EQF-2025-02728,20-06-2025,Manufacturing,Industrial Robotic Arm,6161000,1540250,4620750,36,11.02,603,88.6,REJECT,60_Days_Past_Due
EQF-2025-02729,20-06-2025,Manufacturing,Injection Molding Press,2002000,400400,1601600,48,10.08,689,78.8,REQUIRE_COLLATERAL,Performing
EQF-2025-02730,20-06-2025,Construction,Tower Crane,8503000,2125750,6377250,48,9.91,636,85,REJECT,60_Days_Past_Due
EQF-2025-02731,20-06-2025,Logistics & Fleet,Forklift Fleet,1329000,332250,996750,48,9.75,634,74.8,REQUIRE_COLLATERAL,60_Days_Past_Due
EQF-2025-02732,20-06-2025,Construction,Hydraulic Excavator,9661000,1449150,8211850,48,8.68,790,48.9,STRUCTURED_LEASE,Performing
EQF-2025-02733,20-06-2025,Manufacturing,Injection Molding Press,4762000,476200,4285800,48,10.69,702,66.1,REQUIRE_COLLATERAL,Performing
EQF-2025-02734,20-06-2025,IT & Enterprise Tech,Automated Storage Array,1286000,128600,1157400,48,7,719,54.7,STRUCTURED_LEASE,Performing
EQF-2025-02735,20-06-2025,IT & Enterprise Tech,Enterprise Server Rack,4475000,895000,3580000,24,7,736,47.4,STRUCTURED_LEASE,Performing
EQF-2025-02736,20-06-2025,Logistics & Fleet,Forklift Fleet,3059000,764750,2294250,24,9.2,698,62.3,STRUCTURED_LEASE,Performing
EQF-2025-02737,21-06-2025,IT & Enterprise Tech,Enterprise Server Rack,1793000,448250,1344750,60,9.69,714,65.3,REQUIRE_COLLATERAL,Performing
EQF-2025-02738,21-06-2025,Construction,Tower Crane,2633000,263300,2369700,24,8.17,711,47,STRUCTURED_LEASE,Performing
EQF-2025-02739,21-06-2025,IT & Enterprise Tech,Enterprise Server Rack,2974000,594800,2379200,36,7.11,682,62.5,STRUCTURED_LEASE,Performing
EQF-2025-02740,21-06-2025,Manufacturing,CNC Milling Unit,2099000,314850,1784150,60,10.39,727,66.8,REQUIRE_COLLATERAL,Default
EQF-2025-02741,21-06-2025,Healthcare,Surgical Robot,5036000,755400,4280600,36,8.88,704,69.6,REQUIRE_COLLATERAL,30_Days_Past_Due
EQF-2025-02742,21-06-2025,Manufacturing,Industrial Robotic Arm,3371000,505650,2865350,48,10.54,715,67.5,REQUIRE_COLLATERAL,30_Days_Past_Due
EQF-2025-02743,21-06-2025,Manufacturing,CNC Milling Unit,5913000,1478250,4434750,48,11.46,710,76.3,REQUIRE_COLLATERAL,Performing
EQF-2025-02744,21-06-2025,Manufacturing,Industrial Robotic Arm,5209000,1041800,4167200,60,7.09,837,47,STRUCTURED_LEASE,Performing
EQF-2025-02745,21-06-2025,Construction,Tower Crane,3086000,308600,2777400,36,9.82,774,43.6,STRUCTURED_LEASE,Performing
EQF-2025-02746,21-06-2025,Logistics & Fleet,Forklift Fleet,4880000,1220000,3660000,36,9.87,760,59.7,STRUCTURED_LEASE,Performing
EQF-2025-02747,21-06-2025,Construction,Hydraulic Excavator,10041000,2510250,7530750,60,10.62,740,70.2,REQUIRE_COLLATERAL,Performing
EQF-2025-02748,21-06-2025,Manufacturing,Injection Molding Press,3315000,497250,2817750,36,8.7,737,43.7,STRUCTURED_LEASE,30_Days_Past_Due
EQF-2025-02749,21-06-2025,Logistics & Fleet,Heavy Duty Hauler,1665000,333000,1332000,48,9.58,691,69.5,REQUIRE_COLLATERAL,Performing
EQF-2025-02750,21-06-2025,Construction,Tower Crane,10510000,2102000,8408000,48,10.6,782,56.2,STRUCTURED_LEASE,Performing
EQF-2025-02751,21-06-2025,Healthcare,MRI Scanner,9073000,1360950,7712050,36,10.16,731,61,STRUCTURED_LEASE,Performing
EQF-2025-02752,21-06-2025,Logistics & Fleet,Heavy Duty Hauler,2382000,357300,2024700,60,11.84,747,75,REQUIRE_COLLATERAL,Performing
EQF-2025-02753,22-06-2025,Healthcare,Digital X-Ray System,9394000,1409100,7984900,48,8.2,690,70.6,REQUIRE_COLLATERAL,Performing
EQF-2025-02754,22-06-2025,Healthcare,Digital X-Ray System,12500000,3125000,9375000,24,9.81,653,65,REQUIRE_COLLATERAL,Default
EQF-2025-02755,22-06-2025,IT & Enterprise Tech,Enterprise Server Rack,1676000,419000,1257000,24,9.37,783,46.5,STRUCTURED_LEASE,Performing
EQF-2025-02756,22-06-2025,Healthcare,Surgical Robot,12442000,3110500,9331500,36,9.19,718,54.3,STRUCTURED_LEASE,Performing
EQF-2025-02757,22-06-2025,Construction,Hydraulic Excavator,8870000,887000,7983000,36,10.38,678,68.7,REQUIRE_COLLATERAL,Performing
EQF-2025-02758,22-06-2025,IT & Enterprise Tech,Edge AI Compute Cluster,3605000,360500,3244500,48,9.67,732,67.1,REQUIRE_COLLATERAL,Performing
EQF-2025-02759,22-06-2025,Logistics & Fleet,Forklift Fleet,4490000,898000,3592000,24,7.9,703,61.8,STRUCTURED_LEASE,Performing
EQF-2025-02760,22-06-2025,Manufacturing,Industrial Robotic Arm,2425000,363750,2061250,36,10.93,810,43.8,STRUCTURED_LEASE,Performing
EQF-2025-02761,22-06-2025,Manufacturing,Industrial Robotic Arm,5668000,850200,4817800,60,10.39,686,73.3,REQUIRE_COLLATERAL,Performing
EQF-2025-02762,22-06-2025,Manufacturing,Injection Molding Press,4645000,1161250,3483750,48,11.71,739,63.6,STRUCTURED_LEASE,Performing
EQF-2025-02763,22-06-2025,Construction,Tower Crane,6089000,608900,5480100,36,10.59,780,48.9,STRUCTURED_LEASE,Performing
EQF-2025-02764,22-06-2025,Healthcare,Digital X-Ray System,6778000,1016700,5761300,60,9.18,752,56.9,STRUCTURED_LEASE,Performing
EQF-2025-02765,22-06-2025,Manufacturing,Industrial Robotic Arm,4106000,821200,3284800,36,9.19,745,59.8,STRUCTURED_LEASE,Performing
EQF-2025-02766,22-06-2025,IT & Enterprise Tech,Edge AI Compute Cluster,1362000,204300,1157700,60,11.05,677,78.3,REQUIRE_COLLATERAL,60_Days_Past_Due
EQF-2025-02767,22-06-2025,Construction,Tower Crane,4639000,1159750,3479250,48,8.35,717,60.7,STRUCTURED_LEASE,Performing
EQF-2025-02768,22-06-2025,Manufacturing,Industrial Robotic Arm,3404000,851000,2553000,48,8.14,739,55.6,STRUCTURED_LEASE,Performing
EQF-2025-02769,23-06-2025,Construction,Tower Crane,8626000,862600,7763400,48,9.83,721,67.9,REQUIRE_COLLATERAL,30_Days_Past_Due
EQF-2025-02770,23-06-2025,Logistics & Fleet,Electric Delivery Van,1384000,276800,1107200,48,7.26,806,41.3,STRUCTURED_LEASE,Performing
EQF-2025-02771,23-06-2025,Manufacturing,Industrial Robotic Arm,6058000,1211600,4846400,48,10.02,699,70.8,REQUIRE_COLLATERAL,Performing
EQF-2025-02772,23-06-2025,Healthcare,MRI Scanner,6436000,965400,5470600,48,10.2,712,62.5,STRUCTURED_LEASE,Performing
EQF-2025-02773,23-06-2025,Logistics & Fleet,Heavy Duty Hauler,1511000,302200,1208800,36,9.13,850,32.1,AUTO_APPROVE,Performing
EQF-2025-02774,23-06-2025,Construction,Tower Crane,5057000,758550,4298450,36,11.61,763,59.2,STRUCTURED_LEASE,30_Days_Past_Due
EQF-2025-02775,23-06-2025,Construction,Hydraulic Excavator,4408000,661200,3746800,60,11.19,647,85.6,REJECT,Default
EQF-2025-02776,23-06-2025,Healthcare,Surgical Robot,10072000,1007200,9064800,48,8.33,742,57.2,STRUCTURED_LEASE,Performing
EQF-2025-02777,23-06-2025,Manufacturing,CNC Milling Unit,4002000,800400,3201600,60,10.48,761,65.2,REQUIRE_COLLATERAL,Performing
EQF-2025-02778,23-06-2025,Manufacturing,Industrial Robotic Arm,8262000,2065500,6196500,48,10.98,657,77,REQUIRE_COLLATERAL,Performing
EQF-2025-02779,23-06-2025,Healthcare,Digital X-Ray System,14599000,2189850,12409150,48,9.62,690,66.8,REQUIRE_COLLATERAL,Performing
EQF-2025-02780,23-06-2025,Manufacturing,CNC Milling Unit,4606000,690900,3915100,24,8.85,632,74,REQUIRE_COLLATERAL,Performing
EQF-2025-02781,23-06-2025,Manufacturing,Industrial Robotic Arm,7066000,1059900,6006100,36,7.84,729,58.6,STRUCTURED_LEASE,Performing
EQF-2025-02782,23-06-2025,Logistics & Fleet,Forklift Fleet,1250000,250000,1000000,48,8.66,604,72.7,REQUIRE_COLLATERAL,Performing
EQF-2025-02783,23-06-2025,IT & Enterprise Tech,Automated Storage Array,3649000,729800,2919200,48,7.87,658,73,REQUIRE_COLLATERAL,Performing
EQF-2025-02784,23-06-2025,Logistics & Fleet,Electric Delivery Van,4025000,805000,3220000,48,10.87,620,85.4,REJECT,60_Days_Past_Due
EQF-2025-02785,24-06-2025,IT & Enterprise Tech,Automated Storage Array,1928000,289200,1638800,48,9.12,731,62.4,STRUCTURED_LEASE,30_Days_Past_Due
EQF-2025-02786,24-06-2025,Manufacturing,Injection Molding Press,1928000,482000,1446000,48,10.28,687,72.4,REQUIRE_COLLATERAL,Performing
EQF-2025-02787,24-06-2025,IT & Enterprise Tech,Enterprise Server Rack,1611000,402750,1208250,48,11.39,735,70.5,REQUIRE_COLLATERAL,Performing
EQF-2025-02788,24-06-2025,Manufacturing,Injection Molding Press,4593000,918600,3674400,36,9.82,590,92.9,REJECT,Performing
EQF-2025-02789,24-06-2025,IT & Enterprise Tech,Enterprise Server Rack,3433000,858250,2574750,48,11.27,659,80.1,REJECT,Performing
EQF-2025-02790,24-06-2025,IT & Enterprise Tech,Edge AI Compute Cluster,2781000,417150,2363850,24,8.97,761,41.4,STRUCTURED_LEASE,Performing
EQF-2025-02791,24-06-2025,Logistics & Fleet,Heavy Duty Hauler,2872000,574400,2297600,36,10.08,635,82,REJECT,Performing
EQF-2025-02792,24-06-2025,IT & Enterprise Tech,Edge AI Compute Cluster,3245000,649000,2596000,36,9.81,776,47.2,STRUCTURED_LEASE,Performing
EQF-2025-02793,24-06-2025,Construction,Tower Crane,9040000,1356000,7684000,36,8.45,700,61.4,STRUCTURED_LEASE,Performing
EQF-2025-02794,24-06-2025,Healthcare,Digital X-Ray System,5158000,1031600,4126400,36,9.04,655,67.8,REQUIRE_COLLATERAL,30_Days_Past_Due
EQF-2025-02795,24-06-2025,Healthcare,Digital X-Ray System,12458000,1868700,10589300,24,11.62,659,75.5,REQUIRE_COLLATERAL,30_Days_Past_Due
EQF-2025-02796,24-06-2025,Construction,Tower Crane,8353000,1670600,6682400,36,8.98,723,56,STRUCTURED_LEASE,Performing
EQF-2025-02797,24-06-2025,Manufacturing,CNC Milling Unit,6692000,1673000,5019000,60,7.01,850,31.4,AUTO_APPROVE,Performing
EQF-2025-02798,24-06-2025,Construction,Tower Crane,8743000,1748600,6994400,36,8.98,850,12.5,AUTO_APPROVE,Performing
EQF-2025-02799,24-06-2025,IT & Enterprise Tech,Automated Storage Array,3247000,649400,2597600,48,8.37,623,82.9,REJECT,60_Days_Past_Due
EQF-2025-02800,24-06-2025,Manufacturing,Injection Molding Press,2980000,596000,2384000,48,10.18,753,53.4,STRUCTURED_LEASE,Performing
EQF-2025-02801,25-06-2025,Logistics & Fleet,Electric Delivery Van,3239000,323900,2915100,36,10.42,818,43.3,STRUCTURED_LEASE,Performing
EQF-2025-02802,25-06-2025,IT & Enterprise Tech,Automated Storage Array,5782000,1445500,4336500,24,10.04,629,78.3,REQUIRE_COLLATERAL,30_Days_Past_Due
EQF-2025-02803,25-06-2025,IT & Enterprise Tech,Enterprise Server Rack,3860000,579000,3281000,36,8.89,669,62.8,STRUCTURED_LEASE,Performing
EQF-2025-02804,25-06-2025,IT & Enterprise Tech,Enterprise Server Rack,857000,85700,771300,48,9.59,728,61.8,STRUCTURED_LEASE,Performing
EQF-2025-02805,25-06-2025,Construction,Tower Crane,3008000,752000,2256000,36,9.03,712,62.1,STRUCTURED_LEASE,Performing
EQF-2025-02806,25-06-2025,IT & Enterprise Tech,Edge AI Compute Cluster,5963000,1192600,4770400,24,7.33,620,84.4,REJECT,Performing
EQF-2025-02807,25-06-2025,Logistics & Fleet,Electric Delivery Van,1473000,294600,1178400,36,9.33,758,54.6,STRUCTURED_LEASE,30_Days_Past_Due
EQF-2025-02808,25-06-2025,Manufacturing,Injection Molding Press,1822000,273300,1548700,48,13.45,738,62.2,STRUCTURED_LEASE,30_Days_Past_Due
EQF-2025-02809,25-06-2025,Construction,Bulldozer,5501000,825150,4675850,48,7.96,771,59,STRUCTURED_LEASE,Performing
EQF-2025-02810,25-06-2025,Logistics & Fleet,Heavy Duty Hauler,4883000,1220750,3662250,36,7,744,48.1,STRUCTURED_LEASE,Performing
EQF-2025-02811,25-06-2025,Manufacturing,Injection Molding Press,3731000,932750,2798250,36,11.64,744,58.3,STRUCTURED_LEASE,Performing
EQF-2025-02812,25-06-2025,Construction,Hydraulic Excavator,5984000,897600,5086400,36,10.17,711,73.5,REQUIRE_COLLATERAL,Performing
EQF-2025-02813,25-06-2025,Logistics & Fleet,Forklift Fleet,3609000,902250,2706750,24,9.95,788,39.6,AUTO_APPROVE,Performing
EQF-2025-02814,25-06-2025,Manufacturing,CNC Milling Unit,1669000,250350,1418650,36,8.96,623,79.7,REQUIRE_COLLATERAL,30_Days_Past_Due
EQF-2025-02815,25-06-2025,Construction,Tower Crane,10131000,2026200,8104800,48,9.84,638,74.5,REQUIRE_COLLATERAL,Performing
EQF-2025-02816,25-06-2025,Logistics & Fleet,Forklift Fleet,3174000,476100,2697900,48,9.58,781,50.5,STRUCTURED_LEASE,Performing
EQF-2025-02817,26-06-2025,Construction,Hydraulic Excavator,6468000,646800,5821200,48,11.47,691,73.9,REQUIRE_COLLATERAL,Performing
EQF-2025-02818,26-06-2025,Manufacturing,Injection Molding Press,7525000,1128750,6396250,48,10.88,651,80.1,REJECT,Performing
EQF-2025-02819,26-06-2025,Manufacturing,Industrial Robotic Arm,8172000,1225800,6946200,36,10.4,764,53.4,STRUCTURED_LEASE,Performing
EQF-2025-02820,26-06-2025,Healthcare,MRI Scanner,8658000,865800,7792200,36,8.48,753,46.7,STRUCTURED_LEASE,Performing
EQF-2025-02821,26-06-2025,IT & Enterprise Tech,Automated Storage Array,1697000,169700,1527300,36,9.84,580,99,REJECT,Performing
EQF-2025-02822,26-06-2025,Manufacturing,Injection Molding Press,7210000,721000,6489000,48,8.58,754,54.5,STRUCTURED_LEASE,Performing
EQF-2025-02823,26-06-2025,Construction,Tower Crane,5928000,592800,5335200,24,11.34,668,68.3,REQUIRE_COLLATERAL,Performing
EQF-2025-02824,26-06-2025,Manufacturing,Industrial Robotic Arm,8049000,1207350,6841650,60,8.43,741,53.6,STRUCTURED_LEASE,Performing
EQF-2025-02825,26-06-2025,Healthcare,MRI Scanner,14449000,3612250,10836750,48,9.3,704,67.2,REQUIRE_COLLATERAL,Default
EQF-2025-02826,26-06-2025,Logistics & Fleet,Forklift Fleet,1636000,163600,1472400,36,7.87,749,54.9,STRUCTURED_LEASE,Performing
EQF-2025-02827,26-06-2025,Logistics & Fleet,Forklift Fleet,4835000,967000,3868000,48,8.75,709,66.5,REQUIRE_COLLATERAL,Performing
EQF-2025-02828,26-06-2025,Manufacturing,Industrial Robotic Arm,4078000,611700,3466300,24,8.74,628,85.2,REJECT,Performing
EQF-2025-02829,26-06-2025,Healthcare,Digital X-Ray System,11109000,2777250,8331750,36,9.27,605,95.1,REJECT,Default
EQF-2025-02830,26-06-2025,Manufacturing,CNC Milling Unit,1743000,348600,1394400,36,8.15,622,72.5,REQUIRE_COLLATERAL,Performing
EQF-2025-02831,26-06-2025,Construction,Bulldozer,10056000,1508400,8547600,36,11.32,637,75.1,REQUIRE_COLLATERAL,Performing
EQF-2025-02832,26-06-2025,Logistics & Fleet,Forklift Fleet,3638000,545700,3092300,48,9.22,738,55.5,STRUCTURED_LEASE,Performing
EQF-2025-02833,27-06-2025,Manufacturing,CNC Milling Unit,6005000,1201000,4804000,48,8.7,772,54.2,STRUCTURED_LEASE,Performing
EQF-2025-02834,27-06-2025,Healthcare,MRI Scanner,13924000,1392400,12531600,36,10.65,689,71.6,REQUIRE_COLLATERAL,Performing
EQF-2025-02835,27-06-2025,Healthcare,Digital X-Ray System,9592000,959200,8632800,36,12.74,651,87.7,REJECT,60_Days_Past_Due
EQF-2025-02836,27-06-2025,IT & Enterprise Tech,Edge AI Compute Cluster,2935000,587000,2348000,24,8.89,711,52.2,STRUCTURED_LEASE,Performing
EQF-2025-02837,27-06-2025,IT & Enterprise Tech,Enterprise Server Rack,5304000,1326000,3978000,48,9.13,581,84.8,REJECT,Performing
EQF-2025-02838,27-06-2025,Manufacturing,CNC Milling Unit,6697000,669700,6027300,36,8.39,750,48.3,STRUCTURED_LEASE,Performing
EQF-2025-02839,27-06-2025,Logistics & Fleet,Forklift Fleet,4806000,720900,4085100,36,10.49,705,68.7,REQUIRE_COLLATERAL,Performing
EQF-2025-02840,27-06-2025,Healthcare,MRI Scanner,14341000,2151150,12189850,36,10.93,714,65.6,REQUIRE_COLLATERAL,Performing
EQF-2025-02841,27-06-2025,Healthcare,MRI Scanner,8206000,2051500,6154500,36,9.43,675,76.3,REQUIRE_COLLATERAL,Performing
EQF-2025-02842,27-06-2025,Logistics & Fleet,Forklift Fleet,2899000,434850,2464150,48,8.84,669,70.1,REQUIRE_COLLATERAL,60_Days_Past_Due
EQF-2025-02843,27-06-2025,IT & Enterprise Tech,Enterprise Server Rack,2131000,213100,1917900,48,10.3,602,96.6,REJECT,Default
EQF-2025-02844,27-06-2025,IT & Enterprise Tech,Edge AI Compute Cluster,4235000,1058750,3176250,48,10.61,766,53.2,STRUCTURED_LEASE,Performing
EQF-2025-02845,27-06-2025,Construction,Tower Crane,5599000,559900,5039100,48,11.83,628,93.2,REJECT,Performing
EQF-2025-02846,27-06-2025,Healthcare,Surgical Robot,12647000,3161750,9485250,48,8.63,663,78.3,REQUIRE_COLLATERAL,Performing
EQF-2025-02847,27-06-2025,Logistics & Fleet,Heavy Duty Hauler,1662000,332400,1329600,24,10.78,648,83.2,REJECT,Default
EQF-2025-02848,27-06-2025,Healthcare,Digital X-Ray System,5280000,792000,4488000,24,9.66,764,40.7,STRUCTURED_LEASE,Performing
EQF-2025-02849,28-06-2025,Construction,Tower Crane,4238000,1059500,3178500,36,7,672,72.3,REQUIRE_COLLATERAL,Performing
EQF-2025-02850,28-06-2025,Healthcare,Digital X-Ray System,4927000,985400,3941600,48,11.78,772,59.7,STRUCTURED_LEASE,Performing
EQF-2025-02851,28-06-2025,Logistics & Fleet,Electric Delivery Van,3556000,355600,3200400,60,9.95,747,62.9,STRUCTURED_LEASE,Performing
EQF-2025-02852,28-06-2025,Manufacturing,CNC Milling Unit,2531000,506200,2024800,24,10.41,648,73.9,REQUIRE_COLLATERAL,Performing
EQF-2025-02853,28-06-2025,Manufacturing,CNC Milling Unit,2620000,262000,2358000,36,10.92,703,66.8,REQUIRE_COLLATERAL,60_Days_Past_Due
EQF-2025-02854,28-06-2025,IT & Enterprise Tech,Enterprise Server Rack,874000,218500,655500,36,10.39,599,89.1,REJECT,Default
EQF-2025-02855,28-06-2025,Manufacturing,CNC Milling Unit,6975000,1743750,5231250,48,8.05,735,49.4,STRUCTURED_LEASE,Performing
EQF-2025-02856,28-06-2025,Construction,Tower Crane,9405000,1410750,7994250,48,10.51,667,79,REQUIRE_COLLATERAL,Performing
EQF-2025-02857,28-06-2025,Manufacturing,Injection Molding Press,2634000,395100,2238900,36,10.24,641,80.1,REJECT,Performing
EQF-2025-02858,28-06-2025,Manufacturing,Injection Molding Press,6677000,1669250,5007750,48,7,692,61.3,STRUCTURED_LEASE,Performing
EQF-2025-02859,28-06-2025,Manufacturing,Industrial Robotic Arm,4535000,453500,4081500,48,12,679,78.6,REQUIRE_COLLATERAL,30_Days_Past_Due
EQF-2025-02860,28-06-2025,Manufacturing,Industrial Robotic Arm,3177000,317700,2859300,36,8.93,728,62.8,STRUCTURED_LEASE,Performing
EQF-2025-02861,28-06-2025,IT & Enterprise Tech,Automated Storage Array,4031000,1007750,3023250,36,10.99,833,35.6,AUTO_APPROVE,Performing
EQF-2025-02862,28-06-2025,Healthcare,Surgical Robot,5963000,596300,5366700,48,9,795,40.6,STRUCTURED_LEASE,Performing
EQF-2025-02863,28-06-2025,IT & Enterprise Tech,Edge AI Compute Cluster,4736000,1184000,3552000,24,8.7,632,70.7,REQUIRE_COLLATERAL,Performing
EQF-2025-02864,28-06-2025,Construction,Tower Crane,2905000,435750,2469250,36,9.38,809,30,AUTO_APPROVE,30_Days_Past_Due
EQF-2025-02865,29-06-2025,Healthcare,MRI Scanner,14550000,1455000,13095000,36,12.68,713,77.8,REQUIRE_COLLATERAL,60_Days_Past_Due
EQF-2025-02866,29-06-2025,Construction,Hydraulic Excavator,3111000,466650,2644350,48,12.52,550,99,REJECT,Default
EQF-2025-02867,29-06-2025,Construction,Bulldozer,7425000,1485000,5940000,48,8.7,695,74,REQUIRE_COLLATERAL,60_Days_Past_Due
EQF-2025-02868,29-06-2025,Logistics & Fleet,Electric Delivery Van,4628000,694200,3933800,48,11.37,608,86.5,REJECT,Performing
EQF-2025-02869,29-06-2025,Healthcare,Surgical Robot,4131000,826200,3304800,24,9.54,681,62.3,STRUCTURED_LEASE,Performing
EQF-2025-02870,29-06-2025,Healthcare,MRI Scanner,9484000,1422600,8061400,24,12.53,834,38.6,AUTO_APPROVE,Performing
EQF-2025-02871,29-06-2025,IT & Enterprise Tech,Enterprise Server Rack,2620000,393000,2227000,48,11.23,624,92,REJECT,Performing
EQF-2025-02872,29-06-2025,IT & Enterprise Tech,Automated Storage Array,3818000,381800,3436200,36,9.92,622,82.4,REJECT,Performing
EQF-2025-02873,29-06-2025,IT & Enterprise Tech,Enterprise Server Rack,1972000,295800,1676200,48,9.62,703,60.2,STRUCTURED_LEASE,Performing
EQF-2025-02874,29-06-2025,Healthcare,Digital X-Ray System,4714000,1178500,3535500,36,10.41,656,76.1,REQUIRE_COLLATERAL,Performing
EQF-2025-02875,29-06-2025,Logistics & Fleet,Forklift Fleet,3579000,357900,3221100,48,10.23,693,77.7,REQUIRE_COLLATERAL,Performing
EQF-2025-02876,29-06-2025,Construction,Tower Crane,6043000,604300,5438700,60,7.85,717,66.2,REQUIRE_COLLATERAL,Performing
EQF-2025-02877,29-06-2025,Construction,Tower Crane,7791000,779100,7011900,60,9.81,613,99,REJECT,Performing
EQF-2025-02878,29-06-2025,Manufacturing,CNC Milling Unit,2974000,446100,2527900,36,8.52,724,58.1,STRUCTURED_LEASE,Performing
EQF-2025-02879,29-06-2025,Construction,Tower Crane,5379000,537900,4841100,48,8.71,660,80.4,REJECT,Default
EQF-2025-02880,29-06-2025,Manufacturing,Injection Molding Press,5432000,1086400,4345600,36,11.17,779,53.6,STRUCTURED_LEASE,Performing
EQF-2025-02881,30-06-2025,Healthcare,Digital X-Ray System,10524000,2104800,8419200,48,9.81,653,76.2,REQUIRE_COLLATERAL,30_Days_Past_Due
EQF-2025-02882,30-06-2025,IT & Enterprise Tech,Edge AI Compute Cluster,2736000,410400,2325600,24,8.82,663,67.4,REQUIRE_COLLATERAL,Performing
EQF-2025-02883,30-06-2025,Manufacturing,Industrial Robotic Arm,3460000,346000,3114000,48,7.68,649,81.1,REJECT,Default
EQF-2025-02884,30-06-2025,Manufacturing,Industrial Robotic Arm,3416000,854000,2562000,36,8.34,683,64.2,STRUCTURED_LEASE,Performing
EQF-2025-02885,30-06-2025,Manufacturing,Industrial Robotic Arm,2723000,680750,2042250,60,9.41,616,92.2,REJECT,Performing
EQF-2025-02886,30-06-2025,IT & Enterprise Tech,Enterprise Server Rack,2492000,498400,1993600,48,12.03,743,61.3,STRUCTURED_LEASE,Performing
EQF-2025-02887,30-06-2025,Construction,Bulldozer,4195000,629250,3565750,36,7.93,675,71.4,REQUIRE_COLLATERAL,Performing
EQF-2025-02888,30-06-2025,Healthcare,MRI Scanner,10972000,1645800,9326200,60,9.94,762,59.6,STRUCTURED_LEASE,Performing
EQF-2025-02889,30-06-2025,Logistics & Fleet,Forklift Fleet,3362000,504300,2857700,36,10.11,713,67.5,REQUIRE_COLLATERAL,Performing
EQF-2025-02890,30-06-2025,Logistics & Fleet,Forklift Fleet,2654000,398100,2255900,60,11.33,821,55.5,STRUCTURED_LEASE,Performing
EQF-2025-02891,30-06-2025,Healthcare,Surgical Robot,7584000,1137600,6446400,48,9.69,693,73.6,REQUIRE_COLLATERAL,30_Days_Past_Due
EQF-2025-02892,30-06-2025,Logistics & Fleet,Forklift Fleet,2103000,210300,1892700,60,10.11,686,75.4,REQUIRE_COLLATERAL,30_Days_Past_Due
EQF-2025-02893,30-06-2025,Logistics & Fleet,Forklift Fleet,3235000,323500,2911500,24,11.27,748,53.6,STRUCTURED_LEASE,Performing
EQF-2025-02894,30-06-2025,Logistics & Fleet,Electric Delivery Van,4692000,469200,4222800,36,8.33,575,79.1,REQUIRE_COLLATERAL,Performing
EQF-2025-02895,30-06-2025,Manufacturing,CNC Milling Unit,6300000,1575000,4725000,48,10.69,678,77.9,REQUIRE_COLLATERAL,Performing
EQF-2025-02896,30-06-2025,IT & Enterprise Tech,Enterprise Server Rack,4671000,467100,4203900,60,7.41,704,71.7,REQUIRE_COLLATERAL,30_Days_Past_Due
EQF-2025-02897,01-07-2025,Construction,Tower Crane,9592000,1438800,8153200,24,9.6,757,42.6,STRUCTURED_LEASE,30_Days_Past_Due
EQF-2025-02898,01-07-2025,Healthcare,Surgical Robot,7868000,1180200,6687800,24,9.14,770,44.1,STRUCTURED_LEASE,Performing
EQF-2025-02899,01-07-2025,Healthcare,MRI Scanner,4692000,1173000,3519000,36,8.42,782,43.4,STRUCTURED_LEASE,Performing
EQF-2025-02900,01-07-2025,Manufacturing,Industrial Robotic Arm,5858000,1464500,4393500,60,10.96,690,79.6,REQUIRE_COLLATERAL,Performing
EQF-2025-02901,01-07-2025,Manufacturing,Industrial Robotic Arm,2821000,564200,2256800,48,11.04,662,80.8,REJECT,Default
EQF-2025-02902,01-07-2025,Logistics & Fleet,Heavy Duty Hauler,3362000,840500,2521500,36,11.1,713,60.8,STRUCTURED_LEASE,Performing
EQF-2025-02903,01-07-2025,Manufacturing,CNC Milling Unit,6677000,1335400,5341600,24,10.07,692,72.2,REQUIRE_COLLATERAL,Performing
EQF-2025-02904,01-07-2025,Healthcare,Surgical Robot,12620000,1262000,11358000,48,7.65,601,77.7,REQUIRE_COLLATERAL,Performing
EQF-2025-02905,01-07-2025,Construction,Bulldozer,5066000,759900,4306100,36,9.01,720,56.2,STRUCTURED_LEASE,Performing
EQF-2025-02906,01-07-2025,Manufacturing,CNC Milling Unit,5087000,1017400,4069600,48,11.01,650,76,REQUIRE_COLLATERAL,Performing
EQF-2025-02907,01-07-2025,IT & Enterprise Tech,Automated Storage Array,4029000,805800,3223200,36,10.99,695,70.9,REQUIRE_COLLATERAL,30_Days_Past_Due
EQF-2025-02908,01-07-2025,Manufacturing,Industrial Robotic Arm,7236000,1447200,5788800,48,11.3,691,76.6,REQUIRE_COLLATERAL,30_Days_Past_Due
EQF-2025-02909,01-07-2025,Healthcare,Surgical Robot,12375000,3093750,9281250,60,9.97,849,39.6,AUTO_APPROVE,Performing
EQF-2025-02910,01-07-2025,Healthcare,Surgical Robot,14868000,3717000,11151000,48,9.23,768,46.7,STRUCTURED_LEASE,Performing
EQF-2025-02911,01-07-2025,Manufacturing,Industrial Robotic Arm,1557000,389250,1167750,36,7,751,43.3,STRUCTURED_LEASE,Performing
EQF-2025-02912,01-07-2025,Manufacturing,Injection Molding Press,4562000,912400,3649600,48,10.79,773,59.5,STRUCTURED_LEASE,30_Days_Past_Due
EQF-2025-02913,02-07-2025,Logistics & Fleet,Electric Delivery Van,2173000,217300,1955700,36,9.35,687,66.8,REQUIRE_COLLATERAL,Performing
EQF-2025-02914,02-07-2025,IT & Enterprise Tech,Automated Storage Array,1423000,213450,1209550,60,7.62,629,81.1,REJECT,Performing
EQF-2025-02915,02-07-2025,Manufacturing,CNC Milling Unit,7881000,1970250,5910750,24,10.64,569,88.9,REJECT,Performing
EQF-2025-02916,02-07-2025,Logistics & Fleet,Forklift Fleet,4992000,499200,4492800,48,11.63,745,62.5,STRUCTURED_LEASE,Performing
EQF-2025-02917,02-07-2025,Logistics & Fleet,Heavy Duty Hauler,1886000,471500,1414500,24,10.8,746,56.7,STRUCTURED_LEASE,Performing
EQF-2025-02918,02-07-2025,Logistics & Fleet,Heavy Duty Hauler,1346000,336500,1009500,24,10.51,660,70.9,REQUIRE_COLLATERAL,Performing
EQF-2025-02919,02-07-2025,Healthcare,MRI Scanner,7026000,1405200,5620800,36,10.9,668,77,REQUIRE_COLLATERAL,Performing
EQF-2025-02920,02-07-2025,Healthcare,MRI Scanner,13183000,2636600,10546400,60,7,657,68,REQUIRE_COLLATERAL,60_Days_Past_Due
EQF-2025-02921,02-07-2025,Healthcare,MRI Scanner,7233000,1808250,5424750,60,12.08,658,92.5,REJECT,60_Days_Past_Due
EQF-2025-02922,02-07-2025,Logistics & Fleet,Electric Delivery Van,1416000,212400,1203600,36,8.31,677,67,REQUIRE_COLLATERAL,Performing
EQF-2025-02923,02-07-2025,Logistics & Fleet,Electric Delivery Van,1399000,349750,1049250,24,8.44,731,47,STRUCTURED_LEASE,Performing
EQF-2025-02924,02-07-2025,Manufacturing,Industrial Robotic Arm,4492000,673800,3818200,36,8.79,779,48,STRUCTURED_LEASE,60_Days_Past_Due
EQF-2025-02925,02-07-2025,Healthcare,MRI Scanner,14250000,1425000,12825000,36,8.96,708,62.7,STRUCTURED_LEASE,Performing
EQF-2025-02926,02-07-2025,IT & Enterprise Tech,Automated Storage Array,2287000,571750,1715250,48,11.75,792,47.4,STRUCTURED_LEASE,60_Days_Past_Due
EQF-2025-02927,02-07-2025,Logistics & Fleet,Electric Delivery Van,2823000,423450,2399550,36,10.32,850,32.9,AUTO_APPROVE,Performing
EQF-2025-02928,02-07-2025,IT & Enterprise Tech,Automated Storage Array,1330000,133000,1197000,48,8.48,735,55.8,STRUCTURED_LEASE,Performing
EQF-2025-02929,03-07-2025,Logistics & Fleet,Forklift Fleet,3076000,307600,2768400,48,8.71,705,59.1,STRUCTURED_LEASE,Performing
EQF-2025-02930,03-07-2025,Healthcare,MRI Scanner,11662000,2332400,9329600,48,13.24,558,99,REJECT,60_Days_Past_Due
EQF-2025-02931,03-07-2025,Construction,Hydraulic Excavator,4805000,480500,4324500,48,10.03,749,53.5,STRUCTURED_LEASE,Performing
EQF-2025-02932,03-07-2025,Logistics & Fleet,Heavy Duty Hauler,2328000,465600,1862400,36,8.85,714,54.1,STRUCTURED_LEASE,Performing
EQF-2025-02933,03-07-2025,Manufacturing,Industrial Robotic Arm,7394000,739400,6654600,36,7.07,715,58.5,STRUCTURED_LEASE,Performing
EQF-2025-02934,03-07-2025,Construction,Hydraulic Excavator,2588000,258800,2329200,48,7,695,65.4,REQUIRE_COLLATERAL,30_Days_Past_Due
EQF-2025-02935,03-07-2025,Logistics & Fleet,Electric Delivery Van,3619000,542850,3076150,36,7.82,681,63.9,STRUCTURED_LEASE,Performing
EQF-2025-02936,03-07-2025,Manufacturing,Industrial Robotic Arm,4257000,638550,3618450,24,9.64,645,62.3,REQUIRE_COLLATERAL,Performing
EQF-2025-02937,03-07-2025,Logistics & Fleet,Electric Delivery Van,2334000,466800,1867200,60,11.16,762,61.6,STRUCTURED_LEASE,Performing
EQF-2025-02938,03-07-2025,Construction,Tower Crane,8090000,2022500,6067500,48,10.42,550,99,REJECT,Default
EQF-2025-02939,03-07-2025,IT & Enterprise Tech,Enterprise Server Rack,5140000,771000,4369000,36,11.26,738,66.3,REQUIRE_COLLATERAL,Performing
EQF-2025-02940,03-07-2025,Manufacturing,Industrial Robotic Arm,5409000,540900,4868100,48,10.35,611,94.8,REJECT,Performing
EQF-2025-02941,03-07-2025,Healthcare,MRI Scanner,4342000,868400,3473600,36,7.66,793,34.2,AUTO_APPROVE,Performing
EQF-2025-02942,03-07-2025,Construction,Hydraulic Excavator,6422000,1284400,5137600,60,10.14,688,72.1,REQUIRE_COLLATERAL,Performing
EQF-2025-02943,03-07-2025,Healthcare,Digital X-Ray System,9090000,1818000,7272000,24,10.2,746,51.7,STRUCTURED_LEASE,Performing
EQF-2025-02944,03-07-2025,Logistics & Fleet,Heavy Duty Hauler,3266000,326600,2939400,48,9.32,722,62.7,STRUCTURED_LEASE,Performing
EQF-2025-02945,04-07-2025,Logistics & Fleet,Forklift Fleet,3750000,562500,3187500,48,9.04,787,48.3,STRUCTURED_LEASE,Performing
EQF-2025-02946,04-07-2025,Manufacturing,CNC Milling Unit,1635000,408750,1226250,36,9.28,829,41.4,STRUCTURED_LEASE,Performing
EQF-2025-02947,04-07-2025,Construction,Hydraulic Excavator,6767000,1353400,5413600,48,7.18,785,45.5,STRUCTURED_LEASE,Performing
EQF-2025-02948,04-07-2025,Construction,Tower Crane,7501000,750100,6750900,60,7.5,750,62.6,STRUCTURED_LEASE,Performing
EQF-2025-02949,04-07-2025,Healthcare,Digital X-Ray System,7777000,1166550,6610450,48,13.31,691,74.8,REQUIRE_COLLATERAL,Performing
EQF-2025-02950,04-07-2025,IT & Enterprise Tech,Enterprise Server Rack,4275000,641250,3633750,36,7.62,741,49.6,STRUCTURED_LEASE,Performing
EQF-2025-02951,04-07-2025,Logistics & Fleet,Electric Delivery Van,2067000,516750,1550250,48,7,776,44,STRUCTURED_LEASE,Performing
EQF-2025-02952,04-07-2025,Logistics & Fleet,Forklift Fleet,2406000,481200,1924800,60,8.42,684,72.8,REQUIRE_COLLATERAL,30_Days_Past_Due
EQF-2025-02953,04-07-2025,Logistics & Fleet,Forklift Fleet,4858000,485800,4372200,36,10.19,714,56.4,STRUCTURED_LEASE,Performing
EQF-2025-02954,04-07-2025,Construction,Tower Crane,5459000,818850,4640150,48,10.34,660,88.6,REJECT,Default
EQF-2025-02955,04-07-2025,IT & Enterprise Tech,Enterprise Server Rack,2602000,260200,2341800,36,7.96,766,47.3,STRUCTURED_LEASE,Performing
EQF-2025-02956,04-07-2025,Logistics & Fleet,Forklift Fleet,3464000,519600,2944400,24,9.64,742,46.5,STRUCTURED_LEASE,Performing
EQF-2025-02957,04-07-2025,Logistics & Fleet,Forklift Fleet,4890000,978000,3912000,24,8.68,627,69.9,REQUIRE_COLLATERAL,30_Days_Past_Due
EQF-2025-02958,04-07-2025,IT & Enterprise Tech,Enterprise Server Rack,5912000,1182400,4729600,60,9.79,731,66.1,REQUIRE_COLLATERAL,60_Days_Past_Due
EQF-2025-02959,04-07-2025,Healthcare,Digital X-Ray System,10376000,2594000,7782000,48,9.06,697,71,REQUIRE_COLLATERAL,Performing
EQF-2025-02960,04-07-2025,Logistics & Fleet,Forklift Fleet,1204000,180600,1023400,24,8.46,718,59.6,STRUCTURED_LEASE,Performing
EQF-2025-02961,05-07-2025,Manufacturing,CNC Milling Unit,7805000,780500,7024500,60,8.53,664,77.9,REQUIRE_COLLATERAL,Performing
EQF-2025-02962,05-07-2025,Healthcare,MRI Scanner,10273000,1540950,8732050,48,7,795,44.9,STRUCTURED_LEASE,Performing
EQF-2025-02963,05-07-2025,Healthcare,Surgical Robot,8026000,802600,7223400,48,9.17,667,76.5,REQUIRE_COLLATERAL,Performing
EQF-2025-02964,05-07-2025,IT & Enterprise Tech,Edge AI Compute Cluster,5112000,1278000,3834000,24,9.39,848,27.8,AUTO_APPROVE,Performing
EQF-2025-02965,05-07-2025,IT & Enterprise Tech,Automated Storage Array,2879000,431850,2447150,60,7.39,719,61.4,STRUCTURED_LEASE,Performing
EQF-2025-02966,05-07-2025,Logistics & Fleet,Heavy Duty Hauler,1329000,265800,1063200,48,8.99,690,69.5,REQUIRE_COLLATERAL,Performing
EQF-2025-02967,05-07-2025,Logistics & Fleet,Forklift Fleet,4320000,432000,3888000,48,9.12,739,58.3,STRUCTURED_LEASE,Performing
EQF-2025-02968,05-07-2025,Construction,Tower Crane,7140000,1428000,5712000,24,7,730,49,STRUCTURED_LEASE,Performing
EQF-2025-02969,05-07-2025,IT & Enterprise Tech,Enterprise Server Rack,2558000,639500,1918500,36,8.34,838,34,AUTO_APPROVE,Performing
EQF-2025-02970,05-07-2025,Construction,Tower Crane,4633000,1158250,3474750,36,8.3,740,61.4,STRUCTURED_LEASE,Performing
EQF-2025-02971,05-07-2025,Healthcare,Surgical Robot,10532000,1053200,9478800,60,9.77,589,91.9,REJECT,Default
EQF-2025-02972,05-07-2025,Manufacturing,Injection Molding Press,2956000,443400,2512600,36,11.37,668,76.3,REQUIRE_COLLATERAL,Performing
EQF-2025-02973,05-07-2025,Logistics & Fleet,Electric Delivery Van,2431000,486200,1944800,48,9.57,762,56.6,STRUCTURED_LEASE,Performing
EQF-2025-02974,05-07-2025,Logistics & Fleet,Forklift Fleet,3619000,723800,2895200,24,11.24,698,63.5,STRUCTURED_LEASE,Performing
EQF-2025-02975,05-07-2025,Healthcare,Digital X-Ray System,13697000,1369700,12327300,36,9.17,677,74.4,REQUIRE_COLLATERAL,Performing
EQF-2025-02976,05-07-2025,Manufacturing,Injection Molding Press,5230000,523000,4707000,36,10.06,666,71,REQUIRE_COLLATERAL,Performing
EQF-2025-02977,06-07-2025,Logistics & Fleet,Electric Delivery Van,4085000,408500,3676500,48,9.6,650,82.9,REJECT,Performing
EQF-2025-02978,06-07-2025,Manufacturing,Industrial Robotic Arm,6841000,1710250,5130750,48,13.12,726,76.8,REQUIRE_COLLATERAL,Performing
EQF-2025-02979,06-07-2025,Logistics & Fleet,Heavy Duty Hauler,3725000,931250,2793750,60,9.27,666,80.9,REJECT,Performing
EQF-2025-02980,06-07-2025,IT & Enterprise Tech,Enterprise Server Rack,2078000,415600,1662400,60,10.67,797,52.3,STRUCTURED_LEASE,Performing
EQF-2025-02981,06-07-2025,Healthcare,Digital X-Ray System,13535000,2030250,11504750,24,9.8,656,73.8,REQUIRE_COLLATERAL,Performing
EQF-2025-02982,06-07-2025,Manufacturing,Injection Molding Press,4554000,455400,4098600,48,11.19,625,86.5,REJECT,Default
EQF-2025-02983,06-07-2025,Logistics & Fleet,Forklift Fleet,1368000,342000,1026000,36,10.45,708,61.5,STRUCTURED_LEASE,Performing
EQF-2025-02984,06-07-2025,Logistics & Fleet,Forklift Fleet,2130000,319500,1810500,60,10.01,577,99,REJECT,Default
EQF-2025-02985,06-07-2025,Construction,Tower Crane,9007000,900700,8106300,24,7.79,553,93.4,REJECT,60_Days_Past_Due
EQF-2025-02986,06-07-2025,IT & Enterprise Tech,Edge AI Compute Cluster,1159000,173850,985150,48,7.92,750,54.3,STRUCTURED_LEASE,Performing
EQF-2025-02987,06-07-2025,Manufacturing,Industrial Robotic Arm,2532000,253200,2278800,36,8.58,713,62.6,STRUCTURED_LEASE,Performing
EQF-2025-02988,06-07-2025,Construction,Tower Crane,8401000,1260150,7140850,36,9.06,574,99,REJECT,Performing
EQF-2025-02989,06-07-2025,Logistics & Fleet,Heavy Duty Hauler,4592000,918400,3673600,24,9.67,715,64.3,STRUCTURED_LEASE,Performing
EQF-2025-02990,06-07-2025,IT & Enterprise Tech,Edge AI Compute Cluster,4095000,409500,3685500,24,8.58,691,58.2,STRUCTURED_LEASE,Performing
EQF-2025-02991,06-07-2025,Manufacturing,Injection Molding Press,3056000,305600,2750400,36,7,610,79.9,REQUIRE_COLLATERAL,Performing
EQF-2025-02992,06-07-2025,Logistics & Fleet,Heavy Duty Hauler,1403000,280600,1122400,48,11.04,757,60.7,STRUCTURED_LEASE,Performing
EQF-2025-02993,07-07-2025,Construction,Bulldozer,7729000,772900,6956100,48,10.17,808,41.8,STRUCTURED_LEASE,Performing
EQF-2025-02994,07-07-2025,Healthcare,Digital X-Ray System,4521000,452100,4068900,36,9.59,835,38.3,AUTO_APPROVE,Performing
EQF-2025-02995,07-07-2025,Manufacturing,CNC Milling Unit,5789000,1447250,4341750,36,11.38,731,58.2,STRUCTURED_LEASE,30_Days_Past_Due
EQF-2025-02996,07-07-2025,IT & Enterprise Tech,Edge AI Compute Cluster,1973000,394600,1578400,36,8.29,711,63,STRUCTURED_LEASE,Performing
EQF-2025-02997,07-07-2025,Manufacturing,CNC Milling Unit,7833000,1958250,5874750,60,9.3,825,53.6,STRUCTURED_LEASE,Performing
EQF-2025-02998,07-07-2025,Healthcare,Surgical Robot,9226000,1845200,7380800,24,9.74,726,55.3,STRUCTURED_LEASE,Performing
EQF-2025-02999,07-07-2025,Healthcare,Digital X-Ray System,6463000,969450,5493550,48,8.88,687,72,REQUIRE_COLLATERAL,Performing
EQF-2025-03000,07-07-2025,IT & Enterprise Tech,Edge AI Compute Cluster,5236000,1047200,4188800,24,8.31,667,67.2,REQUIRE_COLLATERAL,Performing
EQF-2025-03001,07-07-2025,Logistics & Fleet,Heavy Duty Hauler,2165000,433000,1732000,36,10.81,745,53,STRUCTURED_LEASE,30_Days_Past_Due
EQF-2025-03002,07-07-2025,Logistics & Fleet,Heavy Duty Hauler,2365000,591250,1773750,24,9.93,603,79.7,REQUIRE_COLLATERAL,30_Days_Past_Due
EQF-2025-03003,07-07-2025,Healthcare,Digital X-Ray System,13177000,1317700,11859300,24,10.44,785,46.3,STRUCTURED_LEASE,Performing
EQF-2025-03004,07-07-2025,Construction,Hydraulic Excavator,5125000,1025000,4100000,36,8.26,619,80.4,REJECT,60_Days_Past_Due
EQF-2025-03005,07-07-2025,Construction,Tower Crane,5986000,598600,5387400,36,10.74,654,76.9,REQUIRE_COLLATERAL,30_Days_Past_Due
EQF-2025-03006,07-07-2025,Logistics & Fleet,Heavy Duty Hauler,2521000,504200,2016800,36,8.57,730,60.7,STRUCTURED_LEASE,Performing
EQF-2025-03007,07-07-2025,IT & Enterprise Tech,Automated Storage Array,1405000,351250,1053750,48,9.87,823,44.4,STRUCTURED_LEASE,Performing
EQF-2025-03008,07-07-2025,Manufacturing,CNC Milling Unit,1772000,354400,1417600,24,12.47,692,80.4,REJECT,Performing
EQF-2025-03009,08-07-2025,Logistics & Fleet,Forklift Fleet,3953000,592950,3360050,24,10.78,641,72.3,REQUIRE_COLLATERAL,Performing
EQF-2025-03010,08-07-2025,Manufacturing,CNC Milling Unit,6016000,1203200,4812800,36,10.01,779,46.4,STRUCTURED_LEASE,Performing
EQF-2025-03011,08-07-2025,Construction,Hydraulic Excavator,4900000,980000,3920000,60,11.53,681,87.8,REJECT,60_Days_Past_Due
EQF-2025-03012,08-07-2025,Healthcare,Digital X-Ray System,7252000,725200,6526800,48,8.65,600,96.9,REJECT,Default
EQF-2025-03013,08-07-2025,Healthcare,MRI Scanner,14395000,1439500,12955500,48,10.24,749,54.9,STRUCTURED_LEASE,Performing
EQF-2025-03014,08-07-2025,Healthcare,MRI Scanner,14864000,2229600,12634400,36,8.25,695,61.1,STRUCTURED_LEASE,Performing
EQF-2025-03015,08-07-2025,Construction,Bulldozer,6524000,1304800,5219200,36,8.96,694,63.9,STRUCTURED_LEASE,Performing
EQF-2025-03016,08-07-2025,Healthcare,MRI Scanner,12827000,1282700,11544300,24,11.89,757,60.9,STRUCTURED_LEASE,Performing
EQF-2025-03017,08-07-2025,Logistics & Fleet,Electric Delivery Van,3999000,799800,3199200,36,9.91,763,51.1,STRUCTURED_LEASE,Performing
EQF-2025-03018,08-07-2025,Healthcare,Surgical Robot,7270000,1817500,5452500,48,11.61,661,80.7,REJECT,Performing
EQF-2025-03019,08-07-2025,Manufacturing,Industrial Robotic Arm,1910000,477500,1432500,60,9.35,717,66.5,REQUIRE_COLLATERAL,Performing
EQF-2025-03020,08-07-2025,Logistics & Fleet,Electric Delivery Van,1742000,261300,1480700,60,11.33,608,96.7,REJECT,60_Days_Past_Due
EQF-2025-03021,08-07-2025,Healthcare,Digital X-Ray System,13221000,3305250,9915750,36,9.58,693,68.1,REQUIRE_COLLATERAL,30_Days_Past_Due
EQF-2025-03022,08-07-2025,Healthcare,Digital X-Ray System,12043000,1204300,10838700,36,9.7,652,85.1,REJECT,Performing
EQF-2025-03023,08-07-2025,Logistics & Fleet,Forklift Fleet,3724000,372400,3351600,36,9.54,696,73,REQUIRE_COLLATERAL,Performing
EQF-2025-03024,08-07-2025,Healthcare,MRI Scanner,5437000,815550,4621450,36,10.04,683,64.2,STRUCTURED_LEASE,Performing
EQF-2025-03025,09-07-2025,Manufacturing,Industrial Robotic Arm,5980000,1196000,4784000,60,9.11,698,70.5,REQUIRE_COLLATERAL,Performing
EQF-2025-03026,09-07-2025,Healthcare,Surgical Robot,12494000,1249400,11244600,24,7.42,601,78.4,REQUIRE_COLLATERAL,Performing
EQF-2025-03027,09-07-2025,IT & Enterprise Tech,Edge AI Compute Cluster,5275000,1318750,3956250,60,9.45,624,86.3,REJECT,Performing
EQF-2025-03028,09-07-2025,Construction,Hydraulic Excavator,2612000,261200,2350800,48,9.7,695,74.9,REQUIRE_COLLATERAL,Performing
EQF-2025-03029,09-07-2025,Logistics & Fleet,Forklift Fleet,3801000,570150,3230850,36,11.95,807,53.3,STRUCTURED_LEASE,Performing
EQF-2025-03030,09-07-2025,Construction,Bulldozer,2662000,665500,1996500,36,7,757,44.3,STRUCTURED_LEASE,Performing
EQF-2025-03031,09-07-2025,Manufacturing,CNC Milling Unit,6448000,1612000,4836000,48,11.93,738,65.3,REQUIRE_COLLATERAL,Performing
EQF-2025-03032,09-07-2025,Healthcare,Surgical Robot,10992000,2748000,8244000,36,11.07,671,79,REQUIRE_COLLATERAL,Performing
EQF-2025-03033,09-07-2025,Logistics & Fleet,Heavy Duty Hauler,1764000,264600,1499400,36,10.53,648,83.7,REJECT,Performing
EQF-2025-03034,09-07-2025,Manufacturing,Injection Molding Press,6863000,1029450,5833550,36,9.73,750,51.7,STRUCTURED_LEASE,Performing
EQF-2025-03035,09-07-2025,Healthcare,Surgical Robot,4752000,950400,3801600,24,7.97,634,74.6,REQUIRE_COLLATERAL,Performing
EQF-2025-03036,09-07-2025,Healthcare,MRI Scanner,13090000,2618000,10472000,48,12.43,816,45.8,STRUCTURED_LEASE,Performing
EQF-2025-03037,09-07-2025,Healthcare,MRI Scanner,6881000,1376200,5504800,36,11.35,707,72.5,REQUIRE_COLLATERAL,Performing
EQF-2025-03038,09-07-2025,IT & Enterprise Tech,Automated Storage Array,4382000,657300,3724700,48,9.88,840,34.7,AUTO_APPROVE,Performing
EQF-2025-03039,09-07-2025,Manufacturing,Injection Molding Press,7966000,1991500,5974500,48,9.93,820,43.4,STRUCTURED_LEASE,Performing
EQF-2025-03040,09-07-2025,Construction,Hydraulic Excavator,5389000,1347250,4041750,36,9.34,737,53.8,STRUCTURED_LEASE,Performing
EQF-2025-03041,10-07-2025,Manufacturing,CNC Milling Unit,5020000,502000,4518000,48,10.39,734,57.9,STRUCTURED_LEASE,Performing
EQF-2025-03042,10-07-2025,IT & Enterprise Tech,Automated Storage Array,3208000,641600,2566400,36,9.43,668,68.7,REQUIRE_COLLATERAL,60_Days_Past_Due
EQF-2025-03043,10-07-2025,Manufacturing,Injection Molding Press,2603000,650750,1952250,48,9.96,795,46.7,STRUCTURED_LEASE,Performing
EQF-2025-03044,10-07-2025,Healthcare,Surgical Robot,10493000,2623250,7869750,24,10.16,685,72.1,REQUIRE_COLLATERAL,Performing
EQF-2025-03045,10-07-2025,Logistics & Fleet,Heavy Duty Hauler,4023000,1005750,3017250,36,13.15,600,92.4,REJECT,Performing
EQF-2025-03046,10-07-2025,Logistics & Fleet,Forklift Fleet,4684000,1171000,3513000,36,8.13,785,43.3,STRUCTURED_LEASE,Performing
EQF-2025-03047,10-07-2025,Healthcare,Digital X-Ray System,13359000,2003850,11355150,48,9.74,745,55.6,STRUCTURED_LEASE,Performing
EQF-2025-03048,10-07-2025,Healthcare,MRI Scanner,9610000,1922000,7688000,24,11.34,676,75,REQUIRE_COLLATERAL,60_Days_Past_Due
EQF-2025-03049,10-07-2025,Healthcare,Surgical Robot,11909000,2977250,8931750,36,10.74,727,66.8,REQUIRE_COLLATERAL,60_Days_Past_Due
EQF-2025-03050,10-07-2025,Healthcare,MRI Scanner,12809000,3202250,9606750,36,10.52,712,68.2,REQUIRE_COLLATERAL,Performing
EQF-2025-03051,10-07-2025,Manufacturing,Industrial Robotic Arm,4954000,1238500,3715500,24,14.02,806,46,STRUCTURED_LEASE,Performing
EQF-2025-03052,10-07-2025,Construction,Hydraulic Excavator,3481000,870250,2610750,48,11.13,644,80.9,REJECT,Performing
EQF-2025-03053,10-07-2025,Healthcare,Surgical Robot,8817000,881700,7935300,48,8.56,806,38.3,AUTO_APPROVE,Performing
EQF-2025-03054,10-07-2025,Healthcare,Digital X-Ray System,13267000,3316750,9950250,60,8.39,796,52.2,STRUCTURED_LEASE,Performing
EQF-2025-03055,10-07-2025,Logistics & Fleet,Electric Delivery Van,3467000,866750,2600250,24,9.44,668,65.7,REQUIRE_COLLATERAL,Performing
EQF-2025-03056,10-07-2025,IT & Enterprise Tech,Automated Storage Array,4567000,1141750,3425250,36,8.85,737,59.4,STRUCTURED_LEASE,Performing
EQF-2025-03057,11-07-2025,Construction,Bulldozer,4075000,407500,3667500,48,9.62,745,54.4,STRUCTURED_LEASE,Performing
EQF-2025-03058,11-07-2025,Manufacturing,Injection Molding Press,8250000,1237500,7012500,48,10.01,850,35.4,AUTO_APPROVE,Performing
EQF-2025-03059,11-07-2025,Manufacturing,CNC Milling Unit,4329000,432900,3896100,36,9.91,659,72.3,REQUIRE_COLLATERAL,Performing
EQF-2025-03060,11-07-2025,IT & Enterprise Tech,Enterprise Server Rack,4199000,1049750,3149250,48,7,584,84.7,REJECT,Performing
EQF-2025-03061,11-07-2025,Healthcare,MRI Scanner,4208000,631200,3576800,48,8.37,579,83.7,REJECT,Performing
EQF-2025-03062,11-07-2025,Manufacturing,Injection Molding Press,2391000,597750,1793250,24,10.57,723,51.8,STRUCTURED_LEASE,Performing
EQF-2025-03063,11-07-2025,Construction,Bulldozer,9147000,1372050,7774950,48,11.97,776,62.7,STRUCTURED_LEASE,Performing
EQF-2025-03064,11-07-2025,Construction,Hydraulic Excavator,10728000,2682000,8046000,36,8.89,652,69.7,REQUIRE_COLLATERAL,Performing
EQF-2025-03065,11-07-2025,Construction,Tower Crane,5220000,1305000,3915000,60,8.9,697,74.6,REQUIRE_COLLATERAL,60_Days_Past_Due
EQF-2025-03066,11-07-2025,Healthcare,MRI Scanner,4409000,661350,3747650,48,9.37,681,72.3,REQUIRE_COLLATERAL,Performing
EQF-2025-03067,11-07-2025,Manufacturing,Industrial Robotic Arm,4026000,603900,3422100,24,12.09,635,79.4,REQUIRE_COLLATERAL,Performing
EQF-2025-03068,11-07-2025,IT & Enterprise Tech,Automated Storage Array,891000,222750,668250,36,9.58,749,52,STRUCTURED_LEASE,Performing
EQF-2025-03069,11-07-2025,Healthcare,Surgical Robot,6116000,611600,5504400,60,7,596,88.9,REJECT,Performing
EQF-2025-03070,11-07-2025,Logistics & Fleet,Heavy Duty Hauler,4059000,405900,3653100,48,12.18,751,66.3,REQUIRE_COLLATERAL,Default
EQF-2025-03071,11-07-2025,Logistics & Fleet,Heavy Duty Hauler,4761000,476100,4284900,36,10.54,682,64.8,STRUCTURED_LEASE,Performing
EQF-2025-03072,11-07-2025,Construction,Bulldozer,3243000,324300,2918700,48,7.56,773,47.6,STRUCTURED_LEASE,Performing
EQF-2025-03073,12-07-2025,Healthcare,MRI Scanner,10137000,1520550,8616450,48,8.73,721,63.9,STRUCTURED_LEASE,Performing
EQF-2025-03074,12-07-2025,Healthcare,Surgical Robot,6793000,1018950,5774050,24,8.31,609,82.2,REJECT,Default
EQF-2025-03075,12-07-2025,Construction,Bulldozer,3682000,368200,3313800,36,9.19,730,62.5,STRUCTURED_LEASE,Performing
EQF-2025-03076,12-07-2025,IT & Enterprise Tech,Edge AI Compute Cluster,1939000,387800,1551200,48,11.73,685,75.6,REQUIRE_COLLATERAL,Performing
EQF-2025-03077,12-07-2025,IT & Enterprise Tech,Enterprise Server Rack,3804000,760800,3043200,36,7,781,34.4,AUTO_APPROVE,Performing
EQF-2025-03078,12-07-2025,Manufacturing,Injection Molding Press,1956000,391200,1564800,36,8.98,757,53,STRUCTURED_LEASE,Performing
EQF-2025-03079,12-07-2025,Manufacturing,CNC Milling Unit,4540000,1135000,3405000,48,9.67,784,49.6,STRUCTURED_LEASE,Performing
EQF-2025-03080,12-07-2025,IT & Enterprise Tech,Edge AI Compute Cluster,1503000,150300,1352700,36,9.4,687,73.4,REQUIRE_COLLATERAL,Performing
EQF-2025-03081,12-07-2025,Logistics & Fleet,Electric Delivery Van,2236000,559000,1677000,36,8.3,650,74.1,REQUIRE_COLLATERAL,Performing
EQF-2025-03082,12-07-2025,IT & Enterprise Tech,Enterprise Server Rack,1792000,268800,1523200,36,11.28,709,72.7,REQUIRE_COLLATERAL,Performing
EQF-2025-03083,12-07-2025,Manufacturing,CNC Milling Unit,7681000,1152150,6528850,48,9.26,757,52.6,STRUCTURED_LEASE,Performing
EQF-2025-03084,12-07-2025,Construction,Bulldozer,8518000,1703600,6814400,48,9.07,647,85.1,REJECT,60_Days_Past_Due
EQF-2025-03085,12-07-2025,Logistics & Fleet,Electric Delivery Van,4500000,900000,3600000,48,10.02,730,63.6,STRUCTURED_LEASE,Performing
EQF-2025-03086,12-07-2025,Logistics & Fleet,Electric Delivery Van,2657000,398550,2258450,36,9.08,734,58.4,STRUCTURED_LEASE,Performing
EQF-2025-03087,12-07-2025,Healthcare,Digital X-Ray System,7448000,1489600,5958400,48,8.67,799,36.1,AUTO_APPROVE,Performing
EQF-2025-03088,12-07-2025,Manufacturing,CNC Milling Unit,4164000,832800,3331200,60,8.11,642,87.2,REJECT,Default
EQF-2025-03089,13-07-2025,Construction,Bulldozer,2658000,398700,2259300,36,12.79,742,61.8,STRUCTURED_LEASE,Performing
EQF-2025-03090,13-07-2025,Healthcare,MRI Scanner,11972000,2993000,8979000,36,10.69,678,74.6,REQUIRE_COLLATERAL,60_Days_Past_Due
EQF-2025-03091,13-07-2025,Construction,Hydraulic Excavator,5473000,1094600,4378400,48,8.93,660,74.2,REQUIRE_COLLATERAL,Performing
EQF-2025-03092,13-07-2025,IT & Enterprise Tech,Enterprise Server Rack,2429000,607250,1821750,36,11.41,836,44.7,STRUCTURED_LEASE,Performing
EQF-2025-03093,13-07-2025,Healthcare,Surgical Robot,10580000,2116000,8464000,36,10.29,738,59.2,STRUCTURED_LEASE,Performing
EQF-2025-03094,13-07-2025,Logistics & Fleet,Heavy Duty Hauler,2858000,285800,2572200,24,9.56,809,38,AUTO_APPROVE,Performing
EQF-2025-03095,13-07-2025,Manufacturing,Industrial Robotic Arm,8366000,2091500,6274500,36,7.96,661,79.4,REQUIRE_COLLATERAL,30_Days_Past_Due
EQF-2025-03096,13-07-2025,Logistics & Fleet,Electric Delivery Van,2554000,638500,1915500,36,8.26,818,23.6,AUTO_APPROVE,Performing
EQF-2025-03097,13-07-2025,IT & Enterprise Tech,Edge AI Compute Cluster,3992000,798400,3193600,24,10.95,683,66,REQUIRE_COLLATERAL,Performing
EQF-2025-03098,13-07-2025,Manufacturing,Injection Molding Press,3682000,920500,2761500,60,10.63,761,60.2,STRUCTURED_LEASE,Performing
EQF-2025-03099,13-07-2025,Manufacturing,CNC Milling Unit,8434000,843400,7590600,48,7.44,648,71.1,REQUIRE_COLLATERAL,Performing
EQF-2025-03100,13-07-2025,Healthcare,Surgical Robot,8896000,1334400,7561600,48,8.89,640,81.8,REJECT,60_Days_Past_Due
EQF-2025-03101,13-07-2025,Manufacturing,CNC Milling Unit,5939000,593900,5345100,36,10.52,708,58.5,STRUCTURED_LEASE,Performing
EQF-2025-03102,13-07-2025,Logistics & Fleet,Electric Delivery Van,1682000,252300,1429700,48,11.17,810,41.3,STRUCTURED_LEASE,Performing
EQF-2025-03103,13-07-2025,IT & Enterprise Tech,Enterprise Server Rack,4612000,461200,4150800,36,10.27,792,48.3,STRUCTURED_LEASE,Performing
EQF-2025-03104,13-07-2025,Healthcare,MRI Scanner,6961000,696100,6264900,48,8.82,719,58.1,STRUCTURED_LEASE,30_Days_Past_Due
EQF-2025-03105,14-07-2025,Healthcare,MRI Scanner,8935000,2233750,6701250,48,9.85,688,74.3,REQUIRE_COLLATERAL,Default
EQF-2025-03106,14-07-2025,Healthcare,Surgical Robot,13714000,1371400,12342600,48,9.18,730,58,STRUCTURED_LEASE,60_Days_Past_Due
EQF-2025-03107,14-07-2025,Logistics & Fleet,Heavy Duty Hauler,4888000,977600,3910400,36,10.07,641,74.7,REQUIRE_COLLATERAL,Performing
EQF-2025-03108,14-07-2025,Manufacturing,CNC Milling Unit,4472000,894400,3577600,48,11.72,719,64.1,STRUCTURED_LEASE,Performing
EQF-2025-03109,14-07-2025,Construction,Hydraulic Excavator,9596000,1919200,7676800,36,8.33,713,54.5,STRUCTURED_LEASE,Performing
EQF-2025-03110,14-07-2025,Construction,Bulldozer,2953000,590600,2362400,24,9.92,713,57,STRUCTURED_LEASE,Performing
EQF-2025-03111,14-07-2025,Construction,Bulldozer,9704000,2426000,7278000,24,9.35,740,48,STRUCTURED_LEASE,Performing
EQF-2025-03112,14-07-2025,Manufacturing,Injection Molding Press,5907000,1181400,4725600,60,9.11,761,57,STRUCTURED_LEASE,Performing
EQF-2025-03113,14-07-2025,Logistics & Fleet,Heavy Duty Hauler,3057000,305700,2751300,36,9.29,554,87.1,REJECT,Default
EQF-2025-03114,14-07-2025,Manufacturing,Industrial Robotic Arm,7730000,1546000,6184000,48,11.47,655,78.3,REQUIRE_COLLATERAL,Performing
EQF-2025-03115,14-07-2025,Manufacturing,Industrial Robotic Arm,7417000,1854250,5562750,36,10.37,667,80.1,REJECT,Default
EQF-2025-03116,14-07-2025,IT & Enterprise Tech,Edge AI Compute Cluster,2344000,351600,1992400,36,8.78,699,57,STRUCTURED_LEASE,Performing
EQF-2025-03117,14-07-2025,Logistics & Fleet,Heavy Duty Hauler,4208000,420800,3787200,48,10.47,705,66,REQUIRE_COLLATERAL,Performing
EQF-2025-03118,14-07-2025,Manufacturing,Industrial Robotic Arm,2196000,219600,1976400,36,8.66,751,57.8,STRUCTURED_LEASE,Performing
EQF-2025-03119,14-07-2025,Manufacturing,Industrial Robotic Arm,7259000,1814750,5444250,48,7,730,56,STRUCTURED_LEASE,Performing
EQF-2025-03120,14-07-2025,Manufacturing,Industrial Robotic Arm,6228000,934200,5293800,48,7,787,35,AUTO_APPROVE,Performing
EQF-2025-03121,15-07-2025,Healthcare,MRI Scanner,4967000,993400,3973600,48,10.25,690,75.1,REQUIRE_COLLATERAL,Performing
EQF-2025-03122,15-07-2025,Manufacturing,Industrial Robotic Arm,6282000,942300,5339700,48,9.07,665,81,REJECT,Performing
EQF-2025-03123,15-07-2025,Manufacturing,Industrial Robotic Arm,5564000,556400,5007600,24,11,700,64.3,STRUCTURED_LEASE,Performing
EQF-2025-03124,15-07-2025,Construction,Hydraulic Excavator,7554000,755400,6798600,36,10.08,711,60.8,STRUCTURED_LEASE,30_Days_Past_Due
EQF-2025-03125,15-07-2025,Logistics & Fleet,Forklift Fleet,2305000,230500,2074500,24,9.89,716,49.7,STRUCTURED_LEASE,Performing
EQF-2025-03126,15-07-2025,Construction,Tower Crane,4765000,714750,4050250,36,8.82,693,62.3,STRUCTURED_LEASE,30_Days_Past_Due
EQF-2025-03127,15-07-2025,Logistics & Fleet,Forklift Fleet,4098000,819600,3278400,60,10.28,780,49.8,STRUCTURED_LEASE,Performing
EQF-2025-03128,15-07-2025,Manufacturing,Industrial Robotic Arm,3298000,329800,2968200,48,11.83,774,57.1,STRUCTURED_LEASE,Performing
EQF-2025-03129,15-07-2025,IT & Enterprise Tech,Enterprise Server Rack,3121000,780250,2340750,48,7,780,49.3,STRUCTURED_LEASE,Performing
EQF-2025-03130,15-07-2025,Logistics & Fleet,Forklift Fleet,3840000,768000,3072000,48,9.28,645,75,REQUIRE_COLLATERAL,Performing
EQF-2025-03131,15-07-2025,Logistics & Fleet,Forklift Fleet,1503000,150300,1352700,36,11.52,757,60,STRUCTURED_LEASE,Performing
EQF-2025-03132,15-07-2025,Logistics & Fleet,Forklift Fleet,3459000,691800,2767200,48,7.78,814,30.7,AUTO_APPROVE,Performing
EQF-2025-03133,15-07-2025,IT & Enterprise Tech,Automated Storage Array,3865000,966250,2898750,48,9.7,782,49.5,STRUCTURED_LEASE,Performing
EQF-2025-03134,15-07-2025,Construction,Tower Crane,8316000,1247400,7068600,24,8.48,676,54.1,STRUCTURED_LEASE,Performing
EQF-2025-03135,15-07-2025,Manufacturing,Industrial Robotic Arm,4089000,408900,3680100,48,9.1,688,71,REQUIRE_COLLATERAL,Performing
EQF-2025-03136,15-07-2025,Construction,Bulldozer,6316000,1579000,4737000,48,7,607,88.9,REJECT,Performing
EQF-2025-03137,16-07-2025,Logistics & Fleet,Electric Delivery Van,2454000,245400,2208600,24,10.98,793,41.7,STRUCTURED_LEASE,30_Days_Past_Due
EQF-2025-03138,16-07-2025,Logistics & Fleet,Forklift Fleet,4271000,427100,3843900,48,9.73,646,81.5,REJECT,Default
EQF-2025-03139,16-07-2025,Construction,Bulldozer,3610000,541500,3068500,36,7.33,678,62.2,STRUCTURED_LEASE,Performing
EQF-2025-03140,16-07-2025,Manufacturing,CNC Milling Unit,8241000,1236150,7004850,36,10.13,746,57.7,STRUCTURED_LEASE,Performing
EQF-2025-03141,16-07-2025,Healthcare,Surgical Robot,10983000,2196600,8786400,48,9.81,719,68.9,REQUIRE_COLLATERAL,30_Days_Past_Due
EQF-2025-03142,16-07-2025,IT & Enterprise Tech,Edge AI Compute Cluster,5412000,1353000,4059000,60,8.47,733,62.3,STRUCTURED_LEASE,Performing
EQF-2025-03143,16-07-2025,Construction,Bulldozer,6123000,1530750,4592250,48,12.45,672,78.3,REQUIRE_COLLATERAL,Performing
EQF-2025-03144,16-07-2025,Construction,Hydraulic Excavator,5324000,798600,4525400,48,10.27,628,87.3,REJECT,Performing
EQF-2025-03145,16-07-2025,Healthcare,Digital X-Ray System,13908000,1390800,12517200,60,11.44,724,80,REJECT,Default
EQF-2025-03146,16-07-2025,Healthcare,MRI Scanner,5088000,1017600,4070400,60,9.26,652,83.5,REJECT,60_Days_Past_Due
EQF-2025-03147,16-07-2025,IT & Enterprise Tech,Enterprise Server Rack,1409000,211350,1197650,24,7.06,743,39.9,AUTO_APPROVE,Performing
EQF-2025-03148,16-07-2025,Logistics & Fleet,Forklift Fleet,2338000,467600,1870400,36,7,652,79.2,REQUIRE_COLLATERAL,Performing
EQF-2025-03149,16-07-2025,Logistics & Fleet,Heavy Duty Hauler,4847000,969400,3877600,24,7.98,700,53.7,STRUCTURED_LEASE,Performing
EQF-2025-03150,16-07-2025,Construction,Hydraulic Excavator,7881000,1970250,5910750,48,11.52,821,42.2,STRUCTURED_LEASE,Performing
EQF-2025-03151,16-07-2025,Construction,Tower Crane,7211000,1442200,5768800,60,8.74,724,70,REQUIRE_COLLATERAL,30_Days_Past_Due
EQF-2025-03152,16-07-2025,Manufacturing,CNC Milling Unit,6437000,1609250,4827750,36,11.06,658,75.3,REQUIRE_COLLATERAL,Performing
EQF-2025-03153,17-07-2025,Logistics & Fleet,Forklift Fleet,2786000,278600,2507400,48,7.75,742,57.7,STRUCTURED_LEASE,Performing
EQF-2025-03154,17-07-2025,Healthcare,Surgical Robot,12339000,1233900,11105100,48,8.51,700,68.2,REQUIRE_COLLATERAL,30_Days_Past_Due
EQF-2025-03155,17-07-2025,Healthcare,Surgical Robot,8326000,1248900,7077100,36,8.72,658,74.4,REQUIRE_COLLATERAL,Performing
EQF-2025-03156,17-07-2025,Construction,Hydraulic Excavator,9524000,952400,8571600,36,9.84,711,70.2,REQUIRE_COLLATERAL,30_Days_Past_Due
EQF-2025-03157,17-07-2025,IT & Enterprise Tech,Edge AI Compute Cluster,2190000,547500,1642500,36,7.47,790,39.1,AUTO_APPROVE,Performing
EQF-2025-03158,17-07-2025,Manufacturing,Injection Molding Press,3443000,688600,2754400,36,8.31,749,51.5,STRUCTURED_LEASE,Performing
EQF-2025-03159,17-07-2025,Logistics & Fleet,Heavy Duty Hauler,3185000,637000,2548000,48,9.15,698,63.4,STRUCTURED_LEASE,60_Days_Past_Due
EQF-2025-03160,17-07-2025,Healthcare,Surgical Robot,8738000,873800,7864200,36,7.49,631,79.2,REQUIRE_COLLATERAL,Performing
EQF-2025-03161,17-07-2025,Healthcare,Surgical Robot,11129000,2782250,8346750,48,7,757,51.3,STRUCTURED_LEASE,Performing
EQF-2025-03162,17-07-2025,Manufacturing,Industrial Robotic Arm,4050000,810000,3240000,24,9.54,741,58.5,STRUCTURED_LEASE,Performing
EQF-2025-03163,17-07-2025,Healthcare,Surgical Robot,6536000,653600,5882400,48,7.51,604,86.9,REJECT,Performing
EQF-2025-03164,17-07-2025,Construction,Tower Crane,6493000,1623250,4869750,24,11.32,613,92.9,REJECT,Performing
EQF-2025-03165,17-07-2025,Manufacturing,CNC Milling Unit,5427000,1356750,4070250,60,11.36,812,50.7,STRUCTURED_LEASE,Performing
EQF-2025-03166,17-07-2025,Construction,Bulldozer,3712000,742400,2969600,36,8.62,730,57.3,STRUCTURED_LEASE,Performing
EQF-2025-03167,17-07-2025,IT & Enterprise Tech,Enterprise Server Rack,3695000,554250,3140750,60,10.4,619,92,REJECT,Performing
EQF-2025-03168,17-07-2025,Manufacturing,CNC Milling Unit,3735000,560250,3174750,48,9.6,783,46.8,STRUCTURED_LEASE,60_Days_Past_Due
EQF-2025-03169,18-07-2025,Logistics & Fleet,Heavy Duty Hauler,2691000,672750,2018250,48,11.1,789,42.5,STRUCTURED_LEASE,Performing
EQF-2025-03170,18-07-2025,Healthcare,Surgical Robot,7072000,1768000,5304000,36,8.81,663,72.4,REQUIRE_COLLATERAL,30_Days_Past_Due
EQF-2025-03171,18-07-2025,Logistics & Fleet,Electric Delivery Van,4739000,473900,4265100,36,10.27,650,69.4,REQUIRE_COLLATERAL,30_Days_Past_Due
EQF-2025-03172,18-07-2025,Healthcare,Surgical Robot,11517000,2879250,8637750,36,9.97,715,64.8,STRUCTURED_LEASE,Performing
EQF-2025-03173,18-07-2025,Manufacturing,CNC Milling Unit,3337000,333700,3003300,24,9.89,720,63.3,STRUCTURED_LEASE,30_Days_Past_Due
EQF-2025-03174,18-07-2025,Manufacturing,Industrial Robotic Arm,6015000,601500,5413500,60,8.58,699,69.8,REQUIRE_COLLATERAL,30_Days_Past_Due
EQF-2025-03175,18-07-2025,Manufacturing,CNC Milling Unit,7440000,744000,6696000,36,11.28,640,83.7,REJECT,Performing
EQF-2025-03176,18-07-2025,Manufacturing,Industrial Robotic Arm,4311000,1077750,3233250,60,8.89,687,75.5,REQUIRE_COLLATERAL,Default
EQF-2025-03177,18-07-2025,Logistics & Fleet,Forklift Fleet,4354000,1088500,3265500,48,8.88,682,75.6,REQUIRE_COLLATERAL,Performing
EQF-2025-03178,18-07-2025,IT & Enterprise Tech,Edge AI Compute Cluster,1603000,160300,1442700,24,8.42,613,77.4,REQUIRE_COLLATERAL,Default
EQF-2025-03179,18-07-2025,Logistics & Fleet,Forklift Fleet,4327000,865400,3461600,48,8.51,774,43.8,STRUCTURED_LEASE,Performing
EQF-2025-03180,18-07-2025,Logistics & Fleet,Heavy Duty Hauler,3253000,813250,2439750,36,9.14,641,68.1,REQUIRE_COLLATERAL,Performing
EQF-2025-03181,18-07-2025,Manufacturing,Industrial Robotic Arm,3061000,459150,2601850,36,10.17,794,43.8,STRUCTURED_LEASE,Performing
EQF-2025-03182,18-07-2025,Healthcare,MRI Scanner,8479000,1695800,6783200,36,10.68,719,55,STRUCTURED_LEASE,Performing
EQF-2025-03183,18-07-2025,Healthcare,Digital X-Ray System,14868000,2230200,12637800,60,9.69,668,79.5,REQUIRE_COLLATERAL,Performing
EQF-2025-03184,18-07-2025,Manufacturing,Injection Molding Press,6985000,1746250,5238750,36,11.62,735,62.9,STRUCTURED_LEASE,Performing
EQF-2025-03185,19-07-2025,Construction,Tower Crane,7388000,1477600,5910400,48,9.68,701,65.8,REQUIRE_COLLATERAL,60_Days_Past_Due
EQF-2025-03186,19-07-2025,Construction,Tower Crane,3479000,869750,2609250,36,7,796,41.8,STRUCTURED_LEASE,Performing
EQF-2025-03187,19-07-2025,Healthcare,Surgical Robot,8596000,2149000,6447000,48,7.77,847,33,AUTO_APPROVE,Performing
EQF-2025-03188,19-07-2025,Healthcare,Surgical Robot,6894000,1378800,5515200,36,10.55,735,56,STRUCTURED_LEASE,Performing
EQF-2025-03189,19-07-2025,Logistics & Fleet,Forklift Fleet,1470000,367500,1102500,36,9.01,698,61.8,STRUCTURED_LEASE,Performing
EQF-2025-03190,19-07-2025,Logistics & Fleet,Electric Delivery Van,3260000,652000,2608000,36,8.91,814,45.1,STRUCTURED_LEASE,Performing
EQF-2025-03191,19-07-2025,Healthcare,MRI Scanner,13781000,3445250,10335750,36,8.05,696,53.9,STRUCTURED_LEASE,Performing
EQF-2025-03192,19-07-2025,IT & Enterprise Tech,Edge AI Compute Cluster,4313000,431300,3881700,48,8.9,675,71.3,REQUIRE_COLLATERAL,Performing
EQF-2025-03193,19-07-2025,IT & Enterprise Tech,Edge AI Compute Cluster,2098000,314700,1783300,36,8.92,789,44.8,STRUCTURED_LEASE,Performing
EQF-2025-03194,19-07-2025,Healthcare,MRI Scanner,10309000,1030900,9278100,60,10.24,764,56.4,STRUCTURED_LEASE,Performing
EQF-2025-03195,19-07-2025,Healthcare,Surgical Robot,14376000,3594000,10782000,24,9.13,676,62,STRUCTURED_LEASE,Performing
EQF-2025-03196,19-07-2025,Construction,Tower Crane,8645000,2161250,6483750,36,11.41,730,67.8,REQUIRE_COLLATERAL,Performing
EQF-2025-03197,19-07-2025,IT & Enterprise Tech,Enterprise Server Rack,4385000,1096250,3288750,24,8.52,687,72,REQUIRE_COLLATERAL,30_Days_Past_Due
EQF-2025-03198,19-07-2025,IT & Enterprise Tech,Automated Storage Array,5834000,583400,5250600,24,9.81,749,49.3,STRUCTURED_LEASE,Performing
EQF-2025-03199,19-07-2025,Manufacturing,Injection Molding Press,7092000,1773000,5319000,60,7.02,742,57.3,STRUCTURED_LEASE,Performing
EQF-2025-03200,19-07-2025,Healthcare,Digital X-Ray System,5503000,1100600,4402400,48,10.49,626,89.7,REJECT,Default
EQF-2025-03201,20-07-2025,Construction,Bulldozer,5455000,818250,4636750,48,7.37,712,55.9,STRUCTURED_LEASE,Performing
EQF-2025-03202,20-07-2025,Construction,Bulldozer,10704000,2676000,8028000,60,10.36,613,93.3,REJECT,Performing
EQF-2025-03203,20-07-2025,Manufacturing,CNC Milling Unit,4928000,1232000,3696000,48,7,617,88.7,REJECT,Performing
EQF-2025-03204,20-07-2025,IT & Enterprise Tech,Enterprise Server Rack,1381000,207150,1173850,48,7.95,677,81.9,REJECT,Performing
EQF-2025-03205,20-07-2025,Logistics & Fleet,Forklift Fleet,2943000,441450,2501550,48,10.76,671,71.2,REQUIRE_COLLATERAL,Performing
EQF-2025-03206,20-07-2025,Logistics & Fleet,Heavy Duty Hauler,3849000,577350,3271650,36,11.85,598,87.8,REJECT,60_Days_Past_Due
EQF-2025-03207,20-07-2025,IT & Enterprise Tech,Automated Storage Array,5987000,598700,5388300,48,7,632,75.6,REQUIRE_COLLATERAL,30_Days_Past_Due
EQF-2025-03208,20-07-2025,Logistics & Fleet,Electric Delivery Van,2431000,243100,2187900,48,7.87,609,82.9,REJECT,60_Days_Past_Due
EQF-2025-03209,20-07-2025,Healthcare,MRI Scanner,9655000,2413750,7241250,24,12.24,661,81.1,REJECT,Performing
EQF-2025-03210,20-07-2025,Construction,Bulldozer,9977000,1496550,8480450,60,9.71,744,62.9,STRUCTURED_LEASE,30_Days_Past_Due
EQF-2025-03211,20-07-2025,Manufacturing,Injection Molding Press,3987000,996750,2990250,36,7.95,805,43.2,STRUCTURED_LEASE,30_Days_Past_Due
EQF-2025-03212,20-07-2025,Logistics & Fleet,Heavy Duty Hauler,1615000,403750,1211250,60,11.72,778,60.8,STRUCTURED_LEASE,Performing
EQF-2025-03213,20-07-2025,Manufacturing,CNC Milling Unit,8143000,2035750,6107250,36,10.38,738,57.7,STRUCTURED_LEASE,Performing
EQF-2025-03214,20-07-2025,Logistics & Fleet,Electric Delivery Van,3056000,305600,2750400,36,9.67,734,59.8,STRUCTURED_LEASE,Performing
EQF-2025-03215,20-07-2025,Manufacturing,Injection Molding Press,5019000,752850,4266150,24,7,703,43.6,STRUCTURED_LEASE,Performing
EQF-2025-03216,20-07-2025,Manufacturing,Industrial Robotic Arm,5848000,1462000,4386000,60,12.64,703,76.5,REQUIRE_COLLATERAL,Default
EQF-2025-03217,21-07-2025,Manufacturing,Industrial Robotic Arm,1525000,152500,1372500,36,9.89,799,42.3,STRUCTURED_LEASE,60_Days_Past_Due
EQF-2025-03218,21-07-2025,Manufacturing,Industrial Robotic Arm,8018000,1603600,6414400,48,9.04,750,49.3,STRUCTURED_LEASE,Performing
EQF-2025-03219,21-07-2025,Logistics & Fleet,Heavy Duty Hauler,2574000,514800,2059200,48,11.69,722,75,REQUIRE_COLLATERAL,Performing
EQF-2025-03220,21-07-2025,Logistics & Fleet,Electric Delivery Van,2708000,677000,2031000,36,8.12,595,83.5,REJECT,Performing
EQF-2025-03221,21-07-2025,Construction,Hydraulic Excavator,3980000,995000,2985000,60,7.86,757,57.6,STRUCTURED_LEASE,Performing
EQF-2025-03222,21-07-2025,Manufacturing,CNC Milling Unit,4147000,622050,3524950,24,8.04,758,49.5,STRUCTURED_LEASE,Performing
EQF-2025-03223,21-07-2025,Manufacturing,Industrial Robotic Arm,7128000,1069200,6058800,48,8.93,669,69.7,REQUIRE_COLLATERAL,60_Days_Past_Due
EQF-2025-03224,21-07-2025,Manufacturing,Industrial Robotic Arm,7100000,1775000,5325000,36,9.54,724,60.9,STRUCTURED_LEASE,Performing
EQF-2025-03225,21-07-2025,Manufacturing,Injection Molding Press,8051000,805100,7245900,36,10.46,701,58.4,STRUCTURED_LEASE,Performing
EQF-2025-03226,21-07-2025,IT & Enterprise Tech,Edge AI Compute Cluster,2897000,724250,2172750,36,7.62,675,68.8,REQUIRE_COLLATERAL,Performing
EQF-2025-03227,21-07-2025,Manufacturing,Injection Molding Press,6461000,969150,5491850,48,9.95,736,58.6,STRUCTURED_LEASE,30_Days_Past_Due
EQF-2025-03228,21-07-2025,Healthcare,Digital X-Ray System,9580000,1437000,8143000,60,8.6,639,81.9,REJECT,Default
EQF-2025-03229,21-07-2025,Manufacturing,Industrial Robotic Arm,7128000,712800,6415200,24,9.34,842,35.1,AUTO_APPROVE,Performing
EQF-2025-03230,21-07-2025,Manufacturing,Industrial Robotic Arm,6488000,1622000,4866000,36,11.31,744,68.1,REQUIRE_COLLATERAL,Performing
EQF-2025-03231,21-07-2025,Construction,Tower Crane,5627000,844050,4782950,60,10.24,702,69.5,REQUIRE_COLLATERAL,Performing
EQF-2025-03232,21-07-2025,Construction,Bulldozer,5362000,1340500,4021500,24,10.36,772,42.9,STRUCTURED_LEASE,Performing
EQF-2025-03233,22-07-2025,Manufacturing,Injection Molding Press,3267000,490050,2776950,48,8.58,760,56.5,STRUCTURED_LEASE,Performing
EQF-2025-03234,22-07-2025,Manufacturing,Industrial Robotic Arm,5536000,1107200,4428800,48,12.39,661,86.5,REJECT,Performing
EQF-2025-03235,22-07-2025,Healthcare,Digital X-Ray System,14602000,2920400,11681600,36,10.51,677,66,REQUIRE_COLLATERAL,Default
EQF-2025-03236,22-07-2025,Manufacturing,Injection Molding Press,2900000,580000,2320000,48,8.86,561,97.4,REJECT,Default
EQF-2025-03237,22-07-2025,Manufacturing,CNC Milling Unit,2167000,325050,1841950,60,11.21,640,88.8,REJECT,Performing
EQF-2025-03238,22-07-2025,IT & Enterprise Tech,Enterprise Server Rack,1421000,142100,1278900,36,10.35,753,54.7,STRUCTURED_LEASE,Performing
EQF-2025-03239,22-07-2025,Construction,Hydraulic Excavator,9156000,1831200,7324800,48,7.61,721,62.8,STRUCTURED_LEASE,Performing
EQF-2025-03240,22-07-2025,Construction,Bulldozer,5476000,821400,4654600,48,9.8,677,81.6,REJECT,Performing
EQF-2025-03241,22-07-2025,Healthcare,Surgical Robot,6468000,1617000,4851000,36,8.05,732,53.3,STRUCTURED_LEASE,Performing
EQF-2025-03242,22-07-2025,Healthcare,MRI Scanner,7881000,1576200,6304800,24,7,675,70.1,REQUIRE_COLLATERAL,Performing
EQF-2025-03243,22-07-2025,Construction,Hydraulic Excavator,7985000,798500,7186500,48,8.85,615,85,REJECT,Default
EQF-2025-03244,22-07-2025,Logistics & Fleet,Electric Delivery Van,3278000,327800,2950200,36,11.2,648,88.1,REJECT,Default
EQF-2025-03245,22-07-2025,Logistics & Fleet,Forklift Fleet,4026000,402600,3623400,36,11.71,850,38.7,AUTO_APPROVE,Performing
EQF-2025-03246,22-07-2025,Manufacturing,Injection Molding Press,3874000,968500,2905500,60,8.73,700,75.6,REQUIRE_COLLATERAL,30_Days_Past_Due
EQF-2025-03247,22-07-2025,Construction,Hydraulic Excavator,6342000,1585500,4756500,48,9.07,703,71.4,REQUIRE_COLLATERAL,Performing
EQF-2025-03248,22-07-2025,Healthcare,MRI Scanner,5122000,512200,4609800,60,11.59,744,62.8,STRUCTURED_LEASE,Performing
EQF-2025-03249,23-07-2025,IT & Enterprise Tech,Automated Storage Array,1180000,118000,1062000,36,10.51,773,52.7,STRUCTURED_LEASE,Performing
EQF-2025-03250,23-07-2025,Construction,Tower Crane,6429000,642900,5786100,48,10.23,695,66.4,REQUIRE_COLLATERAL,Default
EQF-2025-03251,23-07-2025,Construction,Hydraulic Excavator,5064000,1266000,3798000,48,9.71,782,50.2,STRUCTURED_LEASE,Performing
EQF-2025-03252,23-07-2025,Manufacturing,Injection Molding Press,5790000,1447500,4342500,60,10.59,695,69.7,REQUIRE_COLLATERAL,Performing
EQF-2025-03253,23-07-2025,Construction,Bulldozer,2866000,429900,2436100,60,9.46,709,68.8,REQUIRE_COLLATERAL,Performing
EQF-2025-03254,23-07-2025,Manufacturing,Industrial Robotic Arm,2352000,470400,1881600,60,11.79,678,82.1,REJECT,Performing
EQF-2025-03255,23-07-2025,Healthcare,Digital X-Ray System,13517000,3379250,10137750,60,9.32,759,54.3,STRUCTURED_LEASE,Performing
EQF-2025-03256,23-07-2025,Manufacturing,CNC Milling Unit,5464000,546400,4917600,24,9.3,620,78.3,REQUIRE_COLLATERAL,Performing
EQF-2025-03257,23-07-2025,Logistics & Fleet,Heavy Duty Hauler,3906000,781200,3124800,48,7,724,61.5,STRUCTURED_LEASE,Performing
EQF-2025-03258,23-07-2025,Manufacturing,CNC Milling Unit,7394000,1848500,5545500,36,11.09,748,52.7,STRUCTURED_LEASE,Performing
EQF-2025-03259,23-07-2025,Healthcare,Surgical Robot,9102000,1820400,7281600,48,8.06,776,52.9,STRUCTURED_LEASE,Performing
EQF-2025-03260,23-07-2025,IT & Enterprise Tech,Enterprise Server Rack,4758000,713700,4044300,60,7,745,61.1,STRUCTURED_LEASE,Performing
EQF-2025-03261,23-07-2025,Manufacturing,Injection Molding Press,5172000,1293000,3879000,24,9.23,650,66.7,REQUIRE_COLLATERAL,Performing
EQF-2025-03262,23-07-2025,Construction,Hydraulic Excavator,4393000,439300,3953700,48,8.99,747,43.8,STRUCTURED_LEASE,30_Days_Past_Due
EQF-2025-03263,23-07-2025,Healthcare,Digital X-Ray System,7714000,771400,6942600,48,10.17,758,62.5,STRUCTURED_LEASE,Performing
EQF-2025-03264,23-07-2025,Manufacturing,Industrial Robotic Arm,4932000,739800,4192200,36,10.47,752,54.2,STRUCTURED_LEASE,Performing
EQF-2025-03265,24-07-2025,Logistics & Fleet,Forklift Fleet,2404000,360600,2043400,36,8.26,694,63.3,STRUCTURED_LEASE,Performing
EQF-2025-03266,24-07-2025,Manufacturing,Industrial Robotic Arm,3849000,577350,3271650,24,13.58,700,80.2,REJECT,Performing
EQF-2025-03267,24-07-2025,Construction,Bulldozer,5368000,805200,4562800,24,9.2,774,46.3,STRUCTURED_LEASE,30_Days_Past_Due
EQF-2025-03268,24-07-2025,Construction,Bulldozer,3544000,531600,3012400,48,7,710,62.9,STRUCTURED_LEASE,30_Days_Past_Due
EQF-2025-03269,24-07-2025,Construction,Tower Crane,3219000,804750,2414250,48,11.87,647,85.1,REJECT,Performing
EQF-2025-03270,24-07-2025,Logistics & Fleet,Forklift Fleet,1377000,344250,1032750,24,10.59,683,66.3,REQUIRE_COLLATERAL,Performing
EQF-2025-03271,24-07-2025,Healthcare,Digital X-Ray System,5221000,1044200,4176800,60,10.11,806,49.6,STRUCTURED_LEASE,Performing
EQF-2025-03272,24-07-2025,Manufacturing,CNC Milling Unit,3906000,585900,3320100,48,8.85,622,83.3,REJECT,60_Days_Past_Due
EQF-2025-03273,24-07-2025,Logistics & Fleet,Heavy Duty Hauler,3457000,345700,3111300,48,9.57,794,39.3,AUTO_APPROVE,Performing
EQF-2025-03274,24-07-2025,Construction,Tower Crane,4099000,409900,3689100,36,7,711,51.8,STRUCTURED_LEASE,Performing
EQF-2025-03275,24-07-2025,Logistics & Fleet,Electric Delivery Van,4574000,686100,3887900,48,9.09,623,84.1,REJECT,60_Days_Past_Due
EQF-2025-03276,24-07-2025,Logistics & Fleet,Electric Delivery Van,4272000,640800,3631200,36,13.19,761,69.6,REQUIRE_COLLATERAL,30_Days_Past_Due
EQF-2025-03277,24-07-2025,Logistics & Fleet,Electric Delivery Van,3178000,476700,2701300,48,8.07,663,66.4,REQUIRE_COLLATERAL,Performing
EQF-2025-03278,24-07-2025,Construction,Hydraulic Excavator,8656000,1298400,7357600,48,9.77,716,62.8,STRUCTURED_LEASE,30_Days_Past_Due
EQF-2025-03279,24-07-2025,Healthcare,Surgical Robot,8030000,1204500,6825500,24,7,590,77.2,REQUIRE_COLLATERAL,60_Days_Past_Due
EQF-2025-03280,24-07-2025,Logistics & Fleet,Forklift Fleet,1340000,134000,1206000,60,8.72,797,52.3,STRUCTURED_LEASE,Performing
EQF-2025-03281,25-07-2025,Construction,Hydraulic Excavator,10187000,2037400,8149600,36,7.6,690,63.2,STRUCTURED_LEASE,Performing
EQF-2025-03282,25-07-2025,Manufacturing,Injection Molding Press,2395000,359250,2035750,36,10.14,670,69.5,REQUIRE_COLLATERAL,Performing
EQF-2025-03283,25-07-2025,IT & Enterprise Tech,Enterprise Server Rack,5729000,859350,4869650,60,9.82,722,73.5,REQUIRE_COLLATERAL,Performing
EQF-2025-03284,25-07-2025,IT & Enterprise Tech,Automated Storage Array,3774000,566100,3207900,36,7.55,767,40.7,STRUCTURED_LEASE,Performing
EQF-2025-03285,25-07-2025,Construction,Tower Crane,5097000,1274250,3822750,48,9.63,697,66.7,REQUIRE_COLLATERAL,30_Days_Past_Due
EQF-2025-03286,25-07-2025,Manufacturing,Industrial Robotic Arm,4969000,496900,4472100,48,9.69,765,48.9,STRUCTURED_LEASE,Performing
EQF-2025-03287,25-07-2025,Healthcare,Digital X-Ray System,9518000,951800,8566200,36,9.76,708,68.5,REQUIRE_COLLATERAL,Performing
EQF-2025-03288,25-07-2025,Logistics & Fleet,Heavy Duty Hauler,1288000,257600,1030400,60,10.78,715,71.2,REQUIRE_COLLATERAL,Performing
EQF-2025-03289,25-07-2025,IT & Enterprise Tech,Enterprise Server Rack,2648000,662000,1986000,36,11.85,657,75.8,REQUIRE_COLLATERAL,Performing
EQF-2025-03290,25-07-2025,Manufacturing,Injection Molding Press,6679000,1669750,5009250,36,8.58,778,47.7,STRUCTURED_LEASE,Performing
EQF-2025-03291,25-07-2025,Manufacturing,Injection Molding Press,5070000,1267500,3802500,60,9.04,753,67.1,REQUIRE_COLLATERAL,Performing
EQF-2025-03292,25-07-2025,IT & Enterprise Tech,Automated Storage Array,2070000,414000,1656000,48,9.24,745,46.5,STRUCTURED_LEASE,Performing
EQF-2025-03293,25-07-2025,Healthcare,MRI Scanner,7686000,1537200,6148800,48,7.55,779,49.7,STRUCTURED_LEASE,Performing
EQF-2025-03294,25-07-2025,Construction,Bulldozer,9836000,1967200,7868800,48,7.99,641,86.6,REJECT,Default
EQF-2025-03295,25-07-2025,IT & Enterprise Tech,Edge AI Compute Cluster,3533000,883250,2649750,36,10.34,714,71.2,REQUIRE_COLLATERAL,Performing
EQF-2025-03296,25-07-2025,Manufacturing,Injection Molding Press,5198000,519800,4678200,36,12.39,782,51.8,STRUCTURED_LEASE,Performing
EQF-2025-03297,26-07-2025,Construction,Tower Crane,10672000,2668000,8004000,24,7.94,707,56.6,STRUCTURED_LEASE,Performing
EQF-2025-03298,26-07-2025,Manufacturing,CNC Milling Unit,3746000,749200,2996800,60,12.94,719,76.3,REQUIRE_COLLATERAL,Performing
EQF-2025-03299,26-07-2025,Healthcare,Digital X-Ray System,9275000,2318750,6956250,36,8.65,717,57.8,STRUCTURED_LEASE,Performing
EQF-2025-03300,26-07-2025,Logistics & Fleet,Electric Delivery Van,4285000,642750,3642250,36,11.32,740,64.5,STRUCTURED_LEASE,Performing
EQF-2025-03301,26-07-2025,Healthcare,Digital X-Ray System,12348000,3087000,9261000,36,10.14,584,83.6,REJECT,60_Days_Past_Due
EQF-2025-03302,26-07-2025,IT & Enterprise Tech,Enterprise Server Rack,2182000,545500,1636500,36,9.79,717,64.5,STRUCTURED_LEASE,Performing
EQF-2025-03303,26-07-2025,Construction,Hydraulic Excavator,3784000,378400,3405600,48,8.86,735,58.8,STRUCTURED_LEASE,Performing
EQF-2025-03304,26-07-2025,Healthcare,MRI Scanner,11708000,1170800,10537200,60,9.52,735,69.3,REQUIRE_COLLATERAL,Performing
EQF-2025-03305,26-07-2025,Manufacturing,CNC Milling Unit,3304000,330400,2973600,36,8.43,814,42.8,STRUCTURED_LEASE,Performing
EQF-2025-03306,26-07-2025,Healthcare,Surgical Robot,14149000,2122350,12026650,36,10.92,671,74.8,REQUIRE_COLLATERAL,30_Days_Past_Due
EQF-2025-03307,26-07-2025,Healthcare,MRI Scanner,5422000,542200,4879800,48,11.18,817,43.1,STRUCTURED_LEASE,Performing
EQF-2025-03308,26-07-2025,Manufacturing,Industrial Robotic Arm,3728000,559200,3168800,36,8.52,686,70.8,REQUIRE_COLLATERAL,Performing
EQF-2025-03309,26-07-2025,Healthcare,MRI Scanner,4603000,920600,3682400,60,7.04,622,77.3,REQUIRE_COLLATERAL,Performing
EQF-2025-03310,26-07-2025,Construction,Bulldozer,8478000,847800,7630200,48,9.01,807,38.4,AUTO_APPROVE,Performing
EQF-2025-03311,26-07-2025,Logistics & Fleet,Forklift Fleet,4587000,1146750,3440250,36,12.48,778,53.7,STRUCTURED_LEASE,Performing
EQF-2025-03312,26-07-2025,Logistics & Fleet,Forklift Fleet,3616000,904000,2712000,60,9.85,718,66.1,REQUIRE_COLLATERAL,Performing
EQF-2025-03313,27-07-2025,Logistics & Fleet,Electric Delivery Van,4763000,714450,4048550,36,11.23,671,73.8,REQUIRE_COLLATERAL,Performing
EQF-2025-03314,27-07-2025,Manufacturing,CNC Milling Unit,2400000,240000,2160000,36,8.11,696,61,STRUCTURED_LEASE,Performing
EQF-2025-03315,27-07-2025,Manufacturing,CNC Milling Unit,2114000,528500,1585500,36,8.77,726,57.2,STRUCTURED_LEASE,60_Days_Past_Due
EQF-2025-03316,27-07-2025,Logistics & Fleet,Heavy Duty Hauler,4386000,877200,3508800,60,9.03,800,56.3,STRUCTURED_LEASE,Performing
EQF-2025-03317,27-07-2025,Construction,Tower Crane,9772000,977200,8794800,48,7.74,624,75.4,REQUIRE_COLLATERAL,30_Days_Past_Due
EQF-2025-03318,27-07-2025,Manufacturing,Industrial Robotic Arm,7317000,1463400,5853600,36,9.75,696,63.8,STRUCTURED_LEASE,Performing
EQF-2025-03319,27-07-2025,Logistics & Fleet,Forklift Fleet,4236000,1059000,3177000,48,8.27,692,71.5,REQUIRE_COLLATERAL,Performing
EQF-2025-03320,27-07-2025,Logistics & Fleet,Forklift Fleet,2576000,257600,2318400,48,10.92,678,76.4,REQUIRE_COLLATERAL,Performing
EQF-2025-03321,27-07-2025,Construction,Hydraulic Excavator,4348000,652200,3695800,36,9.63,667,67.4,REQUIRE_COLLATERAL,Performing
EQF-2025-03322,27-07-2025,Manufacturing,Industrial Robotic Arm,8002000,2000500,6001500,48,11.72,814,47.7,STRUCTURED_LEASE,30_Days_Past_Due
EQF-2025-03323,27-07-2025,Logistics & Fleet,Electric Delivery Van,2367000,473400,1893600,48,7,657,64.7,STRUCTURED_LEASE,Performing
EQF-2025-03324,27-07-2025,Construction,Hydraulic Excavator,5886000,588600,5297400,48,8.7,718,67.7,REQUIRE_COLLATERAL,Default
EQF-2025-03325,27-07-2025,Logistics & Fleet,Heavy Duty Hauler,3858000,771600,3086400,24,8.89,633,75.1,REQUIRE_COLLATERAL,Performing
EQF-2025-03326,27-07-2025,Logistics & Fleet,Forklift Fleet,2315000,463000,1852000,24,10.19,766,59.1,STRUCTURED_LEASE,Performing
EQF-2025-03327,27-07-2025,Logistics & Fleet,Forklift Fleet,4313000,646950,3666050,48,8.87,677,66.4,REQUIRE_COLLATERAL,Performing
EQF-2025-03328,27-07-2025,Construction,Bulldozer,3095000,464250,2630750,48,12.08,566,99,REJECT,Default
EQF-2025-03329,28-07-2025,Manufacturing,CNC Milling Unit,7038000,1759500,5278500,48,9.22,773,52.5,STRUCTURED_LEASE,Performing
EQF-2025-03330,28-07-2025,Logistics & Fleet,Heavy Duty Hauler,3487000,523050,2963950,48,8.14,673,77.8,REQUIRE_COLLATERAL,Performing
EQF-2025-03331,28-07-2025,Construction,Bulldozer,7370000,1105500,6264500,48,9.26,795,44.4,STRUCTURED_LEASE,Performing
EQF-2025-03332,28-07-2025,Logistics & Fleet,Forklift Fleet,2942000,735500,2206500,60,9.01,780,49.7,STRUCTURED_LEASE,Performing
EQF-2025-03333,28-07-2025,Manufacturing,Industrial Robotic Arm,3439000,859750,2579250,36,10.89,702,67.7,REQUIRE_COLLATERAL,Performing
EQF-2025-03334,28-07-2025,Manufacturing,Industrial Robotic Arm,4748000,1187000,3561000,36,8.88,735,52.3,STRUCTURED_LEASE,Performing
EQF-2025-03335,28-07-2025,IT & Enterprise Tech,Automated Storage Array,3140000,785000,2355000,36,7.22,716,58.5,STRUCTURED_LEASE,Performing
EQF-2025-03336,28-07-2025,Logistics & Fleet,Forklift Fleet,3418000,683600,2734400,36,9.77,618,83.7,REJECT,Performing
EQF-2025-03337,28-07-2025,IT & Enterprise Tech,Edge AI Compute Cluster,2264000,452800,1811200,48,8.52,802,47.2,STRUCTURED_LEASE,Performing
EQF-2025-03338,28-07-2025,Logistics & Fleet,Forklift Fleet,1495000,373750,1121250,60,7.77,693,74.1,REQUIRE_COLLATERAL,Performing
EQF-2025-03339,28-07-2025,Construction,Tower Crane,3733000,933250,2799750,36,9.53,711,64.2,STRUCTURED_LEASE,Performing
EQF-2025-03340,28-07-2025,Logistics & Fleet,Electric Delivery Van,3857000,385700,3471300,60,9.3,712,74.6,REQUIRE_COLLATERAL,Performing
EQF-2025-03341,28-07-2025,IT & Enterprise Tech,Edge AI Compute Cluster,917000,91700,825300,48,9.17,695,67,REQUIRE_COLLATERAL,Performing
EQF-2025-03342,28-07-2025,Construction,Hydraulic Excavator,9780000,978000,8802000,48,9.89,751,50.7,STRUCTURED_LEASE,Performing
EQF-2025-03343,28-07-2025,Construction,Hydraulic Excavator,8402000,1260300,7141700,48,8.63,703,60.3,STRUCTURED_LEASE,Performing
EQF-2025-03344,28-07-2025,Manufacturing,Injection Molding Press,6877000,1375400,5501600,36,9.67,676,69.9,REQUIRE_COLLATERAL,30_Days_Past_Due
EQF-2025-03345,29-07-2025,Construction,Tower Crane,9606000,1921200,7684800,36,8.62,683,68.6,REQUIRE_COLLATERAL,Performing
EQF-2025-03346,29-07-2025,Logistics & Fleet,Heavy Duty Hauler,1666000,166600,1499400,48,10.73,818,48,STRUCTURED_LEASE,Performing
EQF-2025-03347,29-07-2025,Healthcare,Surgical Robot,13047000,1304700,11742300,60,9.46,713,65.7,REQUIRE_COLLATERAL,Performing
EQF-2025-03348,29-07-2025,Manufacturing,Injection Molding Press,5032000,1006400,4025600,48,12.12,815,53.1,STRUCTURED_LEASE,Performing
EQF-2025-03349,29-07-2025,Healthcare,Surgical Robot,13741000,2061150,11679850,36,8.76,647,63.1,REQUIRE_COLLATERAL,Performing
EQF-2025-03350,29-07-2025,Manufacturing,Injection Molding Press,7706000,770600,6935400,24,10.04,668,66.6,REQUIRE_COLLATERAL,Performing
EQF-2025-03351,29-07-2025,Manufacturing,Injection Molding Press,1669000,417250,1251750,60,11.19,678,82.9,REJECT,Default
EQF-2025-03352,29-07-2025,Healthcare,Digital X-Ray System,8212000,821200,7390800,36,10.3,704,70.1,REQUIRE_COLLATERAL,Performing
EQF-2025-03353,29-07-2025,IT & Enterprise Tech,Automated Storage Array,3537000,707400,2829600,60,9.71,663,84.3,REJECT,Performing
EQF-2025-03354,29-07-2025,Construction,Tower Crane,8266000,1653200,6612800,48,10,701,73.8,REQUIRE_COLLATERAL,30_Days_Past_Due
EQF-2025-03355,29-07-2025,Manufacturing,CNC Milling Unit,3503000,350300,3152700,48,10.26,723,65.8,REQUIRE_COLLATERAL,Performing
EQF-2025-03356,29-07-2025,Manufacturing,Injection Molding Press,3265000,326500,2938500,48,9.95,775,52.2,STRUCTURED_LEASE,Performing
EQF-2025-03357,29-07-2025,Logistics & Fleet,Heavy Duty Hauler,2649000,662250,1986750,36,9.48,622,72.4,REQUIRE_COLLATERAL,Performing
EQF-2025-03358,29-07-2025,Healthcare,Digital X-Ray System,9510000,2377500,7132500,48,10.61,770,54.1,STRUCTURED_LEASE,Performing
EQF-2025-03359,29-07-2025,Logistics & Fleet,Electric Delivery Van,4814000,722100,4091900,48,9.37,758,49.5,STRUCTURED_LEASE,Performing
EQF-2025-03360,29-07-2025,Logistics & Fleet,Heavy Duty Hauler,4096000,614400,3481600,48,8.02,646,80,REJECT,Default
EQF-2025-03361,30-07-2025,Logistics & Fleet,Forklift Fleet,2831000,707750,2123250,48,12.59,658,77.5,REQUIRE_COLLATERAL,30_Days_Past_Due
EQF-2025-03362,30-07-2025,Healthcare,Surgical Robot,4598000,689700,3908300,36,10.82,733,59.6,STRUCTURED_LEASE,Performing
EQF-2025-03363,30-07-2025,Logistics & Fleet,Heavy Duty Hauler,1840000,276000,1564000,48,8.13,669,66.2,REQUIRE_COLLATERAL,Performing
EQF-2025-03364,30-07-2025,Healthcare,MRI Scanner,9015000,901500,8113500,24,9.13,799,38.4,AUTO_APPROVE,Performing
EQF-2025-03365,30-07-2025,IT & Enterprise Tech,Enterprise Server Rack,5032000,1258000,3774000,24,8.65,709,56.6,STRUCTURED_LEASE,30_Days_Past_Due
EQF-2025-03366,30-07-2025,Construction,Bulldozer,5736000,573600,5162400,48,8.75,631,73.1,REQUIRE_COLLATERAL,Performing
EQF-2025-03367,30-07-2025,Healthcare,Surgical Robot,9923000,992300,8930700,24,10.8,637,79.5,REQUIRE_COLLATERAL,30_Days_Past_Due
EQF-2025-03368,30-07-2025,Healthcare,Surgical Robot,13810000,2071500,11738500,48,9,613,84.9,REJECT,60_Days_Past_Due
EQF-2025-03369,30-07-2025,Manufacturing,CNC Milling Unit,7897000,789700,7107300,36,12.37,703,70.5,REQUIRE_COLLATERAL,60_Days_Past_Due
EQF-2025-03370,30-07-2025,Logistics & Fleet,Forklift Fleet,2020000,404000,1616000,36,7,706,55.8,STRUCTURED_LEASE,60_Days_Past_Due
EQF-2025-03371,30-07-2025,Manufacturing,Industrial Robotic Arm,1805000,270750,1534250,24,9.46,743,48,STRUCTURED_LEASE,Performing
EQF-2025-03372,30-07-2025,Construction,Hydraulic Excavator,5096000,1019200,4076800,36,7.5,792,43.8,STRUCTURED_LEASE,Performing
EQF-2025-03373,30-07-2025,Healthcare,Surgical Robot,11654000,1748100,9905900,48,9.99,710,72.3,REQUIRE_COLLATERAL,Performing
EQF-2025-03374,30-07-2025,Logistics & Fleet,Heavy Duty Hauler,4814000,481400,4332600,48,10.17,792,54.4,STRUCTURED_LEASE,Performing
EQF-2025-03375,30-07-2025,Logistics & Fleet,Electric Delivery Van,1493000,223950,1269050,60,10.85,662,76.4,REQUIRE_COLLATERAL,60_Days_Past_Due
EQF-2025-03376,30-07-2025,Logistics & Fleet,Electric Delivery Van,1308000,261600,1046400,24,7.66,614,82.9,REJECT,Performing
EQF-2025-03377,31-07-2025,Logistics & Fleet,Heavy Duty Hauler,4560000,684000,3876000,48,10.15,761,59.1,STRUCTURED_LEASE,Performing
EQF-2025-03378,31-07-2025,Manufacturing,CNC Milling Unit,6737000,1347400,5389600,48,8.19,757,59.1,STRUCTURED_LEASE,Performing
EQF-2025-03379,31-07-2025,Manufacturing,Industrial Robotic Arm,8446000,2111500,6334500,36,9.64,726,65.5,REQUIRE_COLLATERAL,Performing
EQF-2025-03380,31-07-2025,Logistics & Fleet,Heavy Duty Hauler,2708000,270800,2437200,48,8.84,754,56.7,STRUCTURED_LEASE,30_Days_Past_Due
EQF-2025-03381,31-07-2025,Healthcare,Digital X-Ray System,8577000,1715400,6861600,48,7.6,559,91.2,REJECT,60_Days_Past_Due
EQF-2025-03382,31-07-2025,Healthcare,Digital X-Ray System,5895000,1473750,4421250,36,10.58,679,67.9,REQUIRE_COLLATERAL,Performing
EQF-2025-03383,31-07-2025,Manufacturing,Injection Molding Press,2311000,231100,2079900,48,9.11,782,46,STRUCTURED_LEASE,Performing
EQF-2025-03384,31-07-2025,Healthcare,MRI Scanner,10366000,2591500,7774500,36,10.79,693,68.2,REQUIRE_COLLATERAL,Default
EQF-2025-03385,31-07-2025,Manufacturing,CNC Milling Unit,4050000,810000,3240000,36,10.89,752,51.4,STRUCTURED_LEASE,Performing
EQF-2025-03386,31-07-2025,IT & Enterprise Tech,Automated Storage Array,1218000,121800,1096200,36,11.47,850,27.5,AUTO_APPROVE,30_Days_Past_Due
EQF-2025-03387,31-07-2025,Manufacturing,Industrial Robotic Arm,7709000,1927250,5781750,60,8.74,776,45.1,STRUCTURED_LEASE,30_Days_Past_Due
EQF-2025-03388,31-07-2025,Construction,Hydraulic Excavator,4186000,837200,3348800,36,8.11,686,64.6,STRUCTURED_LEASE,Performing
EQF-2025-03389,31-07-2025,Manufacturing,Injection Molding Press,6740000,1685000,5055000,36,11.3,595,90.4,REJECT,Default
EQF-2025-03390,31-07-2025,Logistics & Fleet,Forklift Fleet,2272000,227200,2044800,48,9.65,756,58.9,STRUCTURED_LEASE,Performing
EQF-2025-03391,31-07-2025,Healthcare,MRI Scanner,12942000,1294200,11647800,48,11.52,578,98.7,REJECT,Default
EQF-2025-03392,31-07-2025,IT & Enterprise Tech,Automated Storage Array,1416000,141600,1274400,48,7.73,658,79.4,REQUIRE_COLLATERAL,Performing
EQF-2025-03393,01-08-2025,IT & Enterprise Tech,Edge AI Compute Cluster,4732000,946400,3785600,24,10.53,661,69,REQUIRE_COLLATERAL,Performing
EQF-2025-03394,01-08-2025,Healthcare,Surgical Robot,5079000,1269750,3809250,48,9.56,702,69.6,REQUIRE_COLLATERAL,Performing
EQF-2025-03395,01-08-2025,IT & Enterprise Tech,Edge AI Compute Cluster,3124000,781000,2343000,36,9.44,727,61.4,STRUCTURED_LEASE,Performing
EQF-2025-03396,01-08-2025,IT & Enterprise Tech,Edge AI Compute Cluster,4617000,923400,3693600,48,9.02,653,77.9,REQUIRE_COLLATERAL,Performing
EQF-2025-03397,01-08-2025,Logistics & Fleet,Heavy Duty Hauler,1858000,185800,1672200,48,7.83,778,52.5,STRUCTURED_LEASE,Performing
EQF-2025-03398,01-08-2025,Logistics & Fleet,Forklift Fleet,2286000,342900,1943100,48,10.5,802,50.7,STRUCTURED_LEASE,Performing
EQF-2025-03399,01-08-2025,Manufacturing,Industrial Robotic Arm,7553000,755300,6797700,48,8.91,694,72.3,REQUIRE_COLLATERAL,60_Days_Past_Due
EQF-2025-03400,01-08-2025,Construction,Tower Crane,10024000,1503600,8520400,48,9.82,779,48.4,STRUCTURED_LEASE,Performing
EQF-2025-03401,01-08-2025,Manufacturing,Injection Molding Press,1815000,181500,1633500,48,12.4,665,81.3,REJECT,60_Days_Past_Due
EQF-2025-03402,01-08-2025,Manufacturing,Industrial Robotic Arm,2677000,535400,2141600,36,8.69,642,64.7,REQUIRE_COLLATERAL,60_Days_Past_Due
EQF-2025-03403,01-08-2025,IT & Enterprise Tech,Automated Storage Array,1411000,211650,1199350,24,9.05,780,42.2,STRUCTURED_LEASE,30_Days_Past_Due
EQF-2025-03404,01-08-2025,Healthcare,MRI Scanner,5977000,1195400,4781600,60,9.26,727,58.6,STRUCTURED_LEASE,Performing
EQF-2025-03405,01-08-2025,Logistics & Fleet,Electric Delivery Van,4887000,733050,4153950,36,8.91,735,67.4,REQUIRE_COLLATERAL,30_Days_Past_Due
EQF-2025-03406,01-08-2025,Logistics & Fleet,Electric Delivery Van,3296000,824000,2472000,48,8.96,829,40.2,STRUCTURED_LEASE,Performing
EQF-2025-03407,01-08-2025,IT & Enterprise Tech,Automated Storage Array,3234000,485100,2748900,48,10.55,753,57,STRUCTURED_LEASE,Performing
EQF-2025-03408,01-08-2025,IT & Enterprise Tech,Automated Storage Array,5919000,887850,5031150,24,11.49,850,36.2,AUTO_APPROVE,Performing
EQF-2025-03409,02-08-2025,Manufacturing,Injection Molding Press,5399000,809850,4589150,60,9.69,716,61.8,STRUCTURED_LEASE,Performing
EQF-2025-03410,02-08-2025,Manufacturing,Injection Molding Press,6128000,1532000,4596000,48,10.61,808,44.5,STRUCTURED_LEASE,Performing
EQF-2025-03411,02-08-2025,Healthcare,Digital X-Ray System,7660000,1532000,6128000,48,9.24,706,64.7,STRUCTURED_LEASE,Performing
EQF-2025-03412,02-08-2025,Manufacturing,CNC Milling Unit,4175000,1043750,3131250,24,9.2,635,78,REQUIRE_COLLATERAL,Performing
EQF-2025-03413,02-08-2025,Manufacturing,CNC Milling Unit,5661000,849150,4811850,48,8.9,764,48,STRUCTURED_LEASE,Performing
EQF-2025-03414,02-08-2025,Healthcare,MRI Scanner,4768000,476800,4291200,24,8.35,707,53.5,STRUCTURED_LEASE,Performing
EQF-2025-03415,02-08-2025,Logistics & Fleet,Heavy Duty Hauler,2172000,543000,1629000,48,11.35,844,41.2,STRUCTURED_LEASE,Performing
EQF-2025-03416,02-08-2025,Construction,Bulldozer,4173000,417300,3755700,48,8.75,746,59.7,STRUCTURED_LEASE,Performing
EQF-2025-03417,02-08-2025,Healthcare,Digital X-Ray System,4175000,1043750,3131250,24,10.42,771,48.6,STRUCTURED_LEASE,Performing
EQF-2025-03418,02-08-2025,Logistics & Fleet,Electric Delivery Van,3240000,810000,2430000,48,8.24,608,81.2,REJECT,Performing
EQF-2025-03419,02-08-2025,Manufacturing,Industrial Robotic Arm,5427000,814050,4612950,36,9.57,757,52.8,STRUCTURED_LEASE,30_Days_Past_Due
EQF-2025-03420,02-08-2025,Manufacturing,Injection Molding Press,4188000,837600,3350400,48,9.5,705,63.8,STRUCTURED_LEASE,Performing
EQF-2025-03421,02-08-2025,Logistics & Fleet,Electric Delivery Van,2221000,444200,1776800,48,8.26,659,69.9,REQUIRE_COLLATERAL,Performing
EQF-2025-03422,02-08-2025,Construction,Bulldozer,8043000,1206450,6836550,36,8.98,801,43.4,STRUCTURED_LEASE,Performing
EQF-2025-03423,02-08-2025,Logistics & Fleet,Electric Delivery Van,1712000,428000,1284000,36,7.9,625,80.4,REJECT,Performing
EQF-2025-03424,02-08-2025,Manufacturing,CNC Milling Unit,5130000,1026000,4104000,60,9.53,733,64.6,STRUCTURED_LEASE,Performing
EQF-2025-03425,03-08-2025,Logistics & Fleet,Forklift Fleet,4119000,823800,3295200,36,7,670,68.4,REQUIRE_COLLATERAL,Performing
EQF-2025-03426,03-08-2025,Construction,Tower Crane,3897000,779400,3117600,36,9.41,727,62.4,STRUCTURED_LEASE,Performing
EQF-2025-03427,03-08-2025,Construction,Hydraulic Excavator,8903000,1335450,7567550,24,10.48,691,53,STRUCTURED_LEASE,Performing
EQF-2025-03428,03-08-2025,Construction,Hydraulic Excavator,8967000,896700,8070300,36,9.48,698,67.1,REQUIRE_COLLATERAL,Performing
EQF-2025-03429,03-08-2025,IT & Enterprise Tech,Enterprise Server Rack,1112000,111200,1000800,48,8.45,713,70.9,REQUIRE_COLLATERAL,30_Days_Past_Due
EQF-2025-03430,03-08-2025,Construction,Bulldozer,2660000,266000,2394000,48,8.53,647,76.4,REQUIRE_COLLATERAL,Performing
EQF-2025-03431,03-08-2025,Construction,Bulldozer,10778000,1077800,9700200,36,11.31,776,59.6,STRUCTURED_LEASE,30_Days_Past_Due
EQF-2025-03432,03-08-2025,IT & Enterprise Tech,Edge AI Compute Cluster,1806000,180600,1625400,36,9.74,753,55.1,STRUCTURED_LEASE,Performing
EQF-2025-03433,03-08-2025,Logistics & Fleet,Heavy Duty Hauler,4324000,864800,3459200,36,10.77,645,80,REJECT,Default
EQF-2025-03434,03-08-2025,Healthcare,Digital X-Ray System,10180000,2036000,8144000,60,10.91,801,54.1,STRUCTURED_LEASE,Performing
EQF-2025-03435,03-08-2025,Logistics & Fleet,Electric Delivery Van,2205000,551250,1653750,48,8.83,759,46.2,STRUCTURED_LEASE,Performing
EQF-2025-03436,03-08-2025,Healthcare,MRI Scanner,5430000,1086000,4344000,48,8,716,69.8,REQUIRE_COLLATERAL,Performing
EQF-2025-03437,03-08-2025,Manufacturing,Industrial Robotic Arm,4977000,746550,4230450,48,10.47,617,86.2,REJECT,Performing
EQF-2025-03438,03-08-2025,Construction,Bulldozer,5963000,1490750,4472250,60,8.21,668,70.1,REQUIRE_COLLATERAL,Performing
EQF-2025-03439,03-08-2025,IT & Enterprise Tech,Edge AI Compute Cluster,4434000,886800,3547200,60,8.61,587,92.1,REJECT,60_Days_Past_Due
EQF-2025-03440,03-08-2025,IT & Enterprise Tech,Enterprise Server Rack,5502000,1375500,4126500,24,9.66,721,56.9,STRUCTURED_LEASE,Performing
EQF-2025-03441,04-08-2025,Healthcare,Surgical Robot,12858000,3214500,9643500,60,9.12,765,62.4,STRUCTURED_LEASE,Performing
EQF-2025-03442,04-08-2025,Construction,Bulldozer,4833000,483300,4349700,60,7,662,74.4,REQUIRE_COLLATERAL,Performing
EQF-2025-03443,04-08-2025,Manufacturing,Industrial Robotic Arm,7653000,1913250,5739750,36,7.65,710,56.8,STRUCTURED_LEASE,60_Days_Past_Due
EQF-2025-03444,04-08-2025,IT & Enterprise Tech,Edge AI Compute Cluster,5134000,1026800,4107200,48,11.01,774,53.8,STRUCTURED_LEASE,Performing
EQF-2025-03445,04-08-2025,IT & Enterprise Tech,Automated Storage Array,5632000,563200,5068800,48,9.38,669,68.1,REQUIRE_COLLATERAL,Performing
EQF-2025-03446,04-08-2025,Construction,Tower Crane,6399000,1279800,5119200,48,10.6,746,58,STRUCTURED_LEASE,30_Days_Past_Due
EQF-2025-03447,04-08-2025,Logistics & Fleet,Heavy Duty Hauler,4121000,412100,3708900,36,8.28,846,26.9,AUTO_APPROVE,Performing
EQF-2025-03448,04-08-2025,Logistics & Fleet,Electric Delivery Van,3448000,689600,2758400,48,7.83,757,53.3,STRUCTURED_LEASE,Performing
EQF-2025-03449,04-08-2025,Construction,Tower Crane,5139000,513900,4625100,24,10.58,642,67.6,REQUIRE_COLLATERAL,Performing
EQF-2025-03450,04-08-2025,Manufacturing,Injection Molding Press,8461000,846100,7614900,48,11.44,708,68.6,REQUIRE_COLLATERAL,Performing
EQF-2025-03451,04-08-2025,Construction,Tower Crane,2826000,423900,2402100,60,8.19,757,63,STRUCTURED_LEASE,Performing
EQF-2025-03452,04-08-2025,Logistics & Fleet,Electric Delivery Van,1817000,363400,1453600,48,11.03,742,64.5,STRUCTURED_LEASE,Performing
EQF-2025-03453,04-08-2025,Logistics & Fleet,Electric Delivery Van,4592000,1148000,3444000,48,8.04,640,83,REJECT,60_Days_Past_Due
EQF-2025-03454,04-08-2025,Healthcare,MRI Scanner,4666000,466600,4199400,48,7.04,738,52.6,STRUCTURED_LEASE,Performing
EQF-2025-03455,04-08-2025,IT & Enterprise Tech,Edge AI Compute Cluster,5411000,1082200,4328800,36,10.38,696,75.8,REQUIRE_COLLATERAL,Performing
EQF-2025-03456,04-08-2025,Manufacturing,CNC Milling Unit,6507000,650700,5856300,48,8.07,680,73.5,REQUIRE_COLLATERAL,Performing
EQF-2025-03457,05-08-2025,Construction,Hydraulic Excavator,2812000,421800,2390200,48,7.68,745,54.7,STRUCTURED_LEASE,30_Days_Past_Due
EQF-2025-03458,05-08-2025,Logistics & Fleet,Heavy Duty Hauler,2831000,424650,2406350,24,7.72,824,33.1,AUTO_APPROVE,Performing
EQF-2025-03459,05-08-2025,Logistics & Fleet,Heavy Duty Hauler,4067000,610050,3456950,24,8.98,661,62.4,STRUCTURED_LEASE,Performing
EQF-2025-03460,05-08-2025,Construction,Bulldozer,7456000,1118400,6337600,48,7,739,47.9,STRUCTURED_LEASE,Performing
EQF-2025-03461,05-08-2025,Healthcare,MRI Scanner,14295000,3573750,10721250,36,10.39,704,69.8,REQUIRE_COLLATERAL,Performing
EQF-2025-03462,05-08-2025,Manufacturing,Industrial Robotic Arm,7574000,1893500,5680500,60,10.22,749,68.4,REQUIRE_COLLATERAL,Performing
EQF-2025-03463,05-08-2025,Construction,Hydraulic Excavator,5328000,532800,4795200,36,10.22,716,58.2,STRUCTURED_LEASE,Performing
EQF-2025-03464,05-08-2025,Construction,Tower Crane,3219000,643800,2575200,24,11.31,672,75.5,REQUIRE_COLLATERAL,Performing
EQF-2025-03465,05-08-2025,Manufacturing,CNC Milling Unit,8110000,1216500,6893500,48,10.96,669,81,REJECT,Performing
EQF-2025-03466,05-08-2025,Logistics & Fleet,Forklift Fleet,3166000,474900,2691100,48,8.14,739,52.8,STRUCTURED_LEASE,Performing
EQF-2025-03467,05-08-2025,Construction,Hydraulic Excavator,3132000,783000,2349000,48,10.51,718,61.6,STRUCTURED_LEASE,30_Days_Past_Due
EQF-2025-03468,05-08-2025,Logistics & Fleet,Heavy Duty Hauler,4303000,1075750,3227250,48,11.17,750,57.4,STRUCTURED_LEASE,30_Days_Past_Due
EQF-2025-03469,05-08-2025,Logistics & Fleet,Forklift Fleet,4500000,675000,3825000,48,10.72,606,89.2,REJECT,60_Days_Past_Due
EQF-2025-03470,05-08-2025,Manufacturing,CNC Milling Unit,5976000,1195200,4780800,48,10.83,781,51.4,STRUCTURED_LEASE,Performing
EQF-2025-03471,05-08-2025,Manufacturing,Industrial Robotic Arm,4633000,463300,4169700,24,9.27,802,30.2,AUTO_APPROVE,Performing
EQF-2025-03472,05-08-2025,Logistics & Fleet,Heavy Duty Hauler,3716000,371600,3344400,36,8.53,719,55.9,STRUCTURED_LEASE,Performing
EQF-2025-03473,06-08-2025,Construction,Hydraulic Excavator,8507000,850700,7656300,36,9.15,752,54.1,STRUCTURED_LEASE,Performing
EQF-2025-03474,06-08-2025,Logistics & Fleet,Heavy Duty Hauler,4594000,459400,4134600,24,8.45,773,46,STRUCTURED_LEASE,Performing
EQF-2025-03475,06-08-2025,Logistics & Fleet,Forklift Fleet,4832000,966400,3865600,36,11.01,698,65.5,REQUIRE_COLLATERAL,Performing
EQF-2025-03476,06-08-2025,Logistics & Fleet,Heavy Duty Hauler,3154000,630800,2523200,36,9.78,725,67.3,REQUIRE_COLLATERAL,Performing
EQF-2025-03477,06-08-2025,IT & Enterprise Tech,Enterprise Server Rack,4952000,990400,3961600,60,10.74,741,65.7,REQUIRE_COLLATERAL,Performing
EQF-2025-03478,06-08-2025,Construction,Tower Crane,10698000,2674500,8023500,36,7.33,675,78.1,REQUIRE_COLLATERAL,30_Days_Past_Due
EQF-2025-03479,06-08-2025,Construction,Hydraulic Excavator,3786000,567900,3218100,36,8.83,718,55.5,STRUCTURED_LEASE,30_Days_Past_Due
EQF-2025-03480,06-08-2025,Healthcare,MRI Scanner,4201000,840200,3360800,48,7.96,578,93.6,REJECT,Performing
EQF-2025-03481,06-08-2025,Manufacturing,CNC Milling Unit,7583000,758300,6824700,36,7.06,669,65.7,REQUIRE_COLLATERAL,Performing
EQF-2025-03482,06-08-2025,Construction,Hydraulic Excavator,4160000,832000,3328000,36,9.95,805,39.3,AUTO_APPROVE,Performing
EQF-2025-03483,06-08-2025,Healthcare,Digital X-Ray System,4467000,670050,3796950,36,7.9,735,57.8,STRUCTURED_LEASE,30_Days_Past_Due
EQF-2025-03484,06-08-2025,IT & Enterprise Tech,Edge AI Compute Cluster,1632000,408000,1224000,36,8.94,658,76.5,REQUIRE_COLLATERAL,Performing
EQF-2025-03485,06-08-2025,Construction,Bulldozer,5765000,576500,5188500,36,8.04,629,75.8,REQUIRE_COLLATERAL,Performing
EQF-2025-03486,06-08-2025,Construction,Hydraulic Excavator,4364000,1091000,3273000,36,8.89,850,32,AUTO_APPROVE,Performing
EQF-2025-03487,06-08-2025,Healthcare,Surgical Robot,7358000,1471600,5886400,60,10.38,664,83.1,REJECT,Performing
EQF-2025-03488,06-08-2025,Manufacturing,Injection Molding Press,8327000,832700,7494300,36,8.06,677,65.3,REQUIRE_COLLATERAL,30_Days_Past_Due
EQF-2025-03489,07-08-2025,Manufacturing,CNC Milling Unit,6431000,643100,5787900,36,8.82,748,48.9,STRUCTURED_LEASE,Performing
EQF-2025-03490,07-08-2025,Healthcare,Digital X-Ray System,11834000,2366800,9467200,48,10.29,655,79.9,REQUIRE_COLLATERAL,30_Days_Past_Due
EQF-2025-03491,07-08-2025,Manufacturing,Industrial Robotic Arm,2163000,432600,1730400,36,10.52,734,58.5,STRUCTURED_LEASE,Performing
EQF-2025-03492,07-08-2025,Construction,Hydraulic Excavator,8723000,1308450,7414550,36,8.91,711,55.7,STRUCTURED_LEASE,Performing
EQF-2025-03493,07-08-2025,IT & Enterprise Tech,Enterprise Server Rack,4645000,929000,3716000,48,9.94,633,87.3,REJECT,60_Days_Past_Due
EQF-2025-03494,07-08-2025,IT & Enterprise Tech,Edge AI Compute Cluster,4231000,846200,3384800,60,10.73,713,72,REQUIRE_COLLATERAL,30_Days_Past_Due
EQF-2025-03495,07-08-2025,Logistics & Fleet,Heavy Duty Hauler,2068000,413600,1654400,48,7.91,731,57.3,STRUCTURED_LEASE,Performing
EQF-2025-03496,07-08-2025,Manufacturing,CNC Milling Unit,4461000,446100,4014900,36,8.43,641,67.9,REQUIRE_COLLATERAL,Performing
EQF-2025-03497,07-08-2025,IT & Enterprise Tech,Enterprise Server Rack,5201000,780150,4420850,60,8.94,743,62.8,STRUCTURED_LEASE,Performing
EQF-2025-03498,07-08-2025,IT & Enterprise Tech,Edge AI Compute Cluster,4285000,428500,3856500,36,10.17,755,46.6,STRUCTURED_LEASE,Performing
EQF-2025-03499,07-08-2025,Manufacturing,Injection Molding Press,6629000,1325800,5303200,36,9.78,643,78.6,REQUIRE_COLLATERAL,60_Days_Past_Due
EQF-2025-03500,07-08-2025,Logistics & Fleet,Forklift Fleet,3432000,514800,2917200,36,9.6,741,60.2,STRUCTURED_LEASE,Performing
EQF-2025-03501,07-08-2025,Healthcare,MRI Scanner,8945000,1789000,7156000,48,7.96,724,67.9,REQUIRE_COLLATERAL,Performing
EQF-2025-03502,07-08-2025,Logistics & Fleet,Electric Delivery Van,4084000,408400,3675600,24,10.81,687,67.2,REQUIRE_COLLATERAL,Performing
EQF-2025-03503,07-08-2025,IT & Enterprise Tech,Enterprise Server Rack,1153000,115300,1037700,48,8.75,693,77,REQUIRE_COLLATERAL,Performing
EQF-2025-03504,07-08-2025,Manufacturing,Industrial Robotic Arm,6212000,1242400,4969600,60,9.1,735,67,REQUIRE_COLLATERAL,Performing
EQF-2025-03505,08-08-2025,IT & Enterprise Tech,Enterprise Server Rack,5985000,897750,5087250,36,9.79,671,74.1,REQUIRE_COLLATERAL,Performing
EQF-2025-03506,08-08-2025,Construction,Tower Crane,9132000,913200,8218800,48,12.46,747,70.1,REQUIRE_COLLATERAL,60_Days_Past_Due
EQF-2025-03507,08-08-2025,IT & Enterprise Tech,Edge AI Compute Cluster,2311000,462200,1848800,36,8.54,657,78.7,REQUIRE_COLLATERAL,30_Days_Past_Due
EQF-2025-03508,08-08-2025,Construction,Bulldozer,4861000,1215250,3645750,36,8.46,662,74.9,REQUIRE_COLLATERAL,Performing
EQF-2025-03509,08-08-2025,Logistics & Fleet,Heavy Duty Hauler,3735000,747000,2988000,36,8.94,626,79,REQUIRE_COLLATERAL,Performing
EQF-2025-03510,08-08-2025,Manufacturing,Injection Molding Press,7771000,1554200,6216800,48,11.24,598,91.9,REJECT,Performing
EQF-2025-03511,08-08-2025,Healthcare,Surgical Robot,10357000,1553550,8803450,36,9.72,719,54.5,STRUCTURED_LEASE,Performing
EQF-2025-03512,08-08-2025,Manufacturing,Industrial Robotic Arm,5192000,1038400,4153600,48,10.06,582,96.3,REJECT,Performing
EQF-2025-03513,08-08-2025,IT & Enterprise Tech,Enterprise Server Rack,1634000,408500,1225500,60,10.71,731,73.6,REQUIRE_COLLATERAL,Performing
EQF-2025-03514,08-08-2025,Logistics & Fleet,Electric Delivery Van,3919000,783800,3135200,60,11.19,704,69.9,REQUIRE_COLLATERAL,Default
EQF-2025-03515,08-08-2025,IT & Enterprise Tech,Edge AI Compute Cluster,4452000,1113000,3339000,36,8.5,832,28.1,AUTO_APPROVE,Performing
EQF-2025-03516,08-08-2025,IT & Enterprise Tech,Edge AI Compute Cluster,5828000,582800,5245200,24,10.28,749,61,STRUCTURED_LEASE,Performing
EQF-2025-03517,08-08-2025,Manufacturing,CNC Milling Unit,3601000,720200,2880800,36,11.23,743,57.8,STRUCTURED_LEASE,Performing
EQF-2025-03518,08-08-2025,Healthcare,MRI Scanner,12321000,1848150,10472850,48,9.81,666,67.9,REQUIRE_COLLATERAL,30_Days_Past_Due
EQF-2025-03519,08-08-2025,Manufacturing,Industrial Robotic Arm,4538000,907600,3630400,60,8.27,673,67.9,REQUIRE_COLLATERAL,Performing
EQF-2025-03520,08-08-2025,Manufacturing,CNC Milling Unit,5409000,1352250,4056750,48,7.98,682,71.1,REQUIRE_COLLATERAL,Performing
EQF-2025-03521,09-08-2025,Manufacturing,Industrial Robotic Arm,7215000,1803750,5411250,48,10.18,707,65.9,REQUIRE_COLLATERAL,Performing
EQF-2025-03522,09-08-2025,Construction,Hydraulic Excavator,4387000,658050,3728950,24,7.77,672,65.8,REQUIRE_COLLATERAL,30_Days_Past_Due
EQF-2025-03523,09-08-2025,Healthcare,MRI Scanner,7772000,1943000,5829000,48,8.28,747,54.2,STRUCTURED_LEASE,Performing
EQF-2025-03524,09-08-2025,Manufacturing,Injection Molding Press,6913000,1382600,5530400,36,8.77,684,67.7,REQUIRE_COLLATERAL,Performing
EQF-2025-03525,09-08-2025,Manufacturing,Industrial Robotic Arm,5493000,1373250,4119750,24,9.92,782,52.8,STRUCTURED_LEASE,Performing
EQF-2025-03526,09-08-2025,Manufacturing,Injection Molding Press,2147000,429400,1717600,60,10.38,656,82.6,REJECT,60_Days_Past_Due
EQF-2025-03527,09-08-2025,IT & Enterprise Tech,Automated Storage Array,3037000,607400,2429600,48,8.43,758,59.1,STRUCTURED_LEASE,30_Days_Past_Due
EQF-2025-03528,09-08-2025,Logistics & Fleet,Electric Delivery Van,3429000,857250,2571750,24,7.55,835,27.7,AUTO_APPROVE,Performing
EQF-2025-03529,09-08-2025,IT & Enterprise Tech,Edge AI Compute Cluster,5529000,829350,4699650,36,10.72,824,34.4,AUTO_APPROVE,Performing
EQF-2025-03530,09-08-2025,Healthcare,MRI Scanner,6073000,607300,5465700,24,10.51,654,83.3,REJECT,Performing
EQF-2025-03531,09-08-2025,Healthcare,Digital X-Ray System,12865000,1929750,10935250,48,10.2,784,62,STRUCTURED_LEASE,Performing
EQF-2025-03532,09-08-2025,Logistics & Fleet,Forklift Fleet,1696000,169600,1526400,36,10.06,565,94.9,REJECT,Performing
EQF-2025-03533,09-08-2025,Healthcare,Surgical Robot,6665000,999750,5665250,60,8.9,608,91.6,REJECT,Performing
EQF-2025-03534,09-08-2025,Healthcare,Digital X-Ray System,6677000,1335400,5341600,36,9.23,749,59.5,STRUCTURED_LEASE,Performing
EQF-2025-03535,09-08-2025,Manufacturing,Injection Molding Press,7642000,1528400,6113600,36,9.61,738,55.7,STRUCTURED_LEASE,Performing
EQF-2025-03536,09-08-2025,Manufacturing,CNC Milling Unit,2893000,723250,2169750,24,8.24,749,52.4,STRUCTURED_LEASE,Performing
EQF-2025-03537,10-08-2025,Healthcare,Surgical Robot,12657000,1265700,11391300,36,10.08,678,66.7,REQUIRE_COLLATERAL,Performing
EQF-2025-03538,10-08-2025,Healthcare,MRI Scanner,9080000,908000,8172000,48,9.68,637,91.7,REJECT,Performing
EQF-2025-03539,10-08-2025,Logistics & Fleet,Forklift Fleet,4997000,1249250,3747750,48,9.3,592,93.4,REJECT,Performing
EQF-2025-03540,10-08-2025,Manufacturing,CNC Milling Unit,7374000,1106100,6267900,36,10.87,654,81.6,REJECT,Default
EQF-2025-03541,10-08-2025,Manufacturing,CNC Milling Unit,6678000,1669500,5008500,48,9.35,752,63.3,STRUCTURED_LEASE,Performing
EQF-2025-03542,10-08-2025,Logistics & Fleet,Electric Delivery Van,4509000,676350,3832650,48,10.49,765,60.3,STRUCTURED_LEASE,Performing
EQF-2025-03543,10-08-2025,Manufacturing,CNC Milling Unit,5938000,1484500,4453500,36,7.72,729,54.2,STRUCTURED_LEASE,30_Days_Past_Due
EQF-2025-03544,10-08-2025,Healthcare,Digital X-Ray System,13280000,1328000,11952000,24,10.76,722,67.6,REQUIRE_COLLATERAL,Performing
EQF-2025-03545,10-08-2025,IT & Enterprise Tech,Automated Storage Array,2158000,215800,1942200,36,10.41,820,44.5,STRUCTURED_LEASE,Performing
EQF-2025-03546,10-08-2025,Manufacturing,Injection Molding Press,2184000,327600,1856400,48,12.74,801,52.4,STRUCTURED_LEASE,Performing
EQF-2025-03547,10-08-2025,Manufacturing,Injection Molding Press,5812000,581200,5230800,24,11.9,771,43.2,STRUCTURED_LEASE,Performing
EQF-2025-03548,10-08-2025,Construction,Hydraulic Excavator,6195000,619500,5575500,36,10.9,785,49,STRUCTURED_LEASE,Performing
EQF-2025-03549,10-08-2025,Healthcare,Surgical Robot,8691000,869100,7821900,48,8.69,732,56.8,STRUCTURED_LEASE,Performing
EQF-2025-03550,10-08-2025,Construction,Bulldozer,6977000,697700,6279300,60,8.17,741,60.1,STRUCTURED_LEASE,Performing
EQF-2025-03551,10-08-2025,Logistics & Fleet,Electric Delivery Van,2573000,514600,2058400,36,8.41,659,68.1,REQUIRE_COLLATERAL,30_Days_Past_Due
EQF-2025-03552,10-08-2025,Manufacturing,Industrial Robotic Arm,5882000,1470500,4411500,36,10.26,734,60.8,STRUCTURED_LEASE,30_Days_Past_Due
EQF-2025-03553,11-08-2025,Construction,Bulldozer,2760000,690000,2070000,48,11.44,668,77.4,REQUIRE_COLLATERAL,60_Days_Past_Due
EQF-2025-03554,11-08-2025,Construction,Bulldozer,10744000,2148800,8595200,36,7.68,790,48,STRUCTURED_LEASE,Performing
EQF-2025-03555,11-08-2025,Manufacturing,CNC Milling Unit,7973000,797300,7175700,36,8.23,750,54,STRUCTURED_LEASE,Performing
EQF-2025-03556,11-08-2025,Construction,Hydraulic Excavator,10450000,2612500,7837500,48,9.55,682,70,REQUIRE_COLLATERAL,Performing
EQF-2025-03557,11-08-2025,Healthcare,Surgical Robot,8015000,2003750,6011250,60,7.8,755,56.1,STRUCTURED_LEASE,Performing
EQF-2025-03558,11-08-2025,Construction,Tower Crane,7021000,1755250,5265750,48,8.87,782,51.4,STRUCTURED_LEASE,Performing
EQF-2025-03559,11-08-2025,Manufacturing,Injection Molding Press,8179000,1226850,6952150,36,11.37,653,71.6,REQUIRE_COLLATERAL,Performing
EQF-2025-03560,11-08-2025,Construction,Hydraulic Excavator,10170000,2034000,8136000,48,10.58,693,74.6,REQUIRE_COLLATERAL,Performing
EQF-2025-03561,11-08-2025,Healthcare,Digital X-Ray System,12693000,1903950,10789050,36,10.74,646,70.8,REQUIRE_COLLATERAL,30_Days_Past_Due
EQF-2025-03562,11-08-2025,Logistics & Fleet,Electric Delivery Van,2748000,412200,2335800,36,8.02,707,67.6,REQUIRE_COLLATERAL,Performing
EQF-2025-03563,11-08-2025,Manufacturing,CNC Milling Unit,5450000,1090000,4360000,60,7,796,43.4,STRUCTURED_LEASE,Performing
EQF-2025-03564,11-08-2025,Healthcare,Surgical Robot,12722000,3180500,9541500,60,8.86,710,73.5,REQUIRE_COLLATERAL,Performing
EQF-2025-03565,11-08-2025,Construction,Bulldozer,4821000,723150,4097850,36,7,747,43.1,STRUCTURED_LEASE,Performing
EQF-2025-03566,11-08-2025,Logistics & Fleet,Forklift Fleet,3581000,895250,2685750,24,10.18,674,71.2,REQUIRE_COLLATERAL,Performing
EQF-2025-03567,11-08-2025,Construction,Hydraulic Excavator,9537000,1430550,8106450,36,10.62,765,47,STRUCTURED_LEASE,Performing
EQF-2025-03568,11-08-2025,Logistics & Fleet,Electric Delivery Van,3888000,972000,2916000,48,8.32,705,63.1,STRUCTURED_LEASE,Performing
EQF-2025-03569,12-08-2025,Logistics & Fleet,Heavy Duty Hauler,3022000,302200,2719800,60,10.37,759,65.7,REQUIRE_COLLATERAL,Performing
EQF-2025-03570,12-08-2025,IT & Enterprise Tech,Automated Storage Array,3840000,384000,3456000,24,10.37,766,51.6,STRUCTURED_LEASE,Performing
EQF-2025-03571,12-08-2025,Healthcare,MRI Scanner,14875000,1487500,13387500,36,7.82,641,76.8,REQUIRE_COLLATERAL,Performing
EQF-2025-03572,12-08-2025,Construction,Tower Crane,7617000,1523400,6093600,36,8.9,665,69.3,REQUIRE_COLLATERAL,Performing
EQF-2025-03573,12-08-2025,Logistics & Fleet,Heavy Duty Hauler,4185000,418500,3766500,24,8.8,683,58.1,STRUCTURED_LEASE,Performing
EQF-2025-03574,12-08-2025,IT & Enterprise Tech,Automated Storage Array,4578000,686700,3891300,48,10.9,825,47.8,STRUCTURED_LEASE,Performing
EQF-2025-03575,12-08-2025,IT & Enterprise Tech,Edge AI Compute Cluster,4448000,1112000,3336000,48,10.6,798,44.6,STRUCTURED_LEASE,Performing
EQF-2025-03576,12-08-2025,Healthcare,MRI Scanner,11880000,2970000,8910000,36,10.36,716,60,STRUCTURED_LEASE,30_Days_Past_Due
EQF-2025-03577,12-08-2025,Manufacturing,CNC Milling Unit,4681000,1170250,3510750,36,8.66,850,37,AUTO_APPROVE,Performing
EQF-2025-03578,12-08-2025,Construction,Tower Crane,6530000,1632500,4897500,24,11.55,624,85.2,REJECT,Default
EQF-2025-03579,12-08-2025,Logistics & Fleet,Electric Delivery Van,2978000,446700,2531300,36,9.77,694,59.8,STRUCTURED_LEASE,Performing
EQF-2025-03580,12-08-2025,Construction,Bulldozer,2783000,695750,2087250,36,10.24,786,47.4,STRUCTURED_LEASE,Performing
EQF-2025-03581,12-08-2025,Construction,Tower Crane,4549000,682350,3866650,48,12.1,712,70.6,REQUIRE_COLLATERAL,Performing
EQF-2025-03582,12-08-2025,Logistics & Fleet,Forklift Fleet,1787000,268050,1518950,36,10.49,654,75.1,REQUIRE_COLLATERAL,30_Days_Past_Due
EQF-2025-03583,12-08-2025,Healthcare,MRI Scanner,13751000,3437750,10313250,36,9.32,735,54.9,STRUCTURED_LEASE,Performing
EQF-2025-03584,12-08-2025,IT & Enterprise Tech,Automated Storage Array,2230000,557500,1672500,48,8.75,850,40.2,STRUCTURED_LEASE,Performing
EQF-2025-03585,13-08-2025,Healthcare,MRI Scanner,5523000,1380750,4142250,36,7,655,79.1,REQUIRE_COLLATERAL,Performing
EQF-2025-03586,13-08-2025,Healthcare,Digital X-Ray System,5317000,797550,4519450,48,7.15,662,71.3,REQUIRE_COLLATERAL,Performing
EQF-2025-03587,13-08-2025,Construction,Hydraulic Excavator,8450000,1690000,6760000,48,10.78,640,85.1,REJECT,Performing
EQF-2025-03588,13-08-2025,Logistics & Fleet,Electric Delivery Van,1223000,183450,1039550,48,7,682,59.9,STRUCTURED_LEASE,Performing
EQF-2025-03589,13-08-2025,Manufacturing,CNC Milling Unit,4799000,959800,3839200,24,11.02,780,55.3,STRUCTURED_LEASE,Performing
EQF-2025-03590,13-08-2025,Manufacturing,CNC Milling Unit,2332000,583000,1749000,48,10.71,811,43.2,STRUCTURED_LEASE,Performing
EQF-2025-03591,13-08-2025,IT & Enterprise Tech,Enterprise Server Rack,5218000,782700,4435300,24,8.2,627,72.2,REQUIRE_COLLATERAL,Performing
EQF-2025-03592,13-08-2025,Manufacturing,CNC Milling Unit,8209000,2052250,6156750,60,9.77,749,65.7,REQUIRE_COLLATERAL,Performing
EQF-2025-03593,13-08-2025,Construction,Bulldozer,10649000,2129800,8519200,48,10.36,760,58.4,STRUCTURED_LEASE,Performing
EQF-2025-03594,13-08-2025,Construction,Hydraulic Excavator,6257000,1251400,5005600,36,9.64,665,75.5,REQUIRE_COLLATERAL,Performing
EQF-2025-03595,13-08-2025,Construction,Bulldozer,7978000,1196700,6781300,36,11.35,758,59.4,STRUCTURED_LEASE,Performing
EQF-2025-03596,13-08-2025,Construction,Tower Crane,7597000,1139550,6457450,60,7.41,734,59.8,STRUCTURED_LEASE,Performing
EQF-2025-03597,13-08-2025,Manufacturing,Industrial Robotic Arm,3950000,592500,3357500,60,10.26,780,60.4,STRUCTURED_LEASE,Performing
EQF-2025-03598,13-08-2025,Construction,Bulldozer,6275000,941250,5333750,60,8.59,565,91.1,REJECT,Performing
EQF-2025-03599,13-08-2025,Healthcare,Digital X-Ray System,4708000,470800,4237200,48,7,728,64.8,STRUCTURED_LEASE,Performing
EQF-2025-03600,13-08-2025,Logistics & Fleet,Electric Delivery Van,4224000,422400,3801600,48,7.76,762,49.9,STRUCTURED_LEASE,Performing
EQF-2025-03601,14-08-2025,Manufacturing,CNC Milling Unit,3186000,796500,2389500,48,8.71,778,53.8,STRUCTURED_LEASE,Performing
EQF-2025-03602,14-08-2025,Construction,Hydraulic Excavator,6414000,1282800,5131200,24,9.53,762,50,STRUCTURED_LEASE,Performing
EQF-2025-03603,14-08-2025,Manufacturing,CNC Milling Unit,4864000,972800,3891200,24,8.15,631,63.3,REQUIRE_COLLATERAL,Performing
EQF-2025-03604,14-08-2025,Healthcare,Surgical Robot,10168000,2542000,7626000,48,8.74,802,45.3,STRUCTURED_LEASE,Performing
EQF-2025-03605,14-08-2025,Manufacturing,Injection Molding Press,7225000,1806250,5418750,36,8.91,758,40.1,STRUCTURED_LEASE,Performing
EQF-2025-03606,14-08-2025,Manufacturing,Industrial Robotic Arm,6343000,1585750,4757250,48,8.18,711,65.4,REQUIRE_COLLATERAL,Performing
EQF-2025-03607,14-08-2025,Logistics & Fleet,Heavy Duty Hauler,3720000,372000,3348000,36,8.65,712,61.3,STRUCTURED_LEASE,Performing
EQF-2025-03608,14-08-2025,Healthcare,Surgical Robot,9794000,2448500,7345500,48,10.36,824,36.5,AUTO_APPROVE,Performing
EQF-2025-03609,14-08-2025,IT & Enterprise Tech,Automated Storage Array,1299000,259800,1039200,36,11.97,756,58.8,STRUCTURED_LEASE,Performing
EQF-2025-03610,14-08-2025,IT & Enterprise Tech,Enterprise Server Rack,2890000,722500,2167500,36,9.81,720,58.6,STRUCTURED_LEASE,Performing
EQF-2025-03611,14-08-2025,Construction,Bulldozer,10637000,1595550,9041450,36,9.7,654,74.4,REQUIRE_COLLATERAL,Performing
EQF-2025-03612,14-08-2025,Manufacturing,CNC Milling Unit,8469000,1693800,6775200,36,9.38,695,52.6,STRUCTURED_LEASE,Performing
EQF-2025-03613,14-08-2025,Healthcare,Digital X-Ray System,12035000,2407000,9628000,60,8.91,654,74.5,REQUIRE_COLLATERAL,Performing
EQF-2025-03614,14-08-2025,Logistics & Fleet,Electric Delivery Van,2065000,413000,1652000,48,10.36,596,89.1,REJECT,Default
EQF-2025-03615,14-08-2025,Healthcare,Digital X-Ray System,5121000,512100,4608900,60,10.97,724,64.2,STRUCTURED_LEASE,Performing
EQF-2025-03616,14-08-2025,Manufacturing,CNC Milling Unit,4403000,440300,3962700,36,7.76,596,81.1,REJECT,Performing
EQF-2025-03617,15-08-2025,Construction,Bulldozer,9781000,1956200,7824800,36,11.06,669,71.6,REQUIRE_COLLATERAL,Performing
EQF-2025-03618,15-08-2025,Logistics & Fleet,Electric Delivery Van,3943000,591450,3351550,24,11.94,689,70.4,REQUIRE_COLLATERAL,Default
EQF-2025-03619,15-08-2025,Logistics & Fleet,Electric Delivery Van,4559000,911800,3647200,24,7.99,615,62.8,REQUIRE_COLLATERAL,Performing
EQF-2025-03620,15-08-2025,Manufacturing,Industrial Robotic Arm,5810000,581000,5229000,24,10.88,776,57.4,STRUCTURED_LEASE,Performing
EQF-2025-03621,15-08-2025,Logistics & Fleet,Forklift Fleet,1695000,254250,1440750,24,11.95,702,63,STRUCTURED_LEASE,Performing
EQF-2025-03622,15-08-2025,Manufacturing,Injection Molding Press,2304000,460800,1843200,60,10.57,560,99,REJECT,60_Days_Past_Due
EQF-2025-03623,15-08-2025,Manufacturing,CNC Milling Unit,1836000,183600,1652400,60,9.24,764,60.2,STRUCTURED_LEASE,Performing
EQF-2025-03624,15-08-2025,IT & Enterprise Tech,Edge AI Compute Cluster,3749000,562350,3186650,60,10.67,825,55.7,STRUCTURED_LEASE,Performing
EQF-2025-03625,15-08-2025,Manufacturing,Injection Molding Press,3200000,800000,2400000,60,8.28,721,61.7,STRUCTURED_LEASE,Performing
EQF-2025-03626,15-08-2025,Healthcare,MRI Scanner,12078000,3019500,9058500,36,9.03,750,56.1,STRUCTURED_LEASE,Performing
EQF-2025-03627,15-08-2025,Manufacturing,Industrial Robotic Arm,6304000,1260800,5043200,48,8.4,731,55.7,STRUCTURED_LEASE,30_Days_Past_Due
EQF-2025-03628,15-08-2025,IT & Enterprise Tech,Automated Storage Array,2454000,613500,1840500,24,7.48,747,51,STRUCTURED_LEASE,Performing
EQF-2025-03629,15-08-2025,Logistics & Fleet,Forklift Fleet,1872000,187200,1684800,24,9.56,674,70.4,REQUIRE_COLLATERAL,Performing
EQF-2025-03630,15-08-2025,Construction,Hydraulic Excavator,3370000,505500,2864500,48,9.96,661,72.6,REQUIRE_COLLATERAL,Performing
EQF-2025-03631,15-08-2025,Logistics & Fleet,Electric Delivery Van,4002000,800400,3201600,60,10.49,641,90,REJECT,60_Days_Past_Due
EQF-2025-03632,15-08-2025,Manufacturing,Industrial Robotic Arm,4653000,697950,3955050,48,7,717,51.9,STRUCTURED_LEASE,Performing
EQF-2025-03633,16-08-2025,Construction,Bulldozer,5250000,787500,4462500,48,9.77,751,54,STRUCTURED_LEASE,Performing
EQF-2025-03634,16-08-2025,Healthcare,Digital X-Ray System,13423000,2013450,11409550,36,9.62,751,47,STRUCTURED_LEASE,Performing
EQF-2025-03635,16-08-2025,Manufacturing,CNC Milling Unit,5655000,565500,5089500,36,7.86,682,65.1,REQUIRE_COLLATERAL,Performing
EQF-2025-03636,16-08-2025,Construction,Bulldozer,6903000,1380600,5522400,36,8.83,697,68.9,REQUIRE_COLLATERAL,30_Days_Past_Due
EQF-2025-03637,16-08-2025,IT & Enterprise Tech,Automated Storage Array,4666000,1166500,3499500,60,10.63,697,68.8,REQUIRE_COLLATERAL,Performing
EQF-2025-03638,16-08-2025,Manufacturing,CNC Milling Unit,7209000,1081350,6127650,60,9.65,677,79.3,REQUIRE_COLLATERAL,Performing
EQF-2025-03639,16-08-2025,Healthcare,Surgical Robot,11547000,1732050,9814950,48,9.47,584,92.5,REJECT,60_Days_Past_Due
EQF-2025-03640,16-08-2025,Manufacturing,Industrial Robotic Arm,4580000,687000,3893000,24,10.84,697,59.6,STRUCTURED_LEASE,Performing
EQF-2025-03641,16-08-2025,Manufacturing,Industrial Robotic Arm,4155000,415500,3739500,36,12.97,690,72.4,REQUIRE_COLLATERAL,30_Days_Past_Due
EQF-2025-03642,16-08-2025,IT & Enterprise Tech,Automated Storage Array,4813000,1203250,3609750,36,9.14,706,65.5,REQUIRE_COLLATERAL,Performing
EQF-2025-03643,16-08-2025,Construction,Hydraulic Excavator,6902000,1035300,5866700,60,9.87,675,82.9,REJECT,Default
EQF-2025-03644,16-08-2025,Construction,Hydraulic Excavator,8487000,848700,7638300,36,8.16,728,57.1,STRUCTURED_LEASE,Performing
EQF-2025-03645,16-08-2025,Logistics & Fleet,Electric Delivery Van,4584000,458400,4125600,36,12.72,850,38.6,AUTO_APPROVE,Performing
EQF-2025-03646,16-08-2025,Manufacturing,CNC Milling Unit,7911000,1186650,6724350,36,8.69,760,49.8,STRUCTURED_LEASE,Performing
EQF-2025-03647,16-08-2025,Construction,Bulldozer,4861000,729150,4131850,60,7,679,67.4,REQUIRE_COLLATERAL,Performing
EQF-2025-03648,16-08-2025,Healthcare,Surgical Robot,6067000,606700,5460300,48,10.43,695,71.9,REQUIRE_COLLATERAL,Performing
EQF-2025-03649,17-08-2025,Construction,Tower Crane,4721000,472100,4248900,48,7.08,702,55.2,STRUCTURED_LEASE,Performing
EQF-2025-03650,17-08-2025,IT & Enterprise Tech,Edge AI Compute Cluster,4707000,706050,4000950,36,11.44,717,64.6,STRUCTURED_LEASE,60_Days_Past_Due
EQF-2025-03651,17-08-2025,Logistics & Fleet,Electric Delivery Van,2606000,260600,2345400,36,10.38,709,73.2,REQUIRE_COLLATERAL,Performing
EQF-2025-03652,17-08-2025,Healthcare,MRI Scanner,5907000,590700,5316300,36,7.96,680,63.5,STRUCTURED_LEASE,Performing
EQF-2025-03653,17-08-2025,Logistics & Fleet,Forklift Fleet,1574000,236100,1337900,48,10.51,677,81.2,REJECT,Performing
EQF-2025-03654,17-08-2025,Manufacturing,Injection Molding Press,3791000,568650,3222350,60,9,751,62.9,STRUCTURED_LEASE,Performing
EQF-2025-03655,17-08-2025,Manufacturing,Injection Molding Press,2453000,490600,1962400,36,10.14,692,75.1,REQUIRE_COLLATERAL,30_Days_Past_Due
EQF-2025-03656,17-08-2025,Manufacturing,Industrial Robotic Arm,2595000,648750,1946250,36,7.58,747,34.5,AUTO_APPROVE,Performing
EQF-2025-03657,17-08-2025,Healthcare,Surgical Robot,11523000,1728450,9794550,48,7.49,695,65.9,REQUIRE_COLLATERAL,Performing
EQF-2025-03658,17-08-2025,Construction,Hydraulic Excavator,2668000,400200,2267800,48,9.98,592,96.1,REJECT,60_Days_Past_Due
EQF-2025-03659,17-08-2025,Construction,Hydraulic Excavator,3499000,524850,2974150,24,12.33,641,84.3,REJECT,Performing
EQF-2025-03660,17-08-2025,IT & Enterprise Tech,Automated Storage Array,5191000,1297750,3893250,36,8.53,605,89.5,REJECT,Performing
EQF-2025-03661,17-08-2025,Construction,Tower Crane,9682000,1936400,7745600,48,8.42,723,64.3,STRUCTURED_LEASE,Performing
EQF-2025-03662,17-08-2025,Construction,Bulldozer,5299000,529900,4769100,48,8.99,599,90.6,REJECT,Performing
EQF-2025-03663,17-08-2025,Manufacturing,CNC Milling Unit,2116000,529000,1587000,60,7.51,677,67.8,REQUIRE_COLLATERAL,Performing
EQF-2025-03664,17-08-2025,Manufacturing,CNC Milling Unit,6435000,965250,5469750,60,10.33,686,67.3,REQUIRE_COLLATERAL,30_Days_Past_Due
EQF-2025-03665,18-08-2025,Construction,Hydraulic Excavator,5561000,834150,4726850,24,10.85,693,72.3,REQUIRE_COLLATERAL,Performing
EQF-2025-03666,18-08-2025,Healthcare,Surgical Robot,4500000,900000,3600000,48,10.22,767,52.1,STRUCTURED_LEASE,Performing
EQF-2025-03667,18-08-2025,Logistics & Fleet,Heavy Duty Hauler,1800000,360000,1440000,36,9.25,778,45.2,STRUCTURED_LEASE,Performing
EQF-2025-03668,18-08-2025,Manufacturing,Industrial Robotic Arm,2461000,492200,1968800,48,7.96,661,78,REQUIRE_COLLATERAL,Performing
EQF-2025-03669,18-08-2025,Manufacturing,Injection Molding Press,5624000,562400,5061600,48,12.59,708,73.2,REQUIRE_COLLATERAL,Performing
EQF-2025-03670,18-08-2025,Healthcare,Surgical Robot,13879000,3469750,10409250,48,8.21,682,63.6,STRUCTURED_LEASE,Performing
EQF-2025-03671,18-08-2025,Manufacturing,CNC Milling Unit,7052000,1763000,5289000,60,8.18,737,52.3,STRUCTURED_LEASE,Performing
EQF-2025-03672,18-08-2025,Manufacturing,CNC Milling Unit,5326000,1065200,4260800,48,7,704,60.1,STRUCTURED_LEASE,Performing
EQF-2025-03673,18-08-2025,Logistics & Fleet,Electric Delivery Van,2804000,280400,2523600,60,7.37,739,59.1,STRUCTURED_LEASE,Performing
EQF-2025-03674,18-08-2025,Manufacturing,Injection Molding Press,5831000,1457750,4373250,36,10.02,636,83.9,REJECT,60_Days_Past_Due
EQF-2025-03675,18-08-2025,Construction,Hydraulic Excavator,6272000,940800,5331200,36,8.86,724,57.4,STRUCTURED_LEASE,Performing
EQF-2025-03676,18-08-2025,Healthcare,Digital X-Ray System,6707000,1006050,5700950,48,8.2,618,83.6,REJECT,Performing
EQF-2025-03677,18-08-2025,Manufacturing,CNC Milling Unit,6254000,938100,5315900,60,8.3,659,71.7,REQUIRE_COLLATERAL,Performing
EQF-2025-03678,18-08-2025,Healthcare,Surgical Robot,13606000,3401500,10204500,36,8.73,716,64.7,STRUCTURED_LEASE,Performing
EQF-2025-03679,18-08-2025,Logistics & Fleet,Heavy Duty Hauler,2617000,523400,2093600,24,8.5,583,99,REJECT,60_Days_Past_Due
EQF-2025-03680,18-08-2025,Healthcare,Surgical Robot,13257000,1988550,11268450,36,11.6,567,99,REJECT,Default
EQF-2025-03681,19-08-2025,Logistics & Fleet,Heavy Duty Hauler,2838000,567600,2270400,48,8.94,634,87.6,REJECT,Performing
EQF-2025-03682,19-08-2025,Manufacturing,Injection Molding Press,4309000,430900,3878100,48,9.72,648,81.9,REJECT,Performing
EQF-2025-03683,19-08-2025,Logistics & Fleet,Electric Delivery Van,1308000,196200,1111800,48,9.59,655,73.2,REQUIRE_COLLATERAL,Performing
EQF-2025-03684,19-08-2025,Manufacturing,Injection Molding Press,6367000,636700,5730300,60,9.64,675,73.4,REQUIRE_COLLATERAL,Performing
EQF-2025-03685,19-08-2025,Logistics & Fleet,Electric Delivery Van,4269000,853800,3415200,48,8.94,729,64,STRUCTURED_LEASE,Performing
EQF-2025-03686,19-08-2025,Construction,Bulldozer,8140000,2035000,6105000,36,8.79,837,37.5,AUTO_APPROVE,Performing
EQF-2025-03687,19-08-2025,IT & Enterprise Tech,Edge AI Compute Cluster,1587000,317400,1269600,48,10.46,669,72.5,REQUIRE_COLLATERAL,Performing
EQF-2025-03688,19-08-2025,Healthcare,MRI Scanner,5136000,770400,4365600,48,9.83,734,63.8,STRUCTURED_LEASE,Performing
EQF-2025-03689,19-08-2025,Manufacturing,Injection Molding Press,5510000,826500,4683500,60,8.36,790,50.2,STRUCTURED_LEASE,Performing
EQF-2025-03690,19-08-2025,Manufacturing,CNC Milling Unit,4311000,862200,3448800,24,7,779,40.7,STRUCTURED_LEASE,Performing
EQF-2025-03691,19-08-2025,Logistics & Fleet,Electric Delivery Van,2831000,424650,2406350,36,8.59,658,73.7,REQUIRE_COLLATERAL,Performing
EQF-2025-03692,19-08-2025,Construction,Bulldozer,10726000,1608900,9117100,36,7.46,766,47.7,STRUCTURED_LEASE,Performing
EQF-2025-03693,19-08-2025,Logistics & Fleet,Forklift Fleet,3951000,395100,3555900,48,8.12,793,35.1,AUTO_APPROVE,Performing
EQF-2025-03694,19-08-2025,Manufacturing,CNC Milling Unit,4383000,1095750,3287250,24,7.52,809,41.9,STRUCTURED_LEASE,Performing
EQF-2025-03695,19-08-2025,Healthcare,Surgical Robot,4210000,842000,3368000,48,11.24,811,54.8,STRUCTURED_LEASE,Performing
EQF-2025-03696,19-08-2025,Manufacturing,Injection Molding Press,1739000,173900,1565100,48,11.23,638,85.7,REJECT,Performing
EQF-2025-03697,20-08-2025,IT & Enterprise Tech,Enterprise Server Rack,4361000,654150,3706850,36,10.64,725,55.8,STRUCTURED_LEASE,Performing
EQF-2025-03698,20-08-2025,Logistics & Fleet,Forklift Fleet,4383000,438300,3944700,48,9,665,77.7,REQUIRE_COLLATERAL,Performing
EQF-2025-03699,20-08-2025,IT & Enterprise Tech,Enterprise Server Rack,4480000,1120000,3360000,60,8.5,625,78.9,REQUIRE_COLLATERAL,Performing
EQF-2025-03700,20-08-2025,Healthcare,MRI Scanner,8465000,1693000,6772000,48,7.26,741,62.7,STRUCTURED_LEASE,60_Days_Past_Due
EQF-2025-03701,20-08-2025,Construction,Hydraulic Excavator,2765000,691250,2073750,36,10.87,723,61.8,STRUCTURED_LEASE,Performing
EQF-2025-03702,20-08-2025,Logistics & Fleet,Heavy Duty Hauler,4876000,1219000,3657000,36,10.8,721,60,STRUCTURED_LEASE,Performing
EQF-2025-03703,20-08-2025,Healthcare,MRI Scanner,14850000,1485000,13365000,48,10.24,679,77.5,REQUIRE_COLLATERAL,30_Days_Past_Due
EQF-2025-03704,20-08-2025,Logistics & Fleet,Electric Delivery Van,3288000,328800,2959200,36,7.84,850,25.7,AUTO_APPROVE,Performing
EQF-2025-03705,20-08-2025,IT & Enterprise Tech,Edge AI Compute Cluster,1167000,291750,875250,48,8.99,808,42,STRUCTURED_LEASE,Performing
EQF-2025-03706,20-08-2025,IT & Enterprise Tech,Enterprise Server Rack,3613000,541950,3071050,60,9.32,682,71.5,REQUIRE_COLLATERAL,Performing
EQF-2025-03707,20-08-2025,Logistics & Fleet,Electric Delivery Van,4591000,918200,3672800,48,7,708,64.2,STRUCTURED_LEASE,Performing
EQF-2025-03708,20-08-2025,Healthcare,Digital X-Ray System,11480000,1722000,9758000,36,11.64,742,61.7,STRUCTURED_LEASE,Performing
EQF-2025-03709,20-08-2025,Healthcare,Surgical Robot,11920000,1788000,10132000,36,7.47,776,48.8,STRUCTURED_LEASE,30_Days_Past_Due
EQF-2025-03710,20-08-2025,IT & Enterprise Tech,Enterprise Server Rack,1242000,248400,993600,60,8.33,741,52.2,STRUCTURED_LEASE,Performing
EQF-2025-03711,20-08-2025,Manufacturing,Industrial Robotic Arm,2246000,224600,2021400,60,7,717,56.6,STRUCTURED_LEASE,Performing
EQF-2025-03712,20-08-2025,Logistics & Fleet,Forklift Fleet,1684000,252600,1431400,36,9.19,617,79.7,REQUIRE_COLLATERAL,Performing
EQF-2025-03713,21-08-2025,Logistics & Fleet,Forklift Fleet,4637000,463700,4173300,36,9.13,837,39.3,AUTO_APPROVE,Performing
EQF-2025-03714,21-08-2025,Construction,Hydraulic Excavator,6970000,1394000,5576000,48,10.97,668,71.4,REQUIRE_COLLATERAL,30_Days_Past_Due
EQF-2025-03715,21-08-2025,IT & Enterprise Tech,Enterprise Server Rack,4916000,737400,4178600,36,8.08,778,40.2,STRUCTURED_LEASE,Performing
EQF-2025-03716,21-08-2025,Healthcare,Surgical Robot,5268000,526800,4741200,24,7.87,712,62,STRUCTURED_LEASE,Performing
EQF-2025-03717,21-08-2025,Healthcare,MRI Scanner,14204000,1420400,12783600,36,9.62,791,47.6,STRUCTURED_LEASE,Performing
EQF-2025-03718,21-08-2025,Manufacturing,CNC Milling Unit,7248000,1087200,6160800,36,7,625,81.1,REJECT,Default
EQF-2025-03719,21-08-2025,Healthcare,Surgical Robot,6472000,1294400,5177600,36,11.5,668,75.7,REQUIRE_COLLATERAL,Performing
EQF-2025-03720,21-08-2025,Healthcare,Surgical Robot,13616000,3404000,10212000,36,7.52,700,69.2,REQUIRE_COLLATERAL,Performing
EQF-2025-03721,21-08-2025,Healthcare,MRI Scanner,6898000,689800,6208200,24,12.23,650,70.9,REQUIRE_COLLATERAL,Performing
EQF-2025-03722,21-08-2025,Logistics & Fleet,Electric Delivery Van,1980000,396000,1584000,48,8.31,675,70.1,REQUIRE_COLLATERAL,Performing
EQF-2025-03723,21-08-2025,IT & Enterprise Tech,Enterprise Server Rack,2174000,326100,1847900,48,7.36,793,41.6,STRUCTURED_LEASE,Performing
EQF-2025-03724,21-08-2025,Manufacturing,Industrial Robotic Arm,7870000,787000,7083000,36,10.37,745,55.3,STRUCTURED_LEASE,Performing
EQF-2025-03725,21-08-2025,Healthcare,Surgical Robot,14072000,1407200,12664800,60,10.29,804,44.5,STRUCTURED_LEASE,Performing
EQF-2025-03726,21-08-2025,IT & Enterprise Tech,Edge AI Compute Cluster,2511000,251100,2259900,36,10.32,714,66.2,REQUIRE_COLLATERAL,Performing
EQF-2025-03727,21-08-2025,Manufacturing,Injection Molding Press,6438000,1287600,5150400,24,9.65,699,55.5,STRUCTURED_LEASE,Performing
EQF-2025-03728,21-08-2025,Manufacturing,CNC Milling Unit,6230000,623000,5607000,36,12.86,624,82.2,REJECT,Performing
EQF-2025-03729,22-08-2025,Manufacturing,CNC Milling Unit,7146000,714600,6431400,48,7.48,778,33.7,AUTO_APPROVE,Performing
EQF-2025-03730,22-08-2025,Construction,Bulldozer,5020000,753000,4267000,36,11.54,699,65.7,REQUIRE_COLLATERAL,60_Days_Past_Due
EQF-2025-03731,22-08-2025,Manufacturing,Injection Molding Press,5071000,507100,4563900,24,7.09,722,51.7,STRUCTURED_LEASE,Performing
EQF-2025-03732,22-08-2025,IT & Enterprise Tech,Automated Storage Array,4272000,854400,3417600,48,11.98,673,81.1,REJECT,60_Days_Past_Due
EQF-2025-03733,22-08-2025,Healthcare,MRI Scanner,4289000,643350,3645650,48,10.03,850,35.3,AUTO_APPROVE,Performing
EQF-2025-03734,22-08-2025,Construction,Hydraulic Excavator,5702000,1425500,4276500,48,11.84,717,66.4,REQUIRE_COLLATERAL,Performing
EQF-2025-03735,22-08-2025,Manufacturing,Industrial Robotic Arm,6371000,955650,5415350,48,10.84,663,77.4,REQUIRE_COLLATERAL,30_Days_Past_Due
EQF-2025-03736,22-08-2025,Construction,Bulldozer,4647000,464700,4182300,60,7,634,77.5,REQUIRE_COLLATERAL,60_Days_Past_Due
EQF-2025-03737,22-08-2025,Logistics & Fleet,Electric Delivery Van,4839000,1209750,3629250,24,8.99,744,60.6,STRUCTURED_LEASE,Performing
EQF-2025-03738,22-08-2025,Logistics & Fleet,Heavy Duty Hauler,1315000,197250,1117750,24,7.62,661,59.4,STRUCTURED_LEASE,Performing
EQF-2025-03739,22-08-2025,Logistics & Fleet,Electric Delivery Van,4841000,484100,4356900,60,11.74,680,77.4,REQUIRE_COLLATERAL,60_Days_Past_Due
EQF-2025-03740,22-08-2025,Construction,Tower Crane,4342000,651300,3690700,48,10.7,610,90.7,REJECT,Performing
EQF-2025-03741,22-08-2025,IT & Enterprise Tech,Enterprise Server Rack,1054000,210800,843200,48,9.73,714,60.2,STRUCTURED_LEASE,Performing
EQF-2025-03742,22-08-2025,Logistics & Fleet,Heavy Duty Hauler,2311000,231100,2079900,24,8.88,713,57.1,STRUCTURED_LEASE,Performing
EQF-2025-03743,22-08-2025,Logistics & Fleet,Forklift Fleet,4188000,837600,3350400,24,10.14,830,25.7,AUTO_APPROVE,Performing
EQF-2025-03744,22-08-2025,Manufacturing,Industrial Robotic Arm,6767000,676700,6090300,36,8.06,675,67.7,REQUIRE_COLLATERAL,60_Days_Past_Due
EQF-2025-03745,23-08-2025,Manufacturing,CNC Milling Unit,2962000,592400,2369600,36,9.92,567,92.7,REJECT,Performing
EQF-2025-03746,23-08-2025,Manufacturing,CNC Milling Unit,2878000,719500,2158500,24,9.32,695,58.1,STRUCTURED_LEASE,Performing
EQF-2025-03747,23-08-2025,Logistics & Fleet,Electric Delivery Van,3642000,728400,2913600,36,8.27,794,39.9,AUTO_APPROVE,Performing
EQF-2025-03748,23-08-2025,Healthcare,MRI Scanner,9039000,1355850,7683150,48,10.54,749,57.1,STRUCTURED_LEASE,Performing
EQF-2025-03749,23-08-2025,Healthcare,Surgical Robot,12715000,1271500,11443500,24,12.33,780,47.7,STRUCTURED_LEASE,30_Days_Past_Due
EQF-2025-03750,23-08-2025,IT & Enterprise Tech,Automated Storage Array,925000,138750,786250,24,7.36,739,51.6,STRUCTURED_LEASE,Performing
EQF-2025-03751,23-08-2025,IT & Enterprise Tech,Edge AI Compute Cluster,3974000,794800,3179200,36,10.92,681,81,REJECT,Default
EQF-2025-03752,23-08-2025,IT & Enterprise Tech,Automated Storage Array,4599000,459900,4139100,24,8.29,636,59,REQUIRE_COLLATERAL,Performing
EQF-2025-03753,23-08-2025,Healthcare,MRI Scanner,14927000,2985400,11941600,24,10.38,646,73.8,REQUIRE_COLLATERAL,30_Days_Past_Due
EQF-2025-03754,23-08-2025,Logistics & Fleet,Heavy Duty Hauler,3779000,944750,2834250,36,8.57,670,62.8,STRUCTURED_LEASE,Performing
EQF-2025-03755,23-08-2025,Healthcare,MRI Scanner,6550000,1637500,4912500,36,9.05,751,50.8,STRUCTURED_LEASE,30_Days_Past_Due
EQF-2025-03756,23-08-2025,Manufacturing,CNC Milling Unit,2257000,564250,1692750,48,9.2,704,68.8,REQUIRE_COLLATERAL,Performing
EQF-2025-03757,23-08-2025,Manufacturing,Industrial Robotic Arm,5986000,1197200,4788800,24,11.54,593,99,REJECT,Performing
EQF-2025-03758,23-08-2025,Healthcare,Surgical Robot,9755000,1951000,7804000,48,9.36,730,59.8,STRUCTURED_LEASE,Performing
EQF-2025-03759,23-08-2025,Healthcare,Surgical Robot,13891000,3472750,10418250,60,8.99,789,51.8,STRUCTURED_LEASE,30_Days_Past_Due
EQF-2025-03760,23-08-2025,Logistics & Fleet,Heavy Duty Hauler,3961000,792200,3168800,48,9.38,607,83.9,REJECT,Default
EQF-2025-03761,24-08-2025,Manufacturing,Industrial Robotic Arm,5068000,760200,4307800,24,12.34,745,52.6,STRUCTURED_LEASE,Performing
EQF-2025-03762,24-08-2025,Logistics & Fleet,Heavy Duty Hauler,2734000,546800,2187200,36,10.34,572,89.6,REJECT,60_Days_Past_Due
EQF-2025-03763,24-08-2025,Construction,Hydraulic Excavator,5937000,890550,5046450,48,8.58,653,73,REQUIRE_COLLATERAL,30_Days_Past_Due
EQF-2025-03764,24-08-2025,Healthcare,Digital X-Ray System,6489000,1622250,4866750,60,11.75,626,90.8,REJECT,Performing
EQF-2025-03765,24-08-2025,Construction,Tower Crane,2647000,529400,2117600,60,9.77,754,67.7,REQUIRE_COLLATERAL,Performing
EQF-2025-03766,24-08-2025,Healthcare,MRI Scanner,10324000,2581000,7743000,36,8.21,818,34.2,AUTO_APPROVE,Performing
EQF-2025-03767,24-08-2025,Construction,Bulldozer,4306000,430600,3875400,48,10.09,779,55,STRUCTURED_LEASE,Performing
EQF-2025-03768,24-08-2025,Healthcare,MRI Scanner,6292000,1258400,5033600,60,9.27,776,56.1,STRUCTURED_LEASE,Performing
EQF-2025-03769,24-08-2025,Manufacturing,Injection Molding Press,2378000,475600,1902400,48,7,649,78.8,REQUIRE_COLLATERAL,Performing
EQF-2025-03770,24-08-2025,Manufacturing,Injection Molding Press,2827000,706750,2120250,36,10,747,45.9,STRUCTURED_LEASE,Performing
EQF-2025-03771,24-08-2025,Construction,Tower Crane,2770000,692500,2077500,36,7.89,725,57.4,STRUCTURED_LEASE,Performing
EQF-2025-03772,24-08-2025,IT & Enterprise Tech,Edge AI Compute Cluster,4306000,1076500,3229500,24,7.59,633,72.8,REQUIRE_COLLATERAL,Performing
EQF-2025-03773,24-08-2025,Healthcare,MRI Scanner,8415000,841500,7573500,36,7,779,41.3,STRUCTURED_LEASE,Performing
EQF-2025-03774,24-08-2025,Logistics & Fleet,Forklift Fleet,3334000,333400,3000600,48,9.69,738,65.7,REQUIRE_COLLATERAL,Performing
EQF-2025-03775,24-08-2025,Logistics & Fleet,Forklift Fleet,3620000,905000,2715000,60,9.28,695,71.9,REQUIRE_COLLATERAL,Performing
EQF-2025-03776,24-08-2025,IT & Enterprise Tech,Enterprise Server Rack,5857000,1171400,4685600,60,10.92,763,65.6,REQUIRE_COLLATERAL,Performing
EQF-2025-03777,25-08-2025,Logistics & Fleet,Heavy Duty Hauler,1459000,291800,1167200,36,8.3,719,58.7,STRUCTURED_LEASE,Performing
EQF-2025-03778,25-08-2025,Construction,Hydraulic Excavator,6052000,1513000,4539000,48,8.78,788,48.6,STRUCTURED_LEASE,Performing
EQF-2025-03779,25-08-2025,Logistics & Fleet,Electric Delivery Van,2134000,320100,1813900,36,12.47,832,43.8,STRUCTURED_LEASE,Performing
EQF-2025-03780,25-08-2025,IT & Enterprise Tech,Enterprise Server Rack,3279000,327900,2951100,48,7,691,63.8,STRUCTURED_LEASE,Performing
EQF-2025-03781,25-08-2025,Healthcare,MRI Scanner,14125000,1412500,12712500,48,11.32,691,82.1,REJECT,Default
EQF-2025-03782,25-08-2025,Healthcare,Surgical Robot,11964000,1794600,10169400,36,8.33,678,72.3,REQUIRE_COLLATERAL,Performing
EQF-2025-03783,25-08-2025,Manufacturing,CNC Milling Unit,6134000,1533500,4600500,36,14.17,711,72.3,REQUIRE_COLLATERAL,30_Days_Past_Due
EQF-2025-03784,25-08-2025,Logistics & Fleet,Forklift Fleet,2877000,575400,2301600,24,10.58,797,43,STRUCTURED_LEASE,60_Days_Past_Due
EQF-2025-03785,25-08-2025,Logistics & Fleet,Forklift Fleet,3750000,750000,3000000,24,8.56,641,74.4,REQUIRE_COLLATERAL,Performing
EQF-2025-03786,25-08-2025,Manufacturing,Industrial Robotic Arm,1727000,172700,1554300,60,7.41,620,89,REJECT,Performing
EQF-2025-03787,25-08-2025,Construction,Hydraulic Excavator,7483000,1122450,6360550,24,10.11,725,65,REQUIRE_COLLATERAL,Performing
EQF-2025-03788,25-08-2025,Construction,Hydraulic Excavator,7207000,1441400,5765600,24,7,707,58.6,STRUCTURED_LEASE,Performing
EQF-2025-03789,25-08-2025,Manufacturing,Injection Molding Press,3926000,392600,3533400,36,10.53,722,61.3,STRUCTURED_LEASE,Performing
EQF-2025-03790,25-08-2025,IT & Enterprise Tech,Edge AI Compute Cluster,1848000,369600,1478400,60,7.41,582,89.2,REJECT,60_Days_Past_Due
EQF-2025-03791,25-08-2025,Manufacturing,Industrial Robotic Arm,7153000,1430600,5722400,36,8.05,810,42.3,STRUCTURED_LEASE,Performing
EQF-2025-03792,25-08-2025,Manufacturing,CNC Milling Unit,1877000,375400,1501600,36,7,723,55.6,STRUCTURED_LEASE,Performing
EQF-2025-03793,26-08-2025,Construction,Bulldozer,3092000,309200,2782800,48,9.7,850,30.8,AUTO_APPROVE,Performing
EQF-2025-03794,26-08-2025,Logistics & Fleet,Heavy Duty Hauler,2874000,431100,2442900,36,9.92,736,62,STRUCTURED_LEASE,Performing
EQF-2025-03795,26-08-2025,Manufacturing,CNC Milling Unit,3268000,817000,2451000,36,9.54,683,76.1,REQUIRE_COLLATERAL,Performing
EQF-2025-03796,26-08-2025,Logistics & Fleet,Heavy Duty Hauler,4033000,604950,3428050,48,7,726,57.1,STRUCTURED_LEASE,Performing
EQF-2025-03797,26-08-2025,Construction,Hydraulic Excavator,7891000,1578200,6312800,36,11.65,806,53.9,STRUCTURED_LEASE,Performing
EQF-2025-03798,26-08-2025,Manufacturing,Injection Molding Press,6908000,1036200,5871800,60,9.26,663,83.3,REJECT,Performing
EQF-2025-03799,26-08-2025,Manufacturing,Industrial Robotic Arm,3773000,754600,3018400,48,8.72,747,50.5,STRUCTURED_LEASE,30_Days_Past_Due
EQF-2025-03800,26-08-2025,Construction,Hydraulic Excavator,8794000,879400,7914600,48,10.7,738,64.7,STRUCTURED_LEASE,Performing
EQF-2025-03801,26-08-2025,Healthcare,MRI Scanner,13485000,1348500,12136500,36,8.84,748,43.8,STRUCTURED_LEASE,Performing
EQF-2025-03802,26-08-2025,IT & Enterprise Tech,Enterprise Server Rack,2595000,259500,2335500,48,10.16,650,82.5,REJECT,Default
EQF-2025-03803,26-08-2025,Logistics & Fleet,Heavy Duty Hauler,2492000,498400,1993600,48,8.33,751,49.4,STRUCTURED_LEASE,Performing
EQF-2025-03804,26-08-2025,IT & Enterprise Tech,Edge AI Compute Cluster,5480000,822000,4658000,36,10.72,746,58.2,STRUCTURED_LEASE,Performing
EQF-2025-03805,26-08-2025,Healthcare,Digital X-Ray System,4548000,1137000,3411000,36,10.69,811,46.3,STRUCTURED_LEASE,Performing
EQF-2025-03806,26-08-2025,IT & Enterprise Tech,Edge AI Compute Cluster,2621000,655250,1965750,36,8.82,825,32.8,AUTO_APPROVE,Performing
EQF-2025-03807,26-08-2025,Healthcare,Digital X-Ray System,5305000,530500,4774500,48,9.73,734,69.8,REQUIRE_COLLATERAL,30_Days_Past_Due
EQF-2025-03808,26-08-2025,Healthcare,MRI Scanner,4319000,1079750,3239250,60,9.46,724,61.9,STRUCTURED_LEASE,Performing
EQF-2025-03809,27-08-2025,Manufacturing,Injection Molding Press,2290000,458000,1832000,48,9.31,647,68.8,REQUIRE_COLLATERAL,Performing
EQF-2025-03810,27-08-2025,Manufacturing,Industrial Robotic Arm,4519000,677850,3841150,48,7.72,697,64.9,STRUCTURED_LEASE,Performing
EQF-2025-03811,27-08-2025,Logistics & Fleet,Electric Delivery Van,3810000,952500,2857500,36,7.93,680,72.5,REQUIRE_COLLATERAL,30_Days_Past_Due
EQF-2025-03812,27-08-2025,Construction,Hydraulic Excavator,4959000,1239750,3719250,48,8.92,773,50.9,STRUCTURED_LEASE,Performing
EQF-2025-03813,27-08-2025,Manufacturing,CNC Milling Unit,7448000,1117200,6330800,60,9.6,729,62.8,STRUCTURED_LEASE,Performing
EQF-2025-03814,27-08-2025,Construction,Hydraulic Excavator,6220000,1555000,4665000,36,8.17,646,65.4,REQUIRE_COLLATERAL,Performing
EQF-2025-03815,27-08-2025,Healthcare,MRI Scanner,14651000,2197650,12453350,36,9.52,655,71.8,REQUIRE_COLLATERAL,Performing
EQF-2025-03816,27-08-2025,Construction,Bulldozer,10610000,2122000,8488000,24,7,850,16.9,AUTO_APPROVE,Performing
EQF-2025-03817,27-08-2025,Healthcare,Surgical Robot,12506000,2501200,10004800,36,9.5,682,69.9,REQUIRE_COLLATERAL,30_Days_Past_Due
EQF-2025-03818,27-08-2025,Logistics & Fleet,Electric Delivery Van,4743000,948600,3794400,48,9.62,754,58.3,STRUCTURED_LEASE,Performing
EQF-2025-03819,27-08-2025,Logistics & Fleet,Forklift Fleet,3887000,388700,3498300,60,10.73,711,67.4,REQUIRE_COLLATERAL,Performing
EQF-2025-03820,27-08-2025,Construction,Tower Crane,10112000,2022400,8089600,36,11.63,693,69.3,REQUIRE_COLLATERAL,Performing
EQF-2025-03821,27-08-2025,Healthcare,Digital X-Ray System,6601000,1650250,4950750,36,10.53,786,55.3,STRUCTURED_LEASE,Performing
EQF-2025-03822,27-08-2025,Healthcare,Surgical Robot,7800000,780000,7020000,36,12.2,680,72.9,REQUIRE_COLLATERAL,Performing
EQF-2025-03823,27-08-2025,Logistics & Fleet,Electric Delivery Van,4061000,406100,3654900,60,9.46,690,71.8,REQUIRE_COLLATERAL,Performing
EQF-2025-03824,27-08-2025,Healthcare,MRI Scanner,8670000,867000,7803000,36,9.57,799,44,STRUCTURED_LEASE,Performing
EQF-2025-03825,28-08-2025,Manufacturing,Industrial Robotic Arm,7361000,1472200,5888800,36,10.71,684,63.8,STRUCTURED_LEASE,Performing
EQF-2025-03826,28-08-2025,Manufacturing,CNC Milling Unit,7643000,764300,6878700,36,9.34,618,87.1,REJECT,Default
EQF-2025-03827,28-08-2025,Construction,Bulldozer,5048000,1009600,4038400,36,9,636,75.6,REQUIRE_COLLATERAL,30_Days_Past_Due
EQF-2025-03828,28-08-2025,Construction,Bulldozer,9499000,1899800,7599200,48,11.56,743,57.6,STRUCTURED_LEASE,Performing
EQF-2025-03829,28-08-2025,Logistics & Fleet,Electric Delivery Van,1786000,178600,1607400,36,10.59,664,77.7,REQUIRE_COLLATERAL,Performing
EQF-2025-03830,28-08-2025,Manufacturing,CNC Milling Unit,3839000,383900,3455100,48,10.49,783,49.8,STRUCTURED_LEASE,Performing
EQF-2025-03831,28-08-2025,Healthcare,Digital X-Ray System,9698000,2424500,7273500,48,8.2,711,58.6,STRUCTURED_LEASE,Performing
EQF-2025-03832,28-08-2025,Logistics & Fleet,Forklift Fleet,2060000,206000,1854000,36,10.92,759,55.2,STRUCTURED_LEASE,Performing
EQF-2025-03833,28-08-2025,Logistics & Fleet,Electric Delivery Van,3401000,680200,2720800,36,9.62,732,63.2,STRUCTURED_LEASE,Performing
EQF-2025-03834,28-08-2025,Healthcare,Digital X-Ray System,10366000,2591500,7774500,60,8.02,778,49.4,STRUCTURED_LEASE,30_Days_Past_Due
EQF-2025-03835,28-08-2025,Construction,Hydraulic Excavator,4259000,1064750,3194250,48,10.55,832,36.7,AUTO_APPROVE,Performing
EQF-2025-03836,28-08-2025,Healthcare,Surgical Robot,12752000,2550400,10201600,48,7.7,746,43,STRUCTURED_LEASE,Performing
EQF-2025-03837,28-08-2025,IT & Enterprise Tech,Edge AI Compute Cluster,4085000,408500,3676500,48,7,743,46.1,STRUCTURED_LEASE,Performing
EQF-2025-03838,28-08-2025,Manufacturing,CNC Milling Unit,3724000,372400,3351600,60,7,782,45.9,STRUCTURED_LEASE,Performing
EQF-2025-03839,28-08-2025,IT & Enterprise Tech,Edge AI Compute Cluster,2007000,301050,1705950,36,9.13,673,63.3,STRUCTURED_LEASE,Performing
EQF-2025-03840,28-08-2025,Logistics & Fleet,Heavy Duty Hauler,4539000,453900,4085100,36,11.81,745,56.4,STRUCTURED_LEASE,Performing
EQF-2025-03841,29-08-2025,Construction,Hydraulic Excavator,9604000,1440600,8163400,36,9.97,650,86.4,REJECT,60_Days_Past_Due
EQF-2025-03842,29-08-2025,Manufacturing,Industrial Robotic Arm,3108000,777000,2331000,36,9.35,660,79.3,REQUIRE_COLLATERAL,Performing
EQF-2025-03843,29-08-2025,Construction,Bulldozer,2803000,700750,2102250,36,11.48,679,69.6,REQUIRE_COLLATERAL,Performing
EQF-2025-03844,29-08-2025,Healthcare,Surgical Robot,12850000,3212500,9637500,60,10.27,792,54,STRUCTURED_LEASE,Performing
EQF-2025-03845,29-08-2025,Manufacturing,CNC Milling Unit,5809000,871350,4937650,60,11.04,700,69.9,REQUIRE_COLLATERAL,Performing
EQF-2025-03846,29-08-2025,Logistics & Fleet,Forklift Fleet,1583000,316600,1266400,36,10.96,659,84.7,REJECT,Performing
EQF-2025-03847,29-08-2025,IT & Enterprise Tech,Enterprise Server Rack,3854000,770800,3083200,36,9.03,759,51,STRUCTURED_LEASE,Performing
EQF-2025-03848,29-08-2025,Construction,Bulldozer,6344000,1586000,4758000,24,9.15,602,87.1,REJECT,Default
EQF-2025-03849,29-08-2025,Logistics & Fleet,Electric Delivery Van,4143000,621450,3521550,60,8.25,588,89.9,REJECT,Performing
EQF-2025-03850,29-08-2025,Manufacturing,Injection Molding Press,2964000,444600,2519400,36,10.75,693,77,REQUIRE_COLLATERAL,Performing
EQF-2025-03851,29-08-2025,Healthcare,MRI Scanner,8985000,2246250,6738750,48,7.66,692,63.8,STRUCTURED_LEASE,Performing
EQF-2025-03852,29-08-2025,Manufacturing,CNC Milling Unit,2594000,259400,2334600,60,8.17,777,43.2,STRUCTURED_LEASE,Performing
EQF-2025-03853,29-08-2025,Construction,Bulldozer,10639000,2659750,7979250,36,9.39,788,44.2,STRUCTURED_LEASE,Performing
EQF-2025-03854,29-08-2025,IT & Enterprise Tech,Edge AI Compute Cluster,4849000,727350,4121650,48,9.66,703,64.6,STRUCTURED_LEASE,Performing
EQF-2025-03855,29-08-2025,Logistics & Fleet,Heavy Duty Hauler,4000000,400000,3600000,36,10.38,696,72.5,REQUIRE_COLLATERAL,Performing
EQF-2025-03856,29-08-2025,Manufacturing,CNC Milling Unit,6331000,1266200,5064800,48,9.44,659,74.1,REQUIRE_COLLATERAL,30_Days_Past_Due
EQF-2025-03857,30-08-2025,Healthcare,MRI Scanner,8657000,865700,7791300,36,8.95,702,65.7,REQUIRE_COLLATERAL,Performing
EQF-2025-03858,30-08-2025,Construction,Hydraulic Excavator,10348000,2069600,8278400,36,10.58,550,96.7,REJECT,Performing
EQF-2025-03859,30-08-2025,Healthcare,MRI Scanner,4802000,720300,4081700,60,10.87,680,75.1,REQUIRE_COLLATERAL,Default
EQF-2025-03860,30-08-2025,Logistics & Fleet,Electric Delivery Van,4252000,1063000,3189000,48,7,704,61.9,STRUCTURED_LEASE,30_Days_Past_Due
EQF-2025-03861,30-08-2025,Logistics & Fleet,Forklift Fleet,2018000,504500,1513500,36,11.1,658,80.1,REJECT,Performing
EQF-2025-03862,30-08-2025,Construction,Tower Crane,5254000,1313500,3940500,36,9.01,668,62.9,STRUCTURED_LEASE,Performing
EQF-2025-03863,30-08-2025,Healthcare,Digital X-Ray System,9714000,2428500,7285500,24,11.9,690,73.2,REQUIRE_COLLATERAL,Performing
EQF-2025-03864,30-08-2025,Healthcare,MRI Scanner,12609000,3152250,9456750,48,8.52,709,68.8,REQUIRE_COLLATERAL,Performing
EQF-2025-03865,30-08-2025,Manufacturing,Industrial Robotic Arm,7370000,1105500,6264500,36,8.01,766,45.4,STRUCTURED_LEASE,Performing
EQF-2025-03866,30-08-2025,Healthcare,MRI Scanner,10421000,1563150,8857850,48,10.47,737,61.3,STRUCTURED_LEASE,Performing
EQF-2025-03867,30-08-2025,Healthcare,Digital X-Ray System,8433000,2108250,6324750,36,12.7,767,43.8,STRUCTURED_LEASE,Performing
EQF-2025-03868,30-08-2025,Logistics & Fleet,Heavy Duty Hauler,4797000,479700,4317300,36,7.07,747,58,STRUCTURED_LEASE,Performing
EQF-2025-03869,30-08-2025,Logistics & Fleet,Heavy Duty Hauler,2137000,534250,1602750,48,10.76,717,65.7,REQUIRE_COLLATERAL,60_Days_Past_Due
EQF-2025-03870,30-08-2025,Manufacturing,Industrial Robotic Arm,7122000,1424400,5697600,36,10.34,850,39,AUTO_APPROVE,Performing
EQF-2025-03871,30-08-2025,Healthcare,Digital X-Ray System,10733000,2146600,8586400,60,9.45,663,76.9,REQUIRE_COLLATERAL,Performing
EQF-2025-03872,30-08-2025,Manufacturing,Injection Molding Press,4138000,827600,3310400,48,12.61,650,86.2,REJECT,60_Days_Past_Due
EQF-2025-03873,31-08-2025,Manufacturing,Injection Molding Press,1510000,302000,1208000,36,7,700,61.8,STRUCTURED_LEASE,Performing
EQF-2025-03874,31-08-2025,Logistics & Fleet,Forklift Fleet,2897000,724250,2172750,48,11.17,706,68.4,REQUIRE_COLLATERAL,Performing
EQF-2025-03875,31-08-2025,Manufacturing,Industrial Robotic Arm,3437000,687400,2749600,24,10.96,718,52.5,STRUCTURED_LEASE,Performing
EQF-2025-03876,31-08-2025,Healthcare,Digital X-Ray System,5148000,514800,4633200,36,11.3,647,79.7,REQUIRE_COLLATERAL,Performing
EQF-2025-03877,31-08-2025,Manufacturing,CNC Milling Unit,2026000,506500,1519500,36,11.11,837,31,AUTO_APPROVE,Performing
EQF-2025-03878,31-08-2025,IT & Enterprise Tech,Automated Storage Array,2607000,521400,2085600,48,9.85,687,67.6,REQUIRE_COLLATERAL,60_Days_Past_Due
EQF-2025-03879,31-08-2025,Construction,Hydraulic Excavator,7725000,1931250,5793750,24,9.04,647,68.6,REQUIRE_COLLATERAL,Performing
EQF-2025-03880,31-08-2025,Manufacturing,CNC Milling Unit,7363000,1840750,5522250,36,8.58,727,57.1,STRUCTURED_LEASE,Performing
EQF-2025-03881,31-08-2025,Construction,Hydraulic Excavator,4060000,1015000,3045000,36,10.38,781,45.6,STRUCTURED_LEASE,Performing
EQF-2025-03882,31-08-2025,Logistics & Fleet,Heavy Duty Hauler,2814000,422100,2391900,24,9.49,814,29.9,AUTO_APPROVE,Performing
EQF-2025-03883,31-08-2025,IT & Enterprise Tech,Automated Storage Array,2838000,567600,2270400,24,9.18,554,93.5,REJECT,Default
EQF-2025-03884,31-08-2025,Manufacturing,CNC Milling Unit,5094000,764100,4329900,36,8.67,759,53.2,STRUCTURED_LEASE,Performing
EQF-2025-03885,31-08-2025,IT & Enterprise Tech,Edge AI Compute Cluster,5010000,501000,4509000,36,8.89,824,29.1,AUTO_APPROVE,Performing
EQF-2025-03886,31-08-2025,IT & Enterprise Tech,Edge AI Compute Cluster,3679000,367900,3311100,24,10.67,671,70.1,REQUIRE_COLLATERAL,60_Days_Past_Due
EQF-2025-03887,31-08-2025,IT & Enterprise Tech,Edge AI Compute Cluster,5203000,780450,4422550,36,9.53,694,69.8,REQUIRE_COLLATERAL,30_Days_Past_Due
EQF-2025-03888,31-08-2025,Construction,Bulldozer,6908000,1381600,5526400,48,11.31,648,84.2,REJECT,60_Days_Past_Due
EQF-2025-03889,01-09-2025,Construction,Hydraulic Excavator,7633000,1908250,5724750,48,7.47,673,63.7,STRUCTURED_LEASE,Performing
EQF-2025-03890,01-09-2025,Healthcare,Surgical Robot,8811000,881100,7929900,36,10.43,640,81.1,REJECT,60_Days_Past_Due
EQF-2025-03891,01-09-2025,Logistics & Fleet,Heavy Duty Hauler,4328000,432800,3895200,60,7.99,770,53.2,STRUCTURED_LEASE,Performing
EQF-2025-03892,01-09-2025,Construction,Bulldozer,10353000,1035300,9317700,24,11.31,703,65.2,REQUIRE_COLLATERAL,Performing
EQF-2025-03893,01-09-2025,Logistics & Fleet,Forklift Fleet,3629000,725800,2903200,36,11.35,550,99,REJECT,Performing
EQF-2025-03894,01-09-2025,Healthcare,MRI Scanner,13029000,1954350,11074650,48,7.38,670,60.1,STRUCTURED_LEASE,Performing
EQF-2025-03895,01-09-2025,Logistics & Fleet,Forklift Fleet,1424000,213600,1210400,48,8.35,665,72.6,REQUIRE_COLLATERAL,Performing
EQF-2025-03896,01-09-2025,Logistics & Fleet,Heavy Duty Hauler,4643000,928600,3714400,60,8.42,765,60,STRUCTURED_LEASE,Performing
EQF-2025-03897,01-09-2025,Manufacturing,Industrial Robotic Arm,2822000,282200,2539800,60,11.39,705,82.1,REJECT,Default
EQF-2025-03898,01-09-2025,Logistics & Fleet,Electric Delivery Van,2175000,435000,1740000,36,8.61,703,67.1,REQUIRE_COLLATERAL,Performing
EQF-2025-03899,01-09-2025,Construction,Tower Crane,2953000,590600,2362400,60,10.54,751,63.1,STRUCTURED_LEASE,Performing
EQF-2025-03900,01-09-2025,Logistics & Fleet,Forklift Fleet,4869000,730350,4138650,60,8.51,778,56,STRUCTURED_LEASE,Performing
EQF-2025-03901,01-09-2025,Healthcare,Digital X-Ray System,13372000,2674400,10697600,36,11.11,727,65,REQUIRE_COLLATERAL,Performing
EQF-2025-03902,01-09-2025,Healthcare,MRI Scanner,14045000,2809000,11236000,60,11.26,667,81.9,REJECT,Performing
EQF-2025-03903,01-09-2025,IT & Enterprise Tech,Edge AI Compute Cluster,5206000,520600,4685400,24,12,612,91.7,REJECT,Default
EQF-2025-03904,01-09-2025,Healthcare,Digital X-Ray System,9275000,2318750,6956250,48,9.24,804,41.6,STRUCTURED_LEASE,Performing
EQF-2025-03905,02-09-2025,Logistics & Fleet,Forklift Fleet,4712000,471200,4240800,36,9.5,850,31.2,AUTO_APPROVE,Performing
EQF-2025-03906,02-09-2025,Construction,Hydraulic Excavator,10741000,1611150,9129850,24,9.29,718,61.2,STRUCTURED_LEASE,Performing
EQF-2025-03907,02-09-2025,Construction,Bulldozer,6772000,1693000,5079000,48,9.54,730,57.2,STRUCTURED_LEASE,Performing
EQF-2025-03908,02-09-2025,Healthcare,Surgical Robot,5932000,593200,5338800,36,8.86,807,33.1,AUTO_APPROVE,Performing
EQF-2025-03909,02-09-2025,Construction,Hydraulic Excavator,8098000,1619600,6478400,48,11.09,598,89.4,REJECT,60_Days_Past_Due
EQF-2025-03910,02-09-2025,Healthcare,Surgical Robot,14730000,2946000,11784000,48,8.36,772,52.2,STRUCTURED_LEASE,Performing
EQF-2025-03911,02-09-2025,Manufacturing,CNC Milling Unit,7605000,1901250,5703750,36,9.28,734,67.9,REQUIRE_COLLATERAL,Performing
EQF-2025-03912,02-09-2025,Healthcare,Digital X-Ray System,13480000,3370000,10110000,36,9.79,660,80.1,REJECT,Performing
EQF-2025-03913,02-09-2025,Manufacturing,CNC Milling Unit,8037000,1607400,6429600,48,10.24,676,79.1,REQUIRE_COLLATERAL,Performing
EQF-2025-03914,02-09-2025,IT & Enterprise Tech,Enterprise Server Rack,5449000,817350,4631650,48,7.71,624,88.9,REJECT,60_Days_Past_Due
EQF-2025-03915,02-09-2025,IT & Enterprise Tech,Enterprise Server Rack,4837000,483700,4353300,48,9.13,783,50.7,STRUCTURED_LEASE,Performing
EQF-2025-03916,02-09-2025,Healthcare,Surgical Robot,11901000,2380200,9520800,48,9.53,642,78,REQUIRE_COLLATERAL,60_Days_Past_Due
EQF-2025-03917,02-09-2025,Logistics & Fleet,Heavy Duty Hauler,2206000,220600,1985400,48,10.7,736,62.7,STRUCTURED_LEASE,Performing
EQF-2025-03918,02-09-2025,Healthcare,MRI Scanner,10835000,1083500,9751500,36,9.18,604,83.8,REJECT,Default
EQF-2025-03919,02-09-2025,Logistics & Fleet,Heavy Duty Hauler,3182000,318200,2863800,36,9.35,800,37.6,AUTO_APPROVE,Performing
EQF-2025-03920,02-09-2025,Logistics & Fleet,Electric Delivery Van,4475000,447500,4027500,60,9.71,696,72.2,REQUIRE_COLLATERAL,Performing
EQF-2025-03921,03-09-2025,IT & Enterprise Tech,Enterprise Server Rack,3357000,503550,2853450,48,11.07,779,46.6,STRUCTURED_LEASE,Performing
EQF-2025-03922,03-09-2025,Healthcare,Surgical Robot,5405000,810750,4594250,36,7,696,58.5,STRUCTURED_LEASE,Performing
EQF-2025-03923,03-09-2025,Logistics & Fleet,Heavy Duty Hauler,1219000,182850,1036150,36,9.66,670,71.2,REQUIRE_COLLATERAL,Performing
EQF-2025-03924,03-09-2025,Healthcare,MRI Scanner,11457000,2291400,9165600,36,11.25,622,84.8,REJECT,Performing
EQF-2025-03925,03-09-2025,IT & Enterprise Tech,Edge AI Compute Cluster,3660000,732000,2928000,48,8.26,778,56.8,STRUCTURED_LEASE,Performing
EQF-2025-03926,03-09-2025,Manufacturing,CNC Milling Unit,3817000,763400,3053600,36,8.37,686,66.3,REQUIRE_COLLATERAL,Performing
EQF-2025-03927,03-09-2025,Construction,Bulldozer,3936000,590400,3345600,48,11.34,729,74.8,REQUIRE_COLLATERAL,Performing
EQF-2025-03928,03-09-2025,Logistics & Fleet,Heavy Duty Hauler,2974000,297400,2676600,36,8.98,663,64.8,STRUCTURED_LEASE,Performing
EQF-2025-03929,03-09-2025,Logistics & Fleet,Forklift Fleet,1581000,237150,1343850,36,9.02,708,66.3,REQUIRE_COLLATERAL,Performing
EQF-2025-03930,03-09-2025,Manufacturing,Industrial Robotic Arm,3853000,770600,3082400,60,9.92,723,68.8,REQUIRE_COLLATERAL,Performing
EQF-2025-03931,03-09-2025,IT & Enterprise Tech,Enterprise Server Rack,2772000,693000,2079000,36,7,595,81.8,REJECT,Performing
EQF-2025-03932,03-09-2025,Manufacturing,Industrial Robotic Arm,4759000,951800,3807200,60,7,665,67.5,REQUIRE_COLLATERAL,Performing
EQF-2025-03933,03-09-2025,Construction,Hydraulic Excavator,6466000,646600,5819400,36,10.37,812,43.7,STRUCTURED_LEASE,Performing
EQF-2025-03934,03-09-2025,Manufacturing,Injection Molding Press,3299000,494850,2804150,36,9.13,656,84.9,REJECT,Performing
EQF-2025-03935,03-09-2025,Healthcare,Digital X-Ray System,13352000,3338000,10014000,36,9.26,768,51.4,STRUCTURED_LEASE,Performing
EQF-2025-03936,03-09-2025,Construction,Hydraulic Excavator,5522000,1380500,4141500,48,8.51,731,59.1,STRUCTURED_LEASE,Performing
EQF-2025-03937,04-09-2025,Healthcare,Surgical Robot,6525000,652500,5872500,48,9.09,743,58.7,STRUCTURED_LEASE,60_Days_Past_Due
EQF-2025-03938,04-09-2025,Manufacturing,Industrial Robotic Arm,2731000,409650,2321350,36,11.29,751,60.4,STRUCTURED_LEASE,Performing
EQF-2025-03939,04-09-2025,Manufacturing,CNC Milling Unit,3758000,939500,2818500,36,9.7,711,70.5,REQUIRE_COLLATERAL,60_Days_Past_Due
EQF-2025-03940,04-09-2025,Healthcare,Digital X-Ray System,4743000,948600,3794400,48,11.09,673,75.9,REQUIRE_COLLATERAL,Performing
EQF-2025-03941,04-09-2025,Logistics & Fleet,Heavy Duty Hauler,1325000,132500,1192500,36,9.27,661,73.7,REQUIRE_COLLATERAL,Performing
EQF-2025-03942,04-09-2025,IT & Enterprise Tech,Automated Storage Array,3947000,986750,2960250,36,9.53,688,67.4,REQUIRE_COLLATERAL,Performing
EQF-2025-03943,04-09-2025,Manufacturing,Injection Molding Press,5834000,583400,5250600,36,9.99,791,43.5,STRUCTURED_LEASE,Performing
EQF-2025-03944,04-09-2025,Healthcare,Digital X-Ray System,9825000,1473750,8351250,48,10.29,621,88.4,REJECT,60_Days_Past_Due
EQF-2025-03945,04-09-2025,Manufacturing,Industrial Robotic Arm,6836000,1025400,5810600,36,8.23,689,72,REQUIRE_COLLATERAL,Performing
EQF-2025-03946,04-09-2025,Manufacturing,CNC Milling Unit,1774000,266100,1507900,36,9.46,611,80.9,REJECT,60_Days_Past_Due
EQF-2025-03947,04-09-2025,Logistics & Fleet,Forklift Fleet,4757000,951400,3805600,36,8.49,672,70.5,REQUIRE_COLLATERAL,Performing
EQF-2025-03948,04-09-2025,Construction,Hydraulic Excavator,3308000,827000,2481000,24,11.76,701,67.9,REQUIRE_COLLATERAL,Performing
EQF-2025-03949,04-09-2025,Manufacturing,Injection Molding Press,6218000,932700,5285300,48,7,800,40.8,STRUCTURED_LEASE,Performing
EQF-2025-03950,04-09-2025,Manufacturing,Industrial Robotic Arm,2434000,486800,1947200,48,10.38,807,48.8,STRUCTURED_LEASE,Performing
EQF-2025-03951,04-09-2025,Manufacturing,CNC Milling Unit,7659000,1148850,6510150,24,8.34,593,84,REJECT,Performing
EQF-2025-03952,04-09-2025,Logistics & Fleet,Heavy Duty Hauler,3141000,471150,2669850,24,7.8,611,72.4,REQUIRE_COLLATERAL,60_Days_Past_Due
EQF-2025-03953,05-09-2025,IT & Enterprise Tech,Automated Storage Array,1228000,307000,921000,24,9.05,699,60,STRUCTURED_LEASE,Performing
EQF-2025-03954,05-09-2025,Manufacturing,Injection Molding Press,5817000,1163400,4653600,48,11.44,759,59.5,STRUCTURED_LEASE,Performing
EQF-2025-03955,05-09-2025,Manufacturing,Injection Molding Press,1564000,234600,1329400,24,8.54,605,74.6,REQUIRE_COLLATERAL,Performing
EQF-2025-03956,05-09-2025,IT & Enterprise Tech,Edge AI Compute Cluster,4835000,967000,3868000,60,7,685,70,REQUIRE_COLLATERAL,Performing
EQF-2025-03957,05-09-2025,IT & Enterprise Tech,Enterprise Server Rack,4183000,836600,3346400,36,8.08,777,44.5,STRUCTURED_LEASE,Performing
EQF-2025-03958,05-09-2025,Healthcare,Surgical Robot,6339000,950850,5388150,36,9.69,785,56.5,STRUCTURED_LEASE,Performing
EQF-2025-03959,05-09-2025,Manufacturing,Industrial Robotic Arm,4123000,618450,3504550,24,7.07,690,53.8,STRUCTURED_LEASE,Performing
EQF-2025-03960,05-09-2025,Manufacturing,Injection Molding Press,1555000,155500,1399500,48,10.58,579,99,REJECT,60_Days_Past_Due
EQF-2025-03961,05-09-2025,Construction,Hydraulic Excavator,8396000,2099000,6297000,48,7.13,778,48.3,STRUCTURED_LEASE,30_Days_Past_Due
EQF-2025-03962,05-09-2025,Healthcare,Surgical Robot,7549000,1132350,6416650,36,8.78,650,79.3,REQUIRE_COLLATERAL,30_Days_Past_Due
EQF-2025-03963,05-09-2025,Manufacturing,CNC Milling Unit,5501000,550100,4950900,36,10.73,744,53.7,STRUCTURED_LEASE,Performing
EQF-2025-03964,05-09-2025,Construction,Tower Crane,10632000,2658000,7974000,36,8.75,651,64.4,STRUCTURED_LEASE,Performing
EQF-2025-03965,05-09-2025,Manufacturing,Industrial Robotic Arm,3596000,539400,3056600,36,7.49,716,56.2,STRUCTURED_LEASE,Performing
EQF-2025-03966,05-09-2025,Logistics & Fleet,Forklift Fleet,4963000,992600,3970400,36,9.36,730,61.6,STRUCTURED_LEASE,Performing
EQF-2025-03967,05-09-2025,Healthcare,MRI Scanner,10960000,2740000,8220000,36,8.76,793,41,STRUCTURED_LEASE,Performing
EQF-2025-03968,05-09-2025,Manufacturing,CNC Milling Unit,3195000,639000,2556000,48,11.32,618,89.6,REJECT,Default
EQF-2025-03969,06-09-2025,Construction,Hydraulic Excavator,6213000,621300,5591700,36,10.73,652,87.8,REJECT,Performing
EQF-2025-03970,06-09-2025,Healthcare,Surgical Robot,12145000,1821750,10323250,36,10.26,814,37.7,AUTO_APPROVE,Performing
EQF-2025-03971,06-09-2025,IT & Enterprise Tech,Enterprise Server Rack,3122000,312200,2809800,36,9.53,725,63.9,STRUCTURED_LEASE,Performing
EQF-2025-03972,06-09-2025,Construction,Hydraulic Excavator,3082000,462300,2619700,24,9.17,654,65.6,REQUIRE_COLLATERAL,Performing
EQF-2025-03973,06-09-2025,Healthcare,MRI Scanner,5855000,878250,4976750,36,9.16,756,57.4,STRUCTURED_LEASE,Performing
EQF-2025-03974,06-09-2025,Logistics & Fleet,Heavy Duty Hauler,4207000,841400,3365600,36,7,645,71,REQUIRE_COLLATERAL,30_Days_Past_Due
EQF-2025-03975,06-09-2025,Healthcare,Surgical Robot,11132000,1113200,10018800,24,9.5,722,58.7,STRUCTURED_LEASE,Performing
EQF-2025-03976,06-09-2025,IT & Enterprise Tech,Automated Storage Array,3763000,752600,3010400,60,8.31,665,73.8,REQUIRE_COLLATERAL,Performing
EQF-2025-03977,06-09-2025,Healthcare,MRI Scanner,5844000,1168800,4675200,36,9.37,790,45.1,STRUCTURED_LEASE,Performing
EQF-2025-03978,06-09-2025,Construction,Hydraulic Excavator,9621000,1924200,7696800,36,9.58,654,75.8,REQUIRE_COLLATERAL,30_Days_Past_Due
EQF-2025-03979,06-09-2025,Manufacturing,Industrial Robotic Arm,8225000,822500,7402500,48,8.77,550,92.6,REJECT,Performing
EQF-2025-03980,06-09-2025,Healthcare,Digital X-Ray System,4450000,667500,3782500,36,10.9,680,69.7,REQUIRE_COLLATERAL,Performing
EQF-2025-03981,06-09-2025,Logistics & Fleet,Heavy Duty Hauler,1497000,224550,1272450,60,7.89,666,77.2,REQUIRE_COLLATERAL,Performing
EQF-2025-03982,06-09-2025,Logistics & Fleet,Heavy Duty Hauler,4562000,456200,4105800,36,8.76,694,60.6,STRUCTURED_LEASE,Performing
EQF-2025-03983,06-09-2025,Manufacturing,Industrial Robotic Arm,7209000,1081350,6127650,48,9.01,746,58,STRUCTURED_LEASE,30_Days_Past_Due
EQF-2025-03984,06-09-2025,Manufacturing,Industrial Robotic Arm,5826000,582600,5243400,48,11.23,633,85.9,REJECT,Performing
EQF-2025-03985,07-09-2025,Logistics & Fleet,Heavy Duty Hauler,4791000,479100,4311900,60,9.55,659,84,REJECT,Performing
EQF-2025-03986,07-09-2025,IT & Enterprise Tech,Automated Storage Array,4161000,624150,3536850,48,9.47,709,65.4,REQUIRE_COLLATERAL,60_Days_Past_Due
EQF-2025-03987,07-09-2025,Manufacturing,Injection Molding Press,3012000,753000,2259000,36,10.81,667,86.7,REJECT,Default
EQF-2025-03988,07-09-2025,Construction,Hydraulic Excavator,8693000,1738600,6954400,48,8.72,714,53.7,STRUCTURED_LEASE,Performing
EQF-2025-03989,07-09-2025,Healthcare,MRI Scanner,11103000,1110300,9992700,36,10.81,744,53.9,STRUCTURED_LEASE,Performing
EQF-2025-03990,07-09-2025,IT & Enterprise Tech,Edge AI Compute Cluster,5926000,592600,5333400,48,10.1,710,70.8,REQUIRE_COLLATERAL,Default
EQF-2025-03991,07-09-2025,Manufacturing,Industrial Robotic Arm,2997000,749250,2247750,36,11.36,781,51.9,STRUCTURED_LEASE,Performing
EQF-2025-03992,07-09-2025,Manufacturing,Injection Molding Press,5685000,568500,5116500,48,8.93,648,80.7,REJECT,60_Days_Past_Due
EQF-2025-03993,07-09-2025,Logistics & Fleet,Heavy Duty Hauler,4165000,416500,3748500,48,9.06,672,57.5,STRUCTURED_LEASE,Performing
EQF-2025-03994,07-09-2025,Manufacturing,Industrial Robotic Arm,3873000,580950,3292050,60,9.71,807,47.9,STRUCTURED_LEASE,Performing
EQF-2025-03995,07-09-2025,Construction,Bulldozer,5727000,859050,4867950,36,9.41,662,72.9,REQUIRE_COLLATERAL,Performing
EQF-2025-03996,07-09-2025,Healthcare,Surgical Robot,13767000,3441750,10325250,48,10.65,850,40.9,STRUCTURED_LEASE,Performing
EQF-2025-03997,07-09-2025,Healthcare,Surgical Robot,8446000,844600,7601400,36,9.18,772,49.9,STRUCTURED_LEASE,Performing
EQF-2025-03998,07-09-2025,Healthcare,Digital X-Ray System,10872000,2174400,8697600,36,7.91,656,70.9,REQUIRE_COLLATERAL,60_Days_Past_Due
EQF-2025-03999,07-09-2025,Construction,Tower Crane,10059000,1508850,8550150,48,11.53,748,61.7,STRUCTURED_LEASE,30_Days_Past_Due
EQF-2025-04000,07-09-2025,Manufacturing,CNC Milling Unit,2969000,593800,2375200,48,12.37,729,61.9,STRUCTURED_LEASE,Performing
EQF-2025-04001,08-09-2025,Construction,Hydraulic Excavator,10846000,2169200,8676800,48,7.15,615,83.6,REJECT,Performing
EQF-2025-04002,08-09-2025,Logistics & Fleet,Forklift Fleet,3867000,966750,2900250,48,10.22,810,45.1,STRUCTURED_LEASE,Performing
EQF-2025-04003,08-09-2025,Logistics & Fleet,Forklift Fleet,3085000,771250,2313750,36,10.62,763,51.1,STRUCTURED_LEASE,Performing
EQF-2025-04004,08-09-2025,Manufacturing,Industrial Robotic Arm,4516000,451600,4064400,48,9.87,805,45.9,STRUCTURED_LEASE,30_Days_Past_Due
EQF-2025-04005,08-09-2025,Manufacturing,Industrial Robotic Arm,8181000,2045250,6135750,36,11.86,778,50.9,STRUCTURED_LEASE,Performing
EQF-2025-04006,08-09-2025,Healthcare,MRI Scanner,6263000,939450,5323550,36,7.49,732,46,STRUCTURED_LEASE,Performing
EQF-2025-04007,08-09-2025,Healthcare,MRI Scanner,7429000,742900,6686100,24,8.65,780,44.9,STRUCTURED_LEASE,Performing
EQF-2025-04008,08-09-2025,Healthcare,MRI Scanner,7386000,738600,6647400,48,9.66,623,95,REJECT,60_Days_Past_Due
EQF-2025-04009,08-09-2025,Logistics & Fleet,Electric Delivery Van,2298000,459600,1838400,48,10.88,838,42.4,STRUCTURED_LEASE,Performing
EQF-2025-04010,08-09-2025,Manufacturing,Injection Molding Press,4780000,956000,3824000,36,11.31,758,57.4,STRUCTURED_LEASE,Performing
EQF-2025-04011,08-09-2025,Manufacturing,CNC Milling Unit,8424000,1684800,6739200,48,7.69,583,97.6,REJECT,60_Days_Past_Due
EQF-2025-04012,08-09-2025,Healthcare,MRI Scanner,13777000,1377700,12399300,36,7,612,88.1,REJECT,Performing
EQF-2025-04013,08-09-2025,Logistics & Fleet,Electric Delivery Van,2446000,611500,1834500,48,10.67,728,63.8,STRUCTURED_LEASE,60_Days_Past_Due
EQF-2025-04014,08-09-2025,Manufacturing,CNC Milling Unit,4460000,1115000,3345000,48,9.67,652,75.6,REQUIRE_COLLATERAL,30_Days_Past_Due
EQF-2025-04015,08-09-2025,Construction,Bulldozer,8191000,2047750,6143250,24,9.75,743,54.4,STRUCTURED_LEASE,Performing
EQF-2025-04016,08-09-2025,Healthcare,Digital X-Ray System,4189000,418900,3770100,60,10.71,645,87.4,REJECT,60_Days_Past_Due
EQF-2025-04017,09-09-2025,IT & Enterprise Tech,Enterprise Server Rack,5065000,506500,4558500,24,8.29,627,79.3,REQUIRE_COLLATERAL,Performing
EQF-2025-04018,09-09-2025,IT & Enterprise Tech,Enterprise Server Rack,5375000,537500,4837500,48,9.14,674,73.2,REQUIRE_COLLATERAL,Performing
EQF-2025-04019,09-09-2025,Healthcare,Digital X-Ray System,13429000,1342900,12086100,36,10.29,850,33.8,AUTO_APPROVE,Performing
EQF-2025-04020,09-09-2025,Manufacturing,Industrial Robotic Arm,4125000,412500,3712500,36,8.07,638,70.4,REQUIRE_COLLATERAL,Performing
EQF-2025-04021,09-09-2025,Healthcare,MRI Scanner,9082000,2270500,6811500,48,8.69,791,51.6,STRUCTURED_LEASE,Performing
EQF-2025-04022,09-09-2025,Manufacturing,Injection Molding Press,1587000,158700,1428300,24,9.66,660,67.1,REQUIRE_COLLATERAL,Performing
EQF-2025-04023,09-09-2025,Logistics & Fleet,Electric Delivery Van,2718000,679500,2038500,60,10.29,704,66.8,REQUIRE_COLLATERAL,Default
EQF-2025-04024,09-09-2025,Logistics & Fleet,Forklift Fleet,2950000,295000,2655000,36,7.33,718,42.7,STRUCTURED_LEASE,Performing
EQF-2025-04025,09-09-2025,Logistics & Fleet,Heavy Duty Hauler,4647000,1161750,3485250,36,10.5,705,65.3,REQUIRE_COLLATERAL,Performing
EQF-2025-04026,09-09-2025,Logistics & Fleet,Forklift Fleet,4597000,689550,3907450,48,10.16,713,63.3,STRUCTURED_LEASE,Performing
EQF-2025-04027,09-09-2025,Healthcare,MRI Scanner,14627000,2194050,12432950,24,8.24,731,50.3,STRUCTURED_LEASE,Performing
EQF-2025-04028,09-09-2025,Manufacturing,CNC Milling Unit,7696000,1924000,5772000,36,12.87,612,89,REJECT,Default
EQF-2025-04029,09-09-2025,Logistics & Fleet,Heavy Duty Hauler,1231000,184650,1046350,60,8.07,701,66.7,REQUIRE_COLLATERAL,Performing
EQF-2025-04030,09-09-2025,Healthcare,MRI Scanner,11056000,1658400,9397600,48,10.6,706,65.3,REQUIRE_COLLATERAL,Performing
EQF-2025-04031,09-09-2025,Logistics & Fleet,Forklift Fleet,1459000,364750,1094250,36,9.92,746,51.8,STRUCTURED_LEASE,Performing
EQF-2025-04032,09-09-2025,Healthcare,MRI Scanner,6999000,699900,6299100,48,8.88,691,64.2,STRUCTURED_LEASE,Performing
EQF-2025-04033,10-09-2025,Manufacturing,CNC Milling Unit,5548000,554800,4993200,60,9.64,744,61.5,STRUCTURED_LEASE,Performing
EQF-2025-04034,10-09-2025,IT & Enterprise Tech,Automated Storage Array,4443000,1110750,3332250,36,10.3,667,68,REQUIRE_COLLATERAL,30_Days_Past_Due
EQF-2025-04035,10-09-2025,Manufacturing,Industrial Robotic Arm,6082000,1216400,4865600,48,13.78,674,89.7,REJECT,Performing
EQF-2025-04036,10-09-2025,IT & Enterprise Tech,Automated Storage Array,1055000,211000,844000,36,7.33,730,53.3,STRUCTURED_LEASE,Performing
EQF-2025-04037,10-09-2025,IT & Enterprise Tech,Automated Storage Array,1339000,200850,1138150,60,7,643,71.3,REQUIRE_COLLATERAL,Performing
EQF-2025-04038,10-09-2025,Logistics & Fleet,Forklift Fleet,1689000,337800,1351200,48,7.98,673,72,REQUIRE_COLLATERAL,Performing
EQF-2025-04039,10-09-2025,Logistics & Fleet,Heavy Duty Hauler,1547000,232050,1314950,48,9.45,677,68.8,REQUIRE_COLLATERAL,Performing
EQF-2025-04040,10-09-2025,Construction,Hydraulic Excavator,4015000,401500,3613500,60,10.5,681,83.5,REJECT,60_Days_Past_Due
EQF-2025-04041,10-09-2025,IT & Enterprise Tech,Enterprise Server Rack,4380000,1095000,3285000,36,9.64,713,59.1,STRUCTURED_LEASE,Performing
EQF-2025-04042,10-09-2025,Healthcare,Digital X-Ray System,13139000,1313900,11825100,24,9.27,652,78.1,REQUIRE_COLLATERAL,Performing
EQF-2025-04043,10-09-2025,Construction,Hydraulic Excavator,5975000,1493750,4481250,36,11.81,750,63.8,STRUCTURED_LEASE,Performing
EQF-2025-04044,10-09-2025,Construction,Tower Crane,8389000,1677800,6711200,36,8.31,692,82,REJECT,60_Days_Past_Due
EQF-2025-04045,10-09-2025,Healthcare,MRI Scanner,6200000,620000,5580000,48,11.99,736,66.3,REQUIRE_COLLATERAL,Performing
EQF-2025-04046,10-09-2025,Healthcare,Surgical Robot,14706000,1470600,13235400,48,10.43,630,89.2,REJECT,60_Days_Past_Due
EQF-2025-04047,10-09-2025,Healthcare,MRI Scanner,7850000,1177500,6672500,36,11.75,550,99,REJECT,Default
EQF-2025-04048,10-09-2025,Construction,Tower Crane,9690000,2422500,7267500,36,8.09,771,46.4,STRUCTURED_LEASE,Performing
EQF-2025-04049,11-09-2025,IT & Enterprise Tech,Edge AI Compute Cluster,5716000,1143200,4572800,48,8.97,723,68.2,REQUIRE_COLLATERAL,Performing
EQF-2025-04050,11-09-2025,Manufacturing,CNC Milling Unit,7553000,755300,6797700,36,7.31,745,53.8,STRUCTURED_LEASE,30_Days_Past_Due
EQF-2025-04051,11-09-2025,IT & Enterprise Tech,Automated Storage Array,1149000,287250,861750,36,9.95,795,44.3,STRUCTURED_LEASE,Performing
EQF-2025-04052,11-09-2025,Logistics & Fleet,Heavy Duty Hauler,3671000,734200,2936800,48,9.98,648,87.4,REJECT,60_Days_Past_Due
EQF-2025-04053,11-09-2025,Logistics & Fleet,Heavy Duty Hauler,1656000,165600,1490400,36,12.51,592,99,REJECT,Default
EQF-2025-04054,11-09-2025,Construction,Hydraulic Excavator,2548000,637000,1911000,60,9.62,773,63.9,STRUCTURED_LEASE,Performing
EQF-2025-04055,11-09-2025,Logistics & Fleet,Forklift Fleet,1397000,209550,1187450,36,7.22,752,54.3,STRUCTURED_LEASE,Performing
EQF-2025-04056,11-09-2025,Manufacturing,Industrial Robotic Arm,7913000,791300,7121700,48,10.92,781,51.8,STRUCTURED_LEASE,30_Days_Past_Due
EQF-2025-04057,11-09-2025,Logistics & Fleet,Forklift Fleet,4652000,1163000,3489000,48,8.13,817,37.2,AUTO_APPROVE,30_Days_Past_Due
EQF-2025-04058,11-09-2025,Manufacturing,Industrial Robotic Arm,3081000,616200,2464800,24,7.6,633,69.5,REQUIRE_COLLATERAL,Performing
EQF-2025-04059,11-09-2025,IT & Enterprise Tech,Edge AI Compute Cluster,3645000,729000,2916000,24,10.55,770,51.9,STRUCTURED_LEASE,60_Days_Past_Due
EQF-2025-04060,11-09-2025,IT & Enterprise Tech,Edge AI Compute Cluster,5766000,864900,4901100,36,8.35,693,70.4,REQUIRE_COLLATERAL,Performing
EQF-2025-04061,11-09-2025,Healthcare,Surgical Robot,9464000,946400,8517600,24,8.6,772,48.6,STRUCTURED_LEASE,Performing
EQF-2025-04062,11-09-2025,Manufacturing,CNC Milling Unit,4255000,638250,3616750,36,11.6,829,33.8,AUTO_APPROVE,Performing
EQF-2025-04063,11-09-2025,Logistics & Fleet,Heavy Duty Hauler,3036000,759000,2277000,48,10.27,711,64,STRUCTURED_LEASE,60_Days_Past_Due
EQF-2025-04064,11-09-2025,Healthcare,MRI Scanner,12692000,2538400,10153600,48,10.4,661,82.3,REJECT,Performing
EQF-2025-04065,12-09-2025,IT & Enterprise Tech,Enterprise Server Rack,3282000,492300,2789700,48,7.44,621,87.3,REJECT,Default
EQF-2025-04066,12-09-2025,Manufacturing,CNC Milling Unit,6983000,698300,6284700,24,10.56,563,95.1,REJECT,Default
EQF-2025-04067,12-09-2025,Manufacturing,Injection Molding Press,4522000,1130500,3391500,48,9.08,804,52.1,STRUCTURED_LEASE,30_Days_Past_Due
EQF-2025-04068,12-09-2025,IT & Enterprise Tech,Automated Storage Array,2110000,211000,1899000,36,8.83,808,30,AUTO_APPROVE,Performing
EQF-2025-04069,12-09-2025,Logistics & Fleet,Forklift Fleet,2441000,366150,2074850,60,10.11,775,55.7,STRUCTURED_LEASE,Performing
EQF-2025-04070,12-09-2025,Logistics & Fleet,Forklift Fleet,1496000,299200,1196800,60,9.51,690,81.2,REJECT,60_Days_Past_Due
EQF-2025-04071,12-09-2025,Healthcare,Surgical Robot,9471000,1894200,7576800,48,7.31,761,51.8,STRUCTURED_LEASE,Performing
EQF-2025-04072,12-09-2025,Logistics & Fleet,Forklift Fleet,1763000,264450,1498550,48,10.93,729,61,STRUCTURED_LEASE,60_Days_Past_Due
EQF-2025-04073,12-09-2025,Construction,Bulldozer,9398000,939800,8458200,24,11.07,634,83,REJECT,Performing
EQF-2025-04074,12-09-2025,Construction,Hydraulic Excavator,6075000,607500,5467500,24,8.62,784,41.4,STRUCTURED_LEASE,Performing
EQF-2025-04075,12-09-2025,Logistics & Fleet,Electric Delivery Van,4107000,410700,3696300,48,10.41,743,58.5,STRUCTURED_LEASE,Performing
EQF-2025-04076,12-09-2025,Construction,Bulldozer,10613000,1061300,9551700,36,10.87,757,47.3,STRUCTURED_LEASE,Performing
EQF-2025-04077,12-09-2025,Healthcare,Digital X-Ray System,13344000,2668800,10675200,36,7,731,55.9,STRUCTURED_LEASE,Performing
EQF-2025-04078,12-09-2025,Healthcare,Surgical Robot,14466000,1446600,13019400,48,8.73,718,57.2,STRUCTURED_LEASE,30_Days_Past_Due
EQF-2025-04079,12-09-2025,Logistics & Fleet,Forklift Fleet,3358000,503700,2854300,48,7,732,66.5,REQUIRE_COLLATERAL,Default
EQF-2025-04080,12-09-2025,Manufacturing,CNC Milling Unit,2657000,398550,2258450,36,10.45,691,59.9,STRUCTURED_LEASE,Performing
EQF-2025-04081,13-09-2025,Logistics & Fleet,Electric Delivery Van,4755000,713250,4041750,36,10.17,749,55.7,STRUCTURED_LEASE,Performing
EQF-2025-04082,13-09-2025,Manufacturing,CNC Milling Unit,7580000,1137000,6443000,24,8.52,836,32.8,AUTO_APPROVE,Performing
EQF-2025-04083,13-09-2025,Construction,Hydraulic Excavator,9848000,984800,8863200,48,9.27,740,53.9,STRUCTURED_LEASE,Performing
EQF-2025-04084,13-09-2025,Logistics & Fleet,Electric Delivery Van,3834000,766800,3067200,36,8.95,782,41.9,STRUCTURED_LEASE,30_Days_Past_Due
EQF-2025-04085,13-09-2025,Manufacturing,CNC Milling Unit,5874000,1468500,4405500,60,7,633,85.4,REJECT,Performing
EQF-2025-04086,13-09-2025,Manufacturing,Injection Molding Press,1603000,160300,1442700,48,11.45,762,54.2,STRUCTURED_LEASE,Performing
EQF-2025-04087,13-09-2025,Manufacturing,Injection Molding Press,6736000,1684000,5052000,24,9.88,743,62.1,STRUCTURED_LEASE,30_Days_Past_Due
EQF-2025-04088,13-09-2025,Construction,Bulldozer,3278000,655600,2622400,36,9.28,779,47.1,STRUCTURED_LEASE,Performing
EQF-2025-04089,13-09-2025,Logistics & Fleet,Forklift Fleet,2187000,218700,1968300,48,9.29,682,69.7,REQUIRE_COLLATERAL,Performing
EQF-2025-04090,13-09-2025,Manufacturing,Injection Molding Press,5360000,1340000,4020000,60,10.56,774,66.1,REQUIRE_COLLATERAL,30_Days_Past_Due
EQF-2025-04091,13-09-2025,Logistics & Fleet,Heavy Duty Hauler,2917000,583400,2333600,36,7.12,663,62.3,STRUCTURED_LEASE,Performing
EQF-2025-04092,13-09-2025,Healthcare,MRI Scanner,4174000,1043500,3130500,48,8.19,784,55.6,STRUCTURED_LEASE,Performing
EQF-2025-04093,13-09-2025,Construction,Bulldozer,9504000,1425600,8078400,36,9.82,788,41.1,STRUCTURED_LEASE,Performing
EQF-2025-04094,13-09-2025,IT & Enterprise Tech,Automated Storage Array,5370000,805500,4564500,36,11.17,638,88.3,REJECT,Default
EQF-2025-04095,13-09-2025,Healthcare,MRI Scanner,11501000,2300200,9200800,60,7,733,68.5,REQUIRE_COLLATERAL,Performing
EQF-2025-04096,13-09-2025,Construction,Tower Crane,7099000,1419800,5679200,24,10.99,695,65,REQUIRE_COLLATERAL,Performing
EQF-2025-04097,14-09-2025,Manufacturing,CNC Milling Unit,8225000,2056250,6168750,48,8.44,741,56.4,STRUCTURED_LEASE,Performing
EQF-2025-04098,14-09-2025,Manufacturing,CNC Milling Unit,2340000,468000,1872000,24,9.07,712,56.1,STRUCTURED_LEASE,Performing
EQF-2025-04099,14-09-2025,Healthcare,MRI Scanner,12117000,1817550,10299450,48,9.55,695,65.6,REQUIRE_COLLATERAL,Performing
EQF-2025-04100,14-09-2025,Manufacturing,CNC Milling Unit,2399000,359850,2039150,48,7.84,672,71.2,REQUIRE_COLLATERAL,Performing
EQF-2025-04101,14-09-2025,Construction,Hydraulic Excavator,5746000,574600,5171400,60,7.64,803,49.7,STRUCTURED_LEASE,Performing
EQF-2025-04102,14-09-2025,Healthcare,Digital X-Ray System,10440000,2610000,7830000,36,9.81,661,76.9,REQUIRE_COLLATERAL,Performing
EQF-2025-04103,14-09-2025,Construction,Bulldozer,8765000,1753000,7012000,24,12.34,674,75.6,REQUIRE_COLLATERAL,Performing
EQF-2025-04104,14-09-2025,Manufacturing,Injection Molding Press,1526000,305200,1220800,48,8.08,628,77.3,REQUIRE_COLLATERAL,Performing
EQF-2025-04105,14-09-2025,Healthcare,Digital X-Ray System,6867000,1373400,5493600,36,8.07,765,41.9,STRUCTURED_LEASE,Performing
EQF-2025-04106,14-09-2025,Logistics & Fleet,Forklift Fleet,3245000,811250,2433750,48,7.66,777,56.2,STRUCTURED_LEASE,30_Days_Past_Due
EQF-2025-04107,14-09-2025,IT & Enterprise Tech,Automated Storage Array,3571000,535650,3035350,48,9.16,735,53.2,STRUCTURED_LEASE,Performing
EQF-2025-04108,14-09-2025,Manufacturing,Injection Molding Press,5963000,1192600,4770400,24,8.03,659,66.1,REQUIRE_COLLATERAL,Performing
EQF-2025-04109,14-09-2025,IT & Enterprise Tech,Edge AI Compute Cluster,2380000,476000,1904000,48,8.06,599,91.1,REJECT,Performing
EQF-2025-04110,14-09-2025,Construction,Tower Crane,7094000,1064100,6029900,48,9.82,746,66.5,REQUIRE_COLLATERAL,Performing
EQF-2025-04111,14-09-2025,Construction,Bulldozer,4113000,822600,3290400,60,7.33,768,52.3,STRUCTURED_LEASE,Performing
EQF-2025-04112,14-09-2025,Construction,Bulldozer,4088000,408800,3679200,36,11.93,676,76.7,REQUIRE_COLLATERAL,30_Days_Past_Due
EQF-2025-04113,15-09-2025,Manufacturing,Injection Molding Press,5536000,830400,4705600,36,7.74,714,55.4,STRUCTURED_LEASE,Performing
EQF-2025-04114,15-09-2025,Manufacturing,CNC Milling Unit,6298000,944700,5353300,36,11.2,607,97.6,REJECT,60_Days_Past_Due
EQF-2025-04115,15-09-2025,Construction,Hydraulic Excavator,3523000,528450,2994550,36,12.46,658,87.3,REJECT,Performing
EQF-2025-04116,15-09-2025,Healthcare,MRI Scanner,5351000,535100,4815900,36,11.3,735,56,STRUCTURED_LEASE,Performing
EQF-2025-04117,15-09-2025,IT & Enterprise Tech,Edge AI Compute Cluster,3740000,561000,3179000,60,11.11,703,78.1,REQUIRE_COLLATERAL,Performing
EQF-2025-04118,15-09-2025,Healthcare,Surgical Robot,6971000,1742750,5228250,24,10.69,722,58.3,STRUCTURED_LEASE,Performing
EQF-2025-04119,15-09-2025,Manufacturing,Industrial Robotic Arm,4247000,1061750,3185250,36,9.82,784,48.5,STRUCTURED_LEASE,Performing
EQF-2025-04120,15-09-2025,Logistics & Fleet,Electric Delivery Van,2723000,680750,2042250,24,11.27,629,76.6,REQUIRE_COLLATERAL,Performing
EQF-2025-04121,15-09-2025,Healthcare,Digital X-Ray System,5964000,894600,5069400,36,9.11,723,49,STRUCTURED_LEASE,Performing
EQF-2025-04122,15-09-2025,Construction,Bulldozer,2511000,376650,2134350,24,10.8,665,66.1,REQUIRE_COLLATERAL,Performing
EQF-2025-04123,15-09-2025,Logistics & Fleet,Heavy Duty Hauler,4442000,666300,3775700,48,11.16,698,69.6,REQUIRE_COLLATERAL,60_Days_Past_Due
EQF-2025-04124,15-09-2025,IT & Enterprise Tech,Automated Storage Array,4518000,451800,4066200,36,10.26,728,57.7,STRUCTURED_LEASE,Performing
EQF-2025-04125,15-09-2025,Logistics & Fleet,Forklift Fleet,3824000,956000,2868000,36,9.1,627,68.2,REQUIRE_COLLATERAL,Performing
EQF-2025-04126,15-09-2025,Logistics & Fleet,Electric Delivery Van,3277000,655400,2621600,36,10.23,667,75.1,REQUIRE_COLLATERAL,Performing
EQF-2025-04127,15-09-2025,Logistics & Fleet,Electric Delivery Van,3864000,772800,3091200,48,8.95,683,63.8,STRUCTURED_LEASE,Performing
EQF-2025-04128,15-09-2025,IT & Enterprise Tech,Edge AI Compute Cluster,5666000,849900,4816100,36,8.68,735,55,STRUCTURED_LEASE,Performing
EQF-2025-04129,16-09-2025,Healthcare,MRI Scanner,11322000,1132200,10189800,24,10.68,781,40,STRUCTURED_LEASE,Performing
EQF-2025-04130,16-09-2025,Manufacturing,CNC Milling Unit,3356000,503400,2852600,60,9.72,601,85.2,REJECT,60_Days_Past_Due
EQF-2025-04131,16-09-2025,Healthcare,MRI Scanner,10276000,2055200,8220800,36,10.66,666,74.5,REQUIRE_COLLATERAL,30_Days_Past_Due
EQF-2025-04132,16-09-2025,Manufacturing,Injection Molding Press,4596000,1149000,3447000,48,9.73,700,67.8,REQUIRE_COLLATERAL,Performing
EQF-2025-04133,16-09-2025,Logistics & Fleet,Electric Delivery Van,3314000,662800,2651200,60,10.26,700,74,REQUIRE_COLLATERAL,Performing
EQF-2025-04134,16-09-2025,Construction,Bulldozer,6900000,1725000,5175000,36,11.6,737,69.2,REQUIRE_COLLATERAL,Performing
EQF-2025-04135,16-09-2025,Construction,Hydraulic Excavator,9800000,2450000,7350000,48,9.26,629,86.9,REJECT,Default
EQF-2025-04136,16-09-2025,Manufacturing,Industrial Robotic Arm,6063000,606300,5456700,60,8.89,696,81.3,REJECT,Default
EQF-2025-04137,16-09-2025,Logistics & Fleet,Heavy Duty Hauler,1917000,383400,1533600,36,10.14,683,68.3,REQUIRE_COLLATERAL,Performing
EQF-2025-04138,16-09-2025,Healthcare,Digital X-Ray System,4693000,703950,3989050,60,7,756,50.5,STRUCTURED_LEASE,Performing
EQF-2025-04139,16-09-2025,Logistics & Fleet,Electric Delivery Van,2813000,281300,2531700,24,10.56,714,62.6,STRUCTURED_LEASE,Performing
EQF-2025-04140,16-09-2025,Construction,Bulldozer,2633000,658250,1974750,36,8.21,681,75.3,REQUIRE_COLLATERAL,60_Days_Past_Due
EQF-2025-04141,16-09-2025,Healthcare,Surgical Robot,7501000,1500200,6000800,48,12.01,789,48.6,STRUCTURED_LEASE,Performing
EQF-2025-04142,16-09-2025,Manufacturing,CNC Milling Unit,4076000,611400,3464600,60,10.68,675,87,REJECT,Performing
EQF-2025-04143,16-09-2025,Manufacturing,Injection Molding Press,4129000,412900,3716100,48,10.87,658,82.9,REJECT,Performing
EQF-2025-04144,16-09-2025,Logistics & Fleet,Forklift Fleet,4922000,738300,4183700,24,10.91,748,51.4,STRUCTURED_LEASE,Performing
EQF-2025-04145,17-09-2025,IT & Enterprise Tech,Automated Storage Array,2380000,476000,1904000,48,8.81,679,78.9,REQUIRE_COLLATERAL,Performing
EQF-2025-04146,17-09-2025,Construction,Tower Crane,4754000,713100,4040900,48,9.11,714,58.4,STRUCTURED_LEASE,Performing
EQF-2025-04147,17-09-2025,Manufacturing,Injection Molding Press,2406000,240600,2165400,36,7,822,35.7,AUTO_APPROVE,Performing
EQF-2025-04148,17-09-2025,Healthcare,MRI Scanner,9621000,1443150,8177850,60,11.74,678,80.7,REJECT,60_Days_Past_Due
EQF-2025-04149,17-09-2025,Logistics & Fleet,Electric Delivery Van,1784000,356800,1427200,36,7.57,647,77.7,REQUIRE_COLLATERAL,30_Days_Past_Due
EQF-2025-04150,17-09-2025,Logistics & Fleet,Electric Delivery Van,3542000,354200,3187800,36,9.48,696,67.2,REQUIRE_COLLATERAL,60_Days_Past_Due
EQF-2025-04151,17-09-2025,Manufacturing,Injection Molding Press,2586000,646500,1939500,24,11.34,690,72.8,REQUIRE_COLLATERAL,Performing
EQF-2025-04152,17-09-2025,Manufacturing,Industrial Robotic Arm,5537000,553700,4983300,36,11.8,759,57,STRUCTURED_LEASE,Performing
EQF-2025-04153,17-09-2025,Logistics & Fleet,Heavy Duty Hauler,4340000,868000,3472000,48,9.12,621,82.7,REJECT,Performing
EQF-2025-04154,17-09-2025,Healthcare,MRI Scanner,4468000,670200,3797800,36,7,850,25.8,AUTO_APPROVE,Performing
EQF-2025-04155,17-09-2025,Healthcare,Digital X-Ray System,8617000,2154250,6462750,48,9.85,663,78.1,REQUIRE_COLLATERAL,30_Days_Past_Due
EQF-2025-04156,17-09-2025,Manufacturing,Injection Molding Press,4727000,1181750,3545250,24,10,744,54.3,STRUCTURED_LEASE,Performing
EQF-2025-04157,17-09-2025,Construction,Bulldozer,9224000,1383600,7840400,36,10.14,770,54.1,STRUCTURED_LEASE,Performing
EQF-2025-04158,17-09-2025,IT & Enterprise Tech,Edge AI Compute Cluster,3233000,646600,2586400,48,9.04,722,62.5,STRUCTURED_LEASE,Performing
EQF-2025-04159,17-09-2025,IT & Enterprise Tech,Enterprise Server Rack,3751000,375100,3375900,24,9.29,750,53,STRUCTURED_LEASE,Performing
EQF-2025-04160,17-09-2025,Construction,Tower Crane,9225000,1845000,7380000,48,8.46,714,74,REQUIRE_COLLATERAL,30_Days_Past_Due
EQF-2025-04161,18-09-2025,Construction,Bulldozer,7258000,1814500,5443500,48,9.74,751,54,STRUCTURED_LEASE,Performing
EQF-2025-04162,18-09-2025,Manufacturing,Injection Molding Press,4008000,400800,3607200,48,10.7,682,79.9,REQUIRE_COLLATERAL,Performing
EQF-2025-04163,18-09-2025,Construction,Tower Crane,3230000,323000,2907000,48,9.89,667,73,REQUIRE_COLLATERAL,Performing
EQF-2025-04164,18-09-2025,Healthcare,MRI Scanner,12029000,1804350,10224650,48,9.43,594,86.7,REJECT,Default
EQF-2025-04165,18-09-2025,Construction,Tower Crane,9905000,1981000,7924000,60,11.19,738,74.4,REQUIRE_COLLATERAL,60_Days_Past_Due
EQF-2025-04166,18-09-2025,Healthcare,MRI Scanner,14671000,1467100,13203900,36,9.88,687,63.9,STRUCTURED_LEASE,Performing
EQF-2025-04167,18-09-2025,Manufacturing,CNC Milling Unit,7986000,1197900,6788100,48,9.55,734,60.8,STRUCTURED_LEASE,Performing
EQF-2025-04168,18-09-2025,Manufacturing,Industrial Robotic Arm,7082000,1416400,5665600,24,9.62,689,59.8,STRUCTURED_LEASE,Performing
EQF-2025-04169,18-09-2025,Healthcare,Digital X-Ray System,11078000,2769500,8308500,24,7.68,790,49.4,STRUCTURED_LEASE,Performing
EQF-2025-04170,18-09-2025,Manufacturing,CNC Milling Unit,6970000,1742500,5227500,36,7.86,699,61.2,STRUCTURED_LEASE,30_Days_Past_Due
EQF-2025-04171,18-09-2025,Manufacturing,CNC Milling Unit,4525000,905000,3620000,60,9.31,669,72.8,REQUIRE_COLLATERAL,60_Days_Past_Due
EQF-2025-04172,18-09-2025,IT & Enterprise Tech,Enterprise Server Rack,3893000,389300,3503700,48,8.39,684,65,REQUIRE_COLLATERAL,30_Days_Past_Due
EQF-2025-04173,18-09-2025,Healthcare,MRI Scanner,7836000,783600,7052400,36,9.43,742,65.9,REQUIRE_COLLATERAL,Performing
EQF-2025-04174,18-09-2025,Construction,Bulldozer,5277000,1319250,3957750,24,10.79,850,29.9,AUTO_APPROVE,Performing
EQF-2025-04175,18-09-2025,IT & Enterprise Tech,Edge AI Compute Cluster,4735000,1183750,3551250,60,10.56,799,52,STRUCTURED_LEASE,Performing
EQF-2025-04176,18-09-2025,IT & Enterprise Tech,Enterprise Server Rack,3160000,316000,2844000,36,10.09,631,88.6,REJECT,60_Days_Past_Due
EQF-2025-04177,19-09-2025,Construction,Tower Crane,4303000,860600,3442400,36,10.77,725,68.4,REQUIRE_COLLATERAL,Performing
EQF-2025-04178,19-09-2025,Logistics & Fleet,Heavy Duty Hauler,1967000,491750,1475250,60,11.05,659,79.9,REQUIRE_COLLATERAL,Performing
EQF-2025-04179,19-09-2025,Healthcare,Digital X-Ray System,13451000,1345100,12105900,48,10.99,684,71.1,REQUIRE_COLLATERAL,Performing
EQF-2025-04180,19-09-2025,Healthcare,Digital X-Ray System,11455000,2291000,9164000,36,10.95,690,67.3,REQUIRE_COLLATERAL,Performing
EQF-2025-04181,19-09-2025,Healthcare,MRI Scanner,10007000,1501050,8505950,36,7.7,704,58.2,STRUCTURED_LEASE,Performing
EQF-2025-04182,19-09-2025,Logistics & Fleet,Heavy Duty Hauler,2724000,544800,2179200,60,7,767,55.8,STRUCTURED_LEASE,Performing
EQF-2025-04183,19-09-2025,Logistics & Fleet,Electric Delivery Van,2837000,283700,2553300,60,8.33,692,70.7,REQUIRE_COLLATERAL,Performing
EQF-2025-04184,19-09-2025,Healthcare,Digital X-Ray System,4632000,926400,3705600,24,8.81,720,53.7,STRUCTURED_LEASE,Performing
EQF-2025-04185,19-09-2025,Manufacturing,Industrial Robotic Arm,4684000,468400,4215600,36,10.89,709,65.8,REQUIRE_COLLATERAL,60_Days_Past_Due
EQF-2025-04186,19-09-2025,Construction,Bulldozer,9261000,2315250,6945750,36,9.36,664,69.5,REQUIRE_COLLATERAL,Performing
EQF-2025-04187,19-09-2025,Manufacturing,CNC Milling Unit,4216000,632400,3583600,48,8.78,674,80.2,REJECT,60_Days_Past_Due
EQF-2025-04188,19-09-2025,Construction,Bulldozer,5760000,1440000,4320000,48,9.75,670,72,REQUIRE_COLLATERAL,Performing
EQF-2025-04189,19-09-2025,Logistics & Fleet,Forklift Fleet,1260000,315000,945000,36,10.3,753,54.9,STRUCTURED_LEASE,Performing
EQF-2025-04190,19-09-2025,Logistics & Fleet,Heavy Duty Hauler,2940000,294000,2646000,48,10.66,685,77.2,REQUIRE_COLLATERAL,Performing
EQF-2025-04191,19-09-2025,Logistics & Fleet,Heavy Duty Hauler,1296000,129600,1166400,48,8.88,824,43,STRUCTURED_LEASE,Performing
EQF-2025-04192,19-09-2025,IT & Enterprise Tech,Automated Storage Array,3766000,376600,3389400,48,8.06,659,72.2,REQUIRE_COLLATERAL,30_Days_Past_Due
EQF-2025-04193,20-09-2025,Construction,Hydraulic Excavator,6808000,680800,6127200,60,8.33,658,84,REJECT,Default
EQF-2025-04194,20-09-2025,Logistics & Fleet,Electric Delivery Van,4392000,1098000,3294000,36,9.68,640,89,REJECT,Performing
EQF-2025-04195,20-09-2025,Construction,Tower Crane,7445000,744500,6700500,36,7.92,703,69.6,REQUIRE_COLLATERAL,Performing
EQF-2025-04196,20-09-2025,Manufacturing,Injection Molding Press,3764000,376400,3387600,48,10.92,674,64.7,STRUCTURED_LEASE,Performing
EQF-2025-04197,20-09-2025,Manufacturing,Injection Molding Press,5114000,1278500,3835500,48,7.94,687,67.3,REQUIRE_COLLATERAL,Performing
EQF-2025-04198,20-09-2025,Healthcare,MRI Scanner,11697000,1754550,9942450,36,7.16,776,39.5,AUTO_APPROVE,Performing
EQF-2025-04199,20-09-2025,Healthcare,MRI Scanner,5034000,755100,4278900,48,9.73,699,71.8,REQUIRE_COLLATERAL,Performing
EQF-2025-04200,20-09-2025,Construction,Bulldozer,7779000,1555800,6223200,24,9.09,685,68.8,REQUIRE_COLLATERAL,Performing
EQF-2025-04201,20-09-2025,Logistics & Fleet,Forklift Fleet,4683000,1170750,3512250,24,10.21,728,50.8,STRUCTURED_LEASE,Performing
EQF-2025-04202,20-09-2025,Manufacturing,Industrial Robotic Arm,3594000,359400,3234600,36,8.75,722,62.5,STRUCTURED_LEASE,Performing
EQF-2025-04203,20-09-2025,Manufacturing,Industrial Robotic Arm,5886000,1177200,4708800,60,10.1,759,60.1,STRUCTURED_LEASE,Performing
EQF-2025-04204,20-09-2025,IT & Enterprise Tech,Enterprise Server Rack,5071000,760650,4310350,48,11.01,764,56.2,STRUCTURED_LEASE,Performing
EQF-2025-04205,20-09-2025,Manufacturing,Industrial Robotic Arm,5083000,762450,4320550,24,8.56,739,53.1,STRUCTURED_LEASE,Performing
EQF-2025-04206,20-09-2025,Construction,Hydraulic Excavator,8603000,2150750,6452250,60,10.27,770,57.5,STRUCTURED_LEASE,Performing
EQF-2025-04207,20-09-2025,Construction,Hydraulic Excavator,5144000,514400,4629600,48,12.19,665,87.6,REJECT,Performing
EQF-2025-04208,20-09-2025,Construction,Hydraulic Excavator,5101000,510100,4590900,48,10.66,702,68.4,REQUIRE_COLLATERAL,Performing
EQF-2025-04209,21-09-2025,Manufacturing,Industrial Robotic Arm,6173000,1234600,4938400,36,8.31,718,64.8,STRUCTURED_LEASE,60_Days_Past_Due
EQF-2025-04210,21-09-2025,Manufacturing,Injection Molding Press,6438000,965700,5472300,24,10,715,58.8,STRUCTURED_LEASE,Performing
EQF-2025-04211,21-09-2025,Manufacturing,Injection Molding Press,8059000,1611800,6447200,48,7.55,850,19.1,AUTO_APPROVE,Performing
EQF-2025-04212,21-09-2025,Construction,Tower Crane,4411000,882200,3528800,48,7.76,781,42.6,STRUCTURED_LEASE,Performing
EQF-2025-04213,21-09-2025,Construction,Bulldozer,6480000,1296000,5184000,48,11.74,778,55.5,STRUCTURED_LEASE,Performing
EQF-2025-04214,21-09-2025,Manufacturing,CNC Milling Unit,3254000,325400,2928600,48,10.11,691,73.5,REQUIRE_COLLATERAL,30_Days_Past_Due
EQF-2025-04215,21-09-2025,Construction,Bulldozer,3181000,477150,2703850,48,11.81,705,71.8,REQUIRE_COLLATERAL,30_Days_Past_Due
EQF-2025-04216,21-09-2025,Logistics & Fleet,Electric Delivery Van,2732000,546400,2185600,36,10.14,759,49.6,STRUCTURED_LEASE,Performing
EQF-2025-04217,21-09-2025,Manufacturing,Injection Molding Press,4119000,617850,3501150,48,8.68,807,51.9,STRUCTURED_LEASE,Performing
EQF-2025-04218,21-09-2025,Construction,Hydraulic Excavator,4799000,719850,4079150,36,9.56,654,82,REJECT,60_Days_Past_Due
EQF-2025-04219,21-09-2025,Logistics & Fleet,Heavy Duty Hauler,2329000,465800,1863200,24,9.9,679,60.6,STRUCTURED_LEASE,Performing
EQF-2025-04220,21-09-2025,Healthcare,Digital X-Ray System,7965000,1593000,6372000,36,12.82,697,68.5,REQUIRE_COLLATERAL,Performing
EQF-2025-04221,21-09-2025,Healthcare,Digital X-Ray System,14877000,3719250,11157750,48,10.55,726,66.5,REQUIRE_COLLATERAL,Performing
EQF-2025-04222,21-09-2025,Construction,Tower Crane,9155000,915500,8239500,60,8.38,760,55.5,STRUCTURED_LEASE,Performing
EQF-2025-04223,21-09-2025,IT & Enterprise Tech,Enterprise Server Rack,1171000,175650,995350,36,9.21,756,38.1,AUTO_APPROVE,Performing
EQF-2025-04224,21-09-2025,Logistics & Fleet,Forklift Fleet,4515000,903000,3612000,36,10.21,739,54.1,STRUCTURED_LEASE,Performing
EQF-2025-04225,22-09-2025,Construction,Bulldozer,7883000,1576600,6306400,24,7.87,660,70,REQUIRE_COLLATERAL,Performing
EQF-2025-04226,22-09-2025,Logistics & Fleet,Electric Delivery Van,4584000,687600,3896400,60,9.47,698,72.8,REQUIRE_COLLATERAL,Performing
EQF-2025-04227,22-09-2025,Healthcare,Surgical Robot,7759000,1551800,6207200,48,9.19,623,79.9,REQUIRE_COLLATERAL,60_Days_Past_Due
EQF-2025-04228,22-09-2025,Construction,Bulldozer,6448000,1612000,4836000,60,10.23,773,54.7,STRUCTURED_LEASE,Performing
EQF-2025-04229,22-09-2025,Construction,Tower Crane,10118000,1517700,8600300,60,9.35,712,67.8,REQUIRE_COLLATERAL,Performing
EQF-2025-04230,22-09-2025,Manufacturing,Industrial Robotic Arm,3408000,681600,2726400,36,7.4,634,87.4,REJECT,Performing
EQF-2025-04231,22-09-2025,Logistics & Fleet,Heavy Duty Hauler,4679000,701850,3977150,24,9.43,850,28.1,AUTO_APPROVE,Performing
EQF-2025-04232,22-09-2025,Construction,Hydraulic Excavator,9542000,1908400,7633600,36,10.65,550,96.6,REJECT,60_Days_Past_Due
EQF-2025-04233,22-09-2025,Healthcare,MRI Scanner,14786000,2957200,11828800,24,11.67,705,73.8,REQUIRE_COLLATERAL,30_Days_Past_Due
EQF-2025-04234,22-09-2025,IT & Enterprise Tech,Enterprise Server Rack,2486000,248600,2237400,24,10.94,795,46.3,STRUCTURED_LEASE,Performing
EQF-2025-04235,22-09-2025,Manufacturing,Injection Molding Press,3150000,472500,2677500,36,7.11,678,60.3,STRUCTURED_LEASE,Performing
EQF-2025-04236,22-09-2025,Healthcare,Surgical Robot,7640000,764000,6876000,48,7.5,720,59.6,STRUCTURED_LEASE,Performing
EQF-2025-04237,22-09-2025,Manufacturing,CNC Milling Unit,8183000,1636600,6546400,48,7.91,741,54.8,STRUCTURED_LEASE,Performing
EQF-2025-04238,22-09-2025,Logistics & Fleet,Heavy Duty Hauler,2466000,369900,2096100,36,11.76,561,99,REJECT,Performing
EQF-2025-04239,22-09-2025,Logistics & Fleet,Electric Delivery Van,3348000,502200,2845800,48,10.24,639,77.1,REQUIRE_COLLATERAL,60_Days_Past_Due
EQF-2025-04240,22-09-2025,Healthcare,Surgical Robot,8440000,2110000,6330000,24,13.46,706,62.5,STRUCTURED_LEASE,Performing
EQF-2025-04241,23-09-2025,Logistics & Fleet,Forklift Fleet,2706000,676500,2029500,48,11.43,704,70.4,REQUIRE_COLLATERAL,Performing
EQF-2025-04242,23-09-2025,Healthcare,MRI Scanner,6127000,1225400,4901600,48,9.64,622,81.4,REJECT,Performing
EQF-2025-04243,23-09-2025,Logistics & Fleet,Forklift Fleet,3241000,648200,2592800,36,8.82,708,66.5,REQUIRE_COLLATERAL,30_Days_Past_Due
EQF-2025-04244,23-09-2025,Construction,Tower Crane,9720000,1944000,7776000,48,10.06,744,54.7,STRUCTURED_LEASE,Performing
EQF-2025-04245,23-09-2025,Healthcare,Digital X-Ray System,4544000,908800,3635200,48,10.76,793,62.6,STRUCTURED_LEASE,Performing
EQF-2025-04246,23-09-2025,IT & Enterprise Tech,Automated Storage Array,5424000,1356000,4068000,24,11.32,723,59.3,STRUCTURED_LEASE,Performing
EQF-2025-04247,23-09-2025,Healthcare,MRI Scanner,11320000,1698000,9622000,36,9.07,650,75.4,REQUIRE_COLLATERAL,Performing
EQF-2025-04248,23-09-2025,Manufacturing,Injection Molding Press,5817000,581700,5235300,60,12.79,747,70.6,REQUIRE_COLLATERAL,Performing
EQF-2025-04249,23-09-2025,Construction,Tower Crane,7820000,1173000,6647000,24,9.43,754,48.7,STRUCTURED_LEASE,60_Days_Past_Due
EQF-2025-04250,23-09-2025,IT & Enterprise Tech,Enterprise Server Rack,2341000,351150,1989850,48,11.27,699,78.3,REQUIRE_COLLATERAL,30_Days_Past_Due
EQF-2025-04251,23-09-2025,Healthcare,Surgical Robot,8567000,2141750,6425250,48,10.01,685,73.4,REQUIRE_COLLATERAL,Performing
EQF-2025-04252,23-09-2025,Manufacturing,CNC Milling Unit,7095000,1064250,6030750,36,8.97,680,65.3,REQUIRE_COLLATERAL,30_Days_Past_Due
EQF-2025-04253,23-09-2025,Healthcare,MRI Scanner,7370000,1105500,6264500,36,7,750,41.4,STRUCTURED_LEASE,Performing
EQF-2025-04254,23-09-2025,Construction,Tower Crane,6495000,1299000,5196000,60,7.64,700,69.8,REQUIRE_COLLATERAL,Performing
EQF-2025-04255,23-09-2025,Manufacturing,CNC Milling Unit,1637000,163700,1473300,36,11.27,731,66.3,REQUIRE_COLLATERAL,Performing
EQF-2025-04256,23-09-2025,Logistics & Fleet,Forklift Fleet,3988000,598200,3389800,48,10.63,661,73,REQUIRE_COLLATERAL,Performing
EQF-2025-04257,24-09-2025,IT & Enterprise Tech,Enterprise Server Rack,2972000,445800,2526200,48,10.39,714,65.3,REQUIRE_COLLATERAL,30_Days_Past_Due
EQF-2025-04258,24-09-2025,Construction,Hydraulic Excavator,6966000,696600,6269400,48,11.83,638,91.9,REJECT,60_Days_Past_Due
EQF-2025-04259,24-09-2025,Healthcare,Surgical Robot,5262000,1052400,4209600,60,8.03,672,70.6,REQUIRE_COLLATERAL,Performing
EQF-2025-04260,24-09-2025,Healthcare,Digital X-Ray System,14909000,3727250,11181750,48,8.79,713,59.6,STRUCTURED_LEASE,Performing
EQF-2025-04261,24-09-2025,Manufacturing,Industrial Robotic Arm,3617000,904250,2712750,48,8.89,661,74.8,REQUIRE_COLLATERAL,Performing
EQF-2025-04262,24-09-2025,IT & Enterprise Tech,Automated Storage Array,4102000,615300,3486700,60,7.49,684,77.6,REQUIRE_COLLATERAL,Performing
EQF-2025-04263,24-09-2025,Healthcare,Surgical Robot,10394000,2078800,8315200,60,8.3,759,60.9,STRUCTURED_LEASE,Performing
EQF-2025-04264,24-09-2025,Healthcare,Digital X-Ray System,12636000,3159000,9477000,60,7.89,690,77.1,REQUIRE_COLLATERAL,Performing
EQF-2025-04265,24-09-2025,Logistics & Fleet,Heavy Duty Hauler,2317000,579250,1737750,48,7.15,686,61.2,STRUCTURED_LEASE,Performing
EQF-2025-04266,24-09-2025,Healthcare,Surgical Robot,12315000,3078750,9236250,36,8.15,652,69,REQUIRE_COLLATERAL,Performing
EQF-2025-04267,24-09-2025,Construction,Hydraulic Excavator,5751000,1437750,4313250,48,9.4,676,72.5,REQUIRE_COLLATERAL,60_Days_Past_Due
EQF-2025-04268,24-09-2025,Manufacturing,Injection Molding Press,4378000,1094500,3283500,24,12.18,709,63.5,STRUCTURED_LEASE,Performing
EQF-2025-04269,24-09-2025,Logistics & Fleet,Electric Delivery Van,3756000,563400,3192600,36,7.97,751,46.2,STRUCTURED_LEASE,Performing
EQF-2025-04270,24-09-2025,IT & Enterprise Tech,Enterprise Server Rack,4878000,1219500,3658500,24,11.11,610,86.8,REJECT,Default
EQF-2025-04271,24-09-2025,Construction,Hydraulic Excavator,8168000,1225200,6942800,60,9.83,762,50.8,STRUCTURED_LEASE,Performing
EQF-2025-04272,24-09-2025,IT & Enterprise Tech,Automated Storage Array,5479000,547900,4931100,36,10.16,685,70.2,REQUIRE_COLLATERAL,60_Days_Past_Due
EQF-2025-04273,25-09-2025,Manufacturing,CNC Milling Unit,3496000,349600,3146400,48,9.72,703,76.4,REQUIRE_COLLATERAL,Performing
EQF-2025-04274,25-09-2025,Construction,Bulldozer,10155000,2031000,8124000,48,7,755,51.1,STRUCTURED_LEASE,Performing
EQF-2025-04275,25-09-2025,Construction,Tower Crane,3612000,541800,3070200,24,7.92,850,20.5,AUTO_APPROVE,Performing
EQF-2025-04276,25-09-2025,Construction,Hydraulic Excavator,8106000,1621200,6484800,48,10.36,745,53.9,STRUCTURED_LEASE,Performing
EQF-2025-04277,25-09-2025,Healthcare,Surgical Robot,10024000,1002400,9021600,48,9.57,678,75.1,REQUIRE_COLLATERAL,30_Days_Past_Due
EQF-2025-04278,25-09-2025,Healthcare,MRI Scanner,9441000,944100,8496900,60,7.03,722,70.3,REQUIRE_COLLATERAL,60_Days_Past_Due
EQF-2025-04279,25-09-2025,Manufacturing,Injection Molding Press,3676000,367600,3308400,24,9.17,737,53.3,STRUCTURED_LEASE,60_Days_Past_Due
EQF-2025-04280,25-09-2025,Healthcare,Surgical Robot,9541000,954100,8586900,36,10.39,618,83,REJECT,60_Days_Past_Due
EQF-2025-04281,25-09-2025,Manufacturing,Injection Molding Press,2632000,658000,1974000,48,7.62,639,73.8,REQUIRE_COLLATERAL,Performing
EQF-2025-04282,25-09-2025,Logistics & Fleet,Electric Delivery Van,2603000,260300,2342700,24,8.91,736,44.5,STRUCTURED_LEASE,Performing
EQF-2025-04283,25-09-2025,Manufacturing,CNC Milling Unit,2191000,547750,1643250,36,11.78,744,61.4,STRUCTURED_LEASE,Performing
EQF-2025-04284,25-09-2025,Manufacturing,Industrial Robotic Arm,5503000,1375750,4127250,36,10.38,734,51.1,STRUCTURED_LEASE,Performing
EQF-2025-04285,25-09-2025,Construction,Bulldozer,3314000,662800,2651200,48,11.88,752,66.7,REQUIRE_COLLATERAL,60_Days_Past_Due
EQF-2025-04286,25-09-2025,Construction,Bulldozer,3863000,965750,2897250,36,8.94,685,69.9,REQUIRE_COLLATERAL,Performing
EQF-2025-04287,25-09-2025,IT & Enterprise Tech,Edge AI Compute Cluster,1244000,248800,995200,48,11.12,780,53.2,STRUCTURED_LEASE,Performing
EQF-2025-04288,25-09-2025,Construction,Tower Crane,5741000,1435250,4305750,60,7.95,828,43.6,STRUCTURED_LEASE,Performing
EQF-2025-04289,26-09-2025,Healthcare,MRI Scanner,13262000,3315500,9946500,48,10.75,668,79,REQUIRE_COLLATERAL,Default
EQF-2025-04290,26-09-2025,Logistics & Fleet,Forklift Fleet,4646000,464600,4181400,36,8.43,628,81.4,REJECT,Performing
EQF-2025-04291,26-09-2025,Construction,Tower Crane,3111000,466650,2644350,36,10.19,705,69.6,REQUIRE_COLLATERAL,Performing
EQF-2025-04292,26-09-2025,Manufacturing,Injection Molding Press,5942000,1485500,4456500,36,10.26,767,50.4,STRUCTURED_LEASE,Performing
EQF-2025-04293,26-09-2025,Construction,Bulldozer,8317000,1247550,7069450,24,10.53,752,45.4,STRUCTURED_LEASE,30_Days_Past_Due
EQF-2025-04294,26-09-2025,IT & Enterprise Tech,Enterprise Server Rack,3576000,536400,3039600,36,7.99,719,68.5,REQUIRE_COLLATERAL,Performing
EQF-2025-04295,26-09-2025,Healthcare,MRI Scanner,11337000,1700550,9636450,36,9.97,559,95.7,REJECT,Default
EQF-2025-04296,26-09-2025,Healthcare,MRI Scanner,6571000,1642750,4928250,48,9.54,664,74.2,REQUIRE_COLLATERAL,Performing
EQF-2025-04297,26-09-2025,Manufacturing,Industrial Robotic Arm,4928000,739200,4188800,60,11.38,781,60.4,STRUCTURED_LEASE,Performing
EQF-2025-04298,26-09-2025,Manufacturing,Injection Molding Press,4236000,1059000,3177000,60,8.54,596,91.7,REJECT,Performing
EQF-2025-04299,26-09-2025,Healthcare,Digital X-Ray System,4987000,498700,4488300,24,7.54,711,48.1,STRUCTURED_LEASE,Performing
EQF-2025-04300,26-09-2025,Construction,Tower Crane,7817000,1954250,5862750,48,7.03,672,63.1,STRUCTURED_LEASE,Performing
EQF-2025-04301,26-09-2025,Manufacturing,CNC Milling Unit,4967000,993400,3973600,24,9.07,752,44.3,STRUCTURED_LEASE,30_Days_Past_Due
EQF-2025-04302,26-09-2025,IT & Enterprise Tech,Automated Storage Array,2231000,223100,2007900,48,8.86,601,90.5,REJECT,Performing
EQF-2025-04303,26-09-2025,Logistics & Fleet,Forklift Fleet,3000000,450000,2550000,24,9.05,690,58.8,STRUCTURED_LEASE,Performing
EQF-2025-04304,26-09-2025,Construction,Hydraulic Excavator,9090000,1363500,7726500,60,9.06,720,71.2,REQUIRE_COLLATERAL,Performing
EQF-2025-04305,27-09-2025,Logistics & Fleet,Forklift Fleet,4246000,849200,3396800,60,11.59,687,78.6,REQUIRE_COLLATERAL,Performing
EQF-2025-04306,27-09-2025,Manufacturing,CNC Milling Unit,6047000,604700,5442300,24,9.28,749,49.4,STRUCTURED_LEASE,Performing
EQF-2025-04307,27-09-2025,Construction,Tower Crane,6476000,1295200,5180800,48,11.2,609,92.4,REJECT,Default
EQF-2025-04308,27-09-2025,Construction,Tower Crane,7394000,1109100,6284900,48,10.08,637,78.2,REQUIRE_COLLATERAL,Performing
EQF-2025-04309,27-09-2025,Logistics & Fleet,Heavy Duty Hauler,2663000,665750,1997250,36,8.13,688,70.7,REQUIRE_COLLATERAL,30_Days_Past_Due
EQF-2025-04310,27-09-2025,Logistics & Fleet,Electric Delivery Van,1681000,252150,1428850,48,9.51,731,63.1,STRUCTURED_LEASE,Performing
EQF-2025-04311,27-09-2025,Healthcare,Digital X-Ray System,8242000,1648400,6593600,48,11.82,743,63.1,STRUCTURED_LEASE,Performing
EQF-2025-04312,27-09-2025,IT & Enterprise Tech,Enterprise Server Rack,3558000,889500,2668500,60,11.02,721,68,REQUIRE_COLLATERAL,Performing
EQF-2025-04313,27-09-2025,Manufacturing,Industrial Robotic Arm,5692000,1423000,4269000,48,11.3,650,80.5,REJECT,Default
EQF-2025-04314,27-09-2025,IT & Enterprise Tech,Automated Storage Array,5666000,849900,4816100,48,10.26,671,70.6,REQUIRE_COLLATERAL,Performing
EQF-2025-04315,27-09-2025,IT & Enterprise Tech,Edge AI Compute Cluster,4842000,1210500,3631500,48,8.78,781,42.2,STRUCTURED_LEASE,Performing
EQF-2025-04316,27-09-2025,Manufacturing,CNC Milling Unit,2564000,256400,2307600,60,11.96,841,39.6,AUTO_APPROVE,Performing
EQF-2025-04317,27-09-2025,Logistics & Fleet,Forklift Fleet,1862000,279300,1582700,36,10.34,749,61.1,STRUCTURED_LEASE,30_Days_Past_Due
EQF-2025-04318,27-09-2025,Manufacturing,Injection Molding Press,2203000,330450,1872550,24,10.9,732,53.3,STRUCTURED_LEASE,Performing
EQF-2025-04319,27-09-2025,Healthcare,Digital X-Ray System,12120000,1212000,10908000,48,9.66,635,77.6,REQUIRE_COLLATERAL,Performing
EQF-2025-04320,27-09-2025,Construction,Bulldozer,8502000,1275300,7226700,60,7.95,722,70.1,REQUIRE_COLLATERAL,Performing
EQF-2025-04321,28-09-2025,Construction,Hydraulic Excavator,10884000,2176800,8707200,24,10.09,600,84.7,REJECT,Default
EQF-2025-04322,28-09-2025,IT & Enterprise Tech,Automated Storage Array,3515000,703000,2812000,36,12.04,795,43.5,STRUCTURED_LEASE,60_Days_Past_Due
EQF-2025-04323,28-09-2025,Logistics & Fleet,Electric Delivery Van,4340000,651000,3689000,24,10.71,746,56.5,STRUCTURED_LEASE,Performing
EQF-2025-04324,28-09-2025,Construction,Tower Crane,7400000,740000,6660000,48,10.33,706,76.1,REQUIRE_COLLATERAL,Performing
EQF-2025-04325,28-09-2025,Logistics & Fleet,Forklift Fleet,4522000,1130500,3391500,60,8.21,634,87,REJECT,Default
EQF-2025-04326,28-09-2025,IT & Enterprise Tech,Enterprise Server Rack,4549000,454900,4094100,36,11.78,721,65.8,REQUIRE_COLLATERAL,Default
EQF-2025-04327,28-09-2025,Manufacturing,CNC Milling Unit,6000000,1200000,4800000,36,11.52,612,90.8,REJECT,Performing
EQF-2025-04328,28-09-2025,IT & Enterprise Tech,Edge AI Compute Cluster,3739000,560850,3178150,60,7,689,74.8,REQUIRE_COLLATERAL,Performing
EQF-2025-04329,28-09-2025,Manufacturing,Industrial Robotic Arm,6561000,656100,5904900,24,10.89,736,64.9,STRUCTURED_LEASE,Performing
EQF-2025-04330,28-09-2025,Logistics & Fleet,Heavy Duty Hauler,2795000,698750,2096250,60,9.13,663,74.5,REQUIRE_COLLATERAL,Performing
EQF-2025-04331,28-09-2025,Healthcare,Surgical Robot,5062000,1265500,3796500,36,9.94,707,64.2,STRUCTURED_LEASE,60_Days_Past_Due
EQF-2025-04332,28-09-2025,Manufacturing,Injection Molding Press,1780000,445000,1335000,48,8.27,850,35.6,AUTO_APPROVE,Performing
EQF-2025-04333,28-09-2025,Healthcare,Surgical Robot,9269000,2317250,6951750,48,9.68,593,93.1,REJECT,Performing
EQF-2025-04334,28-09-2025,Construction,Bulldozer,7594000,759400,6834600,48,7.85,659,76.3,REQUIRE_COLLATERAL,60_Days_Past_Due
EQF-2025-04335,28-09-2025,Healthcare,MRI Scanner,4867000,1216750,3650250,60,8.3,693,81.8,REJECT,Default
EQF-2025-04336,28-09-2025,Manufacturing,Industrial Robotic Arm,3508000,701600,2806400,60,10.28,675,77.8,REQUIRE_COLLATERAL,Performing
EQF-2025-04337,29-09-2025,Construction,Tower Crane,5237000,1309250,3927750,48,8.36,739,50.1,STRUCTURED_LEASE,Performing
EQF-2025-04338,29-09-2025,IT & Enterprise Tech,Automated Storage Array,3727000,745400,2981600,36,10.14,745,65.5,REQUIRE_COLLATERAL,Performing
EQF-2025-04339,29-09-2025,Healthcare,MRI Scanner,7063000,706300,6356700,36,9.66,712,71.3,REQUIRE_COLLATERAL,Performing
EQF-2025-04340,29-09-2025,Manufacturing,CNC Milling Unit,2170000,434000,1736000,36,13.07,718,71.3,REQUIRE_COLLATERAL,Performing
EQF-2025-04341,29-09-2025,Healthcare,Surgical Robot,5813000,581300,5231700,60,8.53,593,90.8,REJECT,Performing
EQF-2025-04342,29-09-2025,Manufacturing,Injection Molding Press,2718000,679500,2038500,48,9,740,62.7,STRUCTURED_LEASE,Performing
EQF-2025-04343,29-09-2025,Logistics & Fleet,Forklift Fleet,4402000,660300,3741700,60,8.43,722,64.9,STRUCTURED_LEASE,30_Days_Past_Due
EQF-2025-04344,29-09-2025,Logistics & Fleet,Electric Delivery Van,2280000,456000,1824000,60,11.64,664,83,REJECT,Performing
EQF-2025-04345,29-09-2025,Construction,Bulldozer,8575000,1715000,6860000,48,9.66,815,40,STRUCTURED_LEASE,Performing
EQF-2025-04346,29-09-2025,Healthcare,Digital X-Ray System,10246000,1536900,8709100,60,9.26,705,70.2,REQUIRE_COLLATERAL,Performing
EQF-2025-04347,29-09-2025,Logistics & Fleet,Heavy Duty Hauler,4913000,491300,4421700,60,10.66,724,71.9,REQUIRE_COLLATERAL,60_Days_Past_Due
EQF-2025-04348,29-09-2025,Construction,Hydraulic Excavator,4819000,481900,4337100,48,8.19,707,64.7,STRUCTURED_LEASE,Performing
EQF-2025-04349,29-09-2025,Logistics & Fleet,Electric Delivery Van,1802000,450500,1351500,48,7.49,602,89.9,REJECT,60_Days_Past_Due
EQF-2025-04350,29-09-2025,Construction,Tower Crane,2942000,588400,2353600,48,9.93,644,80.5,REJECT,Default
EQF-2025-04351,29-09-2025,Logistics & Fleet,Electric Delivery Van,2116000,211600,1904400,24,9.74,692,61.3,STRUCTURED_LEASE,Performing
EQF-2025-04352,29-09-2025,Construction,Tower Crane,8315000,2078750,6236250,48,8.4,773,51.8,STRUCTURED_LEASE,Performing
EQF-2025-04353,30-09-2025,Healthcare,Surgical Robot,4938000,493800,4444200,36,10.03,680,70.7,REQUIRE_COLLATERAL,Performing
EQF-2025-04354,30-09-2025,IT & Enterprise Tech,Enterprise Server Rack,2072000,310800,1761200,24,12.27,723,69.6,REQUIRE_COLLATERAL,Performing
EQF-2025-04355,30-09-2025,Construction,Bulldozer,9770000,1465500,8304500,60,10.17,739,63.1,STRUCTURED_LEASE,Performing
EQF-2025-04356,30-09-2025,Construction,Tower Crane,7455000,1118250,6336750,48,7,658,69.5,REQUIRE_COLLATERAL,Performing
EQF-2025-04357,30-09-2025,Manufacturing,Injection Molding Press,1987000,496750,1490250,36,11.63,649,79.8,REQUIRE_COLLATERAL,Performing
EQF-2025-04358,30-09-2025,Construction,Bulldozer,2905000,581000,2324000,36,12.48,665,76.9,REQUIRE_COLLATERAL,Performing
EQF-2025-04359,30-09-2025,Construction,Hydraulic Excavator,3020000,453000,2567000,60,10.29,661,79.1,REQUIRE_COLLATERAL,Performing
EQF-2025-04360,30-09-2025,Manufacturing,Injection Molding Press,8093000,1213950,6879050,60,9.76,639,77.7,REQUIRE_COLLATERAL,Performing
EQF-2025-04361,30-09-2025,Manufacturing,CNC Milling Unit,7449000,744900,6704100,24,7.18,766,35.7,AUTO_APPROVE,Performing
EQF-2025-04362,30-09-2025,Construction,Tower Crane,9682000,1452300,8229700,60,8.2,748,57.9,STRUCTURED_LEASE,Performing
EQF-2025-04363,30-09-2025,Logistics & Fleet,Forklift Fleet,4712000,942400,3769600,36,9.04,639,70.6,REQUIRE_COLLATERAL,Performing
EQF-2025-04364,30-09-2025,Construction,Tower Crane,6795000,1698750,5096250,48,8.4,720,64.3,STRUCTURED_LEASE,Performing
EQF-2025-04365,30-09-2025,Manufacturing,CNC Milling Unit,3231000,484650,2746350,48,8.74,689,70.9,REQUIRE_COLLATERAL,30_Days_Past_Due
EQF-2025-04366,30-09-2025,Logistics & Fleet,Electric Delivery Van,2725000,681250,2043750,60,9.69,702,68.5,REQUIRE_COLLATERAL,Performing
EQF-2025-04367,30-09-2025,Manufacturing,Industrial Robotic Arm,6532000,1633000,4899000,60,8.47,712,66.7,REQUIRE_COLLATERAL,Performing
EQF-2025-04368,30-09-2025,Healthcare,MRI Scanner,13636000,2727200,10908800,36,11.78,613,87.9,REJECT,Default
EQF-2025-04369,01-10-2025,Manufacturing,Industrial Robotic Arm,4546000,454600,4091400,48,9.61,580,85.9,REJECT,Performing
EQF-2025-04370,01-10-2025,Manufacturing,Industrial Robotic Arm,5248000,524800,4723200,36,10.26,711,66.2,REQUIRE_COLLATERAL,Performing
EQF-2025-04371,01-10-2025,Manufacturing,Industrial Robotic Arm,8022000,2005500,6016500,48,10.26,684,70.5,REQUIRE_COLLATERAL,Performing
EQF-2025-04372,01-10-2025,Healthcare,Surgical Robot,5182000,777300,4404700,48,10.07,695,65.8,REQUIRE_COLLATERAL,Performing
EQF-2025-04373,01-10-2025,Manufacturing,Industrial Robotic Arm,7536000,1884000,5652000,36,9.57,667,75.5,REQUIRE_COLLATERAL,Performing
EQF-2025-04374,01-10-2025,Healthcare,MRI Scanner,5752000,575200,5176800,36,11,709,67.2,REQUIRE_COLLATERAL,Performing
EQF-2025-04375,01-10-2025,Construction,Bulldozer,6613000,991950,5621050,36,11.31,600,95.2,REJECT,Performing
EQF-2025-04376,01-10-2025,Construction,Bulldozer,4357000,435700,3921300,48,7,711,59.8,STRUCTURED_LEASE,30_Days_Past_Due
EQF-2025-04377,01-10-2025,Healthcare,MRI Scanner,10632000,2126400,8505600,48,7.34,550,97.6,REJECT,60_Days_Past_Due
EQF-2025-04378,01-10-2025,Logistics & Fleet,Electric Delivery Van,3323000,332300,2990700,36,8.69,661,75.5,REQUIRE_COLLATERAL,Performing
EQF-2025-04379,01-10-2025,Manufacturing,Injection Molding Press,4160000,624000,3536000,60,7.83,678,81.4,REJECT,Performing
EQF-2025-04380,01-10-2025,Construction,Bulldozer,9838000,1475700,8362300,24,8.4,590,81.3,REJECT,Performing
EQF-2025-04381,01-10-2025,Manufacturing,Injection Molding Press,6119000,1529750,4589250,48,8.82,792,47.8,STRUCTURED_LEASE,Performing
EQF-2025-04382,01-10-2025,Manufacturing,Industrial Robotic Arm,6548000,982200,5565800,48,9.11,703,69.6,REQUIRE_COLLATERAL,Performing
EQF-2025-04383,01-10-2025,Construction,Bulldozer,3781000,756200,3024800,24,7.26,660,67.8,REQUIRE_COLLATERAL,30_Days_Past_Due
EQF-2025-04384,01-10-2025,Construction,Hydraulic Excavator,10007000,1000700,9006300,36,8.88,832,31.7,AUTO_APPROVE,Performing
EQF-2025-04385,02-10-2025,IT & Enterprise Tech,Edge AI Compute Cluster,1669000,417250,1251750,60,11.63,724,70.7,REQUIRE_COLLATERAL,30_Days_Past_Due
EQF-2025-04386,02-10-2025,Construction,Hydraulic Excavator,4394000,1098500,3295500,48,9.12,732,63.2,STRUCTURED_LEASE,Performing
EQF-2025-04387,02-10-2025,IT & Enterprise Tech,Enterprise Server Rack,1466000,219900,1246100,36,10.39,694,68.9,REQUIRE_COLLATERAL,30_Days_Past_Due
EQF-2025-04388,02-10-2025,Manufacturing,Injection Molding Press,4583000,916600,3666400,36,9.4,673,80,REJECT,Performing
EQF-2025-04389,02-10-2025,Manufacturing,Injection Molding Press,7714000,1928500,5785500,60,9.67,722,65.9,REQUIRE_COLLATERAL,Performing
EQF-2025-04390,02-10-2025,Manufacturing,Injection Molding Press,3267000,653400,2613600,36,9.33,550,93.3,REJECT,Performing
EQF-2025-04391,02-10-2025,Manufacturing,CNC Milling Unit,4116000,823200,3292800,60,10.61,587,99,REJECT,Performing
EQF-2025-04392,02-10-2025,Construction,Tower Crane,9692000,969200,8722800,36,8.27,610,77.1,REQUIRE_COLLATERAL,30_Days_Past_Due
EQF-2025-04393,02-10-2025,Construction,Bulldozer,7751000,775100,6975900,48,9.76,553,98.9,REJECT,Performing
EQF-2025-04394,02-10-2025,Manufacturing,Injection Molding Press,6761000,676100,6084900,24,8.63,738,51.2,STRUCTURED_LEASE,30_Days_Past_Due
EQF-2025-04395,02-10-2025,IT & Enterprise Tech,Enterprise Server Rack,1913000,382600,1530400,48,10.51,658,79.6,REQUIRE_COLLATERAL,30_Days_Past_Due
EQF-2025-04396,02-10-2025,Logistics & Fleet,Electric Delivery Van,3923000,392300,3530700,48,7.84,783,46.1,STRUCTURED_LEASE,Performing
EQF-2025-04397,02-10-2025,Healthcare,MRI Scanner,6504000,1626000,4878000,48,10.48,691,69.6,REQUIRE_COLLATERAL,Default
EQF-2025-04398,02-10-2025,Manufacturing,Injection Molding Press,8411000,2102750,6308250,24,9.81,647,75.3,REQUIRE_COLLATERAL,Performing
EQF-2025-04399,02-10-2025,Manufacturing,CNC Milling Unit,5419000,812850,4606150,36,7.6,694,72.7,REQUIRE_COLLATERAL,Performing
EQF-2025-04400,02-10-2025,Manufacturing,Injection Molding Press,6369000,1273800,5095200,36,12.12,771,59,STRUCTURED_LEASE,30_Days_Past_Due
EQF-2025-04401,03-10-2025,Manufacturing,Industrial Robotic Arm,2329000,232900,2096100,36,10.34,682,61.3,STRUCTURED_LEASE,60_Days_Past_Due
EQF-2025-04402,03-10-2025,Construction,Hydraulic Excavator,4631000,1157750,3473250,60,7.87,780,48.7,STRUCTURED_LEASE,Performing
EQF-2025-04403,03-10-2025,Manufacturing,Injection Molding Press,2478000,495600,1982400,48,9.74,770,56.1,STRUCTURED_LEASE,Performing
EQF-2025-04404,03-10-2025,Healthcare,Surgical Robot,8292000,1658400,6633600,36,7.04,661,60.4,STRUCTURED_LEASE,Performing
EQF-2025-04405,03-10-2025,IT & Enterprise Tech,Automated Storage Array,2278000,227800,2050200,60,7,667,61.6,STRUCTURED_LEASE,Performing
EQF-2025-04406,03-10-2025,Logistics & Fleet,Forklift Fleet,3985000,797000,3188000,60,11.29,663,80.4,REJECT,Performing
EQF-2025-04407,03-10-2025,IT & Enterprise Tech,Enterprise Server Rack,1365000,136500,1228500,48,7.7,620,77.9,REQUIRE_COLLATERAL,Performing
EQF-2025-04408,03-10-2025,Manufacturing,Injection Molding Press,6764000,676400,6087600,48,10.68,602,99,REJECT,Performing
EQF-2025-04409,03-10-2025,Healthcare,MRI Scanner,4503000,450300,4052700,60,11.25,666,85,REJECT,Performing
EQF-2025-04410,03-10-2025,Construction,Bulldozer,4217000,843400,3373600,48,8.02,550,97.3,REJECT,60_Days_Past_Due
EQF-2025-04411,03-10-2025,Manufacturing,CNC Milling Unit,7044000,1408800,5635200,48,12.62,625,90.1,REJECT,Performing
EQF-2025-04412,03-10-2025,Manufacturing,CNC Milling Unit,6699000,669900,6029100,48,9.64,729,64.5,STRUCTURED_LEASE,Performing
EQF-2025-04413,03-10-2025,Logistics & Fleet,Forklift Fleet,3010000,602000,2408000,36,9.57,607,86.3,REJECT,60_Days_Past_Due
EQF-2025-04414,03-10-2025,Construction,Bulldozer,2925000,292500,2632500,60,8,781,53,STRUCTURED_LEASE,Performing
EQF-2025-04415,03-10-2025,Healthcare,Surgical Robot,10709000,1606350,9102650,48,8.03,736,58.8,STRUCTURED_LEASE,Performing
EQF-2025-04416,03-10-2025,Construction,Bulldozer,5957000,1191400,4765600,48,7,817,42.3,STRUCTURED_LEASE,Performing
EQF-2025-04417,04-10-2025,Healthcare,Digital X-Ray System,7482000,1496400,5985600,24,8.33,831,29.9,AUTO_APPROVE,Performing
EQF-2025-04418,04-10-2025,Manufacturing,Injection Molding Press,5983000,897450,5085550,36,11.25,745,62.5,STRUCTURED_LEASE,Performing
EQF-2025-04419,04-10-2025,Healthcare,Surgical Robot,8803000,1320450,7482550,36,7.97,658,72.4,REQUIRE_COLLATERAL,Performing
EQF-2025-04420,04-10-2025,Manufacturing,Injection Molding Press,2147000,322050,1824950,36,8.1,589,87.1,REJECT,60_Days_Past_Due
EQF-2025-04421,04-10-2025,Manufacturing,CNC Milling Unit,7912000,791200,7120800,48,7.57,601,83.8,REJECT,60_Days_Past_Due
EQF-2025-04422,04-10-2025,IT & Enterprise Tech,Automated Storage Array,4848000,484800,4363200,36,7.46,824,32.6,AUTO_APPROVE,Performing
EQF-2025-04423,04-10-2025,Construction,Hydraulic Excavator,2979000,744750,2234250,36,10.83,600,89.4,REJECT,60_Days_Past_Due
EQF-2025-04424,04-10-2025,Logistics & Fleet,Heavy Duty Hauler,3195000,479250,2715750,48,7.68,683,73.4,REQUIRE_COLLATERAL,Performing
EQF-2025-04425,04-10-2025,Healthcare,MRI Scanner,4917000,1229250,3687750,48,9.3,775,52.5,STRUCTURED_LEASE,Performing
EQF-2025-04426,04-10-2025,Healthcare,MRI Scanner,13210000,1321000,11889000,24,8.97,640,68.6,REQUIRE_COLLATERAL,Performing
EQF-2025-04427,04-10-2025,Manufacturing,Industrial Robotic Arm,5791000,1158200,4632800,24,10.93,782,38.5,AUTO_APPROVE,Performing
EQF-2025-04428,04-10-2025,Manufacturing,Injection Molding Press,2707000,406050,2300950,60,8.25,692,65.2,REQUIRE_COLLATERAL,30_Days_Past_Due
EQF-2025-04429,04-10-2025,Manufacturing,CNC Milling Unit,1645000,329000,1316000,24,8.85,711,53.8,STRUCTURED_LEASE,Performing
EQF-2025-04430,04-10-2025,Logistics & Fleet,Forklift Fleet,1320000,132000,1188000,60,7.86,678,75.4,REQUIRE_COLLATERAL,Performing
EQF-2025-04431,04-10-2025,Logistics & Fleet,Heavy Duty Hauler,3128000,469200,2658800,36,8.54,637,73.4,REQUIRE_COLLATERAL,Performing
EQF-2025-04432,04-10-2025,Construction,Tower Crane,8742000,2185500,6556500,48,8.15,742,62.2,STRUCTURED_LEASE,Performing
EQF-2025-04433,05-10-2025,Construction,Hydraulic Excavator,3527000,881750,2645250,36,9.28,734,50.6,STRUCTURED_LEASE,Performing
EQF-2025-04434,05-10-2025,IT & Enterprise Tech,Automated Storage Array,1951000,195100,1755900,48,11.9,745,67,REQUIRE_COLLATERAL,Performing
EQF-2025-04435,05-10-2025,Manufacturing,Injection Molding Press,3791000,758200,3032800,36,9.19,763,40.8,STRUCTURED_LEASE,Performing
EQF-2025-04436,05-10-2025,Healthcare,Digital X-Ray System,6399000,639900,5759100,36,11.26,669,69.8,REQUIRE_COLLATERAL,Performing
EQF-2025-04437,05-10-2025,Healthcare,Surgical Robot,8305000,1661000,6644000,36,10.92,734,55.4,STRUCTURED_LEASE,Performing
EQF-2025-04438,05-10-2025,Logistics & Fleet,Forklift Fleet,3327000,332700,2994300,48,9.44,756,50.8,STRUCTURED_LEASE,30_Days_Past_Due
EQF-2025-04439,05-10-2025,IT & Enterprise Tech,Enterprise Server Rack,4362000,1090500,3271500,60,10.94,724,66.6,REQUIRE_COLLATERAL,Performing
EQF-2025-04440,05-10-2025,Manufacturing,Injection Molding Press,8246000,1649200,6596800,36,9.85,670,76,REQUIRE_COLLATERAL,Performing
EQF-2025-04441,05-10-2025,IT & Enterprise Tech,Enterprise Server Rack,5640000,564000,5076000,36,7.36,720,59.2,STRUCTURED_LEASE,Performing
EQF-2025-04442,05-10-2025,Logistics & Fleet,Electric Delivery Van,3366000,504900,2861100,48,9.44,567,92.4,REJECT,Performing
EQF-2025-04443,05-10-2025,Manufacturing,Injection Molding Press,6639000,1659750,4979250,60,9.81,722,66.8,REQUIRE_COLLATERAL,Performing
EQF-2025-04444,05-10-2025,Healthcare,MRI Scanner,14460000,3615000,10845000,48,12.14,625,92.9,REJECT,Performing
EQF-2025-04445,05-10-2025,Healthcare,Surgical Robot,4918000,737700,4180300,60,8.1,698,68.3,REQUIRE_COLLATERAL,Performing
EQF-2025-04446,05-10-2025,IT & Enterprise Tech,Enterprise Server Rack,829000,82900,746100,36,10.19,670,80.7,REJECT,Performing
EQF-2025-04447,05-10-2025,Manufacturing,Industrial Robotic Arm,1709000,341800,1367200,36,7.65,700,62.5,STRUCTURED_LEASE,Performing
EQF-2025-04448,05-10-2025,Logistics & Fleet,Heavy Duty Hauler,3341000,835250,2505750,36,11.81,596,88.3,REJECT,60_Days_Past_Due
EQF-2025-04449,06-10-2025,Healthcare,Surgical Robot,12391000,1239100,11151900,48,11.34,743,59.1,STRUCTURED_LEASE,Performing
EQF-2025-04450,06-10-2025,Logistics & Fleet,Heavy Duty Hauler,2595000,389250,2205750,36,7.7,756,43.6,STRUCTURED_LEASE,Performing
EQF-2025-04451,06-10-2025,Healthcare,Surgical Robot,9998000,1999600,7998400,36,12.11,634,81.5,REJECT,Default
EQF-2025-04452,06-10-2025,Construction,Tower Crane,6889000,688900,6200100,36,11.12,609,88.4,REJECT,Default
EQF-2025-04453,06-10-2025,Logistics & Fleet,Heavy Duty Hauler,1560000,156000,1404000,48,11.4,638,84.9,REJECT,Performing
EQF-2025-04454,06-10-2025,Logistics & Fleet,Forklift Fleet,2422000,605500,1816500,24,11.85,746,53.8,STRUCTURED_LEASE,Performing
EQF-2025-04455,06-10-2025,IT & Enterprise Tech,Automated Storage Array,901000,225250,675750,24,11.19,693,69.3,REQUIRE_COLLATERAL,30_Days_Past_Due
EQF-2025-04456,06-10-2025,Manufacturing,Injection Molding Press,2275000,455000,1820000,60,9,684,76,REQUIRE_COLLATERAL,30_Days_Past_Due
EQF-2025-04457,06-10-2025,Logistics & Fleet,Heavy Duty Hauler,4285000,428500,3856500,36,11.75,688,64.4,STRUCTURED_LEASE,Performing
EQF-2025-04458,06-10-2025,Manufacturing,CNC Milling Unit,7306000,1095900,6210100,36,8.16,654,65.5,REQUIRE_COLLATERAL,Performing
EQF-2025-04459,06-10-2025,Healthcare,MRI Scanner,12821000,1923150,10897850,48,8.34,719,56.6,STRUCTURED_LEASE,Performing
EQF-2025-04460,06-10-2025,Construction,Tower Crane,8678000,1735600,6942400,60,8.82,796,45.2,STRUCTURED_LEASE,Performing
EQF-2025-04461,06-10-2025,Healthcare,Surgical Robot,12726000,1272600,11453400,48,10,639,79.6,REQUIRE_COLLATERAL,Performing
EQF-2025-04462,06-10-2025,Construction,Bulldozer,8203000,2050750,6152250,36,8.12,738,51.3,STRUCTURED_LEASE,Performing
EQF-2025-04463,06-10-2025,IT & Enterprise Tech,Edge AI Compute Cluster,4283000,428300,3854700,60,7.7,694,71,REQUIRE_COLLATERAL,Performing
EQF-2025-04464,06-10-2025,Manufacturing,Industrial Robotic Arm,6172000,1543000,4629000,48,8.13,693,61.2,STRUCTURED_LEASE,Performing
EQF-2025-04465,07-10-2025,Logistics & Fleet,Heavy Duty Hauler,3153000,472950,2680050,36,8.96,787,40.5,STRUCTURED_LEASE,Performing
EQF-2025-04466,07-10-2025,Healthcare,MRI Scanner,7997000,1599400,6397600,48,9.61,762,47,STRUCTURED_LEASE,30_Days_Past_Due
EQF-2025-04467,07-10-2025,Manufacturing,CNC Milling Unit,6611000,1322200,5288800,48,8.36,698,61.6,STRUCTURED_LEASE,Performing
EQF-2025-04468,07-10-2025,Manufacturing,CNC Milling Unit,3591000,718200,2872800,48,7.68,758,50.5,STRUCTURED_LEASE,Performing
EQF-2025-04469,07-10-2025,IT & Enterprise Tech,Enterprise Server Rack,3623000,905750,2717250,60,10.08,586,93.8,REJECT,Default
EQF-2025-04470,07-10-2025,IT & Enterprise Tech,Enterprise Server Rack,3053000,457950,2595050,48,12.21,555,99,REJECT,Performing
EQF-2025-04471,07-10-2025,IT & Enterprise Tech,Edge AI Compute Cluster,2238000,335700,1902300,60,8.88,652,78.5,REQUIRE_COLLATERAL,Performing
EQF-2025-04472,07-10-2025,IT & Enterprise Tech,Edge AI Compute Cluster,5868000,1173600,4694400,48,10.84,632,87.4,REJECT,60_Days_Past_Due
EQF-2025-04473,07-10-2025,Manufacturing,Industrial Robotic Arm,3311000,662200,2648800,36,9.5,682,64.1,STRUCTURED_LEASE,Performing
EQF-2025-04474,07-10-2025,Healthcare,Surgical Robot,7402000,1850500,5551500,48,10.46,771,59.9,STRUCTURED_LEASE,Performing
EQF-2025-04475,07-10-2025,Logistics & Fleet,Forklift Fleet,1814000,453500,1360500,24,10.72,684,63.1,STRUCTURED_LEASE,Performing
EQF-2025-04476,07-10-2025,Construction,Hydraulic Excavator,9495000,949500,8545500,36,9.51,758,49.9,STRUCTURED_LEASE,Performing
EQF-2025-04477,07-10-2025,Healthcare,Digital X-Ray System,10452000,2613000,7839000,48,8.03,757,58.3,STRUCTURED_LEASE,Performing
EQF-2025-04478,07-10-2025,Healthcare,Surgical Robot,10743000,1074300,9668700,48,7.65,584,92.6,REJECT,Default
EQF-2025-04479,07-10-2025,Construction,Bulldozer,9475000,1895000,7580000,36,11.23,744,58.1,STRUCTURED_LEASE,Performing
EQF-2025-04480,07-10-2025,Construction,Tower Crane,5415000,812250,4602750,36,10.45,774,52.4,STRUCTURED_LEASE,Performing
EQF-2025-04481,08-10-2025,Manufacturing,Injection Molding Press,2855000,713750,2141250,24,10.97,779,40.6,STRUCTURED_LEASE,Performing
EQF-2025-04482,08-10-2025,Construction,Bulldozer,4186000,627900,3558100,60,10.51,692,84.9,REJECT,Performing
EQF-2025-04483,08-10-2025,Construction,Tower Crane,8727000,2181750,6545250,24,11.11,705,57.5,STRUCTURED_LEASE,Performing
EQF-2025-04484,08-10-2025,Construction,Bulldozer,7720000,1930000,5790000,48,9.83,709,68.1,REQUIRE_COLLATERAL,30_Days_Past_Due
EQF-2025-04485,08-10-2025,Manufacturing,Industrial Robotic Arm,2944000,294400,2649600,48,7.22,695,70,REQUIRE_COLLATERAL,Performing
EQF-2025-04486,08-10-2025,Logistics & Fleet,Forklift Fleet,1751000,437750,1313250,36,9.92,633,81.7,REJECT,Performing
EQF-2025-04487,08-10-2025,Manufacturing,Industrial Robotic Arm,2345000,469000,1876000,36,12.19,648,81.8,REJECT,Performing
EQF-2025-04488,08-10-2025,Healthcare,Surgical Robot,10906000,1635900,9270100,36,10.03,740,62.7,STRUCTURED_LEASE,Performing
EQF-2025-04489,08-10-2025,Logistics & Fleet,Forklift Fleet,1200000,300000,900000,48,7.66,691,69.3,REQUIRE_COLLATERAL,Performing
EQF-2025-04490,08-10-2025,Construction,Tower Crane,2656000,398400,2257600,48,10.6,708,66.5,REQUIRE_COLLATERAL,Performing
EQF-2025-04491,08-10-2025,Healthcare,Surgical Robot,8285000,1242750,7042250,48,12.75,772,67.3,REQUIRE_COLLATERAL,60_Days_Past_Due
EQF-2025-04492,08-10-2025,Logistics & Fleet,Electric Delivery Van,3827000,574050,3252950,48,8.66,706,61.4,STRUCTURED_LEASE,30_Days_Past_Due
EQF-2025-04493,08-10-2025,Construction,Tower Crane,8408000,2102000,6306000,24,9.99,627,86.4,REJECT,Performing
EQF-2025-04494,08-10-2025,Logistics & Fleet,Forklift Fleet,2834000,283400,2550600,24,10.21,844,33.9,AUTO_APPROVE,Performing
EQF-2025-04495,08-10-2025,Logistics & Fleet,Heavy Duty Hauler,3826000,573900,3252100,60,9.81,682,74.6,REQUIRE_COLLATERAL,Performing
EQF-2025-04496,08-10-2025,Construction,Bulldozer,6929000,1039350,5889650,48,10.7,678,70.7,REQUIRE_COLLATERAL,Performing
EQF-2025-04497,09-10-2025,Construction,Hydraulic Excavator,10804000,2701000,8103000,48,8.89,720,63.4,STRUCTURED_LEASE,Performing
EQF-2025-04498,09-10-2025,Manufacturing,CNC Milling Unit,2637000,659250,1977750,48,10.44,692,69,REQUIRE_COLLATERAL,Performing
EQF-2025-04499,09-10-2025,Healthcare,Surgical Robot,10607000,2121400,8485600,36,11.25,697,69.7,REQUIRE_COLLATERAL,Performing
EQF-2025-04500,09-10-2025,Healthcare,MRI Scanner,9404000,1880800,7523200,36,9.15,664,75.7,REQUIRE_COLLATERAL,Performing
EQF-2025-04501,09-10-2025,Construction,Tower Crane,4153000,415300,3737700,48,10.71,764,61.3,STRUCTURED_LEASE,Performing
EQF-2025-04502,09-10-2025,Construction,Tower Crane,8875000,887500,7987500,60,8.93,774,61.3,STRUCTURED_LEASE,Performing
EQF-2025-04503,09-10-2025,Healthcare,MRI Scanner,7031000,703100,6327900,36,7.43,819,28.8,AUTO_APPROVE,Performing
EQF-2025-04504,09-10-2025,Manufacturing,Industrial Robotic Arm,4172000,417200,3754800,36,7.43,829,33,AUTO_APPROVE,Performing
EQF-2025-04505,09-10-2025,Construction,Bulldozer,5686000,852900,4833100,36,10.19,573,87.1,REJECT,Default
EQF-2025-04506,09-10-2025,Healthcare,Digital X-Ray System,6686000,1671500,5014500,24,7,741,46.6,STRUCTURED_LEASE,Performing
EQF-2025-04507,09-10-2025,Logistics & Fleet,Heavy Duty Hauler,2837000,567400,2269600,48,9.64,624,77.6,REQUIRE_COLLATERAL,Performing
EQF-2025-04508,09-10-2025,Manufacturing,Injection Molding Press,4813000,721950,4091050,60,8.31,785,61.2,STRUCTURED_LEASE,Performing
EQF-2025-04509,09-10-2025,Construction,Tower Crane,8826000,2206500,6619500,48,7,722,64.4,STRUCTURED_LEASE,Performing
EQF-2025-04510,09-10-2025,IT & Enterprise Tech,Automated Storage Array,4778000,1194500,3583500,60,10.52,654,76.6,REQUIRE_COLLATERAL,30_Days_Past_Due
EQF-2025-04511,09-10-2025,Manufacturing,CNC Milling Unit,2610000,391500,2218500,48,7.4,627,76.6,REQUIRE_COLLATERAL,Performing
EQF-2025-04512,09-10-2025,Construction,Tower Crane,7539000,1130850,6408150,36,12.96,659,84.9,REJECT,60_Days_Past_Due
EQF-2025-04513,10-10-2025,Manufacturing,Injection Molding Press,7773000,1554600,6218400,60,11.96,649,89.7,REJECT,Default
EQF-2025-04514,10-10-2025,Construction,Bulldozer,3425000,342500,3082500,36,9.4,788,45.2,STRUCTURED_LEASE,60_Days_Past_Due
EQF-2025-04515,10-10-2025,Construction,Tower Crane,6520000,652000,5868000,60,7,706,66.3,REQUIRE_COLLATERAL,Performing
EQF-2025-04516,10-10-2025,Healthcare,Surgical Robot,12254000,2450800,9803200,48,9.94,636,87.6,REJECT,60_Days_Past_Due
EQF-2025-04517,10-10-2025,Construction,Bulldozer,7698000,1539600,6158400,36,12.25,729,74.4,REQUIRE_COLLATERAL,Performing
EQF-2025-04518,10-10-2025,IT & Enterprise Tech,Enterprise Server Rack,1323000,132300,1190700,48,11.09,728,60,STRUCTURED_LEASE,Performing
EQF-2025-04519,10-10-2025,Manufacturing,CNC Milling Unit,4276000,641400,3634600,36,11.19,693,68.9,REQUIRE_COLLATERAL,30_Days_Past_Due
EQF-2025-04520,10-10-2025,Manufacturing,CNC Milling Unit,5051000,505100,4545900,24,11.82,783,38.9,AUTO_APPROVE,Performing
EQF-2025-04521,10-10-2025,IT & Enterprise Tech,Enterprise Server Rack,5978000,1494500,4483500,36,7.62,740,51.5,STRUCTURED_LEASE,Performing
EQF-2025-04522,10-10-2025,Construction,Hydraulic Excavator,4018000,1004500,3013500,60,11.13,735,76,REQUIRE_COLLATERAL,Performing
EQF-2025-04523,10-10-2025,IT & Enterprise Tech,Enterprise Server Rack,5909000,1181800,4727200,48,12.41,583,99,REJECT,Default
EQF-2025-04524,10-10-2025,Construction,Tower Crane,5697000,569700,5127300,36,8.57,681,70.7,REQUIRE_COLLATERAL,60_Days_Past_Due
EQF-2025-04525,10-10-2025,Logistics & Fleet,Heavy Duty Hauler,1961000,196100,1764900,36,8.9,746,54.2,STRUCTURED_LEASE,Performing
EQF-2025-04526,10-10-2025,Healthcare,Surgical Robot,8555000,2138750,6416250,48,11.83,728,63.7,STRUCTURED_LEASE,Performing
EQF-2025-04527,10-10-2025,Logistics & Fleet,Electric Delivery Van,3533000,353300,3179700,36,11.59,709,59.6,STRUCTURED_LEASE,Performing
EQF-2025-04528,10-10-2025,IT & Enterprise Tech,Automated Storage Array,1910000,382000,1528000,48,8.19,749,61.9,STRUCTURED_LEASE,Performing
EQF-2025-04529,11-10-2025,Construction,Hydraulic Excavator,4977000,995400,3981600,48,7.56,733,54.5,STRUCTURED_LEASE,Performing
EQF-2025-04530,11-10-2025,Manufacturing,CNC Milling Unit,7482000,1870500,5611500,36,9.33,757,50.9,STRUCTURED_LEASE,Performing
EQF-2025-04531,11-10-2025,Healthcare,Surgical Robot,14989000,1498900,13490100,36,7.29,730,43.4,STRUCTURED_LEASE,Performing
EQF-2025-04532,11-10-2025,Manufacturing,Injection Molding Press,3727000,372700,3354300,48,8.21,754,50.3,STRUCTURED_LEASE,Performing
EQF-2025-04533,11-10-2025,Manufacturing,Injection Molding Press,2542000,635500,1906500,36,8.48,750,52.1,STRUCTURED_LEASE,Performing
EQF-2025-04534,11-10-2025,Healthcare,Digital X-Ray System,12725000,1908750,10816250,36,11.19,704,69.2,REQUIRE_COLLATERAL,Performing
EQF-2025-04535,11-10-2025,Construction,Hydraulic Excavator,7604000,1140600,6463400,36,11.59,707,75.8,REQUIRE_COLLATERAL,60_Days_Past_Due
EQF-2025-04536,11-10-2025,Construction,Bulldozer,3353000,335300,3017700,36,11.19,715,63.9,STRUCTURED_LEASE,Performing
EQF-2025-04537,11-10-2025,Healthcare,MRI Scanner,14414000,2882800,11531200,60,8.26,629,84.3,REJECT,Performing
EQF-2025-04538,11-10-2025,Construction,Bulldozer,3163000,474450,2688550,48,9.37,609,95.6,REJECT,Default
EQF-2025-04539,11-10-2025,Manufacturing,CNC Milling Unit,5877000,587700,5289300,48,8.82,742,63.4,STRUCTURED_LEASE,Performing
EQF-2025-04540,11-10-2025,Manufacturing,Industrial Robotic Arm,4468000,670200,3797800,36,9.82,746,48.2,STRUCTURED_LEASE,Performing
EQF-2025-04541,11-10-2025,Manufacturing,CNC Milling Unit,5396000,1349000,4047000,24,10.63,708,69.1,REQUIRE_COLLATERAL,Performing
EQF-2025-04542,11-10-2025,Construction,Bulldozer,4312000,646800,3665200,36,8.79,733,47.9,STRUCTURED_LEASE,Performing
EQF-2025-04543,11-10-2025,Manufacturing,CNC Milling Unit,6317000,947550,5369450,48,7.98,752,55.9,STRUCTURED_LEASE,Performing
EQF-2025-04544,11-10-2025,Healthcare,Digital X-Ray System,14557000,3639250,10917750,36,11.86,738,65.3,REQUIRE_COLLATERAL,Performing
EQF-2025-04545,12-10-2025,Healthcare,Digital X-Ray System,9043000,1808600,7234400,48,11.11,746,62.7,STRUCTURED_LEASE,60_Days_Past_Due
EQF-2025-04546,12-10-2025,Logistics & Fleet,Heavy Duty Hauler,3187000,318700,2868300,36,10.01,625,80.4,REJECT,60_Days_Past_Due
EQF-2025-04547,12-10-2025,Manufacturing,Injection Molding Press,3179000,635800,2543200,60,7.9,816,40.6,STRUCTURED_LEASE,Performing
EQF-2025-04548,12-10-2025,Construction,Tower Crane,10081000,2016200,8064800,60,10.8,731,55.6,STRUCTURED_LEASE,Performing
EQF-2025-04549,12-10-2025,Logistics & Fleet,Electric Delivery Van,4890000,733500,4156500,24,9.25,770,45.9,STRUCTURED_LEASE,Performing
EQF-2025-04550,12-10-2025,Logistics & Fleet,Heavy Duty Hauler,4188000,418800,3769200,48,7,747,52.6,STRUCTURED_LEASE,Performing
EQF-2025-04551,12-10-2025,IT & Enterprise Tech,Edge AI Compute Cluster,3622000,543300,3078700,24,8.71,642,79.6,REQUIRE_COLLATERAL,Performing
EQF-2025-04552,12-10-2025,Manufacturing,Industrial Robotic Arm,8198000,2049500,6148500,48,10.19,665,76.2,REQUIRE_COLLATERAL,Performing
EQF-2025-04553,12-10-2025,Manufacturing,Injection Molding Press,2577000,515400,2061600,36,9.18,675,66.9,REQUIRE_COLLATERAL,Performing
EQF-2025-04554,12-10-2025,IT & Enterprise Tech,Automated Storage Array,3288000,657600,2630400,24,10.26,784,41.7,STRUCTURED_LEASE,Performing
EQF-2025-04555,12-10-2025,Construction,Bulldozer,7070000,1767500,5302500,24,10.2,647,70.1,REQUIRE_COLLATERAL,Performing
EQF-2025-04556,12-10-2025,Construction,Hydraulic Excavator,6681000,668100,6012900,60,7.86,628,81.9,REJECT,Performing
EQF-2025-04557,12-10-2025,Logistics & Fleet,Electric Delivery Van,4249000,849800,3399200,48,10.53,737,57.3,STRUCTURED_LEASE,Performing
EQF-2025-04558,12-10-2025,Logistics & Fleet,Heavy Duty Hauler,3748000,749600,2998400,24,10.66,823,39.7,AUTO_APPROVE,Performing
EQF-2025-04559,12-10-2025,IT & Enterprise Tech,Edge AI Compute Cluster,1459000,145900,1313100,48,9.45,655,80.1,REJECT,Default
EQF-2025-04560,12-10-2025,IT & Enterprise Tech,Edge AI Compute Cluster,2602000,390300,2211700,36,9.52,803,34.8,AUTO_APPROVE,30_Days_Past_Due
EQF-2025-04561,13-10-2025,Logistics & Fleet,Electric Delivery Van,2488000,622000,1866000,36,9.52,758,52.5,STRUCTURED_LEASE,60_Days_Past_Due
EQF-2025-04562,13-10-2025,Healthcare,Surgical Robot,10222000,1022200,9199800,60,11.77,682,86.4,REJECT,Default
EQF-2025-04563,13-10-2025,IT & Enterprise Tech,Enterprise Server Rack,2316000,579000,1737000,24,10.07,624,84.4,REJECT,60_Days_Past_Due
EQF-2025-04564,13-10-2025,Manufacturing,CNC Milling Unit,2321000,580250,1740750,48,9.69,688,66.2,REQUIRE_COLLATERAL,Performing
EQF-2025-04565,13-10-2025,Manufacturing,Industrial Robotic Arm,6076000,1215200,4860800,36,10.21,658,82.2,REJECT,Performing
EQF-2025-04566,13-10-2025,IT & Enterprise Tech,Enterprise Server Rack,5225000,522500,4702500,36,10.17,788,44.2,STRUCTURED_LEASE,Performing
EQF-2025-04567,13-10-2025,Healthcare,Surgical Robot,14248000,3562000,10686000,36,9.35,707,62.9,STRUCTURED_LEASE,Performing
EQF-2025-04568,13-10-2025,Manufacturing,CNC Milling Unit,8308000,1246200,7061800,60,7.5,741,56.7,STRUCTURED_LEASE,Performing
EQF-2025-04569,13-10-2025,Manufacturing,Industrial Robotic Arm,6968000,1742000,5226000,48,9.66,741,53.6,STRUCTURED_LEASE,Performing
EQF-2025-04570,13-10-2025,IT & Enterprise Tech,Automated Storage Array,1526000,305200,1220800,24,10.39,668,66.2,REQUIRE_COLLATERAL,30_Days_Past_Due
EQF-2025-04571,13-10-2025,Construction,Bulldozer,9751000,1462650,8288350,48,9.94,714,72.4,REQUIRE_COLLATERAL,Performing
EQF-2025-04572,13-10-2025,Logistics & Fleet,Electric Delivery Van,2720000,408000,2312000,60,8.75,775,60.1,STRUCTURED_LEASE,Performing
EQF-2025-04573,13-10-2025,Manufacturing,CNC Milling Unit,6609000,660900,5948100,36,9.21,705,66.4,REQUIRE_COLLATERAL,Performing
EQF-2025-04574,13-10-2025,Logistics & Fleet,Electric Delivery Van,3219000,482850,2736150,36,10.99,692,68.6,REQUIRE_COLLATERAL,30_Days_Past_Due
EQF-2025-04575,13-10-2025,Logistics & Fleet,Heavy Duty Hauler,4349000,434900,3914100,24,7,754,52.7,STRUCTURED_LEASE,Performing
EQF-2025-04576,13-10-2025,Healthcare,MRI Scanner,8681000,868100,7812900,36,8.38,625,83.7,REJECT,Performing
EQF-2025-04577,14-10-2025,Healthcare,Surgical Robot,4680000,702000,3978000,48,9.7,566,97.6,REJECT,Performing
EQF-2025-04578,14-10-2025,Manufacturing,Industrial Robotic Arm,5398000,539800,4858200,36,11.06,728,52.2,STRUCTURED_LEASE,Performing
EQF-2025-04579,14-10-2025,IT & Enterprise Tech,Automated Storage Array,1691000,169100,1521900,24,12.22,776,54.7,STRUCTURED_LEASE,30_Days_Past_Due
EQF-2025-04580,14-10-2025,Construction,Tower Crane,10707000,1606050,9100950,36,10.83,827,45.9,STRUCTURED_LEASE,Performing
EQF-2025-04581,14-10-2025,IT & Enterprise Tech,Edge AI Compute Cluster,3540000,708000,2832000,36,8.61,722,60,STRUCTURED_LEASE,Performing
EQF-2025-04582,14-10-2025,Healthcare,Surgical Robot,10089000,2522250,7566750,48,7,763,39.4,AUTO_APPROVE,Performing
EQF-2025-04583,14-10-2025,Logistics & Fleet,Electric Delivery Van,4648000,464800,4183200,48,12.3,795,54.6,STRUCTURED_LEASE,Performing
EQF-2025-04584,14-10-2025,Logistics & Fleet,Electric Delivery Van,3573000,357300,3215700,24,8.24,712,66.6,REQUIRE_COLLATERAL,30_Days_Past_Due
EQF-2025-04585,14-10-2025,Logistics & Fleet,Heavy Duty Hauler,2350000,352500,1997500,36,9.72,668,71.5,REQUIRE_COLLATERAL,Performing
EQF-2025-04586,14-10-2025,IT & Enterprise Tech,Edge AI Compute Cluster,2340000,585000,1755000,36,9.32,661,82.7,REJECT,Default
EQF-2025-04587,14-10-2025,Healthcare,Digital X-Ray System,9517000,2379250,7137750,60,9.4,690,77.4,REQUIRE_COLLATERAL,Performing
EQF-2025-04588,14-10-2025,Manufacturing,Injection Molding Press,7566000,756600,6809400,36,7.75,804,38.2,AUTO_APPROVE,Performing
EQF-2025-04589,14-10-2025,Logistics & Fleet,Forklift Fleet,4220000,633000,3587000,24,12.19,770,58.6,STRUCTURED_LEASE,Performing
EQF-2025-04590,14-10-2025,Logistics & Fleet,Electric Delivery Van,4858000,971600,3886400,24,8.19,695,56.3,STRUCTURED_LEASE,Performing
EQF-2025-04591,14-10-2025,Construction,Hydraulic Excavator,3111000,777750,2333250,36,9.74,790,39.2,AUTO_APPROVE,Performing
EQF-2025-04592,14-10-2025,Manufacturing,CNC Milling Unit,3378000,675600,2702400,36,8.83,739,48.6,STRUCTURED_LEASE,60_Days_Past_Due
EQF-2025-04593,15-10-2025,Construction,Bulldozer,3182000,477300,2704700,48,10.42,695,72.5,REQUIRE_COLLATERAL,Performing
EQF-2025-04594,15-10-2025,Healthcare,Digital X-Ray System,12262000,2452400,9809600,48,9.19,721,65.2,REQUIRE_COLLATERAL,Performing
EQF-2025-04595,15-10-2025,Healthcare,Digital X-Ray System,5549000,832350,4716650,36,9.03,736,52.3,STRUCTURED_LEASE,Performing
EQF-2025-04596,15-10-2025,Construction,Hydraulic Excavator,3349000,334900,3014100,48,11.13,718,74,REQUIRE_COLLATERAL,30_Days_Past_Due
EQF-2025-04597,15-10-2025,Logistics & Fleet,Heavy Duty Hauler,3334000,666800,2667200,48,9.01,823,40.6,STRUCTURED_LEASE,Performing
EQF-2025-04598,15-10-2025,Manufacturing,CNC Milling Unit,4380000,438000,3942000,36,11.62,700,73.5,REQUIRE_COLLATERAL,Performing
EQF-2025-04599,15-10-2025,Healthcare,Surgical Robot,11866000,1186600,10679400,24,7.65,620,71.2,REQUIRE_COLLATERAL,Performing
EQF-2025-04600,15-10-2025,Healthcare,Digital X-Ray System,9357000,1403550,7953450,36,9.13,730,56.4,STRUCTURED_LEASE,Performing
EQF-2025-04601,15-10-2025,Manufacturing,Injection Molding Press,4477000,895400,3581600,60,8.21,691,62.2,STRUCTURED_LEASE,Performing
EQF-2025-04602,15-10-2025,Logistics & Fleet,Electric Delivery Van,2817000,704250,2112750,48,9.55,622,84.2,REJECT,60_Days_Past_Due
EQF-2025-04603,15-10-2025,IT & Enterprise Tech,Automated Storage Array,5334000,1066800,4267200,24,7.44,753,46,STRUCTURED_LEASE,Performing
EQF-2025-04604,15-10-2025,Healthcare,Digital X-Ray System,8347000,2086750,6260250,36,10.43,550,96.9,REJECT,Performing
EQF-2025-04605,15-10-2025,Logistics & Fleet,Heavy Duty Hauler,2467000,246700,2220300,48,10.58,728,64.2,STRUCTURED_LEASE,Performing
EQF-2025-04606,15-10-2025,IT & Enterprise Tech,Enterprise Server Rack,2560000,256000,2304000,36,11.76,555,99,REJECT,60_Days_Past_Due
EQF-2025-04607,15-10-2025,Logistics & Fleet,Heavy Duty Hauler,1947000,292050,1654950,48,10.77,710,66.2,REQUIRE_COLLATERAL,Performing
EQF-2025-04608,15-10-2025,Manufacturing,Injection Molding Press,7525000,1881250,5643750,36,10.75,745,56.2,STRUCTURED_LEASE,Performing
EQF-2025-04609,16-10-2025,IT & Enterprise Tech,Enterprise Server Rack,1562000,312400,1249600,60,10.52,757,57.9,STRUCTURED_LEASE,Performing
EQF-2025-04610,16-10-2025,Healthcare,Digital X-Ray System,13995000,2099250,11895750,48,9.17,762,49.2,STRUCTURED_LEASE,Performing
EQF-2025-04611,16-10-2025,Healthcare,Surgical Robot,7118000,1067700,6050300,36,11.93,641,89.2,REJECT,60_Days_Past_Due
EQF-2025-04612,16-10-2025,Manufacturing,Industrial Robotic Arm,7796000,1169400,6626600,48,10.33,722,58.1,STRUCTURED_LEASE,Performing
EQF-2025-04613,16-10-2025,Construction,Bulldozer,9222000,1844400,7377600,24,13.21,664,81.5,REJECT,Performing
EQF-2025-04614,16-10-2025,Manufacturing,Industrial Robotic Arm,5574000,836100,4737900,36,12.13,660,72.5,REQUIRE_COLLATERAL,Performing
EQF-2025-04615,16-10-2025,Manufacturing,Industrial Robotic Arm,6186000,1237200,4948800,48,10.02,702,76.6,REQUIRE_COLLATERAL,Performing
EQF-2025-04616,16-10-2025,Healthcare,Surgical Robot,7584000,1137600,6446400,36,10.09,682,72.8,REQUIRE_COLLATERAL,Performing
EQF-2025-04617,16-10-2025,Logistics & Fleet,Forklift Fleet,3382000,845500,2536500,48,10.75,642,81.9,REJECT,Performing
EQF-2025-04618,16-10-2025,IT & Enterprise Tech,Enterprise Server Rack,2320000,232000,2088000,36,11.88,730,68.1,REQUIRE_COLLATERAL,Performing
EQF-2025-04619,16-10-2025,Healthcare,MRI Scanner,8425000,2106250,6318750,48,7.2,745,58.8,STRUCTURED_LEASE,Performing
EQF-2025-04620,16-10-2025,IT & Enterprise Tech,Edge AI Compute Cluster,4776000,1194000,3582000,36,11.47,654,82,REJECT,60_Days_Past_Due
EQF-2025-04621,16-10-2025,IT & Enterprise Tech,Edge AI Compute Cluster,2068000,310200,1757800,48,10.06,698,72.3,REQUIRE_COLLATERAL,Performing
EQF-2025-04622,16-10-2025,Logistics & Fleet,Electric Delivery Van,4388000,1097000,3291000,24,11.12,699,66,REQUIRE_COLLATERAL,Performing
EQF-2025-04623,16-10-2025,Manufacturing,Injection Molding Press,4131000,1032750,3098250,36,8.42,700,69.4,REQUIRE_COLLATERAL,Performing
EQF-2025-04624,16-10-2025,Logistics & Fleet,Forklift Fleet,3222000,805500,2416500,36,8.35,706,60.7,STRUCTURED_LEASE,Performing
EQF-2025-04625,17-10-2025,IT & Enterprise Tech,Enterprise Server Rack,5698000,854700,4843300,36,10.01,728,60.3,STRUCTURED_LEASE,Performing
EQF-2025-04626,17-10-2025,Logistics & Fleet,Electric Delivery Van,3789000,757800,3031200,36,10.96,785,53.5,STRUCTURED_LEASE,Performing
EQF-2025-04627,17-10-2025,Healthcare,MRI Scanner,11102000,1110200,9991800,36,7.65,718,55.1,STRUCTURED_LEASE,30_Days_Past_Due
EQF-2025-04628,17-10-2025,Construction,Bulldozer,8549000,854900,7694100,60,8.9,676,81.4,REJECT,Default
EQF-2025-04629,17-10-2025,Construction,Bulldozer,10304000,2060800,8243200,36,7.7,709,63.2,STRUCTURED_LEASE,Performing
EQF-2025-04630,17-10-2025,Construction,Bulldozer,4612000,922400,3689600,48,10.13,640,97.1,REJECT,60_Days_Past_Due
EQF-2025-04631,17-10-2025,Manufacturing,CNC Milling Unit,5793000,1448250,4344750,48,12.49,651,85,REJECT,Default
EQF-2025-04632,17-10-2025,Healthcare,Surgical Robot,8404000,840400,7563600,36,9,738,58.2,STRUCTURED_LEASE,Performing
EQF-2025-04633,17-10-2025,Logistics & Fleet,Electric Delivery Van,1245000,249000,996000,48,10.68,550,99,REJECT,60_Days_Past_Due
EQF-2025-04634,17-10-2025,IT & Enterprise Tech,Enterprise Server Rack,1452000,363000,1089000,60,9.68,695,77.4,REQUIRE_COLLATERAL,Performing
EQF-2025-04635,17-10-2025,Manufacturing,Injection Molding Press,3775000,377500,3397500,36,10.05,770,50.2,STRUCTURED_LEASE,Performing
EQF-2025-04636,17-10-2025,IT & Enterprise Tech,Enterprise Server Rack,3738000,560700,3177300,60,8.61,736,64.3,STRUCTURED_LEASE,Performing
EQF-2025-04637,17-10-2025,Healthcare,MRI Scanner,13696000,2054400,11641600,24,10.48,765,49.7,STRUCTURED_LEASE,Performing
EQF-2025-04638,17-10-2025,Logistics & Fleet,Forklift Fleet,4206000,420600,3785400,48,9.2,731,65.1,REQUIRE_COLLATERAL,Performing
EQF-2025-04639,17-10-2025,Logistics & Fleet,Forklift Fleet,3303000,330300,2972700,36,12.19,839,30.4,AUTO_APPROVE,Performing
EQF-2025-04640,17-10-2025,Logistics & Fleet,Heavy Duty Hauler,1481000,222150,1258850,36,8.73,629,77.4,REQUIRE_COLLATERAL,Performing
EQF-2025-04641,18-10-2025,IT & Enterprise Tech,Enterprise Server Rack,2287000,343050,1943950,48,10.97,717,78.4,REQUIRE_COLLATERAL,Performing
EQF-2025-04642,18-10-2025,Healthcare,Surgical Robot,8034000,803400,7230600,36,12.46,757,66.4,REQUIRE_COLLATERAL,Performing
EQF-2025-04643,18-10-2025,IT & Enterprise Tech,Edge AI Compute Cluster,4033000,1008250,3024750,36,11.28,682,74.1,REQUIRE_COLLATERAL,Performing
EQF-2025-04644,18-10-2025,Manufacturing,CNC Milling Unit,1954000,390800,1563200,36,8.15,786,45.8,STRUCTURED_LEASE,Performing
EQF-2025-04645,18-10-2025,Logistics & Fleet,Heavy Duty Hauler,3215000,643000,2572000,48,8,749,56.8,STRUCTURED_LEASE,Performing
EQF-2025-04646,18-10-2025,Logistics & Fleet,Electric Delivery Van,4626000,462600,4163400,48,10.18,613,92.1,REJECT,Performing
EQF-2025-04647,18-10-2025,Logistics & Fleet,Forklift Fleet,3881000,776200,3104800,36,9.59,733,53.3,STRUCTURED_LEASE,Performing
EQF-2025-04648,18-10-2025,Healthcare,Surgical Robot,12768000,1915200,10852800,36,10.27,749,52.3,STRUCTURED_LEASE,Performing
EQF-2025-04649,18-10-2025,IT & Enterprise Tech,Edge AI Compute Cluster,4345000,651750,3693250,48,11.29,816,43.5,STRUCTURED_LEASE,Performing
EQF-2025-04650,18-10-2025,Manufacturing,Injection Molding Press,2946000,589200,2356800,48,9.63,698,66.8,REQUIRE_COLLATERAL,Performing
EQF-2025-04651,18-10-2025,Manufacturing,Injection Molding Press,2273000,227300,2045700,36,8.56,746,60.4,STRUCTURED_LEASE,Performing
EQF-2025-04652,18-10-2025,Logistics & Fleet,Heavy Duty Hauler,4352000,652800,3699200,36,9.81,726,53.8,STRUCTURED_LEASE,Performing
EQF-2025-04653,18-10-2025,Construction,Hydraulic Excavator,8412000,2103000,6309000,36,11.78,673,85.5,REJECT,Default
EQF-2025-04654,18-10-2025,Logistics & Fleet,Heavy Duty Hauler,3385000,846250,2538750,60,9.55,687,76.9,REQUIRE_COLLATERAL,Performing
EQF-2025-04655,18-10-2025,Healthcare,Digital X-Ray System,6082000,912300,5169700,48,12.73,567,98.8,REJECT,60_Days_Past_Due
EQF-2025-04656,18-10-2025,Manufacturing,Injection Molding Press,5723000,858450,4864550,24,10.83,679,65.8,REQUIRE_COLLATERAL,Performing
EQF-2025-04657,19-10-2025,Logistics & Fleet,Forklift Fleet,1319000,263800,1055200,48,10.68,812,48.4,STRUCTURED_LEASE,Performing
EQF-2025-04658,19-10-2025,Construction,Hydraulic Excavator,3510000,351000,3159000,24,8.68,698,53.3,STRUCTURED_LEASE,Performing
EQF-2025-04659,19-10-2025,Manufacturing,CNC Milling Unit,3683000,736600,2946400,36,9.31,764,48.5,STRUCTURED_LEASE,Performing
EQF-2025-04660,19-10-2025,Logistics & Fleet,Electric Delivery Van,2886000,288600,2597400,60,10.28,724,62.7,STRUCTURED_LEASE,Performing
EQF-2025-04661,19-10-2025,Construction,Bulldozer,3525000,881250,2643750,60,9.46,737,66.8,REQUIRE_COLLATERAL,Performing
EQF-2025-04662,19-10-2025,Construction,Tower Crane,3519000,879750,2639250,48,11.39,839,36.3,AUTO_APPROVE,Performing
EQF-2025-04663,19-10-2025,Construction,Bulldozer,8670000,867000,7803000,36,9.82,683,61.6,STRUCTURED_LEASE,Performing
EQF-2025-04664,19-10-2025,Logistics & Fleet,Electric Delivery Van,3365000,673000,2692000,36,8.62,682,74,REQUIRE_COLLATERAL,Performing
EQF-2025-04665,19-10-2025,Logistics & Fleet,Heavy Duty Hauler,3228000,484200,2743800,60,10.03,780,53.9,STRUCTURED_LEASE,Performing
EQF-2025-04666,19-10-2025,Logistics & Fleet,Electric Delivery Van,2919000,291900,2627100,48,9.02,704,64.4,STRUCTURED_LEASE,Performing
EQF-2025-04667,19-10-2025,Manufacturing,Industrial Robotic Arm,8336000,1667200,6668800,36,10.59,692,71.2,REQUIRE_COLLATERAL,Performing
EQF-2025-04668,19-10-2025,Logistics & Fleet,Heavy Duty Hauler,1389000,347250,1041750,36,8.79,771,47.4,STRUCTURED_LEASE,Performing
EQF-2025-04669,19-10-2025,Logistics & Fleet,Forklift Fleet,1886000,282900,1603100,60,12.35,726,68.3,REQUIRE_COLLATERAL,Performing
EQF-2025-04670,19-10-2025,Logistics & Fleet,Forklift Fleet,3661000,915250,2745750,60,7.34,700,64.1,STRUCTURED_LEASE,Performing
EQF-2025-04671,19-10-2025,Healthcare,MRI Scanner,5500000,550000,4950000,48,9.09,687,73.9,REQUIRE_COLLATERAL,Performing
EQF-2025-04672,19-10-2025,IT & Enterprise Tech,Edge AI Compute Cluster,3865000,966250,2898750,48,9.87,655,74.2,REQUIRE_COLLATERAL,Performing
EQF-2025-04673,20-10-2025,Logistics & Fleet,Electric Delivery Van,3357000,839250,2517750,24,8.87,609,79.6,REQUIRE_COLLATERAL,30_Days_Past_Due
EQF-2025-04674,20-10-2025,Manufacturing,Industrial Robotic Arm,8297000,829700,7467300,48,7,782,53.1,STRUCTURED_LEASE,Performing
EQF-2025-04675,20-10-2025,Healthcare,Surgical Robot,13717000,2057550,11659450,48,12.5,682,77.4,REQUIRE_COLLATERAL,Performing
EQF-2025-04676,20-10-2025,IT & Enterprise Tech,Edge AI Compute Cluster,5717000,571700,5145300,24,10.75,599,92.2,REJECT,Performing
EQF-2025-04677,20-10-2025,Manufacturing,Injection Molding Press,2295000,459000,1836000,48,7.77,825,31.9,AUTO_APPROVE,Performing
EQF-2025-04678,20-10-2025,IT & Enterprise Tech,Edge AI Compute Cluster,5314000,531400,4782600,60,7.99,715,66.2,REQUIRE_COLLATERAL,Performing
EQF-2025-04679,20-10-2025,Logistics & Fleet,Heavy Duty Hauler,1691000,169100,1521900,36,7.45,711,64,STRUCTURED_LEASE,60_Days_Past_Due
EQF-2025-04680,20-10-2025,Construction,Hydraulic Excavator,7880000,1182000,6698000,48,9.44,606,86,REJECT,Performing
EQF-2025-04681,20-10-2025,Healthcare,Surgical Robot,11921000,2384200,9536800,48,11.86,747,72.7,REQUIRE_COLLATERAL,Performing
EQF-2025-04682,20-10-2025,Manufacturing,Injection Molding Press,2626000,656500,1969500,48,9.22,675,72.9,REQUIRE_COLLATERAL,Performing
EQF-2025-04683,20-10-2025,IT & Enterprise Tech,Enterprise Server Rack,4090000,1022500,3067500,48,8.97,675,66.8,REQUIRE_COLLATERAL,Performing
EQF-2025-04684,20-10-2025,Healthcare,MRI Scanner,4577000,1144250,3432750,36,11.1,736,65.3,REQUIRE_COLLATERAL,Performing
EQF-2025-04685,20-10-2025,Logistics & Fleet,Electric Delivery Van,2314000,578500,1735500,48,10.13,717,73.9,REQUIRE_COLLATERAL,Performing
EQF-2025-04686,20-10-2025,Healthcare,MRI Scanner,14133000,2119950,12013050,36,9.57,646,70.5,REQUIRE_COLLATERAL,Performing
EQF-2025-04687,20-10-2025,Manufacturing,Injection Molding Press,2702000,540400,2161600,48,10.76,617,91.5,REJECT,Default
EQF-2025-04688,20-10-2025,Manufacturing,CNC Milling Unit,1957000,293550,1663450,36,7.01,720,51.5,STRUCTURED_LEASE,Performing
EQF-2025-04689,21-10-2025,Construction,Bulldozer,6271000,627100,5643900,24,10.37,715,54.6,STRUCTURED_LEASE,Performing
EQF-2025-04690,21-10-2025,IT & Enterprise Tech,Automated Storage Array,5223000,1044600,4178400,36,11.58,850,31.9,AUTO_APPROVE,Performing
EQF-2025-04691,21-10-2025,Healthcare,Digital X-Ray System,4843000,968600,3874400,36,7.8,563,92.2,REJECT,Performing
EQF-2025-04692,21-10-2025,Healthcare,Digital X-Ray System,7911000,1977750,5933250,24,9.1,719,62.5,STRUCTURED_LEASE,Performing
EQF-2025-04693,21-10-2025,Healthcare,Digital X-Ray System,13898000,3474500,10423500,24,7,604,76.4,REQUIRE_COLLATERAL,Performing
EQF-2025-04694,21-10-2025,Construction,Tower Crane,3504000,876000,2628000,48,9.01,683,73.1,REQUIRE_COLLATERAL,60_Days_Past_Due
EQF-2025-04695,21-10-2025,Healthcare,MRI Scanner,7417000,1854250,5562750,60,8.69,682,71.3,REQUIRE_COLLATERAL,Performing
EQF-2025-04696,21-10-2025,IT & Enterprise Tech,Edge AI Compute Cluster,4848000,484800,4363200,60,12.22,745,67.4,REQUIRE_COLLATERAL,30_Days_Past_Due
EQF-2025-04697,21-10-2025,Construction,Hydraulic Excavator,7117000,1779250,5337750,60,8.97,747,56.1,STRUCTURED_LEASE,Performing
EQF-2025-04698,21-10-2025,Construction,Tower Crane,9575000,1436250,8138750,48,10.11,798,39,AUTO_APPROVE,Performing
EQF-2025-04699,21-10-2025,Manufacturing,Industrial Robotic Arm,2281000,456200,1824800,24,11.68,726,57.6,STRUCTURED_LEASE,30_Days_Past_Due
EQF-2025-04700,21-10-2025,IT & Enterprise Tech,Automated Storage Array,5587000,558700,5028300,48,7,774,52.2,STRUCTURED_LEASE,Performing
EQF-2025-04701,21-10-2025,Manufacturing,CNC Milling Unit,8044000,804400,7239600,48,9.85,799,34.8,AUTO_APPROVE,Performing
EQF-2025-04702,21-10-2025,Manufacturing,Injection Molding Press,2587000,517400,2069600,24,8,726,57.6,STRUCTURED_LEASE,Performing
EQF-2025-04703,21-10-2025,Logistics & Fleet,Electric Delivery Van,1329000,265800,1063200,48,8.04,786,47.8,STRUCTURED_LEASE,Performing
EQF-2025-04704,21-10-2025,Construction,Hydraulic Excavator,10914000,2182800,8731200,36,8.37,723,56.5,STRUCTURED_LEASE,Performing
EQF-2025-04705,22-10-2025,Healthcare,Digital X-Ray System,9305000,930500,8374500,60,8.92,709,66,REQUIRE_COLLATERAL,30_Days_Past_Due
EQF-2025-04706,22-10-2025,Healthcare,Surgical Robot,10293000,1543950,8749050,48,8.11,668,74.7,REQUIRE_COLLATERAL,30_Days_Past_Due
EQF-2025-04707,22-10-2025,Logistics & Fleet,Heavy Duty Hauler,3540000,531000,3009000,60,9.03,734,70.4,REQUIRE_COLLATERAL,30_Days_Past_Due
EQF-2025-04708,22-10-2025,Manufacturing,Injection Molding Press,7028000,1405600,5622400,24,11.1,732,58.9,STRUCTURED_LEASE,Performing
EQF-2025-04709,22-10-2025,Logistics & Fleet,Electric Delivery Van,4286000,428600,3857400,24,10.38,733,54.7,STRUCTURED_LEASE,Performing
EQF-2025-04710,22-10-2025,Construction,Tower Crane,4148000,1037000,3111000,60,13.73,784,76.2,REQUIRE_COLLATERAL,30_Days_Past_Due
EQF-2025-04711,22-10-2025,Healthcare,Digital X-Ray System,6603000,660300,5942700,24,9.93,768,47.5,STRUCTURED_LEASE,Performing
EQF-2025-04712,22-10-2025,Construction,Hydraulic Excavator,9953000,1990600,7962400,36,10.55,614,77.7,REQUIRE_COLLATERAL,60_Days_Past_Due
EQF-2025-04713,22-10-2025,Healthcare,Surgical Robot,13015000,1301500,11713500,48,11.54,615,93.1,REJECT,Performing
EQF-2025-04714,22-10-2025,Logistics & Fleet,Forklift Fleet,3547000,354700,3192300,60,7.88,718,61.4,STRUCTURED_LEASE,Performing
EQF-2025-04715,22-10-2025,Construction,Tower Crane,10955000,1095500,9859500,36,11.5,646,79.2,REQUIRE_COLLATERAL,Performing
EQF-2025-04716,22-10-2025,Healthcare,Surgical Robot,12087000,3021750,9065250,24,8.18,703,63.9,STRUCTURED_LEASE,Performing
EQF-2025-04717,22-10-2025,Construction,Hydraulic Excavator,4335000,867000,3468000,48,10.29,650,85.4,REJECT,Performing
EQF-2025-04718,22-10-2025,IT & Enterprise Tech,Edge AI Compute Cluster,5203000,1040600,4162400,36,11.02,716,55.7,STRUCTURED_LEASE,Performing
EQF-2025-04719,22-10-2025,Healthcare,Digital X-Ray System,8562000,1712400,6849600,36,7,643,63.1,REQUIRE_COLLATERAL,60_Days_Past_Due
EQF-2025-04720,22-10-2025,IT & Enterprise Tech,Edge AI Compute Cluster,988000,148200,839800,60,9.03,736,63.7,STRUCTURED_LEASE,Performing
EQF-2025-04721,23-10-2025,Healthcare,MRI Scanner,7536000,1130400,6405600,48,9.47,640,86.3,REJECT,Performing
EQF-2025-04722,23-10-2025,Manufacturing,Industrial Robotic Arm,6845000,1369000,5476000,60,7.9,718,53.2,STRUCTURED_LEASE,30_Days_Past_Due
EQF-2025-04723,23-10-2025,Manufacturing,Industrial Robotic Arm,8221000,822100,7398900,36,10.08,600,92.9,REJECT,Default
EQF-2025-04724,23-10-2025,Healthcare,Digital X-Ray System,7038000,703800,6334200,48,12.12,636,99,REJECT,Performing
EQF-2025-04725,23-10-2025,Manufacturing,Industrial Robotic Arm,3226000,645200,2580800,60,8.12,755,62.7,STRUCTURED_LEASE,Performing
EQF-2025-04726,23-10-2025,Manufacturing,Injection Molding Press,5445000,1361250,4083750,48,11.36,793,48,STRUCTURED_LEASE,Performing
EQF-2025-04727,23-10-2025,IT & Enterprise Tech,Edge AI Compute Cluster,5021000,1255250,3765750,36,10.31,769,54.5,STRUCTURED_LEASE,30_Days_Past_Due
EQF-2025-04728,23-10-2025,Logistics & Fleet,Heavy Duty Hauler,4037000,403700,3633300,60,7.54,759,55.8,STRUCTURED_LEASE,Performing
EQF-2025-04729,23-10-2025,Logistics & Fleet,Electric Delivery Van,3328000,332800,2995200,48,8.95,806,52.7,STRUCTURED_LEASE,Performing
EQF-2025-04730,23-10-2025,Manufacturing,Industrial Robotic Arm,5920000,888000,5032000,48,9.96,772,59.1,STRUCTURED_LEASE,Performing
EQF-2025-04731,23-10-2025,Manufacturing,Injection Molding Press,3195000,798750,2396250,24,11.96,610,81.8,REJECT,Default
EQF-2025-04732,23-10-2025,Manufacturing,Industrial Robotic Arm,4528000,452800,4075200,48,10.78,771,58.4,STRUCTURED_LEASE,Performing
EQF-2025-04733,23-10-2025,Logistics & Fleet,Forklift Fleet,2170000,217000,1953000,60,8.55,770,50.3,STRUCTURED_LEASE,Performing
EQF-2025-04734,23-10-2025,IT & Enterprise Tech,Enterprise Server Rack,5399000,1079800,4319200,48,10.17,588,99,REJECT,60_Days_Past_Due
EQF-2025-04735,23-10-2025,Healthcare,Surgical Robot,5238000,785700,4452300,36,7,666,65.4,REQUIRE_COLLATERAL,Performing
EQF-2025-04736,23-10-2025,Manufacturing,Industrial Robotic Arm,6258000,1564500,4693500,24,10.93,812,39.4,AUTO_APPROVE,Performing
EQF-2025-04737,24-10-2025,Construction,Hydraulic Excavator,4712000,1178000,3534000,36,8.43,701,63,STRUCTURED_LEASE,Performing
EQF-2025-04738,24-10-2025,Healthcare,Digital X-Ray System,9231000,1384650,7846350,36,7.99,635,72.9,REQUIRE_COLLATERAL,Performing
EQF-2025-04739,24-10-2025,Healthcare,Surgical Robot,7294000,729400,6564600,48,9.1,766,53.4,STRUCTURED_LEASE,Performing
EQF-2025-04740,24-10-2025,Construction,Hydraulic Excavator,5248000,1312000,3936000,36,7.71,692,64.8,STRUCTURED_LEASE,30_Days_Past_Due
EQF-2025-04741,24-10-2025,Logistics & Fleet,Heavy Duty Hauler,2189000,547250,1641750,24,9.28,684,62.7,STRUCTURED_LEASE,Performing
EQF-2025-04742,24-10-2025,Manufacturing,Injection Molding Press,6770000,1692500,5077500,36,11.16,766,54.9,STRUCTURED_LEASE,Performing
EQF-2025-04743,24-10-2025,Manufacturing,Injection Molding Press,4060000,812000,3248000,36,7,736,47.6,STRUCTURED_LEASE,Performing
EQF-2025-04744,24-10-2025,IT & Enterprise Tech,Enterprise Server Rack,4577000,686550,3890450,48,9.47,702,61.6,STRUCTURED_LEASE,Performing
EQF-2025-04745,24-10-2025,Manufacturing,CNC Milling Unit,4692000,1173000,3519000,48,9.34,731,61,STRUCTURED_LEASE,Performing
EQF-2025-04746,24-10-2025,Manufacturing,Injection Molding Press,5331000,799650,4531350,60,10.35,698,79.3,REQUIRE_COLLATERAL,Performing
EQF-2025-04747,24-10-2025,Manufacturing,Industrial Robotic Arm,5303000,530300,4772700,36,9.3,769,54,STRUCTURED_LEASE,Performing
EQF-2025-04748,24-10-2025,Manufacturing,CNC Milling Unit,8331000,1249650,7081350,48,11.01,617,94.5,REJECT,Performing
EQF-2025-04749,24-10-2025,Healthcare,Surgical Robot,8038000,1607600,6430400,36,11.63,697,75.1,REQUIRE_COLLATERAL,Performing
EQF-2025-04750,24-10-2025,Logistics & Fleet,Electric Delivery Van,1989000,397800,1591200,24,11.13,683,69.3,REQUIRE_COLLATERAL,Performing
EQF-2025-04751,24-10-2025,Healthcare,MRI Scanner,14030000,2104500,11925500,48,8.49,729,57,STRUCTURED_LEASE,Performing
EQF-2025-04752,24-10-2025,Healthcare,MRI Scanner,5923000,1184600,4738400,48,12.49,636,87.7,REJECT,Performing
EQF-2025-04753,25-10-2025,Logistics & Fleet,Forklift Fleet,4371000,1092750,3278250,24,7.86,807,33.3,AUTO_APPROVE,Performing
EQF-2025-04754,25-10-2025,Construction,Tower Crane,3777000,755400,3021600,24,10.66,661,68.9,REQUIRE_COLLATERAL,Performing
EQF-2025-04755,25-10-2025,IT & Enterprise Tech,Enterprise Server Rack,4225000,422500,3802500,48,11.32,778,58.1,STRUCTURED_LEASE,Performing
EQF-2025-04756,25-10-2025,IT & Enterprise Tech,Edge AI Compute Cluster,1583000,237450,1345550,48,12.71,749,61.5,STRUCTURED_LEASE,Performing
EQF-2025-04757,25-10-2025,Manufacturing,Industrial Robotic Arm,7962000,1194300,6767700,36,11.1,723,53.9,STRUCTURED_LEASE,Performing
EQF-2025-04758,25-10-2025,Logistics & Fleet,Heavy Duty Hauler,3347000,334700,3012300,48,8.46,726,65.6,REQUIRE_COLLATERAL,Performing
EQF-2025-04759,25-10-2025,Construction,Tower Crane,5299000,529900,4769100,60,10.97,589,99,REJECT,Default
EQF-2025-04760,25-10-2025,IT & Enterprise Tech,Enterprise Server Rack,1530000,153000,1377000,36,9.39,677,60.9,STRUCTURED_LEASE,Performing
EQF-2025-04761,25-10-2025,Construction,Tower Crane,5655000,565500,5089500,36,11.25,850,32.3,AUTO_APPROVE,Performing
EQF-2025-04762,25-10-2025,IT & Enterprise Tech,Enterprise Server Rack,4466000,1116500,3349500,36,9.88,723,60,STRUCTURED_LEASE,Performing
EQF-2025-04763,25-10-2025,Logistics & Fleet,Forklift Fleet,2663000,532600,2130400,48,11.74,736,65.3,REQUIRE_COLLATERAL,Performing
EQF-2025-04764,25-10-2025,Manufacturing,CNC Milling Unit,3223000,644600,2578400,36,9.64,585,99,REJECT,60_Days_Past_Due
EQF-2025-04765,25-10-2025,Construction,Hydraulic Excavator,7408000,1852000,5556000,60,11,694,71.7,REQUIRE_COLLATERAL,Performing
EQF-2025-04766,25-10-2025,IT & Enterprise Tech,Enterprise Server Rack,2973000,297300,2675700,48,8.67,686,64.4,STRUCTURED_LEASE,Performing
EQF-2025-04767,25-10-2025,IT & Enterprise Tech,Edge AI Compute Cluster,1662000,249300,1412700,36,11.37,661,83.8,REJECT,Performing
EQF-2025-04768,25-10-2025,Manufacturing,Injection Molding Press,2578000,386700,2191300,24,7,747,44.3,STRUCTURED_LEASE,30_Days_Past_Due
EQF-2025-04769,26-10-2025,Logistics & Fleet,Electric Delivery Van,3888000,583200,3304800,48,10.65,682,80.7,REJECT,Default
EQF-2025-04770,26-10-2025,Healthcare,Digital X-Ray System,14721000,1472100,13248900,36,10.15,662,73.2,REQUIRE_COLLATERAL,60_Days_Past_Due
EQF-2025-04771,26-10-2025,Manufacturing,CNC Milling Unit,3132000,783000,2349000,60,9.82,614,97.6,REJECT,60_Days_Past_Due
EQF-2025-04772,26-10-2025,Healthcare,Digital X-Ray System,12505000,3126250,9378750,36,7,638,71.5,REQUIRE_COLLATERAL,30_Days_Past_Due
EQF-2025-04773,26-10-2025,Manufacturing,CNC Milling Unit,2113000,528250,1584750,36,8.86,646,74.5,REQUIRE_COLLATERAL,Performing
EQF-2025-04774,26-10-2025,Logistics & Fleet,Forklift Fleet,2650000,530000,2120000,48,11.4,687,70.2,REQUIRE_COLLATERAL,Performing
EQF-2025-04775,26-10-2025,Healthcare,Digital X-Ray System,9574000,1914800,7659200,24,8.33,677,72.2,REQUIRE_COLLATERAL,30_Days_Past_Due
EQF-2025-04776,26-10-2025,Logistics & Fleet,Electric Delivery Van,2221000,444200,1776800,48,7.4,669,66.7,REQUIRE_COLLATERAL,30_Days_Past_Due
EQF-2025-04777,26-10-2025,Manufacturing,Industrial Robotic Arm,5207000,1041400,4165600,24,7.99,600,73.4,REQUIRE_COLLATERAL,Performing
EQF-2025-04778,26-10-2025,Healthcare,MRI Scanner,13709000,2056350,11652650,48,11.38,644,92.9,REJECT,Default
EQF-2025-04779,26-10-2025,Manufacturing,CNC Milling Unit,8111000,1216650,6894350,48,10.29,718,69.4,REQUIRE_COLLATERAL,60_Days_Past_Due
EQF-2025-04780,26-10-2025,Manufacturing,Industrial Robotic Arm,2204000,551000,1653000,48,11.73,804,58.2,STRUCTURED_LEASE,Performing
EQF-2025-04781,26-10-2025,Manufacturing,Industrial Robotic Arm,3403000,680600,2722400,48,10.64,814,42.2,STRUCTURED_LEASE,Performing
EQF-2025-04782,26-10-2025,Manufacturing,Injection Molding Press,8354000,2088500,6265500,24,8.3,839,30.9,AUTO_APPROVE,Performing
EQF-2025-04783,26-10-2025,Construction,Bulldozer,4799000,479900,4319100,36,12.34,727,72,REQUIRE_COLLATERAL,Performing
EQF-2025-04784,26-10-2025,Healthcare,Surgical Robot,11620000,2324000,9296000,36,8.68,706,55.9,STRUCTURED_LEASE,30_Days_Past_Due
EQF-2025-04785,27-10-2025,Healthcare,Surgical Robot,6788000,1357600,5430400,36,8.36,751,52.6,STRUCTURED_LEASE,60_Days_Past_Due
EQF-2025-04786,27-10-2025,Healthcare,Surgical Robot,7920000,1980000,5940000,60,9.98,686,73.8,REQUIRE_COLLATERAL,Performing
EQF-2025-04787,27-10-2025,IT & Enterprise Tech,Enterprise Server Rack,1795000,448750,1346250,24,10.22,762,47.1,STRUCTURED_LEASE,Performing
EQF-2025-04788,27-10-2025,IT & Enterprise Tech,Automated Storage Array,5253000,525300,4727700,48,10.85,699,67.4,REQUIRE_COLLATERAL,Performing
EQF-2025-04789,27-10-2025,Construction,Bulldozer,10003000,2500750,7502250,36,9.09,727,60,STRUCTURED_LEASE,Performing
EQF-2025-04790,27-10-2025,Healthcare,Digital X-Ray System,7266000,1453200,5812800,48,11.71,662,80.3,REJECT,Default
EQF-2025-04791,27-10-2025,Manufacturing,CNC Milling Unit,7265000,1089750,6175250,48,8.62,772,45.9,STRUCTURED_LEASE,Performing
EQF-2025-04792,27-10-2025,IT & Enterprise Tech,Automated Storage Array,2663000,266300,2396700,36,7.95,645,80.5,REJECT,Performing
EQF-2025-04793,27-10-2025,Manufacturing,Injection Molding Press,2193000,219300,1973700,48,7,668,70.1,REQUIRE_COLLATERAL,Performing
EQF-2025-04794,27-10-2025,Healthcare,Surgical Robot,12339000,2467800,9871200,24,9.24,688,55.3,STRUCTURED_LEASE,Performing
EQF-2025-04795,27-10-2025,Healthcare,Digital X-Ray System,10561000,1584150,8976850,36,10.84,655,74.1,REQUIRE_COLLATERAL,Performing
EQF-2025-04796,27-10-2025,Healthcare,Digital X-Ray System,7018000,1754500,5263500,48,10.66,746,53.3,STRUCTURED_LEASE,Performing
EQF-2025-04797,27-10-2025,Manufacturing,Industrial Robotic Arm,3271000,817750,2453250,36,10.05,718,58.8,STRUCTURED_LEASE,Performing
EQF-2025-04798,27-10-2025,Logistics & Fleet,Forklift Fleet,4907000,736050,4170950,48,8.87,646,80.6,REJECT,60_Days_Past_Due
EQF-2025-04799,27-10-2025,Manufacturing,Industrial Robotic Arm,7538000,1130700,6407300,36,11.45,676,77.4,REQUIRE_COLLATERAL,Default
EQF-2025-04800,27-10-2025,Construction,Bulldozer,9383000,1876600,7506400,48,9.7,719,68.8,REQUIRE_COLLATERAL,30_Days_Past_Due
EQF-2025-04801,28-10-2025,Manufacturing,CNC Milling Unit,2396000,599000,1797000,36,10.16,723,58,STRUCTURED_LEASE,Performing
EQF-2025-04802,28-10-2025,Manufacturing,Injection Molding Press,6786000,1357200,5428800,48,7.81,647,74.5,REQUIRE_COLLATERAL,Performing
EQF-2025-04803,28-10-2025,IT & Enterprise Tech,Edge AI Compute Cluster,1916000,479000,1437000,60,7,711,66.2,REQUIRE_COLLATERAL,Performing
EQF-2025-04804,28-10-2025,Manufacturing,CNC Milling Unit,8342000,2085500,6256500,36,10.87,750,61,STRUCTURED_LEASE,Performing
EQF-2025-04805,28-10-2025,Logistics & Fleet,Forklift Fleet,1398000,209700,1188300,36,13.35,690,74.7,REQUIRE_COLLATERAL,Performing
EQF-2025-04806,28-10-2025,Construction,Hydraulic Excavator,5493000,1098600,4394400,60,10.24,643,89.3,REJECT,Performing
EQF-2025-04807,28-10-2025,Manufacturing,CNC Milling Unit,4501000,675150,3825850,36,10.87,796,43.8,STRUCTURED_LEASE,Performing
EQF-2025-04808,28-10-2025,IT & Enterprise Tech,Enterprise Server Rack,5086000,1017200,4068800,48,10.84,750,49.5,STRUCTURED_LEASE,Performing
EQF-2025-04809,28-10-2025,Manufacturing,Injection Molding Press,6864000,1716000,5148000,60,9.68,683,80.6,REJECT,60_Days_Past_Due
EQF-2025-04810,28-10-2025,IT & Enterprise Tech,Edge AI Compute Cluster,2750000,275000,2475000,48,7.24,716,62.6,STRUCTURED_LEASE,Performing
EQF-2025-04811,28-10-2025,Manufacturing,Injection Molding Press,5459000,545900,4913100,36,10.68,686,69.9,REQUIRE_COLLATERAL,Performing
EQF-2025-04812,28-10-2025,IT & Enterprise Tech,Edge AI Compute Cluster,5145000,1029000,4116000,36,11.87,645,82.9,REJECT,60_Days_Past_Due
EQF-2025-04813,28-10-2025,Manufacturing,Injection Molding Press,1627000,325400,1301600,36,10.39,754,60.6,STRUCTURED_LEASE,Performing
EQF-2025-04814,28-10-2025,Construction,Bulldozer,9319000,1397850,7921150,36,9.27,818,38.2,AUTO_APPROVE,Performing
EQF-2025-04815,28-10-2025,Logistics & Fleet,Forklift Fleet,4798000,1199500,3598500,36,10.24,768,36.9,AUTO_APPROVE,30_Days_Past_Due
EQF-2025-04816,28-10-2025,IT & Enterprise Tech,Edge AI Compute Cluster,967000,96700,870300,48,9.52,725,52.7,STRUCTURED_LEASE,Performing
EQF-2025-04817,29-10-2025,IT & Enterprise Tech,Automated Storage Array,1037000,155550,881450,36,11.59,689,78.4,REQUIRE_COLLATERAL,Performing
EQF-2025-04818,29-10-2025,Logistics & Fleet,Heavy Duty Hauler,2509000,501800,2007200,60,9.96,550,99,REJECT,Performing
EQF-2025-04819,29-10-2025,IT & Enterprise Tech,Automated Storage Array,1256000,314000,942000,48,10.72,812,52,STRUCTURED_LEASE,Performing
EQF-2025-04820,29-10-2025,Manufacturing,CNC Milling Unit,4855000,728250,4126750,60,11.34,666,90.9,REJECT,Performing
EQF-2025-04821,29-10-2025,Healthcare,Digital X-Ray System,12016000,1802400,10213600,36,10.73,764,60.5,STRUCTURED_LEASE,Performing
EQF-2025-04822,29-10-2025,Healthcare,Digital X-Ray System,10236000,2047200,8188800,48,9.74,771,46.2,STRUCTURED_LEASE,Performing
EQF-2025-04823,29-10-2025,Healthcare,Surgical Robot,6161000,1540250,4620750,36,7.38,769,43.8,STRUCTURED_LEASE,Performing
EQF-2025-04824,29-10-2025,Healthcare,Surgical Robot,11203000,1120300,10082700,36,10.31,619,79.9,REQUIRE_COLLATERAL,Performing
EQF-2025-04825,29-10-2025,Construction,Bulldozer,8321000,1248150,7072850,48,11.05,773,56.5,STRUCTURED_LEASE,Performing
EQF-2025-04826,29-10-2025,Manufacturing,CNC Milling Unit,8027000,1605400,6421600,48,7.24,679,61.2,STRUCTURED_LEASE,60_Days_Past_Due
EQF-2025-04827,29-10-2025,Logistics & Fleet,Electric Delivery Van,1758000,263700,1494300,24,10.28,704,62.2,STRUCTURED_LEASE,Performing
EQF-2025-04828,29-10-2025,Manufacturing,CNC Milling Unit,6346000,1269200,5076800,36,9.67,702,56,STRUCTURED_LEASE,Performing
EQF-2025-04829,29-10-2025,Healthcare,MRI Scanner,14026000,2805200,11220800,36,7,669,64.3,STRUCTURED_LEASE,Performing
EQF-2025-04830,29-10-2025,Construction,Bulldozer,6763000,1352600,5410400,48,10.15,690,79.2,REQUIRE_COLLATERAL,Performing
EQF-2025-04831,29-10-2025,Logistics & Fleet,Forklift Fleet,2575000,643750,1931250,60,11.72,719,69.2,REQUIRE_COLLATERAL,60_Days_Past_Due
EQF-2025-04832,29-10-2025,Logistics & Fleet,Heavy Duty Hauler,1849000,184900,1664100,24,9.69,648,69.5,REQUIRE_COLLATERAL,Performing
EQF-2025-04833,30-10-2025,Construction,Hydraulic Excavator,9868000,2467000,7401000,36,7,603,81.2,REJECT,60_Days_Past_Due
EQF-2025-04834,30-10-2025,Manufacturing,Injection Molding Press,4260000,426000,3834000,60,10.19,768,59.4,STRUCTURED_LEASE,Performing
EQF-2025-04835,30-10-2025,Construction,Bulldozer,10362000,2072400,8289600,36,11.3,728,64.1,STRUCTURED_LEASE,Performing
EQF-2025-04836,30-10-2025,Manufacturing,CNC Milling Unit,7434000,743400,6690600,48,8.37,588,86.5,REJECT,60_Days_Past_Due
EQF-2025-04837,30-10-2025,Healthcare,Surgical Robot,8143000,2035750,6107250,24,9.29,736,49.7,STRUCTURED_LEASE,Performing
EQF-2025-04838,30-10-2025,Healthcare,Surgical Robot,10313000,1546950,8766050,36,9.1,698,64.6,STRUCTURED_LEASE,Performing
EQF-2025-04839,30-10-2025,Manufacturing,CNC Milling Unit,1690000,422500,1267500,48,9.78,625,90.3,REJECT,60_Days_Past_Due
EQF-2025-04840,30-10-2025,Healthcare,MRI Scanner,6895000,1723750,5171250,48,9.05,674,69.4,REQUIRE_COLLATERAL,Performing
EQF-2025-04841,30-10-2025,IT & Enterprise Tech,Edge AI Compute Cluster,4493000,1123250,3369750,36,11.63,734,60.9,STRUCTURED_LEASE,Performing
EQF-2025-04842,30-10-2025,IT & Enterprise Tech,Enterprise Server Rack,4325000,1081250,3243750,36,11.59,645,71.7,REQUIRE_COLLATERAL,60_Days_Past_Due
EQF-2025-04843,30-10-2025,Healthcare,Surgical Robot,7887000,1971750,5915250,36,8.7,643,73.3,REQUIRE_COLLATERAL,30_Days_Past_Due
EQF-2025-04844,30-10-2025,Manufacturing,CNC Milling Unit,7160000,716000,6444000,48,11.63,673,79.9,REQUIRE_COLLATERAL,Performing
EQF-2025-04845,30-10-2025,Manufacturing,CNC Milling Unit,3151000,315100,2835900,60,7.13,648,82.5,REJECT,Default
EQF-2025-04846,30-10-2025,Healthcare,MRI Scanner,9074000,1361100,7712900,48,8.39,638,75.6,REQUIRE_COLLATERAL,Performing
EQF-2025-04847,30-10-2025,IT & Enterprise Tech,Edge AI Compute Cluster,3257000,814250,2442750,24,10.54,637,78.1,REQUIRE_COLLATERAL,Performing
EQF-2025-04848,30-10-2025,Manufacturing,Industrial Robotic Arm,3886000,971500,2914500,60,9.74,738,65.4,REQUIRE_COLLATERAL,Performing
EQF-2025-04849,31-10-2025,Logistics & Fleet,Forklift Fleet,4828000,724200,4103800,24,9.82,651,63.6,STRUCTURED_LEASE,Performing
EQF-2025-04850,31-10-2025,Manufacturing,Industrial Robotic Arm,6377000,956550,5420450,36,10.17,780,42.3,STRUCTURED_LEASE,30_Days_Past_Due
EQF-2025-04851,31-10-2025,IT & Enterprise Tech,Enterprise Server Rack,3604000,720800,2883200,48,8.88,850,36.4,AUTO_APPROVE,Performing
EQF-2025-04852,31-10-2025,Healthcare,Digital X-Ray System,9616000,1442400,8173600,24,11.49,699,66,REQUIRE_COLLATERAL,Performing
EQF-2025-04853,31-10-2025,Logistics & Fleet,Heavy Duty Hauler,1805000,270750,1534250,24,10.65,841,33.1,AUTO_APPROVE,Performing
EQF-2025-04854,31-10-2025,Healthcare,Digital X-Ray System,8094000,1214100,6879900,36,9.46,745,50.1,STRUCTURED_LEASE,Performing
EQF-2025-04855,31-10-2025,Construction,Tower Crane,8219000,1643800,6575200,48,11,720,60,STRUCTURED_LEASE,Performing
EQF-2025-04856,31-10-2025,Manufacturing,Industrial Robotic Arm,7972000,797200,7174800,48,10.3,705,71.4,REQUIRE_COLLATERAL,Performing
EQF-2025-04857,31-10-2025,Manufacturing,CNC Milling Unit,7215000,1443000,5772000,36,9.25,582,90.9,REJECT,Performing
EQF-2025-04858,31-10-2025,IT & Enterprise Tech,Edge AI Compute Cluster,2362000,236200,2125800,48,9.18,680,62.3,STRUCTURED_LEASE,30_Days_Past_Due
EQF-2025-04859,31-10-2025,IT & Enterprise Tech,Enterprise Server Rack,3057000,458550,2598450,48,7.89,636,78.3,REQUIRE_COLLATERAL,Performing
EQF-2025-04860,31-10-2025,IT & Enterprise Tech,Enterprise Server Rack,1231000,246200,984800,48,8.69,766,60.9,STRUCTURED_LEASE,Performing
EQF-2025-04861,31-10-2025,Construction,Bulldozer,3368000,673600,2694400,36,9.33,821,40.7,STRUCTURED_LEASE,Performing
EQF-2025-04862,31-10-2025,Logistics & Fleet,Electric Delivery Van,2987000,298700,2688300,24,9.74,723,52.1,STRUCTURED_LEASE,Performing
EQF-2025-04863,31-10-2025,Manufacturing,Injection Molding Press,5212000,1042400,4169600,36,8.25,726,57.1,STRUCTURED_LEASE,Performing
EQF-2025-04864,31-10-2025,Healthcare,Surgical Robot,6904000,1380800,5523200,48,9.67,772,51.8,STRUCTURED_LEASE,Performing
EQF-2025-04865,01-11-2025,Healthcare,MRI Scanner,11071000,2767750,8303250,48,8.8,717,71.3,REQUIRE_COLLATERAL,Default
EQF-2025-04866,01-11-2025,Construction,Tower Crane,8479000,847900,7631100,60,8.54,788,44.8,STRUCTURED_LEASE,Performing
EQF-2025-04867,01-11-2025,Healthcare,MRI Scanner,7290000,1458000,5832000,36,10.39,850,40.2,STRUCTURED_LEASE,Performing
EQF-2025-04868,01-11-2025,Manufacturing,CNC Milling Unit,6809000,1361800,5447200,24,9.87,803,33.3,AUTO_APPROVE,Performing
EQF-2025-04869,01-11-2025,Construction,Tower Crane,4248000,637200,3610800,24,9.41,669,69.4,REQUIRE_COLLATERAL,Performing
EQF-2025-04870,01-11-2025,Logistics & Fleet,Heavy Duty Hauler,3268000,817000,2451000,36,10.38,764,55.8,STRUCTURED_LEASE,Performing
EQF-2025-04871,01-11-2025,Healthcare,Digital X-Ray System,12847000,3211750,9635250,48,7.69,666,77.6,REQUIRE_COLLATERAL,Performing
EQF-2025-04872,01-11-2025,Manufacturing,Industrial Robotic Arm,5259000,788850,4470150,60,7.81,695,73.1,REQUIRE_COLLATERAL,Performing
EQF-2025-04873,01-11-2025,Manufacturing,CNC Milling Unit,7856000,1178400,6677600,48,9,816,34.1,AUTO_APPROVE,Performing
EQF-2025-04874,01-11-2025,Manufacturing,CNC Milling Unit,1910000,286500,1623500,48,9.34,645,80.1,REJECT,Performing
EQF-2025-04875,01-11-2025,Healthcare,Surgical Robot,10471000,1570650,8900350,48,10.65,684,76.9,REQUIRE_COLLATERAL,Performing
EQF-2025-04876,01-11-2025,Construction,Hydraulic Excavator,7275000,1818750,5456250,24,8.56,784,46,STRUCTURED_LEASE,Performing
EQF-2025-04877,01-11-2025,Construction,Tower Crane,8113000,1622600,6490400,48,8.59,654,70.8,REQUIRE_COLLATERAL,Performing
EQF-2025-04878,01-11-2025,Logistics & Fleet,Forklift Fleet,4367000,873400,3493600,48,11.13,585,92.5,REJECT,Default
EQF-2025-04879,01-11-2025,Healthcare,Digital X-Ray System,11984000,1797600,10186400,36,7.88,613,73,REQUIRE_COLLATERAL,Performing
EQF-2025-04880,01-11-2025,Logistics & Fleet,Forklift Fleet,4203000,420300,3782700,48,11.02,670,78.2,REQUIRE_COLLATERAL,30_Days_Past_Due
EQF-2025-04881,02-11-2025,Manufacturing,CNC Milling Unit,3522000,528300,2993700,48,9.51,707,68.1,REQUIRE_COLLATERAL,Performing
EQF-2025-04882,02-11-2025,Construction,Hydraulic Excavator,5794000,1158800,4635200,24,8.33,690,62.5,STRUCTURED_LEASE,Performing
EQF-2025-04883,02-11-2025,Logistics & Fleet,Heavy Duty Hauler,3582000,358200,3223800,36,7.86,676,65,REQUIRE_COLLATERAL,Performing
EQF-2025-04884,02-11-2025,Manufacturing,Industrial Robotic Arm,5374000,806100,4567900,36,9.22,714,60.4,STRUCTURED_LEASE,Performing
EQF-2025-04885,02-11-2025,Manufacturing,Injection Molding Press,8228000,822800,7405200,36,10.48,677,71.4,REQUIRE_COLLATERAL,60_Days_Past_Due
EQF-2025-04886,02-11-2025,IT & Enterprise Tech,Edge AI Compute Cluster,1772000,265800,1506200,36,9.48,664,71.4,REQUIRE_COLLATERAL,Performing
EQF-2025-04887,02-11-2025,Healthcare,Surgical Robot,7864000,1966000,5898000,48,10.88,724,56.9,STRUCTURED_LEASE,Performing
EQF-2025-04888,02-11-2025,Logistics & Fleet,Heavy Duty Hauler,3376000,675200,2700800,36,10.83,717,59.1,STRUCTURED_LEASE,Performing
EQF-2025-04889,02-11-2025,Manufacturing,Industrial Robotic Arm,7576000,1136400,6439600,48,10.71,776,56.9,STRUCTURED_LEASE,Performing
EQF-2025-04890,02-11-2025,Logistics & Fleet,Heavy Duty Hauler,4732000,473200,4258800,60,10.77,841,41.5,STRUCTURED_LEASE,Performing
EQF-2025-04891,02-11-2025,Healthcare,Digital X-Ray System,7696000,1539200,6156800,48,8.7,572,92.2,REJECT,Performing
EQF-2025-04892,02-11-2025,Manufacturing,CNC Milling Unit,1970000,295500,1674500,48,10.67,743,67.7,REQUIRE_COLLATERAL,Performing
EQF-2025-04893,02-11-2025,Construction,Tower Crane,6084000,912600,5171400,48,12.7,720,76.3,REQUIRE_COLLATERAL,Performing
EQF-2025-04894,02-11-2025,Manufacturing,Industrial Robotic Arm,4260000,639000,3621000,48,10.97,793,47.4,STRUCTURED_LEASE,Performing
EQF-2025-04895,02-11-2025,Healthcare,Surgical Robot,14851000,2227650,12623350,36,8.92,677,75.9,REQUIRE_COLLATERAL,Performing
EQF-2025-04896,02-11-2025,Manufacturing,CNC Milling Unit,4517000,1129250,3387750,36,8.63,685,65.1,REQUIRE_COLLATERAL,Performing
EQF-2025-04897,03-11-2025,Manufacturing,Injection Molding Press,3640000,728000,2912000,48,9.67,626,89,REJECT,Performing
EQF-2025-04898,03-11-2025,Healthcare,Surgical Robot,8019000,2004750,6014250,48,10.66,776,54,STRUCTURED_LEASE,Performing
EQF-2025-04899,03-11-2025,Manufacturing,CNC Milling Unit,4278000,855600,3422400,60,9.77,718,65.3,REQUIRE_COLLATERAL,Performing
EQF-2025-04900,03-11-2025,IT & Enterprise Tech,Edge AI Compute Cluster,5072000,760800,4311200,48,7.84,783,50.4,STRUCTURED_LEASE,Performing
EQF-2025-04901,03-11-2025,Manufacturing,Injection Molding Press,2067000,413400,1653600,60,10.64,681,74.1,REQUIRE_COLLATERAL,Performing
EQF-2025-04902,03-11-2025,Construction,Hydraulic Excavator,5190000,519000,4671000,24,10.91,666,70.9,REQUIRE_COLLATERAL,60_Days_Past_Due
EQF-2025-04903,03-11-2025,Manufacturing,Industrial Robotic Arm,8264000,1652800,6611200,48,8.18,757,52.8,STRUCTURED_LEASE,Performing
EQF-2025-04904,03-11-2025,Healthcare,Surgical Robot,5684000,568400,5115600,60,10.94,687,76,REQUIRE_COLLATERAL,Performing
EQF-2025-04905,03-11-2025,IT & Enterprise Tech,Automated Storage Array,4662000,466200,4195800,36,9.68,751,47.1,STRUCTURED_LEASE,Performing
EQF-2025-04906,03-11-2025,Manufacturing,Injection Molding Press,3995000,998750,2996250,36,10.23,743,59.4,STRUCTURED_LEASE,Performing
EQF-2025-04907,03-11-2025,IT & Enterprise Tech,Edge AI Compute Cluster,3825000,765000,3060000,36,10.26,716,67.5,REQUIRE_COLLATERAL,60_Days_Past_Due
EQF-2025-04908,03-11-2025,Manufacturing,Injection Molding Press,2197000,329550,1867450,48,9.93,670,76.7,REQUIRE_COLLATERAL,30_Days_Past_Due
EQF-2025-04909,03-11-2025,Logistics & Fleet,Electric Delivery Van,2364000,472800,1891200,24,8.9,733,48.7,STRUCTURED_LEASE,Performing
EQF-2025-04910,03-11-2025,Construction,Bulldozer,6757000,1689250,5067750,48,10.25,660,89.6,REJECT,Default
EQF-2025-04911,03-11-2025,IT & Enterprise Tech,Enterprise Server Rack,2005000,200500,1804500,24,9.57,716,56.6,STRUCTURED_LEASE,Performing
EQF-2025-04912,03-11-2025,Construction,Bulldozer,7106000,710600,6395400,36,9.99,819,38.4,AUTO_APPROVE,Performing
EQF-2025-04913,04-11-2025,Construction,Hydraulic Excavator,4368000,1092000,3276000,60,9.09,790,36.6,AUTO_APPROVE,Performing
EQF-2025-04914,04-11-2025,Manufacturing,CNC Milling Unit,6051000,1512750,4538250,36,10.09,676,65.1,REQUIRE_COLLATERAL,Performing
EQF-2025-04915,04-11-2025,Manufacturing,CNC Milling Unit,7830000,1566000,6264000,24,9.5,727,61,STRUCTURED_LEASE,30_Days_Past_Due
EQF-2025-04916,04-11-2025,IT & Enterprise Tech,Edge AI Compute Cluster,1245000,124500,1120500,36,8,675,83.4,REJECT,Performing
EQF-2025-04917,04-11-2025,Healthcare,MRI Scanner,6383000,1595750,4787250,48,10.31,728,70.4,REQUIRE_COLLATERAL,Performing
EQF-2025-04918,04-11-2025,Healthcare,Surgical Robot,13289000,2657800,10631200,36,11.12,650,74.1,REQUIRE_COLLATERAL,Performing
EQF-2025-04919,04-11-2025,Logistics & Fleet,Electric Delivery Van,3600000,720000,2880000,48,10.12,667,79.3,REQUIRE_COLLATERAL,60_Days_Past_Due
EQF-2025-04920,04-11-2025,Healthcare,MRI Scanner,4866000,729900,4136100,60,9.24,831,40.6,STRUCTURED_LEASE,Performing
EQF-2025-04921,04-11-2025,IT & Enterprise Tech,Edge AI Compute Cluster,3329000,332900,2996100,36,10.11,718,60.3,STRUCTURED_LEASE,Performing
EQF-2025-04922,04-11-2025,Logistics & Fleet,Electric Delivery Van,1997000,399400,1597600,36,8.51,680,60.4,STRUCTURED_LEASE,Performing
EQF-2025-04923,04-11-2025,Construction,Tower Crane,4192000,1048000,3144000,36,10.7,571,98.3,REJECT,Performing
EQF-2025-04924,04-11-2025,IT & Enterprise Tech,Automated Storage Array,5691000,569100,5121900,48,10.84,720,60.5,STRUCTURED_LEASE,Performing
EQF-2025-04925,04-11-2025,Manufacturing,CNC Milling Unit,6831000,1707750,5123250,24,9.46,850,16.5,AUTO_APPROVE,Performing
EQF-2025-04926,04-11-2025,Healthcare,Digital X-Ray System,11659000,2914750,8744250,48,9.7,672,72.9,REQUIRE_COLLATERAL,Performing
EQF-2025-04927,04-11-2025,Construction,Tower Crane,4531000,906200,3624800,60,8,685,59.1,STRUCTURED_LEASE,Performing
EQF-2025-04928,04-11-2025,Manufacturing,Industrial Robotic Arm,2330000,466000,1864000,36,10.39,713,59.8,STRUCTURED_LEASE,Performing
EQF-2025-04929,05-11-2025,Logistics & Fleet,Heavy Duty Hauler,4509000,676350,3832650,48,9.18,668,77.6,REQUIRE_COLLATERAL,Performing
EQF-2025-04930,05-11-2025,IT & Enterprise Tech,Edge AI Compute Cluster,831000,207750,623250,24,7,850,28.3,AUTO_APPROVE,Performing
EQF-2025-04931,05-11-2025,Healthcare,Digital X-Ray System,8269000,1653800,6615200,48,9.7,773,55.9,STRUCTURED_LEASE,Performing
EQF-2025-04932,05-11-2025,Healthcare,Surgical Robot,7054000,1058100,5995900,36,9.36,755,51.1,STRUCTURED_LEASE,Performing
EQF-2025-04933,05-11-2025,IT & Enterprise Tech,Enterprise Server Rack,3766000,376600,3389400,48,8.01,847,30,AUTO_APPROVE,Performing
EQF-2025-04934,05-11-2025,Healthcare,Surgical Robot,6756000,1013400,5742600,48,10.99,820,40.5,STRUCTURED_LEASE,Performing
EQF-2025-04935,05-11-2025,Construction,Hydraulic Excavator,5145000,771750,4373250,36,8.88,715,67.5,REQUIRE_COLLATERAL,Performing
EQF-2025-04936,05-11-2025,Healthcare,MRI Scanner,13350000,3337500,10012500,48,8.43,691,61.6,STRUCTURED_LEASE,30_Days_Past_Due
EQF-2025-04937,05-11-2025,IT & Enterprise Tech,Enterprise Server Rack,3937000,393700,3543300,48,11.18,691,74.6,REQUIRE_COLLATERAL,Performing
EQF-2025-04938,05-11-2025,Construction,Bulldozer,3738000,934500,2803500,36,10.13,674,74.8,REQUIRE_COLLATERAL,Performing
EQF-2025-04939,05-11-2025,Logistics & Fleet,Forklift Fleet,3961000,990250,2970750,60,8.06,695,59.9,STRUCTURED_LEASE,30_Days_Past_Due
EQF-2025-04940,05-11-2025,Logistics & Fleet,Forklift Fleet,1988000,298200,1689800,24,9.51,676,54.3,STRUCTURED_LEASE,Performing
EQF-2025-04941,05-11-2025,Healthcare,Surgical Robot,8763000,1314450,7448550,48,8.35,636,82.8,REJECT,60_Days_Past_Due
EQF-2025-04942,05-11-2025,Healthcare,Digital X-Ray System,11113000,2222600,8890400,36,7.64,552,85.9,REJECT,Performing
EQF-2025-04943,05-11-2025,Logistics & Fleet,Electric Delivery Van,2233000,334950,1898050,48,7.53,777,48.6,STRUCTURED_LEASE,Performing
EQF-2025-04944,05-11-2025,Healthcare,Digital X-Ray System,8225000,1645000,6580000,36,10.56,550,95.7,REJECT,60_Days_Past_Due
EQF-2025-04945,06-11-2025,Logistics & Fleet,Heavy Duty Hauler,3990000,997500,2992500,36,8.34,733,56.2,STRUCTURED_LEASE,Performing
EQF-2025-04946,06-11-2025,IT & Enterprise Tech,Edge AI Compute Cluster,5677000,851550,4825450,24,8.06,772,44.1,STRUCTURED_LEASE,Performing
EQF-2025-04947,06-11-2025,Construction,Hydraulic Excavator,6999000,699900,6299100,48,9.19,738,64.3,STRUCTURED_LEASE,Performing
EQF-2025-04948,06-11-2025,Logistics & Fleet,Forklift Fleet,1238000,123800,1114200,48,13.38,700,79.1,REQUIRE_COLLATERAL,Performing
EQF-2025-04949,06-11-2025,Logistics & Fleet,Heavy Duty Hauler,2486000,621500,1864500,48,10.23,724,65.7,REQUIRE_COLLATERAL,Performing
EQF-2025-04950,06-11-2025,Logistics & Fleet,Heavy Duty Hauler,2715000,678750,2036250,60,10.76,681,87.5,REJECT,Default
EQF-2025-04951,06-11-2025,Healthcare,Digital X-Ray System,7731000,1159650,6571350,60,8.11,703,63.3,STRUCTURED_LEASE,30_Days_Past_Due
EQF-2025-04952,06-11-2025,Manufacturing,Injection Molding Press,4554000,910800,3643200,48,10.17,689,72.5,REQUIRE_COLLATERAL,Performing
EQF-2025-04953,06-11-2025,Healthcare,Surgical Robot,10959000,1643850,9315150,48,9.52,665,80.6,REJECT,Performing
EQF-2025-04954,06-11-2025,Logistics & Fleet,Electric Delivery Van,1660000,332000,1328000,24,8.48,787,26.4,AUTO_APPROVE,Performing
EQF-2025-04955,06-11-2025,Construction,Bulldozer,4817000,722550,4094450,48,9.2,766,60.7,STRUCTURED_LEASE,Performing
EQF-2025-04956,06-11-2025,Logistics & Fleet,Forklift Fleet,3129000,312900,2816100,48,8.57,700,65.4,REQUIRE_COLLATERAL,Performing
EQF-2025-04957,06-11-2025,Healthcare,Surgical Robot,7471000,747100,6723900,24,9.73,713,60.9,STRUCTURED_LEASE,Performing
EQF-2025-04958,06-11-2025,Construction,Tower Crane,10924000,2184800,8739200,48,9.21,661,73.8,REQUIRE_COLLATERAL,Performing
EQF-2025-04959,06-11-2025,Manufacturing,Injection Molding Press,4520000,678000,3842000,60,8.57,733,64.8,STRUCTURED_LEASE,Performing
EQF-2025-04960,06-11-2025,Logistics & Fleet,Heavy Duty Hauler,4505000,1126250,3378750,36,9.16,703,64.6,STRUCTURED_LEASE,Performing
EQF-2025-04961,07-11-2025,Construction,Hydraulic Excavator,10120000,2024000,8096000,36,10.83,688,64.6,STRUCTURED_LEASE,30_Days_Past_Due
EQF-2025-04962,07-11-2025,Manufacturing,Injection Molding Press,7352000,735200,6616800,36,7.79,726,53,STRUCTURED_LEASE,Performing
EQF-2025-04963,07-11-2025,Healthcare,Digital X-Ray System,4516000,903200,3612800,36,8.7,715,62.2,STRUCTURED_LEASE,Performing
EQF-2025-04964,07-11-2025,Logistics & Fleet,Electric Delivery Van,4801000,720150,4080850,24,10.01,654,79.7,REQUIRE_COLLATERAL,Performing
EQF-2025-04965,07-11-2025,Construction,Tower Crane,3594000,898500,2695500,36,8.62,768,45.9,STRUCTURED_LEASE,Performing
EQF-2025-04966,07-11-2025,Manufacturing,Injection Molding Press,1741000,435250,1305750,36,11.4,774,46.1,STRUCTURED_LEASE,Performing
EQF-2025-04967,07-11-2025,IT & Enterprise Tech,Automated Storage Array,2955000,591000,2364000,60,11.24,665,85.2,REJECT,Default
EQF-2025-04968,07-11-2025,Logistics & Fleet,Heavy Duty Hauler,1940000,291000,1649000,36,11.31,850,34.2,AUTO_APPROVE,Performing
EQF-2025-04969,07-11-2025,IT & Enterprise Tech,Edge AI Compute Cluster,1758000,263700,1494300,36,10.48,648,82.3,REJECT,Default
EQF-2025-04970,07-11-2025,Healthcare,MRI Scanner,7166000,1791500,5374500,36,10.97,750,53.2,STRUCTURED_LEASE,Performing
EQF-2025-04971,07-11-2025,Construction,Hydraulic Excavator,4611000,461100,4149900,24,9.54,746,44.3,STRUCTURED_LEASE,Performing
EQF-2025-04972,07-11-2025,IT & Enterprise Tech,Edge AI Compute Cluster,4361000,654150,3706850,60,8.65,756,65.6,REQUIRE_COLLATERAL,30_Days_Past_Due
EQF-2025-04973,07-11-2025,Construction,Bulldozer,4088000,1022000,3066000,48,8.74,821,37.6,AUTO_APPROVE,Performing
EQF-2025-04974,07-11-2025,Logistics & Fleet,Forklift Fleet,3264000,816000,2448000,48,7.17,692,60.4,STRUCTURED_LEASE,60_Days_Past_Due
EQF-2025-04975,07-11-2025,Healthcare,MRI Scanner,14851000,2227650,12623350,36,8.98,712,57.5,STRUCTURED_LEASE,Performing
EQF-2025-04976,07-11-2025,Healthcare,MRI Scanner,8756000,1313400,7442600,48,9.07,737,66.3,REQUIRE_COLLATERAL,Performing
EQF-2025-04977,08-11-2025,Manufacturing,CNC Milling Unit,5993000,1198600,4794400,36,9.24,600,97.6,REJECT,Default
EQF-2025-04978,08-11-2025,Manufacturing,CNC Milling Unit,8286000,828600,7457400,24,13.28,718,61.5,STRUCTURED_LEASE,Performing
EQF-2025-04979,08-11-2025,Manufacturing,Industrial Robotic Arm,2463000,492600,1970400,36,8.41,736,53.4,STRUCTURED_LEASE,Performing
EQF-2025-04980,08-11-2025,Manufacturing,CNC Milling Unit,4430000,886000,3544000,60,9.17,663,80.9,REJECT,Default
EQF-2025-04981,08-11-2025,IT & Enterprise Tech,Enterprise Server Rack,5221000,1305250,3915750,36,12.73,850,29.5,AUTO_APPROVE,Performing
EQF-2025-04982,08-11-2025,Manufacturing,Injection Molding Press,8026000,2006500,6019500,48,8.47,727,57.5,STRUCTURED_LEASE,Performing
EQF-2025-04983,08-11-2025,Logistics & Fleet,Forklift Fleet,3485000,348500,3136500,24,7.96,662,75.5,REQUIRE_COLLATERAL,Performing
EQF-2025-04984,08-11-2025,Logistics & Fleet,Forklift Fleet,1745000,349000,1396000,24,9.21,672,65,REQUIRE_COLLATERAL,60_Days_Past_Due
EQF-2025-04985,08-11-2025,Construction,Tower Crane,10163000,2032600,8130400,48,8.46,658,81.6,REJECT,Default
EQF-2025-04986,08-11-2025,Manufacturing,Industrial Robotic Arm,2721000,680250,2040750,36,11.14,660,76.8,REQUIRE_COLLATERAL,30_Days_Past_Due
EQF-2025-04987,08-11-2025,Logistics & Fleet,Forklift Fleet,2541000,635250,1905750,60,9.73,731,54.9,STRUCTURED_LEASE,30_Days_Past_Due
EQF-2025-04988,08-11-2025,Construction,Bulldozer,5692000,853800,4838200,36,7.86,737,57.9,STRUCTURED_LEASE,Performing
EQF-2025-04989,08-11-2025,Logistics & Fleet,Heavy Duty Hauler,2900000,580000,2320000,36,9.98,739,55.4,STRUCTURED_LEASE,Performing
EQF-2025-04990,08-11-2025,Logistics & Fleet,Heavy Duty Hauler,4203000,420300,3782700,48,9.79,754,64.2,STRUCTURED_LEASE,Performing
EQF-2025-04991,08-11-2025,IT & Enterprise Tech,Edge AI Compute Cluster,4971000,994200,3976800,48,7.44,737,56.6,STRUCTURED_LEASE,Performing
EQF-2025-04992,08-11-2025,Construction,Tower Crane,8617000,2154250,6462750,24,10.17,850,29.6,AUTO_APPROVE,Performing
EQF-2025-04993,09-11-2025,Healthcare,MRI Scanner,4243000,636450,3606550,48,10.25,768,57.3,STRUCTURED_LEASE,Performing
EQF-2025-04994,09-11-2025,Construction,Bulldozer,7301000,1460200,5840800,48,7.48,642,78.5,REQUIRE_COLLATERAL,Performing
EQF-2025-04995,09-11-2025,Manufacturing,CNC Milling Unit,6732000,673200,6058800,24,7.68,712,45.8,STRUCTURED_LEASE,Performing
EQF-2025-04996,09-11-2025,IT & Enterprise Tech,Edge AI Compute Cluster,3112000,778000,2334000,60,8.97,636,90.1,REJECT,60_Days_Past_Due
EQF-2025-04997,09-11-2025,Manufacturing,Industrial Robotic Arm,8115000,1217250,6897750,36,8.57,711,60.1,STRUCTURED_LEASE,Performing
EQF-2025-04998,09-11-2025,Healthcare,MRI Scanner,13062000,2612400,10449600,36,10.39,618,84.8,REJECT,Performing
EQF-2025-04999,09-11-2025,Logistics & Fleet,Heavy Duty Hauler,3625000,362500,3262500,48,8.85,694,70.3,REQUIRE_COLLATERAL,30_Days_Past_Due
EQF-2025-05000,09-11-2025,Construction,Hydraulic Excavator,3031000,757750,2273250,36,9.24,702,68.2,REQUIRE_COLLATERAL,Performing
