Contract_ID,Client_ID,Equipment_ID,Origination_Date,Asset_Cost_INR,Down_Payment_INR,Financed_Amount_INR,Tenure_Months,Interest_Rate_Pct,Athena_Risk_Score,Athena_Recommendation,Loan_Status
EQF-2025-00001,CUST-00001,EQ-001,01-01-2025,13200000,1320000,11880000,36,9.33,70.6,REQUIRE_COLLATERAL,Performing
EQF-2025-00002,CUST-00002,EQ-002,01-01-2025,5117000,511700,4605300,48,12.53,59.4,STRUCTURED_LEASE,Performing
EQF-2025-00003,CUST-00003,EQ-003,01-01-2025,4833000,1208250,3624750,60,10.28,80.5,REJECT,Performing
EQF-2025-00004,CUST-00004,EQ-004,01-01-2025,8435000,843500,7591500,48,12.44,82.1,REJECT,Performing
EQF-2025-00005,CUST-00005,EQ-005,01-01-2025,2954000,590800,2363200,36,8.06,63.3,STRUCTURED_LEASE,Performing
EQF-2025-00006,CUST-00006,EQ-006,01-01-2025,1642000,328400,1313600,48,9,48.1,STRUCTURED_LEASE,Performing
EQF-2025-00007,CUST-00007,EQ-005,01-01-2025,4856000,1214000,3642000,48,10.84,68.3,REQUIRE_COLLATERAL,Performing
EQF-2025-00008,CUST-00008,EQ-007,01-01-2025,3471000,867750,2603250,48,10.38,77.2,REQUIRE_COLLATERAL,Performing
EQF-2025-00009,CUST-00009,EQ-008,01-01-2025,4542000,681300,3860700,36,9.48,66.4,REQUIRE_COLLATERAL,Performing
EQF-2025-00010,CUST-00010,EQ-003,01-01-2025,1674000,167400,1506600,48,7.89,77.1,REQUIRE_COLLATERAL,Performing
EQF-2025-00011,CUST-00011,EQ-006,01-01-2025,5603000,840450,4762550,24,7,20,AUTO_APPROVE,Performing
EQF-2025-00012,CUST-00012,EQ-002,01-01-2025,4774000,477400,4296600,48,9.17,44.3,STRUCTURED_LEASE,Performing
EQF-2025-00013,CUST-00013,EQ-003,01-01-2025,4974000,497400,4476600,60,9.23,67,REQUIRE_COLLATERAL,Performing
EQF-2025-00014,CUST-00014,EQ-005,01-01-2025,6808000,1702000,5106000,36,9.69,58.9,STRUCTURED_LEASE,Performing
EQF-2025-00015,CUST-00015,EQ-009,01-01-2025,7055000,1058250,5996750,36,7.33,68,REQUIRE_COLLATERAL,30_Days_Past_Due
EQF-2025-00016,CUST-00016,EQ-006,01-01-2025,5815000,872250,4942750,48,8.18,68.9,REQUIRE_COLLATERAL,Performing
EQF-2025-00017,CUST-00017,EQ-001,02-01-2025,14845000,1484500,13360500,48,10.09,58.6,STRUCTURED_LEASE,Performing
EQF-2025-00018,CUST-00018,EQ-010,02-01-2025,7940000,794000,7146000,36,10.38,50,STRUCTURED_LEASE,Performing
EQF-2025-00019,CUST-00019,EQ-011,02-01-2025,13463000,3365750,10097250,48,9.8,72.4,REQUIRE_COLLATERAL,Performing
EQF-2025-00020,CUST-00020,EQ-011,02-01-2025,14404000,2880800,11523200,60,8.98,59.7,STRUCTURED_LEASE,Performing
EQF-2025-00021,CUST-00021,EQ-008,02-01-2025,10404000,1560600,8843400,48,7.72,40.2,STRUCTURED_LEASE,Performing
EQF-2025-00022,CUST-00022,EQ-005,02-01-2025,4170000,625500,3544500,48,10.93,64.4,STRUCTURED_LEASE,30_Days_Past_Due
EQF-2025-00023,CUST-00023,EQ-011,02-01-2025,4865000,1216250,3648750,36,10.59,55.1,STRUCTURED_LEASE,60_Days_Past_Due
EQF-2025-00024,CUST-00024,EQ-012,02-01-2025,5891000,1472750,4418250,60,8.64,39.8,AUTO_APPROVE,Performing
EQF-2025-00025,CUST-00025,EQ-010,02-01-2025,3003000,450450,2552550,36,10.75,38.3,AUTO_APPROVE,Performing
EQF-2025-00026,CUST-00026,EQ-013,02-01-2025,1601000,240150,1360850,36,9.4,71.6,REQUIRE_COLLATERAL,Performing
EQF-2025-00027,CUST-00027,EQ-006,02-01-2025,2793000,279300,2513700,36,8.48,48.1,STRUCTURED_LEASE,Performing
EQF-2025-00028,CUST-00028,EQ-010,02-01-2025,5399000,1079800,4319200,48,10.89,64.2,STRUCTURED_LEASE,Performing
EQF-2025-00029,CUST-00029,EQ-010,02-01-2025,7120000,1068000,6052000,60,9.65,62.7,STRUCTURED_LEASE,30_Days_Past_Due
EQF-2025-00030,CUST-00030,EQ-005,02-01-2025,6482000,1620500,4861500,24,8.86,41.3,STRUCTURED_LEASE,Performing
EQF-2025-00031,CUST-00031,EQ-004,02-01-2025,4293000,429300,3863700,48,7.58,58.9,STRUCTURED_LEASE,Performing
EQF-2025-00032,CUST-00032,EQ-009,02-01-2025,6208000,620800,5587200,48,7.72,64.9,STRUCTURED_LEASE,60_Days_Past_Due
EQF-2025-00033,CUST-00033,EQ-006,03-01-2025,6430000,1607500,4822500,48,10.77,86.6,REJECT,Default
EQF-2025-00034,CUST-00034,EQ-002,03-01-2025,3705000,926250,2778750,48,10.18,86.1,REJECT,Default
EQF-2025-00035,CUST-00035,EQ-002,03-01-2025,5499000,549900,4949100,36,7.75,62.2,STRUCTURED_LEASE,Performing
EQF-2025-00036,CUST-00036,EQ-013,03-01-2025,1622000,405500,1216500,36,7.72,96.2,REJECT,Default
EQF-2025-00037,CUST-00037,EQ-001,03-01-2025,5948000,594800,5353200,60,12.65,57.8,STRUCTURED_LEASE,Performing
EQF-2025-00038,CUST-00038,EQ-009,03-01-2025,4501000,1125250,3375750,36,10.2,49.1,STRUCTURED_LEASE,Performing
EQF-2025-00039,CUST-00039,EQ-013,03-01-2025,1682000,168200,1513800,36,11.31,46.9,STRUCTURED_LEASE,Performing
EQF-2025-00040,CUST-00040,EQ-012,03-01-2025,10229000,1534350,8694650,48,11.74,50.7,STRUCTURED_LEASE,Performing
EQF-2025-00041,CUST-00041,EQ-005,03-01-2025,4289000,643350,3645650,60,8.11,66.9,REQUIRE_COLLATERAL,Performing
EQF-2025-00042,CUST-00042,EQ-004,03-01-2025,4919000,1229750,3689250,48,12.11,73,REQUIRE_COLLATERAL,Performing
EQF-2025-00043,CUST-00043,EQ-009,03-01-2025,2690000,538000,2152000,36,7.88,62.5,STRUCTURED_LEASE,Performing
EQF-2025-00044,CUST-00044,EQ-007,03-01-2025,2544000,381600,2162400,36,10.59,51.6,STRUCTURED_LEASE,Performing
EQF-2025-00045,CUST-00045,EQ-012,03-01-2025,10688000,1068800,9619200,48,9.33,97,REJECT,Performing
EQF-2025-00046,CUST-00046,EQ-013,03-01-2025,3388000,677600,2710400,24,10.59,35.1,AUTO_APPROVE,Performing
EQF-2025-00047,CUST-00047,EQ-011,03-01-2025,5800000,580000,5220000,36,9.18,92.9,REJECT,Default
EQF-2025-00048,CUST-00048,EQ-010,03-01-2025,3562000,356200,3205800,36,10.32,63.5,STRUCTURED_LEASE,Performing
EQF-2025-00049,CUST-00049,EQ-008,04-01-2025,2727000,409050,2317950,48,11.54,90.4,REJECT,Default
EQF-2025-00050,CUST-00050,EQ-009,04-01-2025,1587000,396750,1190250,36,11.18,67.1,REQUIRE_COLLATERAL,Performing
EQF-2025-00051,CUST-00051,EQ-002,04-01-2025,5375000,1343750,4031250,36,9.41,77.1,REQUIRE_COLLATERAL,Performing
EQF-2025-00052,CUST-00052,EQ-003,04-01-2025,1371000,137100,1233900,24,8.07,77.4,REQUIRE_COLLATERAL,Performing
EQF-2025-00053,CUST-00053,EQ-007,04-01-2025,4602000,690300,3911700,24,9.05,52.4,STRUCTURED_LEASE,Performing
EQF-2025-00054,CUST-00054,EQ-002,04-01-2025,5334000,533400,4800600,36,10.17,54.1,STRUCTURED_LEASE,Performing
EQF-2025-00055,CUST-00055,EQ-004,04-01-2025,3333000,666600,2666400,48,10.48,56.9,STRUCTURED_LEASE,Performing
EQF-2025-00056,CUST-00056,EQ-007,04-01-2025,3069000,306900,2762100,48,11.11,65.6,REQUIRE_COLLATERAL,Performing
EQF-2025-00057,CUST-00057,EQ-009,04-01-2025,8236000,1235400,7000600,36,8.4,76.8,REQUIRE_COLLATERAL,30_Days_Past_Due
EQF-2025-00058,CUST-00058,EQ-009,04-01-2025,7339000,733900,6605100,36,8.1,25.3,AUTO_APPROVE,Performing
EQF-2025-00059,CUST-00059,EQ-006,04-01-2025,4928000,739200,4188800,36,7.97,85.5,REJECT,Default
EQF-2025-00060,CUST-00060,EQ-012,04-01-2025,12388000,3097000,9291000,36,9.2,59.2,STRUCTURED_LEASE,Performing
EQF-2025-00061,CUST-00061,EQ-011,04-01-2025,13167000,1975050,11191950,24,9.82,44.7,STRUCTURED_LEASE,Performing
EQF-2025-00062,CUST-00062,EQ-012,04-01-2025,7828000,1565600,6262400,24,10.05,50.7,STRUCTURED_LEASE,Performing
EQF-2025-00063,CUST-00063,EQ-014,04-01-2025,4590000,688500,3901500,36,7.38,55.1,STRUCTURED_LEASE,Performing
EQF-2025-00064,CUST-00064,EQ-001,04-01-2025,9175000,1835000,7340000,60,8.07,36.1,AUTO_APPROVE,Performing
EQF-2025-00065,CUST-00065,EQ-012,05-01-2025,9806000,1961200,7844800,36,8.45,47.3,STRUCTURED_LEASE,Performing
EQF-2025-00066,CUST-00066,EQ-010,05-01-2025,10998000,1099800,9898200,60,12.14,76.4,REQUIRE_COLLATERAL,Performing
EQF-2025-00067,CUST-00067,EQ-009,05-01-2025,7403000,1480600,5922400,36,8.93,71.8,REQUIRE_COLLATERAL,Performing
EQF-2025-00068,CUST-00068,EQ-013,05-01-2025,2575000,386250,2188750,36,7.28,65.9,REQUIRE_COLLATERAL,60_Days_Past_Due
EQF-2025-00069,CUST-00069,EQ-009,05-01-2025,1572000,393000,1179000,48,10.07,74.2,REQUIRE_COLLATERAL,30_Days_Past_Due
EQF-2025-00070,CUST-00070,EQ-007,05-01-2025,4056000,608400,3447600,24,9.34,61.1,STRUCTURED_LEASE,Performing
EQF-2025-00071,CUST-00071,EQ-003,05-01-2025,3875000,968750,2906250,36,7.74,86.8,REJECT,Performing
EQF-2025-00072,CUST-00072,EQ-005,05-01-2025,6056000,1211200,4844800,60,8.79,73.3,REQUIRE_COLLATERAL,Performing
EQF-2025-00073,CUST-00073,EQ-005,05-01-2025,8275000,827500,7447500,48,8.99,48,STRUCTURED_LEASE,Performing
EQF-2025-00074,CUST-00074,EQ-014,05-01-2025,4479000,895800,3583200,24,9.32,71.4,REQUIRE_COLLATERAL,Performing
EQF-2025-00075,CUST-00075,EQ-003,05-01-2025,2906000,581200,2324800,24,10.89,69.9,REQUIRE_COLLATERAL,Performing
EQF-2025-00076,CUST-00076,EQ-014,05-01-2025,1439000,359750,1079250,60,10.34,69.5,REQUIRE_COLLATERAL,Performing
EQF-2025-00077,CUST-00077,EQ-013,05-01-2025,3009000,451350,2557650,60,9.69,69.1,REQUIRE_COLLATERAL,Performing
EQF-2025-00078,CUST-00078,EQ-009,05-01-2025,6325000,632500,5692500,36,10.98,71.5,REQUIRE_COLLATERAL,60_Days_Past_Due
EQF-2025-00079,CUST-00079,EQ-001,05-01-2025,10685000,1068500,9616500,36,8.89,30.5,AUTO_APPROVE,Performing
EQF-2025-00080,CUST-00080,EQ-006,05-01-2025,5267000,526700,4740300,48,8.41,68.4,REQUIRE_COLLATERAL,60_Days_Past_Due
EQF-2025-00081,CUST-00081,EQ-015,06-01-2025,3238000,323800,2914200,36,9.96,84.6,REJECT,60_Days_Past_Due
EQF-2025-00082,CUST-00082,EQ-010,06-01-2025,4997000,749550,4247450,36,9.85,63.9,STRUCTURED_LEASE,30_Days_Past_Due
EQF-2025-00083,CUST-00083,EQ-011,06-01-2025,7051000,705100,6345900,48,7.29,39.9,AUTO_APPROVE,Performing
EQF-2025-00084,CUST-00084,EQ-009,06-01-2025,5002000,1250500,3751500,36,11.74,52.1,STRUCTURED_LEASE,Performing
EQF-2025-00085,CUST-00085,EQ-011,06-01-2025,5767000,1441750,4325250,48,7.97,99,REJECT,60_Days_Past_Due
EQF-2025-00086,CUST-00086,EQ-012,06-01-2025,7748000,774800,6973200,60,10.29,84.8,REJECT,Performing
EQF-2025-00087,CUST-00087,EQ-013,06-01-2025,2431000,243100,2187900,48,10.33,65.6,REQUIRE_COLLATERAL,Performing
EQF-2025-00088,CUST-00088,EQ-004,06-01-2025,7491000,1123650,6367350,36,7,46,STRUCTURED_LEASE,Performing
EQF-2025-00089,CUST-00089,EQ-007,06-01-2025,1147000,172050,974950,36,9.84,87,REJECT,Performing
EQF-2025-00090,CUST-00090,EQ-004,06-01-2025,9552000,955200,8596800,36,11.96,43.7,STRUCTURED_LEASE,Performing
EQF-2025-00091,CUST-00091,EQ-006,06-01-2025,5437000,815550,4621450,36,8.43,78.7,REQUIRE_COLLATERAL,Performing
EQF-2025-00092,CUST-00092,EQ-013,06-01-2025,3749000,749800,2999200,36,7,56.5,STRUCTURED_LEASE,Performing
EQF-2025-00093,CUST-00093,EQ-013,06-01-2025,3872000,387200,3484800,36,9.32,83.7,REJECT,Default
EQF-2025-00094,CUST-00094,EQ-008,06-01-2025,4978000,746700,4231300,24,10.2,53.1,STRUCTURED_LEASE,Performing
EQF-2025-00095,CUST-00095,EQ-003,06-01-2025,2987000,746750,2240250,36,9.37,94.4,REJECT,Performing
EQF-2025-00096,CUST-00096,EQ-008,06-01-2025,10628000,1062800,9565200,36,8.07,61,STRUCTURED_LEASE,Performing
EQF-2025-00097,CUST-00097,EQ-010,07-01-2025,9017000,901700,8115300,48,7.95,74.3,REQUIRE_COLLATERAL,Performing
EQF-2025-00098,CUST-00098,EQ-011,07-01-2025,14665000,3666250,10998750,48,7.07,72.2,REQUIRE_COLLATERAL,Performing
EQF-2025-00099,CUST-00099,EQ-009,07-01-2025,6724000,1681000,5043000,36,7,44,STRUCTURED_LEASE,60_Days_Past_Due
EQF-2025-00100,CUST-00100,EQ-009,07-01-2025,2729000,409350,2319650,48,8.99,30.4,AUTO_APPROVE,Performing
EQF-2025-00101,CUST-00101,EQ-009,07-01-2025,1952000,488000,1464000,48,10.14,73.3,REQUIRE_COLLATERAL,Performing
EQF-2025-00102,CUST-00102,EQ-004,07-01-2025,7410000,1482000,5928000,36,9.74,58.9,STRUCTURED_LEASE,Performing
EQF-2025-00103,CUST-00103,EQ-011,07-01-2025,7936000,793600,7142400,24,9.88,69.3,REQUIRE_COLLATERAL,Performing
EQF-2025-00104,CUST-00104,EQ-004,07-01-2025,4841000,968200,3872800,48,10.45,78.3,REQUIRE_COLLATERAL,60_Days_Past_Due
EQF-2025-00105,CUST-00105,EQ-015,07-01-2025,4997000,749550,4247450,36,11.46,91,REJECT,Performing
EQF-2025-00106,CUST-00106,EQ-005,07-01-2025,4069000,1017250,3051750,24,9.54,75.4,REQUIRE_COLLATERAL,60_Days_Past_Due
EQF-2025-00107,CUST-00107,EQ-012,07-01-2025,7487000,748700,6738300,60,10.02,64.3,STRUCTURED_LEASE,Performing
EQF-2025-00108,CUST-00108,EQ-013,07-01-2025,4430000,1107500,3322500,36,10.03,61.6,STRUCTURED_LEASE,Performing
EQF-2025-00109,CUST-00109,EQ-009,07-01-2025,7424000,1856000,5568000,48,9.72,81.5,REJECT,Performing
EQF-2025-00110,CUST-00110,EQ-006,07-01-2025,3995000,599250,3395750,36,9.53,75.2,REQUIRE_COLLATERAL,Performing
EQF-2025-00111,CUST-00111,EQ-001,07-01-2025,13157000,1973550,11183450,24,9.65,76.9,REQUIRE_COLLATERAL,Performing
EQF-2025-00112,CUST-00112,EQ-009,07-01-2025,7455000,1118250,6336750,24,11.84,94.9,REJECT,Default
EQF-2025-00113,CUST-00113,EQ-015,08-01-2025,3004000,450600,2553400,48,11.65,66.1,REQUIRE_COLLATERAL,30_Days_Past_Due
EQF-2025-00114,CUST-00114,EQ-003,08-01-2025,1453000,145300,1307700,36,7,70.3,REQUIRE_COLLATERAL,Performing
EQF-2025-00115,CUST-00115,EQ-004,08-01-2025,2513000,502600,2010400,36,9.83,44.6,STRUCTURED_LEASE,Performing
EQF-2025-00116,CUST-00116,EQ-007,08-01-2025,3521000,704200,2816800,60,9.51,96.5,REJECT,Performing
EQF-2025-00117,CUST-00117,EQ-013,08-01-2025,2507000,250700,2256300,36,11.39,50.6,STRUCTURED_LEASE,Performing
EQF-2025-00118,CUST-00118,EQ-006,08-01-2025,8480000,2120000,6360000,24,9.45,47.8,STRUCTURED_LEASE,Performing
EQF-2025-00119,CUST-00119,EQ-007,08-01-2025,4817000,481700,4335300,36,9.88,49.1,STRUCTURED_LEASE,Performing
EQF-2025-00120,CUST-00120,EQ-004,08-01-2025,8971000,1794200,7176800,48,8.53,62.1,STRUCTURED_LEASE,Performing
EQF-2025-00121,CUST-00121,EQ-003,08-01-2025,4830000,966000,3864000,36,10.72,44.1,STRUCTURED_LEASE,Performing
EQF-2025-00122,CUST-00122,EQ-007,08-01-2025,5416000,541600,4874400,24,7.63,55.1,STRUCTURED_LEASE,Performing
EQF-2025-00123,CUST-00123,EQ-001,08-01-2025,7500000,1125000,6375000,36,9.04,70.4,REQUIRE_COLLATERAL,Default
EQF-2025-00124,CUST-00124,EQ-009,08-01-2025,2662000,665500,1996500,24,7.92,72.5,REQUIRE_COLLATERAL,Performing
EQF-2025-00125,CUST-00125,EQ-006,08-01-2025,6721000,672100,6048900,48,9.05,72.4,REQUIRE_COLLATERAL,Performing
EQF-2025-00126,CUST-00126,EQ-012,08-01-2025,8161000,1632200,6528800,48,8.68,47.2,STRUCTURED_LEASE,Performing
EQF-2025-00127,CUST-00127,EQ-003,08-01-2025,2998000,449700,2548300,24,10.76,45.9,STRUCTURED_LEASE,Performing
EQF-2025-00128,CUST-00128,EQ-015,08-01-2025,4078000,1019500,3058500,36,9.17,47.1,STRUCTURED_LEASE,60_Days_Past_Due
EQF-2025-00129,CUST-00129,EQ-009,09-01-2025,7855000,1571000,6284000,36,11.74,75.1,REQUIRE_COLLATERAL,Performing
EQF-2025-00130,CUST-00130,EQ-010,09-01-2025,6062000,1515500,4546500,48,9.14,99,REJECT,Performing
EQF-2025-00131,CUST-00131,EQ-012,09-01-2025,12616000,1892400,10723600,36,7.88,50.9,STRUCTURED_LEASE,30_Days_Past_Due
EQF-2025-00132,CUST-00132,EQ-009,09-01-2025,3378000,675600,2702400,36,9.14,54,STRUCTURED_LEASE,60_Days_Past_Due
EQF-2025-00133,CUST-00133,EQ-009,09-01-2025,6386000,957900,5428100,60,10.22,64.4,STRUCTURED_LEASE,30_Days_Past_Due
EQF-2025-00134,CUST-00134,EQ-011,09-01-2025,4017000,401700,3615300,24,12.03,57.6,STRUCTURED_LEASE,Performing
EQF-2025-00135,CUST-00135,EQ-002,09-01-2025,5332000,533200,4798800,60,8.53,81.9,REJECT,Performing
EQF-2025-00136,CUST-00136,EQ-001,09-01-2025,4334000,1083500,3250500,24,11.99,63.7,STRUCTURED_LEASE,Performing
EQF-2025-00137,CUST-00137,EQ-004,09-01-2025,8558000,1283700,7274300,36,9.22,81.7,REJECT,Default
EQF-2025-00138,CUST-00138,EQ-014,09-01-2025,1376000,206400,1169600,36,8.83,55.8,STRUCTURED_LEASE,Performing
EQF-2025-00139,CUST-00139,EQ-012,09-01-2025,6929000,1732250,5196750,24,10.66,38.6,AUTO_APPROVE,Performing
EQF-2025-00140,CUST-00140,EQ-002,09-01-2025,3385000,846250,2538750,24,11.64,66.2,REQUIRE_COLLATERAL,Performing
EQF-2025-00141,CUST-00141,EQ-007,09-01-2025,2984000,746000,2238000,36,10.34,83.2,REJECT,Performing
EQF-2025-00142,CUST-00142,EQ-001,09-01-2025,6110000,611000,5499000,60,7.38,34.1,AUTO_APPROVE,Performing
EQF-2025-00143,CUST-00143,EQ-008,09-01-2025,5337000,1334250,4002750,36,10,62,STRUCTURED_LEASE,30_Days_Past_Due
EQF-2025-00144,CUST-00144,EQ-011,09-01-2025,12005000,1200500,10804500,48,12.76,84.1,REJECT,Performing
EQF-2025-00145,CUST-00145,EQ-011,10-01-2025,11362000,2840500,8521500,48,7,65.5,REQUIRE_COLLATERAL,Performing
EQF-2025-00146,CUST-00146,EQ-009,10-01-2025,2003000,300450,1702550,48,10.06,70.3,REQUIRE_COLLATERAL,Performing
EQF-2025-00147,CUST-00147,EQ-004,10-01-2025,8852000,1327800,7524200,48,9.07,63.7,STRUCTURED_LEASE,Performing
EQF-2025-00148,CUST-00148,EQ-008,10-01-2025,2951000,737750,2213250,36,8.1,84.2,REJECT,60_Days_Past_Due
EQF-2025-00149,CUST-00149,EQ-006,10-01-2025,5300000,1325000,3975000,24,11.05,49.5,STRUCTURED_LEASE,Performing
EQF-2025-00150,CUST-00150,EQ-011,10-01-2025,6861000,686100,6174900,36,7,42.7,STRUCTURED_LEASE,Performing
EQF-2025-00151,CUST-00151,EQ-015,10-01-2025,3856000,771200,3084800,36,8.97,46.3,STRUCTURED_LEASE,30_Days_Past_Due
EQF-2025-00152,CUST-00152,EQ-005,10-01-2025,3329000,332900,2996100,24,11,54.6,STRUCTURED_LEASE,30_Days_Past_Due
EQF-2025-00153,CUST-00153,EQ-005,10-01-2025,8395000,1259250,7135750,24,10.83,55.6,STRUCTURED_LEASE,Performing
EQF-2025-00154,CUST-00154,EQ-004,10-01-2025,5133000,1283250,3849750,60,10.39,59.7,STRUCTURED_LEASE,Performing
EQF-2025-00155,CUST-00155,EQ-007,10-01-2025,2058000,308700,1749300,60,9.76,64,STRUCTURED_LEASE,Performing
EQF-2025-00156,CUST-00156,EQ-009,10-01-2025,3449000,689800,2759200,24,9.31,62.3,STRUCTURED_LEASE,Performing
EQF-2025-00157,CUST-00157,EQ-013,10-01-2025,4607000,460700,4146300,36,8.79,72.2,REQUIRE_COLLATERAL,Performing
EQF-2025-00158,CUST-00158,EQ-013,10-01-2025,3618000,542700,3075300,24,8.04,41.1,STRUCTURED_LEASE,Performing
EQF-2025-00159,CUST-00159,EQ-009,10-01-2025,6615000,661500,5953500,36,10.72,50.5,STRUCTURED_LEASE,Performing
EQF-2025-00160,CUST-00160,EQ-014,10-01-2025,4688000,1172000,3516000,36,9.82,69.2,REQUIRE_COLLATERAL,Performing
EQF-2025-00161,CUST-00161,EQ-012,11-01-2025,14031000,2104650,11926350,60,10.76,43.2,STRUCTURED_LEASE,Performing
EQF-2025-00162,CUST-00162,EQ-010,11-01-2025,8781000,1756200,7024800,24,8.33,46.1,STRUCTURED_LEASE,Performing
EQF-2025-00163,CUST-00163,EQ-004,11-01-2025,4182000,418200,3763800,36,8.3,55.3,STRUCTURED_LEASE,Performing
EQF-2025-00164,CUST-00164,EQ-008,11-01-2025,9669000,966900,8702100,24,10.24,75.3,REQUIRE_COLLATERAL,Performing
EQF-2025-00165,CUST-00165,EQ-006,11-01-2025,2926000,585200,2340800,60,7,53.2,STRUCTURED_LEASE,Performing
EQF-2025-00166,CUST-00166,EQ-003,11-01-2025,4023000,603450,3419550,60,7,60.4,STRUCTURED_LEASE,Performing
EQF-2025-00167,CUST-00167,EQ-012,11-01-2025,11542000,1731300,9810700,48,11.02,38.5,AUTO_APPROVE,Performing
EQF-2025-00168,CUST-00168,EQ-009,11-01-2025,6812000,681200,6130800,36,8.44,59.7,STRUCTURED_LEASE,Performing
EQF-2025-00169,CUST-00169,EQ-009,11-01-2025,5229000,1045800,4183200,36,9.79,50.2,STRUCTURED_LEASE,Performing
EQF-2025-00170,CUST-00170,EQ-010,11-01-2025,7929000,792900,7136100,36,10.07,73.5,REQUIRE_COLLATERAL,Performing
EQF-2025-00171,CUST-00171,EQ-003,11-01-2025,4823000,482300,4340700,36,11.05,59.5,STRUCTURED_LEASE,Performing
EQF-2025-00172,CUST-00172,EQ-006,11-01-2025,2208000,552000,1656000,48,8.84,44.4,STRUCTURED_LEASE,Performing
EQF-2025-00173,CUST-00173,EQ-010,11-01-2025,5125000,768750,4356250,36,8.92,61.9,STRUCTURED_LEASE,30_Days_Past_Due
EQF-2025-00174,CUST-00174,EQ-009,11-01-2025,5779000,866850,4912150,36,8.58,71,REQUIRE_COLLATERAL,Performing
EQF-2025-00175,CUST-00175,EQ-008,11-01-2025,10694000,2673500,8020500,48,10.43,46.3,STRUCTURED_LEASE,Performing
EQF-2025-00176,CUST-00176,EQ-009,11-01-2025,2169000,325350,1843650,36,10.5,63,STRUCTURED_LEASE,30_Days_Past_Due
EQF-2025-00177,CUST-00177,EQ-014,12-01-2025,1286000,192900,1093100,48,11.42,56.6,STRUCTURED_LEASE,Performing
EQF-2025-00178,CUST-00178,EQ-012,12-01-2025,4613000,691950,3921050,36,7.63,69.2,REQUIRE_COLLATERAL,Default
EQF-2025-00179,CUST-00179,EQ-002,12-01-2025,1073000,214600,858400,24,12.85,82.5,REJECT,Performing
EQF-2025-00180,CUST-00180,EQ-009,12-01-2025,7855000,1963750,5891250,36,9.03,67.9,REQUIRE_COLLATERAL,Performing
EQF-2025-00181,CUST-00181,EQ-001,12-01-2025,11934000,1193400,10740600,60,9.43,60.4,STRUCTURED_LEASE,Performing
EQF-2025-00182,CUST-00182,EQ-005,12-01-2025,6240000,1248000,4992000,36,9.75,43.7,STRUCTURED_LEASE,Performing
EQF-2025-00183,CUST-00183,EQ-015,12-01-2025,3517000,351700,3165300,36,8.13,73.3,REQUIRE_COLLATERAL,Performing
EQF-2025-00184,CUST-00184,EQ-007,12-01-2025,4866000,1216500,3649500,24,8.88,46.1,STRUCTURED_LEASE,Performing
EQF-2025-00185,CUST-00185,EQ-012,12-01-2025,5712000,1428000,4284000,48,11.69,69.2,REQUIRE_COLLATERAL,Performing
EQF-2025-00186,CUST-00186,EQ-014,12-01-2025,2689000,672250,2016750,48,11.71,72.6,REQUIRE_COLLATERAL,Performing
EQF-2025-00187,CUST-00187,EQ-014,12-01-2025,3062000,459300,2602700,36,9.81,65.3,REQUIRE_COLLATERAL,Performing
EQF-2025-00188,CUST-00188,EQ-004,12-01-2025,3438000,687600,2750400,36,11.07,55,STRUCTURED_LEASE,Performing
EQF-2025-00189,CUST-00189,EQ-010,12-01-2025,6066000,1516500,4549500,60,10.12,65.8,REQUIRE_COLLATERAL,Performing
EQF-2025-00190,CUST-00190,EQ-006,12-01-2025,3716000,371600,3344400,48,9.41,77.5,REQUIRE_COLLATERAL,Performing
EQF-2025-00191,CUST-00191,EQ-009,12-01-2025,1749000,262350,1486650,48,8.37,55.9,STRUCTURED_LEASE,30_Days_Past_Due
EQF-2025-00192,CUST-00192,EQ-015,12-01-2025,1511000,226650,1284350,36,8.21,52,STRUCTURED_LEASE,30_Days_Past_Due
EQF-2025-00193,CUST-00193,EQ-015,13-01-2025,4773000,954600,3818400,36,8.36,74.6,REQUIRE_COLLATERAL,Performing
EQF-2025-00194,CUST-00194,EQ-010,13-01-2025,2653000,530600,2122400,48,11.92,57.8,STRUCTURED_LEASE,Performing
EQF-2025-00195,CUST-00195,EQ-001,13-01-2025,14277000,2855400,11421600,48,10.81,82.3,REJECT,Default
EQF-2025-00196,CUST-00196,EQ-011,13-01-2025,4951000,742650,4208350,48,11.66,65.3,REQUIRE_COLLATERAL,30_Days_Past_Due
EQF-2025-00197,CUST-00197,EQ-003,13-01-2025,4237000,1059250,3177750,24,10.1,42.8,STRUCTURED_LEASE,Performing
EQF-2025-00198,CUST-00198,EQ-015,13-01-2025,5473000,547300,4925700,48,8.18,61.2,STRUCTURED_LEASE,Performing
EQF-2025-00199,CUST-00199,EQ-002,13-01-2025,5694000,1423500,4270500,48,10.4,55.9,STRUCTURED_LEASE,Performing
EQF-2025-00200,CUST-00200,EQ-013,13-01-2025,4496000,449600,4046400,60,11.4,56.3,STRUCTURED_LEASE,Performing
EQF-2025-00201,CUST-00201,EQ-004,13-01-2025,4944000,1236000,3708000,24,10.46,77.1,REQUIRE_COLLATERAL,Performing
EQF-2025-00202,CUST-00202,EQ-005,13-01-2025,3832000,766400,3065600,48,7.52,63.6,STRUCTURED_LEASE,Performing
EQF-2025-00203,CUST-00203,EQ-009,13-01-2025,4486000,448600,4037400,48,7.29,46.8,STRUCTURED_LEASE,Performing
EQF-2025-00204,CUST-00204,EQ-002,13-01-2025,1524000,228600,1295400,60,10.45,48.6,STRUCTURED_LEASE,Performing
EQF-2025-00205,CUST-00205,EQ-004,13-01-2025,2689000,268900,2420100,48,9.03,69.2,REQUIRE_COLLATERAL,Performing
EQF-2025-00206,CUST-00206,EQ-006,13-01-2025,7584000,1137600,6446400,60,9.97,85.4,REJECT,Performing
EQF-2025-00207,CUST-00207,EQ-006,13-01-2025,5379000,1344750,4034250,60,8.41,49.8,STRUCTURED_LEASE,Performing
EQF-2025-00208,CUST-00208,EQ-013,13-01-2025,3513000,702600,2810400,36,9.69,60,STRUCTURED_LEASE,Performing
EQF-2025-00209,CUST-00209,EQ-009,14-01-2025,7989000,798900,7190100,48,7.85,72.4,REQUIRE_COLLATERAL,Performing
EQF-2025-00210,CUST-00210,EQ-005,14-01-2025,6156000,923400,5232600,48,9.87,75.9,REQUIRE_COLLATERAL,Performing
EQF-2025-00211,CUST-00211,EQ-010,14-01-2025,8372000,2093000,6279000,36,10.59,49.3,STRUCTURED_LEASE,Performing
EQF-2025-00212,CUST-00212,EQ-003,14-01-2025,4190000,838000,3352000,36,10.68,75,REQUIRE_COLLATERAL,Performing
EQF-2025-00213,CUST-00213,EQ-013,14-01-2025,1642000,328400,1313600,24,7.54,63.2,STRUCTURED_LEASE,Performing
EQF-2025-00214,CUST-00214,EQ-009,14-01-2025,4021000,804200,3216800,48,10.2,64.6,STRUCTURED_LEASE,Performing
EQF-2025-00215,CUST-00215,EQ-003,14-01-2025,4879000,1219750,3659250,36,8.62,41.8,STRUCTURED_LEASE,Performing
EQF-2025-00216,CUST-00216,EQ-009,14-01-2025,7961000,1990250,5970750,60,11.79,94.5,REJECT,Performing
EQF-2025-00217,CUST-00217,EQ-011,14-01-2025,13725000,3431250,10293750,48,10.93,76.5,REQUIRE_COLLATERAL,30_Days_Past_Due
EQF-2025-00218,CUST-00218,EQ-003,14-01-2025,2918000,583600,2334400,48,9.54,78.2,REQUIRE_COLLATERAL,Performing
EQF-2025-00219,CUST-00219,EQ-010,14-01-2025,9786000,978600,8807400,36,12.77,41.1,STRUCTURED_LEASE,Performing
EQF-2025-00220,CUST-00220,EQ-014,14-01-2025,1384000,207600,1176400,36,8.41,59.7,STRUCTURED_LEASE,Performing
EQF-2025-00221,CUST-00221,EQ-014,14-01-2025,1764000,441000,1323000,36,9.41,76.5,REQUIRE_COLLATERAL,Performing
EQF-2025-00222,CUST-00222,EQ-008,14-01-2025,6019000,601900,5417100,36,10.31,61,STRUCTURED_LEASE,Performing
EQF-2025-00223,CUST-00223,EQ-009,14-01-2025,4884000,732600,4151400,48,12.55,62.6,STRUCTURED_LEASE,Performing
EQF-2025-00224,CUST-00224,EQ-011,14-01-2025,6899000,1379800,5519200,48,11.7,47.8,STRUCTURED_LEASE,30_Days_Past_Due
EQF-2025-00225,CUST-00225,EQ-011,15-01-2025,7921000,792100,7128900,24,10.7,80.9,REJECT,Performing
EQF-2025-00226,CUST-00226,EQ-006,15-01-2025,2639000,527800,2111200,48,8.18,86.6,REJECT,60_Days_Past_Due
EQF-2025-00227,CUST-00227,EQ-015,15-01-2025,3343000,501450,2841550,24,8.18,61.4,STRUCTURED_LEASE,Performing
EQF-2025-00228,CUST-00228,EQ-012,15-01-2025,12732000,3183000,9549000,36,10.54,67.4,REQUIRE_COLLATERAL,Performing
EQF-2025-00229,CUST-00229,EQ-002,15-01-2025,4239000,847800,3391200,48,7.62,63.5,STRUCTURED_LEASE,Performing
EQF-2025-00230,CUST-00230,EQ-004,15-01-2025,3416000,341600,3074400,24,9.98,62.7,STRUCTURED_LEASE,Performing
EQF-2025-00231,CUST-00231,EQ-003,15-01-2025,3053000,763250,2289750,48,10.71,39.5,AUTO_APPROVE,Performing
EQF-2025-00232,CUST-00232,EQ-008,15-01-2025,8430000,843000,7587000,48,7.28,73,REQUIRE_COLLATERAL,Performing
EQF-2025-00233,CUST-00233,EQ-008,15-01-2025,7004000,1050600,5953400,48,10.47,74,REQUIRE_COLLATERAL,Performing
EQF-2025-00234,CUST-00234,EQ-008,15-01-2025,5829000,874350,4954650,36,10.84,55.8,STRUCTURED_LEASE,Performing
EQF-2025-00235,CUST-00235,EQ-005,15-01-2025,5853000,1463250,4389750,36,8.96,90.1,REJECT,Default
EQF-2025-00236,CUST-00236,EQ-014,15-01-2025,4881000,488100,4392900,36,9.27,36.1,AUTO_APPROVE,Performing
EQF-2025-00237,CUST-00237,EQ-012,15-01-2025,5044000,504400,4539600,60,7,71.4,REQUIRE_COLLATERAL,Performing
EQF-2025-00238,CUST-00238,EQ-006,15-01-2025,4230000,423000,3807000,24,9.34,80.9,REJECT,60_Days_Past_Due
EQF-2025-00239,CUST-00239,EQ-008,15-01-2025,5956000,595600,5360400,36,7.21,41.8,STRUCTURED_LEASE,30_Days_Past_Due
EQF-2025-00240,CUST-00240,EQ-009,15-01-2025,5539000,830850,4708150,60,8.47,59.8,STRUCTURED_LEASE,Performing
EQF-2025-00241,CUST-00241,EQ-007,16-01-2025,1591000,159100,1431900,48,8.9,77.7,REQUIRE_COLLATERAL,Performing
EQF-2025-00242,CUST-00242,EQ-007,16-01-2025,1719000,257850,1461150,48,7.77,54.3,STRUCTURED_LEASE,Performing
EQF-2025-00243,CUST-00243,EQ-002,16-01-2025,2284000,228400,2055600,60,7.63,54.9,STRUCTURED_LEASE,30_Days_Past_Due
EQF-2025-00244,CUST-00244,EQ-011,16-01-2025,14515000,1451500,13063500,36,7.7,82.6,REJECT,60_Days_Past_Due
EQF-2025-00245,CUST-00245,EQ-006,16-01-2025,6639000,1327800,5311200,36,11.33,81.8,REJECT,Performing
EQF-2025-00246,CUST-00246,EQ-007,16-01-2025,4241000,848200,3392800,24,9.39,47.9,STRUCTURED_LEASE,Performing
EQF-2025-00247,CUST-00247,EQ-011,16-01-2025,12987000,1298700,11688300,36,11.4,93.6,REJECT,Performing
EQF-2025-00248,CUST-00248,EQ-007,16-01-2025,1463000,219450,1243550,48,8.89,47.5,STRUCTURED_LEASE,Performing
EQF-2025-00249,CUST-00249,EQ-002,16-01-2025,5269000,526900,4742100,36,8.92,89,REJECT,Performing
EQF-2025-00250,CUST-00250,EQ-002,16-01-2025,3893000,778600,3114400,48,8.86,60.1,STRUCTURED_LEASE,Performing
EQF-2025-00251,CUST-00251,EQ-011,16-01-2025,7689000,768900,6920100,24,7,46.9,STRUCTURED_LEASE,Performing
EQF-2025-00252,CUST-00252,EQ-001,16-01-2025,12974000,2594800,10379200,36,10.26,50.5,STRUCTURED_LEASE,Performing
EQF-2025-00253,CUST-00253,EQ-002,16-01-2025,4973000,497300,4475700,48,9.34,95.3,REJECT,60_Days_Past_Due
EQF-2025-00254,CUST-00254,EQ-012,16-01-2025,13303000,3325750,9977250,36,9.58,51.2,STRUCTURED_LEASE,Performing
EQF-2025-00255,CUST-00255,EQ-006,16-01-2025,2309000,230900,2078100,48,7,65.4,REQUIRE_COLLATERAL,Performing
EQF-2025-00256,CUST-00256,EQ-008,16-01-2025,10740000,1611000,9129000,60,9.46,66.9,REQUIRE_COLLATERAL,Performing
EQF-2025-00257,CUST-00257,EQ-002,17-01-2025,5790000,1158000,4632000,48,8.84,73.5,REQUIRE_COLLATERAL,Performing
EQF-2025-00258,CUST-00258,EQ-014,17-01-2025,2558000,639500,1918500,36,9.69,38.6,AUTO_APPROVE,Performing
EQF-2025-00259,CUST-00259,EQ-004,17-01-2025,3060000,612000,2448000,60,9.39,70.3,REQUIRE_COLLATERAL,Performing
EQF-2025-00260,CUST-00260,EQ-006,17-01-2025,2669000,533800,2135200,24,8.77,54.2,STRUCTURED_LEASE,Performing
EQF-2025-00261,CUST-00261,EQ-004,17-01-2025,10939000,1640850,9298150,48,10.34,50.8,STRUCTURED_LEASE,Performing
EQF-2025-00262,CUST-00262,EQ-007,17-01-2025,3728000,372800,3355200,24,11.04,48.8,STRUCTURED_LEASE,30_Days_Past_Due
EQF-2025-00263,CUST-00263,EQ-006,17-01-2025,3996000,599400,3396600,36,8.89,73.5,REQUIRE_COLLATERAL,60_Days_Past_Due
EQF-2025-00264,CUST-00264,EQ-010,17-01-2025,4950000,495000,4455000,60,7.33,67.2,REQUIRE_COLLATERAL,Performing
EQF-2025-00265,CUST-00265,EQ-007,17-01-2025,2136000,534000,1602000,36,7.43,52.7,STRUCTURED_LEASE,Performing
EQF-2025-00266,CUST-00266,EQ-013,17-01-2025,3724000,558600,3165400,48,10.13,86.9,REJECT,Performing
EQF-2025-00267,CUST-00267,EQ-013,17-01-2025,2794000,419100,2374900,36,11.44,53.7,STRUCTURED_LEASE,Performing
EQF-2025-00268,CUST-00268,EQ-003,17-01-2025,4869000,973800,3895200,48,7,68.8,REQUIRE_COLLATERAL,Performing
EQF-2025-00269,CUST-00269,EQ-011,17-01-2025,11522000,1728300,9793700,60,7.97,36.3,AUTO_APPROVE,Performing
EQF-2025-00270,CUST-00270,EQ-012,17-01-2025,12712000,1271200,11440800,36,9,41,STRUCTURED_LEASE,30_Days_Past_Due
EQF-2025-00271,CUST-00271,EQ-013,17-01-2025,2312000,346800,1965200,48,7,61.9,STRUCTURED_LEASE,30_Days_Past_Due
EQF-2025-00272,CUST-00272,EQ-013,17-01-2025,1501000,225150,1275850,48,9.36,55.9,STRUCTURED_LEASE,30_Days_Past_Due
EQF-2025-00273,CUST-00273,EQ-007,18-01-2025,3337000,834250,2502750,60,10.04,99,REJECT,Performing
EQF-2025-00274,CUST-00274,EQ-002,18-01-2025,2436000,243600,2192400,36,10.22,53.3,STRUCTURED_LEASE,60_Days_Past_Due
EQF-2025-00275,CUST-00275,EQ-004,18-01-2025,4218000,843600,3374400,48,8.9,70,REQUIRE_COLLATERAL,Performing
EQF-2025-00276,CUST-00276,EQ-010,18-01-2025,10597000,1059700,9537300,36,8.97,69.6,REQUIRE_COLLATERAL,30_Days_Past_Due
EQF-2025-00277,CUST-00277,EQ-013,18-01-2025,2887000,721750,2165250,36,7.97,53.3,STRUCTURED_LEASE,Performing
EQF-2025-00278,CUST-00278,EQ-004,18-01-2025,3985000,398500,3586500,24,7,23.1,AUTO_APPROVE,Performing
EQF-2025-00279,CUST-00279,EQ-003,18-01-2025,1955000,195500,1759500,48,9.22,49.3,STRUCTURED_LEASE,Performing
EQF-2025-00280,CUST-00280,EQ-013,18-01-2025,2267000,340050,1926950,60,10.11,49.2,STRUCTURED_LEASE,Performing
EQF-2025-00281,CUST-00281,EQ-015,18-01-2025,5996000,899400,5096600,36,9.52,75.9,REQUIRE_COLLATERAL,Performing
EQF-2025-00282,CUST-00282,EQ-011,18-01-2025,6948000,694800,6253200,48,11.16,43,STRUCTURED_LEASE,30_Days_Past_Due
EQF-2025-00283,CUST-00283,EQ-011,18-01-2025,7617000,761700,6855300,48,10.02,74.4,REQUIRE_COLLATERAL,Performing
EQF-2025-00284,CUST-00284,EQ-005,18-01-2025,6115000,1223000,4892000,36,10.49,53.8,STRUCTURED_LEASE,Performing
EQF-2025-00285,CUST-00285,EQ-010,18-01-2025,4999000,1249750,3749250,60,9.75,55.3,STRUCTURED_LEASE,Performing
EQF-2025-00286,CUST-00286,EQ-006,18-01-2025,3011000,451650,2559350,36,12.29,74.7,REQUIRE_COLLATERAL,Performing
EQF-2025-00287,CUST-00287,EQ-008,18-01-2025,3848000,577200,3270800,24,8.77,50.9,STRUCTURED_LEASE,Performing
EQF-2025-00288,CUST-00288,EQ-004,18-01-2025,5158000,773700,4384300,24,10.52,91.8,REJECT,Performing
EQF-2025-00289,CUST-00289,EQ-001,19-01-2025,5165000,774750,4390250,60,9.87,70.9,REQUIRE_COLLATERAL,Performing
EQF-2025-00290,CUST-00290,EQ-010,19-01-2025,2658000,265800,2392200,60,10.61,75.2,REQUIRE_COLLATERAL,60_Days_Past_Due
EQF-2025-00291,CUST-00291,EQ-005,19-01-2025,7132000,713200,6418800,36,10,25.3,AUTO_APPROVE,Performing
EQF-2025-00292,CUST-00292,EQ-009,19-01-2025,2465000,493000,1972000,24,9.44,61.2,STRUCTURED_LEASE,Performing
EQF-2025-00293,CUST-00293,EQ-003,19-01-2025,4149000,622350,3526650,36,10.07,73.9,REQUIRE_COLLATERAL,Default
EQF-2025-00294,CUST-00294,EQ-011,19-01-2025,12773000,1915950,10857050,48,10.26,67.1,REQUIRE_COLLATERAL,Performing
EQF-2025-00295,CUST-00295,EQ-006,19-01-2025,5265000,526500,4738500,48,10.45,84.5,REJECT,60_Days_Past_Due
EQF-2025-00296,CUST-00296,EQ-008,19-01-2025,5132000,1026400,4105600,60,11.69,99,REJECT,60_Days_Past_Due
EQF-2025-00297,CUST-00297,EQ-013,19-01-2025,1751000,175100,1575900,48,9.79,66.6,REQUIRE_COLLATERAL,Performing
EQF-2025-00298,CUST-00298,EQ-005,19-01-2025,6658000,998700,5659300,60,7.85,54,STRUCTURED_LEASE,Performing
EQF-2025-00299,CUST-00299,EQ-004,19-01-2025,7612000,1141800,6470200,48,9.75,51.5,STRUCTURED_LEASE,30_Days_Past_Due
EQF-2025-00300,CUST-00300,EQ-009,19-01-2025,6088000,1522000,4566000,36,8.83,32.4,AUTO_APPROVE,Performing
EQF-2025-00301,CUST-00301,EQ-005,19-01-2025,1561000,390250,1170750,48,8.79,40.1,STRUCTURED_LEASE,Performing
EQF-2025-00302,CUST-00302,EQ-004,19-01-2025,10384000,2596000,7788000,36,9.02,49,STRUCTURED_LEASE,60_Days_Past_Due
EQF-2025-00303,CUST-00303,EQ-010,19-01-2025,3063000,612600,2450400,36,8.15,55.1,STRUCTURED_LEASE,Performing
EQF-2025-00304,CUST-00304,EQ-008,19-01-2025,5618000,561800,5056200,36,7,60.9,STRUCTURED_LEASE,Performing
EQF-2025-00305,CUST-00305,EQ-013,20-01-2025,2730000,409500,2320500,48,11.71,99,REJECT,Default
EQF-2025-00306,CUST-00306,EQ-007,20-01-2025,807000,121050,685950,48,8.77,48.6,STRUCTURED_LEASE,30_Days_Past_Due
EQF-2025-00307,CUST-00307,EQ-008,20-01-2025,6725000,1345000,5380000,48,7,60.7,STRUCTURED_LEASE,60_Days_Past_Due
EQF-2025-00308,CUST-00308,EQ-011,20-01-2025,12281000,1842150,10438850,24,9.77,62,STRUCTURED_LEASE,Performing
EQF-2025-00309,CUST-00309,EQ-014,20-01-2025,4328000,649200,3678800,48,10.42,84,REJECT,Performing
EQF-2025-00310,CUST-00310,EQ-011,20-01-2025,13673000,1367300,12305700,36,9.23,73.8,REQUIRE_COLLATERAL,30_Days_Past_Due
EQF-2025-00311,CUST-00311,EQ-012,20-01-2025,9365000,2341250,7023750,48,7.57,71,REQUIRE_COLLATERAL,Performing
EQF-2025-00312,CUST-00312,EQ-005,20-01-2025,5914000,1478500,4435500,36,7.38,45.1,STRUCTURED_LEASE,Performing
EQF-2025-00313,CUST-00313,EQ-005,20-01-2025,2057000,411400,1645600,48,12.92,98.1,REJECT,Default
EQF-2025-00314,CUST-00314,EQ-015,20-01-2025,3338000,834500,2503500,48,7.38,63.3,STRUCTURED_LEASE,30_Days_Past_Due
EQF-2025-00315,CUST-00315,EQ-003,20-01-2025,1788000,447000,1341000,48,7.06,36.9,AUTO_APPROVE,Performing
EQF-2025-00316,CUST-00316,EQ-014,20-01-2025,2605000,521000,2084000,48,9.04,70.4,REQUIRE_COLLATERAL,Performing
EQF-2025-00317,CUST-00317,EQ-001,20-01-2025,7622000,1524400,6097600,48,10.73,99,REJECT,Performing
EQF-2025-00318,CUST-00318,EQ-009,20-01-2025,4465000,1116250,3348750,24,11.99,71.9,REQUIRE_COLLATERAL,Performing
EQF-2025-00319,CUST-00319,EQ-006,20-01-2025,5501000,550100,4950900,48,9.18,52,STRUCTURED_LEASE,Performing
EQF-2025-00320,CUST-00320,EQ-012,20-01-2025,13932000,2786400,11145600,36,9.16,59.9,STRUCTURED_LEASE,Performing
EQF-2025-00321,CUST-00321,EQ-010,21-01-2025,5853000,877950,4975050,36,7.57,52.9,STRUCTURED_LEASE,Performing
EQF-2025-00322,CUST-00322,EQ-014,21-01-2025,4928000,985600,3942400,36,11.13,39.9,AUTO_APPROVE,Performing
EQF-2025-00323,CUST-00323,EQ-003,21-01-2025,4084000,612600,3471400,60,9.4,65.3,REQUIRE_COLLATERAL,Performing
EQF-2025-00324,CUST-00324,EQ-011,21-01-2025,9626000,1925200,7700800,36,9.44,57.6,STRUCTURED_LEASE,Performing
EQF-2025-00325,CUST-00325,EQ-015,21-01-2025,4149000,829800,3319200,36,10.15,69,REQUIRE_COLLATERAL,Performing
EQF-2025-00326,CUST-00326,EQ-003,21-01-2025,1588000,397000,1191000,60,9.95,61.1,STRUCTURED_LEASE,Performing
EQF-2025-00327,CUST-00327,EQ-004,21-01-2025,9678000,2419500,7258500,48,9.29,40.6,STRUCTURED_LEASE,Performing
EQF-2025-00328,CUST-00328,EQ-010,21-01-2025,7450000,1862500,5587500,24,11.48,71,REQUIRE_COLLATERAL,Performing
EQF-2025-00329,CUST-00329,EQ-012,21-01-2025,14847000,1484700,13362300,60,7.09,64.5,STRUCTURED_LEASE,Performing
EQF-2025-00330,CUST-00330,EQ-009,21-01-2025,5955000,1488750,4466250,36,9.82,99,REJECT,Performing
EQF-2025-00331,CUST-00331,EQ-011,21-01-2025,13175000,3293750,9881250,48,10.11,75.3,REQUIRE_COLLATERAL,Performing
EQF-2025-00332,CUST-00332,EQ-003,21-01-2025,4239000,847800,3391200,48,8.88,44.5,STRUCTURED_LEASE,30_Days_Past_Due
EQF-2025-00333,CUST-00333,EQ-009,21-01-2025,3918000,783600,3134400,48,10.42,69.2,REQUIRE_COLLATERAL,Performing
EQF-2025-00334,CUST-00334,EQ-006,21-01-2025,3317000,331700,2985300,48,10.49,63,STRUCTURED_LEASE,Performing
EQF-2025-00335,CUST-00335,EQ-005,21-01-2025,4513000,676950,3836050,36,11.16,76.8,REQUIRE_COLLATERAL,Performing
EQF-2025-00336,CUST-00336,EQ-005,21-01-2025,4771000,954200,3816800,36,9.33,58.1,STRUCTURED_LEASE,Performing
EQF-2025-00337,CUST-00337,EQ-002,22-01-2025,2048000,409600,1638400,48,9.17,67.1,REQUIRE_COLLATERAL,Performing
EQF-2025-00338,CUST-00338,EQ-013,22-01-2025,4599000,689850,3909150,36,10.31,57.4,STRUCTURED_LEASE,30_Days_Past_Due
EQF-2025-00339,CUST-00339,EQ-004,22-01-2025,7112000,711200,6400800,60,9.2,73.1,REQUIRE_COLLATERAL,Performing
EQF-2025-00340,CUST-00340,EQ-009,22-01-2025,8349000,1669800,6679200,36,7.22,25.7,AUTO_APPROVE,Performing
EQF-2025-00341,CUST-00341,EQ-008,22-01-2025,9385000,2346250,7038750,24,10.79,56.7,STRUCTURED_LEASE,Performing
EQF-2025-00342,CUST-00342,EQ-004,22-01-2025,7223000,722300,6500700,48,7,68.6,REQUIRE_COLLATERAL,Performing
EQF-2025-00343,CUST-00343,EQ-006,22-01-2025,8129000,1219350,6909650,36,10.1,71,REQUIRE_COLLATERAL,Performing
EQF-2025-00344,CUST-00344,EQ-012,22-01-2025,9554000,1433100,8120900,24,13.31,99,REJECT,Default
EQF-2025-00345,CUST-00345,EQ-012,22-01-2025,13758000,3439500,10318500,36,10.3,59.1,STRUCTURED_LEASE,Performing
EQF-2025-00346,CUST-00346,EQ-008,22-01-2025,5544000,1386000,4158000,60,8.46,68,REQUIRE_COLLATERAL,Performing
EQF-2025-00347,CUST-00347,EQ-004,22-01-2025,5718000,1429500,4288500,36,8.82,42.2,STRUCTURED_LEASE,Performing
EQF-2025-00348,CUST-00348,EQ-006,22-01-2025,4427000,442700,3984300,36,10.06,76.8,REQUIRE_COLLATERAL,Performing
EQF-2025-00349,CUST-00349,EQ-001,22-01-2025,10013000,1501950,8511050,36,9.47,61.1,STRUCTURED_LEASE,Performing
EQF-2025-00350,CUST-00350,EQ-010,22-01-2025,7205000,1801250,5403750,24,10.63,58.5,STRUCTURED_LEASE,30_Days_Past_Due
EQF-2025-00351,CUST-00351,EQ-008,22-01-2025,6719000,1679750,5039250,24,11.68,74.1,REQUIRE_COLLATERAL,30_Days_Past_Due
EQF-2025-00352,CUST-00352,EQ-002,22-01-2025,2391000,358650,2032350,48,11.47,90.7,REJECT,60_Days_Past_Due
EQF-2025-00353,CUST-00353,EQ-013,23-01-2025,4723000,944600,3778400,60,7.77,68.4,REQUIRE_COLLATERAL,Performing
EQF-2025-00354,CUST-00354,EQ-006,23-01-2025,5620000,562000,5058000,36,9.52,60.6,STRUCTURED_LEASE,Performing
EQF-2025-00355,CUST-00355,EQ-005,23-01-2025,4354000,870800,3483200,48,10.24,62.8,STRUCTURED_LEASE,Performing
EQF-2025-00356,CUST-00356,EQ-004,23-01-2025,8035000,2008750,6026250,60,11.78,57.5,STRUCTURED_LEASE,Performing
EQF-2025-00357,CUST-00357,EQ-005,23-01-2025,6876000,687600,6188400,36,10.04,67.7,REQUIRE_COLLATERAL,Performing
EQF-2025-00358,CUST-00358,EQ-008,23-01-2025,10666000,2133200,8532800,36,8.47,56.6,STRUCTURED_LEASE,Performing
EQF-2025-00359,CUST-00359,EQ-002,23-01-2025,3398000,509700,2888300,60,10.15,56.1,STRUCTURED_LEASE,Performing
EQF-2025-00360,CUST-00360,EQ-008,23-01-2025,3453000,863250,2589750,48,12.23,68,REQUIRE_COLLATERAL,Default
EQF-2025-00361,CUST-00361,EQ-001,23-01-2025,8848000,884800,7963200,36,9.12,78.8,REQUIRE_COLLATERAL,60_Days_Past_Due
EQF-2025-00362,CUST-00362,EQ-008,23-01-2025,6571000,657100,5913900,36,8.45,73,REQUIRE_COLLATERAL,Performing
EQF-2025-00363,CUST-00363,EQ-004,23-01-2025,10124000,1012400,9111600,24,9.45,78.7,REQUIRE_COLLATERAL,Performing
EQF-2025-00364,CUST-00364,EQ-008,23-01-2025,5856000,585600,5270400,36,8.52,78,REQUIRE_COLLATERAL,30_Days_Past_Due
EQF-2025-00365,CUST-00365,EQ-007,23-01-2025,5757000,1439250,4317750,48,10.74,34.7,AUTO_APPROVE,Performing
EQF-2025-00366,CUST-00366,EQ-012,23-01-2025,9336000,2334000,7002000,48,8.53,79,REQUIRE_COLLATERAL,Performing
EQF-2025-00367,CUST-00367,EQ-007,23-01-2025,5864000,879600,4984400,48,11.44,76,REQUIRE_COLLATERAL,Performing
EQF-2025-00368,CUST-00368,EQ-002,23-01-2025,843000,126450,716550,36,10.24,57.4,STRUCTURED_LEASE,Performing
EQF-2025-00369,CUST-00369,EQ-006,24-01-2025,7792000,1168800,6623200,36,10.55,66.1,REQUIRE_COLLATERAL,Default
EQF-2025-00370,CUST-00370,EQ-005,24-01-2025,8018000,1603600,6414400,24,10.53,70.4,REQUIRE_COLLATERAL,Performing
EQF-2025-00371,CUST-00371,EQ-005,24-01-2025,8227000,1234050,6992950,48,10.78,63.6,STRUCTURED_LEASE,Performing
EQF-2025-00372,CUST-00372,EQ-009,24-01-2025,1592000,398000,1194000,48,9.04,86,REJECT,Default
EQF-2025-00373,CUST-00373,EQ-009,24-01-2025,2702000,540400,2161600,36,8.03,76.5,REQUIRE_COLLATERAL,60_Days_Past_Due
EQF-2025-00374,CUST-00374,EQ-003,24-01-2025,3684000,921000,2763000,36,8.79,41.5,STRUCTURED_LEASE,Performing
EQF-2025-00375,CUST-00375,EQ-009,24-01-2025,1678000,335600,1342400,48,10.89,84.1,REJECT,60_Days_Past_Due
EQF-2025-00376,CUST-00376,EQ-011,24-01-2025,4700000,705000,3995000,48,7,41.1,STRUCTURED_LEASE,Performing
EQF-2025-00377,CUST-00377,EQ-013,24-01-2025,2040000,306000,1734000,36,7,46.4,STRUCTURED_LEASE,Performing
EQF-2025-00378,CUST-00378,EQ-009,24-01-2025,5087000,763050,4323950,36,9.84,44.8,STRUCTURED_LEASE,Performing
EQF-2025-00379,CUST-00379,EQ-014,24-01-2025,3274000,654800,2619200,36,10.77,57.6,STRUCTURED_LEASE,Performing
EQF-2025-00380,CUST-00380,EQ-012,24-01-2025,4377000,1094250,3282750,48,10.97,98.3,REJECT,Default
EQF-2025-00381,CUST-00381,EQ-005,24-01-2025,2693000,269300,2423700,48,8.07,86.2,REJECT,60_Days_Past_Due
EQF-2025-00382,CUST-00382,EQ-014,24-01-2025,3099000,774750,2324250,48,7.73,77.1,REQUIRE_COLLATERAL,Performing
EQF-2025-00383,CUST-00383,EQ-008,24-01-2025,7548000,1132200,6415800,60,8.47,76.1,REQUIRE_COLLATERAL,Performing
EQF-2025-00384,CUST-00384,EQ-007,24-01-2025,1572000,314400,1257600,60,8.91,80.9,REJECT,Performing
EQF-2025-00385,CUST-00385,EQ-003,25-01-2025,2716000,543200,2172800,36,9,60.5,STRUCTURED_LEASE,Performing
EQF-2025-00386,CUST-00386,EQ-003,25-01-2025,4637000,695550,3941450,36,9.68,56.3,STRUCTURED_LEASE,Performing
EQF-2025-00387,CUST-00387,EQ-012,25-01-2025,14988000,2997600,11990400,36,11.61,60.2,STRUCTURED_LEASE,30_Days_Past_Due
EQF-2025-00388,CUST-00388,EQ-005,25-01-2025,8411000,1261650,7149350,24,9.41,53.4,STRUCTURED_LEASE,Performing
EQF-2025-00389,CUST-00389,EQ-013,25-01-2025,4550000,1137500,3412500,48,10.91,71,REQUIRE_COLLATERAL,30_Days_Past_Due
EQF-2025-00390,CUST-00390,EQ-014,25-01-2025,2700000,540000,2160000,60,10.48,68,REQUIRE_COLLATERAL,30_Days_Past_Due
EQF-2025-00391,CUST-00391,EQ-002,25-01-2025,4370000,437000,3933000,48,8.43,62,STRUCTURED_LEASE,Performing
EQF-2025-00392,CUST-00392,EQ-001,25-01-2025,8583000,1716600,6866400,36,10.46,68.4,REQUIRE_COLLATERAL,Performing
EQF-2025-00393,CUST-00393,EQ-011,25-01-2025,11134000,1670100,9463900,24,10.36,45.6,STRUCTURED_LEASE,Performing
EQF-2025-00394,CUST-00394,EQ-014,25-01-2025,2376000,237600,2138400,36,9.5,75.9,REQUIRE_COLLATERAL,Performing
EQF-2025-00395,CUST-00395,EQ-001,25-01-2025,10668000,1600200,9067800,48,9.76,73.2,REQUIRE_COLLATERAL,60_Days_Past_Due
EQF-2025-00396,CUST-00396,EQ-007,25-01-2025,3524000,704800,2819200,36,9.41,80.4,REJECT,60_Days_Past_Due
EQF-2025-00397,CUST-00397,EQ-015,25-01-2025,927000,92700,834300,24,7.86,54.5,STRUCTURED_LEASE,Performing
EQF-2025-00398,CUST-00398,EQ-011,25-01-2025,12698000,1269800,11428200,36,13.05,81.5,REJECT,Performing
EQF-2025-00399,CUST-00399,EQ-014,25-01-2025,1245000,249000,996000,60,11.08,89.3,REJECT,Performing
EQF-2025-00400,CUST-00400,EQ-003,25-01-2025,2314000,231400,2082600,48,10.29,58.2,STRUCTURED_LEASE,Performing
EQF-2025-00401,CUST-00401,EQ-009,26-01-2025,1541000,385250,1155750,60,8.89,78.4,REQUIRE_COLLATERAL,Performing
EQF-2025-00402,CUST-00402,EQ-007,26-01-2025,2756000,275600,2480400,48,9.36,59.9,STRUCTURED_LEASE,Performing
EQF-2025-00403,CUST-00403,EQ-004,26-01-2025,3037000,303700,2733300,48,7.74,49.4,STRUCTURED_LEASE,30_Days_Past_Due
EQF-2025-00404,CUST-00404,EQ-013,26-01-2025,4671000,1167750,3503250,24,10.2,66.7,REQUIRE_COLLATERAL,60_Days_Past_Due
EQF-2025-00405,CUST-00405,EQ-012,26-01-2025,8572000,1285800,7286200,36,10,53.6,STRUCTURED_LEASE,Performing
EQF-2025-00406,CUST-00406,EQ-002,26-01-2025,3189000,478350,2710650,48,9.19,34.5,AUTO_APPROVE,Performing
EQF-2025-00407,CUST-00407,EQ-011,26-01-2025,7848000,1962000,5886000,60,9.54,54.3,STRUCTURED_LEASE,30_Days_Past_Due
EQF-2025-00408,CUST-00408,EQ-005,26-01-2025,5893000,589300,5303700,36,9.05,56.8,STRUCTURED_LEASE,Performing
EQF-2025-00409,CUST-00409,EQ-007,26-01-2025,4879000,975800,3903200,24,8.76,32.6,AUTO_APPROVE,Performing
EQF-2025-00410,CUST-00410,EQ-006,26-01-2025,6037000,1509250,4527750,48,8.34,83.5,REJECT,Default
EQF-2025-00411,CUST-00411,EQ-001,26-01-2025,12230000,2446000,9784000,36,7.97,43.3,STRUCTURED_LEASE,Performing
EQF-2025-00412,CUST-00412,EQ-015,26-01-2025,5511000,826650,4684350,48,8.45,59.7,STRUCTURED_LEASE,Performing
EQF-2025-00413,CUST-00413,EQ-015,26-01-2025,5290000,1322500,3967500,36,8.56,43.3,STRUCTURED_LEASE,30_Days_Past_Due
EQF-2025-00414,CUST-00414,EQ-010,26-01-2025,8229000,1645800,6583200,36,11.13,74.6,REQUIRE_COLLATERAL,Performing
EQF-2025-00415,CUST-00415,EQ-008,26-01-2025,4324000,432400,3891600,36,8.57,44.3,STRUCTURED_LEASE,Performing
EQF-2025-00416,CUST-00416,EQ-012,26-01-2025,11015000,2753750,8261250,48,7,84.9,REJECT,Performing
EQF-2025-00417,CUST-00417,EQ-012,27-01-2025,9567000,1913400,7653600,48,9.94,72.1,REQUIRE_COLLATERAL,Performing
EQF-2025-00418,CUST-00418,EQ-011,27-01-2025,11889000,2972250,8916750,36,10.44,56.8,STRUCTURED_LEASE,Performing
EQF-2025-00419,CUST-00419,EQ-014,27-01-2025,4365000,1091250,3273750,60,10.95,60.1,STRUCTURED_LEASE,Performing
EQF-2025-00420,CUST-00420,EQ-003,27-01-2025,4022000,603300,3418700,24,9.75,96.1,REJECT,Performing
EQF-2025-00421,CUST-00421,EQ-014,27-01-2025,4417000,662550,3754450,24,7.79,75.3,REQUIRE_COLLATERAL,Performing
EQF-2025-00422,CUST-00422,EQ-013,27-01-2025,1443000,144300,1298700,48,8.3,71.4,REQUIRE_COLLATERAL,Performing
EQF-2025-00423,CUST-00423,EQ-009,27-01-2025,1721000,258150,1462850,24,10.4,79.6,REQUIRE_COLLATERAL,Default
EQF-2025-00424,CUST-00424,EQ-004,27-01-2025,4697000,704550,3992450,48,11.69,82.3,REJECT,Default
EQF-2025-00425,CUST-00425,EQ-009,27-01-2025,7805000,1170750,6634250,60,7.79,59.8,STRUCTURED_LEASE,Performing
EQF-2025-00426,CUST-00426,EQ-008,27-01-2025,9501000,1900200,7600800,48,9.82,54.8,STRUCTURED_LEASE,Performing
EQF-2025-00427,CUST-00427,EQ-001,27-01-2025,11510000,2877500,8632500,48,8.67,76.1,REQUIRE_COLLATERAL,Performing
EQF-2025-00428,CUST-00428,EQ-007,27-01-2025,4444000,666600,3777400,48,8.26,45.1,STRUCTURED_LEASE,Performing
EQF-2025-00429,CUST-00429,EQ-011,27-01-2025,11993000,2398600,9594400,36,9.55,62.3,STRUCTURED_LEASE,Performing
EQF-2025-00430,CUST-00430,EQ-006,27-01-2025,8098000,2024500,6073500,36,9.3,66.8,REQUIRE_COLLATERAL,Performing
EQF-2025-00431,CUST-00431,EQ-005,27-01-2025,7325000,1098750,6226250,36,7,31.4,AUTO_APPROVE,Performing
EQF-2025-00432,CUST-00432,EQ-013,27-01-2025,3569000,535350,3033650,60,9.8,76.5,REQUIRE_COLLATERAL,Performing
EQF-2025-00433,CUST-00433,EQ-010,28-01-2025,8159000,2039750,6119250,36,9.99,75.7,REQUIRE_COLLATERAL,Performing
EQF-2025-00434,CUST-00434,EQ-009,28-01-2025,2996000,599200,2396800,36,10.62,47.3,STRUCTURED_LEASE,Performing
EQF-2025-00435,CUST-00435,EQ-006,28-01-2025,6101000,1220200,4880800,60,8.64,69.6,REQUIRE_COLLATERAL,Performing
EQF-2025-00436,CUST-00436,EQ-014,28-01-2025,2814000,281400,2532600,48,7.12,33,AUTO_APPROVE,Performing
EQF-2025-00437,CUST-00437,EQ-006,28-01-2025,2571000,642750,1928250,60,8.87,68.8,REQUIRE_COLLATERAL,60_Days_Past_Due
EQF-2025-00438,CUST-00438,EQ-014,28-01-2025,4264000,426400,3837600,48,10.56,88,REJECT,60_Days_Past_Due
EQF-2025-00439,CUST-00439,EQ-014,28-01-2025,3139000,627800,2511200,36,9.39,66.8,REQUIRE_COLLATERAL,30_Days_Past_Due
EQF-2025-00440,CUST-00440,EQ-009,28-01-2025,8342000,1251300,7090700,48,10.77,80,REJECT,Default
EQF-2025-00441,CUST-00441,EQ-006,28-01-2025,3472000,347200,3124800,36,7.55,54.6,STRUCTURED_LEASE,Performing
EQF-2025-00442,CUST-00442,EQ-015,28-01-2025,3299000,659800,2639200,36,10.72,81.5,REJECT,Performing
EQF-2025-00443,CUST-00443,EQ-001,28-01-2025,8928000,1785600,7142400,48,9.87,77.8,REQUIRE_COLLATERAL,Performing
EQF-2025-00444,CUST-00444,EQ-011,28-01-2025,5329000,799350,4529650,48,8.97,69.3,REQUIRE_COLLATERAL,Performing
EQF-2025-00445,CUST-00445,EQ-013,28-01-2025,2819000,704750,2114250,60,11.11,72.5,REQUIRE_COLLATERAL,Performing
EQF-2025-00446,CUST-00446,EQ-002,28-01-2025,2295000,459000,1836000,60,9.86,70.9,REQUIRE_COLLATERAL,Performing
EQF-2025-00447,CUST-00447,EQ-002,28-01-2025,1634000,163400,1470600,60,8.02,68.2,REQUIRE_COLLATERAL,Performing
EQF-2025-00448,CUST-00448,EQ-003,28-01-2025,2272000,340800,1931200,24,10.97,38.7,AUTO_APPROVE,Performing
EQF-2025-00449,CUST-00449,EQ-012,29-01-2025,6566000,1641500,4924500,48,9.14,60.2,STRUCTURED_LEASE,Performing
EQF-2025-00450,CUST-00450,EQ-006,29-01-2025,6639000,1659750,4979250,48,9.56,99,REJECT,60_Days_Past_Due
EQF-2025-00451,CUST-00451,EQ-014,29-01-2025,1317000,329250,987750,60,8.21,63.2,STRUCTURED_LEASE,30_Days_Past_Due
EQF-2025-00452,CUST-00452,EQ-004,29-01-2025,7748000,1549600,6198400,36,9.42,61.4,STRUCTURED_LEASE,Performing
EQF-2025-00453,CUST-00453,EQ-011,29-01-2025,12367000,3091750,9275250,36,8.08,45.6,STRUCTURED_LEASE,Performing
EQF-2025-00454,CUST-00454,EQ-015,29-01-2025,3300000,660000,2640000,60,9.24,79.1,REQUIRE_COLLATERAL,Performing
EQF-2025-00455,CUST-00455,EQ-006,29-01-2025,8021000,1203150,6817850,36,9.55,57.2,STRUCTURED_LEASE,Performing
EQF-2025-00456,CUST-00456,EQ-008,29-01-2025,8517000,1277550,7239450,48,10.41,64.7,STRUCTURED_LEASE,Performing
EQF-2025-00457,CUST-00457,EQ-006,29-01-2025,6735000,1683750,5051250,36,7.39,50.6,STRUCTURED_LEASE,Performing
EQF-2025-00458,CUST-00458,EQ-004,29-01-2025,4174000,626100,3547900,36,11,56.1,STRUCTURED_LEASE,Performing
EQF-2025-00459,CUST-00459,EQ-009,29-01-2025,6941000,694100,6246900,48,11.05,56,STRUCTURED_LEASE,Performing
EQF-2025-00460,CUST-00460,EQ-005,29-01-2025,7325000,732500,6592500,36,9.22,40.5,STRUCTURED_LEASE,Performing
EQF-2025-00461,CUST-00461,EQ-009,29-01-2025,4029000,805800,3223200,48,9.69,97.3,REJECT,Performing
EQF-2025-00462,CUST-00462,EQ-010,29-01-2025,4314000,1078500,3235500,24,9.96,82.7,REJECT,60_Days_Past_Due
EQF-2025-00463,CUST-00463,EQ-014,29-01-2025,2663000,532600,2130400,36,9.63,72.8,REQUIRE_COLLATERAL,Performing
EQF-2025-00464,CUST-00464,EQ-008,29-01-2025,8787000,1318050,7468950,36,10.41,77.9,REQUIRE_COLLATERAL,30_Days_Past_Due
EQF-2025-00465,CUST-00465,EQ-015,30-01-2025,2972000,743000,2229000,48,8.92,65.6,REQUIRE_COLLATERAL,Performing
EQF-2025-00466,CUST-00466,EQ-001,30-01-2025,12103000,2420600,9682400,36,8.36,62.1,STRUCTURED_LEASE,Performing
EQF-2025-00467,CUST-00467,EQ-011,30-01-2025,5249000,1312250,3936750,48,10.14,78.6,REQUIRE_COLLATERAL,Performing
EQF-2025-00468,CUST-00468,EQ-002,30-01-2025,4991000,1247750,3743250,48,7.21,61.2,STRUCTURED_LEASE,Performing
EQF-2025-00469,CUST-00469,EQ-009,30-01-2025,3272000,654400,2617600,48,10.43,47.3,STRUCTURED_LEASE,Performing
EQF-2025-00470,CUST-00470,EQ-002,30-01-2025,2094000,523500,1570500,48,10.58,51.1,STRUCTURED_LEASE,Performing
EQF-2025-00471,CUST-00471,EQ-009,30-01-2025,5633000,844950,4788050,36,8.33,44.6,STRUCTURED_LEASE,30_Days_Past_Due
EQF-2025-00472,CUST-00472,EQ-015,30-01-2025,1165000,116500,1048500,36,11.63,51.9,STRUCTURED_LEASE,60_Days_Past_Due
EQF-2025-00473,CUST-00473,EQ-006,30-01-2025,1684000,168400,1515600,48,8.97,74.6,REQUIRE_COLLATERAL,30_Days_Past_Due
EQF-2025-00474,CUST-00474,EQ-007,30-01-2025,2157000,539250,1617750,24,8.84,62.6,STRUCTURED_LEASE,60_Days_Past_Due
EQF-2025-00475,CUST-00475,EQ-010,30-01-2025,7074000,707400,6366600,60,8.52,57.1,STRUCTURED_LEASE,Performing
EQF-2025-00476,CUST-00476,EQ-015,30-01-2025,5520000,1380000,4140000,48,10.17,76,REQUIRE_COLLATERAL,Performing
EQF-2025-00477,CUST-00477,EQ-005,30-01-2025,7425000,1485000,5940000,36,8.91,53.4,STRUCTURED_LEASE,Performing
EQF-2025-00478,CUST-00478,EQ-004,30-01-2025,6669000,1000350,5668650,48,7.34,68.5,REQUIRE_COLLATERAL,30_Days_Past_Due
EQF-2025-00479,CUST-00479,EQ-007,30-01-2025,993000,99300,893700,60,10.01,46.4,STRUCTURED_LEASE,Performing
EQF-2025-00480,CUST-00480,EQ-010,30-01-2025,7050000,1410000,5640000,36,9.06,60.9,STRUCTURED_LEASE,Performing
EQF-2025-00481,CUST-00481,EQ-008,31-01-2025,8491000,1273650,7217350,48,11.13,71.4,REQUIRE_COLLATERAL,Performing
EQF-2025-00482,CUST-00482,EQ-014,31-01-2025,2489000,248900,2240100,24,9.96,70.3,REQUIRE_COLLATERAL,Performing
EQF-2025-00483,CUST-00483,EQ-010,31-01-2025,3444000,344400,3099600,48,9.9,67.9,REQUIRE_COLLATERAL,Performing
EQF-2025-00484,CUST-00484,EQ-010,31-01-2025,4868000,730200,4137800,60,11.02,62.5,STRUCTURED_LEASE,Performing
EQF-2025-00485,CUST-00485,EQ-008,31-01-2025,9059000,1811800,7247200,48,9.74,63,STRUCTURED_LEASE,Performing
EQF-2025-00486,CUST-00486,EQ-015,31-01-2025,2626000,525200,2100800,48,10.67,68.8,REQUIRE_COLLATERAL,Performing
EQF-2025-00487,CUST-00487,EQ-006,31-01-2025,7184000,718400,6465600,60,8.53,60.7,STRUCTURED_LEASE,Performing
EQF-2025-00488,CUST-00488,EQ-001,31-01-2025,7515000,1127250,6387750,48,11.97,62.7,STRUCTURED_LEASE,Performing
EQF-2025-00489,CUST-00489,EQ-007,31-01-2025,1650000,330000,1320000,48,9.91,51.7,STRUCTURED_LEASE,30_Days_Past_Due
EQF-2025-00490,CUST-00490,EQ-002,31-01-2025,3066000,459900,2606100,48,7.7,57.7,STRUCTURED_LEASE,Performing
EQF-2025-00491,CUST-00491,EQ-010,31-01-2025,6344000,951600,5392400,48,9.71,87.5,REJECT,60_Days_Past_Due
EQF-2025-00492,CUST-00492,EQ-008,31-01-2025,2637000,263700,2373300,48,9.78,76.1,REQUIRE_COLLATERAL,Performing
EQF-2025-00493,CUST-00493,EQ-011,31-01-2025,5287000,793050,4493950,60,9.69,73.7,REQUIRE_COLLATERAL,Performing
EQF-2025-00494,CUST-00494,EQ-009,31-01-2025,2794000,419100,2374900,48,7,68.1,REQUIRE_COLLATERAL,Performing
EQF-2025-00495,CUST-00495,EQ-010,31-01-2025,3465000,866250,2598750,48,8.68,54.6,STRUCTURED_LEASE,Performing
EQF-2025-00496,CUST-00496,EQ-001,31-01-2025,7757000,1163550,6593450,24,7.43,51.2,STRUCTURED_LEASE,Performing
EQF-2025-00497,CUST-00497,EQ-010,01-02-2025,10699000,2139800,8559200,48,7.45,59.2,STRUCTURED_LEASE,Performing
EQF-2025-00498,CUST-00498,EQ-009,01-02-2025,5065000,506500,4558500,48,9.75,53.6,STRUCTURED_LEASE,30_Days_Past_Due
EQF-2025-00499,CUST-00499,EQ-007,01-02-2025,4063000,406300,3656700,48,8.66,60.8,STRUCTURED_LEASE,Performing
EQF-2025-00500,CUST-00500,EQ-002,01-02-2025,2653000,397950,2255050,36,8.95,51.4,STRUCTURED_LEASE,Performing
EQF-2025-00501,CUST-00501,EQ-003,01-02-2025,2429000,364350,2064650,60,8.16,32.7,AUTO_APPROVE,Performing
EQF-2025-00502,CUST-00502,EQ-004,01-02-2025,2697000,539400,2157600,24,11.57,54.9,STRUCTURED_LEASE,Performing
EQF-2025-00503,CUST-00503,EQ-001,01-02-2025,9504000,2376000,7128000,36,9.56,78.9,REQUIRE_COLLATERAL,Performing
EQF-2025-00504,CUST-00504,EQ-014,01-02-2025,3038000,303800,2734200,48,7.22,53.1,STRUCTURED_LEASE,Performing
EQF-2025-00505,CUST-00505,EQ-014,01-02-2025,1800000,450000,1350000,48,10.47,72.5,REQUIRE_COLLATERAL,30_Days_Past_Due
EQF-2025-00506,CUST-00506,EQ-006,01-02-2025,6850000,1370000,5480000,36,8.99,75.5,REQUIRE_COLLATERAL,Performing
EQF-2025-00507,CUST-00507,EQ-002,01-02-2025,3362000,336200,3025800,48,11.29,99,REJECT,Default
EQF-2025-00508,CUST-00508,EQ-014,01-02-2025,2488000,497600,1990400,36,9.49,58.4,STRUCTURED_LEASE,30_Days_Past_Due
EQF-2025-00509,CUST-00509,EQ-007,01-02-2025,1564000,234600,1329400,24,8.46,65.6,REQUIRE_COLLATERAL,Performing
EQF-2025-00510,CUST-00510,EQ-014,01-02-2025,3298000,659600,2638400,36,8.69,75.1,REQUIRE_COLLATERAL,60_Days_Past_Due
EQF-2025-00511,CUST-00511,EQ-004,01-02-2025,8899000,1334850,7564150,60,8.9,72.8,REQUIRE_COLLATERAL,Performing
EQF-2025-00512,CUST-00512,EQ-001,01-02-2025,7102000,1775500,5326500,36,10.23,70.9,REQUIRE_COLLATERAL,Performing
EQF-2025-00513,CUST-00513,EQ-002,02-02-2025,1938000,193800,1744200,24,8.32,66.9,REQUIRE_COLLATERAL,30_Days_Past_Due
EQF-2025-00514,CUST-00514,EQ-002,02-02-2025,3514000,351400,3162600,48,11.37,63.8,STRUCTURED_LEASE,Performing
EQF-2025-00515,CUST-00515,EQ-009,02-02-2025,2587000,646750,1940250,36,10.05,64,STRUCTURED_LEASE,Performing
EQF-2025-00516,CUST-00516,EQ-005,02-02-2025,6166000,924900,5241100,48,9.84,55,STRUCTURED_LEASE,Performing
EQF-2025-00517,CUST-00517,EQ-012,02-02-2025,10659000,1065900,9593100,60,9.61,54.2,STRUCTURED_LEASE,Performing
EQF-2025-00518,CUST-00518,EQ-013,02-02-2025,1531000,306200,1224800,48,9.47,58.7,STRUCTURED_LEASE,Performing
EQF-2025-00519,CUST-00519,EQ-002,02-02-2025,990000,148500,841500,36,7.6,61.2,STRUCTURED_LEASE,Performing
EQF-2025-00520,CUST-00520,EQ-006,02-02-2025,5842000,584200,5257800,48,9.94,64.9,STRUCTURED_LEASE,Performing
EQF-2025-00521,CUST-00521,EQ-010,02-02-2025,5001000,1000200,4000800,48,12.39,88.2,REJECT,60_Days_Past_Due
EQF-2025-00522,CUST-00522,EQ-001,02-02-2025,4951000,990200,3960800,36,10.54,66.4,REQUIRE_COLLATERAL,Performing
EQF-2025-00523,CUST-00523,EQ-002,02-02-2025,4749000,474900,4274100,24,10.16,95,REJECT,60_Days_Past_Due
EQF-2025-00524,CUST-00524,EQ-013,02-02-2025,2393000,598250,1794750,36,7.2,67.4,REQUIRE_COLLATERAL,Default
EQF-2025-00525,CUST-00525,EQ-003,02-02-2025,2946000,736500,2209500,24,11.13,69,REQUIRE_COLLATERAL,Performing
EQF-2025-00526,CUST-00526,EQ-004,02-02-2025,4513000,451300,4061700,60,10.7,60.9,STRUCTURED_LEASE,Performing
EQF-2025-00527,CUST-00527,EQ-001,02-02-2025,10900000,2180000,8720000,48,11.25,81.6,REJECT,Performing
EQF-2025-00528,CUST-00528,EQ-011,02-02-2025,7316000,1829000,5487000,36,8.14,59,STRUCTURED_LEASE,Performing
EQF-2025-00529,CUST-00529,EQ-006,03-02-2025,8276000,2069000,6207000,36,8.9,61.1,STRUCTURED_LEASE,Performing
EQF-2025-00530,CUST-00530,EQ-002,03-02-2025,4455000,1113750,3341250,60,7.27,63.9,STRUCTURED_LEASE,30_Days_Past_Due
EQF-2025-00531,CUST-00531,EQ-013,03-02-2025,1720000,258000,1462000,36,7.14,75.1,REQUIRE_COLLATERAL,Performing
EQF-2025-00532,CUST-00532,EQ-007,03-02-2025,2967000,741750,2225250,48,8.63,62.1,STRUCTURED_LEASE,Performing
EQF-2025-00533,CUST-00533,EQ-015,03-02-2025,2804000,280400,2523600,36,10.2,63,STRUCTURED_LEASE,Performing
EQF-2025-00534,CUST-00534,EQ-008,03-02-2025,7041000,704100,6336900,60,8.88,79,REQUIRE_COLLATERAL,Performing
EQF-2025-00535,CUST-00535,EQ-003,03-02-2025,4399000,659850,3739150,48,8.5,59.4,STRUCTURED_LEASE,Performing
EQF-2025-00536,CUST-00536,EQ-007,03-02-2025,3834000,575100,3258900,24,10.01,49.3,STRUCTURED_LEASE,Performing
EQF-2025-00537,CUST-00537,EQ-003,03-02-2025,1434000,143400,1290600,36,7,33.7,AUTO_APPROVE,Performing
EQF-2025-00538,CUST-00538,EQ-006,03-02-2025,6088000,913200,5174800,48,8.69,72.8,REQUIRE_COLLATERAL,Performing
EQF-2025-00539,CUST-00539,EQ-004,03-02-2025,2570000,642500,1927500,60,10.01,83.3,REJECT,60_Days_Past_Due
EQF-2025-00540,CUST-00540,EQ-006,03-02-2025,6960000,1392000,5568000,24,8.89,76.6,REQUIRE_COLLATERAL,Performing
EQF-2025-00541,CUST-00541,EQ-007,03-02-2025,4267000,853400,3413600,48,11.45,80.7,REJECT,60_Days_Past_Due
EQF-2025-00542,CUST-00542,EQ-004,03-02-2025,5125000,1025000,4100000,36,8.51,74,REQUIRE_COLLATERAL,Performing
EQF-2025-00543,CUST-00543,EQ-006,03-02-2025,3547000,354700,3192300,60,8.61,49.8,STRUCTURED_LEASE,Performing
EQF-2025-00544,CUST-00544,EQ-014,03-02-2025,4233000,634950,3598050,48,8.02,55.6,STRUCTURED_LEASE,Performing
EQF-2025-00545,CUST-00545,EQ-008,04-02-2025,9158000,1831600,7326400,36,8.36,79.7,REQUIRE_COLLATERAL,60_Days_Past_Due
EQF-2025-00546,CUST-00546,EQ-012,04-02-2025,7875000,1968750,5906250,36,9.92,74.5,REQUIRE_COLLATERAL,Performing
EQF-2025-00547,CUST-00547,EQ-006,04-02-2025,3593000,898250,2694750,24,10.71,70.6,REQUIRE_COLLATERAL,Performing
EQF-2025-00548,CUST-00548,EQ-013,04-02-2025,3327000,831750,2495250,48,12.73,55.7,STRUCTURED_LEASE,Performing
EQF-2025-00549,CUST-00549,EQ-004,04-02-2025,2571000,385650,2185350,36,10.37,73.1,REQUIRE_COLLATERAL,Performing
EQF-2025-00550,CUST-00550,EQ-014,04-02-2025,1514000,302800,1211200,36,7.73,65.6,REQUIRE_COLLATERAL,Performing
EQF-2025-00551,CUST-00551,EQ-008,04-02-2025,3572000,893000,2679000,60,11.36,52.2,STRUCTURED_LEASE,Performing
EQF-2025-00552,CUST-00552,EQ-015,04-02-2025,1764000,264600,1499400,36,10.23,57.7,STRUCTURED_LEASE,Performing
EQF-2025-00553,CUST-00553,EQ-010,04-02-2025,6852000,1713000,5139000,48,9.54,86.8,REJECT,Default
EQF-2025-00554,CUST-00554,EQ-004,04-02-2025,10934000,2186800,8747200,36,11.1,81.8,REJECT,Performing
EQF-2025-00555,CUST-00555,EQ-002,04-02-2025,4194000,838800,3355200,24,13.05,64.6,STRUCTURED_LEASE,Performing
EQF-2025-00556,CUST-00556,EQ-001,04-02-2025,4674000,934800,3739200,36,9.22,25.8,AUTO_APPROVE,Performing
EQF-2025-00557,CUST-00557,EQ-005,04-02-2025,5179000,1035800,4143200,48,8.25,43,STRUCTURED_LEASE,Performing
EQF-2025-00558,CUST-00558,EQ-006,04-02-2025,4977000,995400,3981600,48,11.49,65.1,REQUIRE_COLLATERAL,Performing
EQF-2025-00559,CUST-00559,EQ-014,04-02-2025,1748000,437000,1311000,60,13.48,69.5,REQUIRE_COLLATERAL,Performing
EQF-2025-00560,CUST-00560,EQ-008,04-02-2025,10322000,2064400,8257600,36,9.72,61,STRUCTURED_LEASE,Performing
EQF-2025-00561,CUST-00561,EQ-014,05-02-2025,2875000,718750,2156250,36,9.55,92.9,REJECT,60_Days_Past_Due
EQF-2025-00562,CUST-00562,EQ-005,05-02-2025,8462000,1692400,6769600,60,9.76,67.4,REQUIRE_COLLATERAL,Performing
EQF-2025-00563,CUST-00563,EQ-006,05-02-2025,4441000,1110250,3330750,36,10.17,48.1,STRUCTURED_LEASE,Performing
EQF-2025-00564,CUST-00564,EQ-005,05-02-2025,5756000,1151200,4604800,36,7.39,26.2,AUTO_APPROVE,Performing
EQF-2025-00565,CUST-00565,EQ-012,05-02-2025,5152000,1288000,3864000,24,9.96,53.8,STRUCTURED_LEASE,Performing
EQF-2025-00566,CUST-00566,EQ-008,05-02-2025,6361000,1272200,5088800,48,9.91,87.7,REJECT,Performing
EQF-2025-00567,CUST-00567,EQ-001,05-02-2025,6626000,993900,5632100,48,9.82,53.8,STRUCTURED_LEASE,Performing
EQF-2025-00568,CUST-00568,EQ-011,05-02-2025,13191000,3297750,9893250,24,9.75,49.2,STRUCTURED_LEASE,Performing
EQF-2025-00569,CUST-00569,EQ-007,05-02-2025,4876000,731400,4144600,36,9.64,42,STRUCTURED_LEASE,Performing
EQF-2025-00570,CUST-00570,EQ-011,05-02-2025,13066000,3266500,9799500,48,7,54,STRUCTURED_LEASE,Performing
EQF-2025-00571,CUST-00571,EQ-010,05-02-2025,8651000,2162750,6488250,60,8.42,40.7,STRUCTURED_LEASE,Performing
EQF-2025-00572,CUST-00572,EQ-014,05-02-2025,4364000,1091000,3273000,36,10.78,62.3,STRUCTURED_LEASE,30_Days_Past_Due
EQF-2025-00573,CUST-00573,EQ-011,05-02-2025,6209000,620900,5588100,60,11.14,67.6,REQUIRE_COLLATERAL,Performing
EQF-2025-00574,CUST-00574,EQ-004,05-02-2025,6342000,1268400,5073600,36,8.87,64.7,STRUCTURED_LEASE,Performing
EQF-2025-00575,CUST-00575,EQ-002,05-02-2025,4398000,659700,3738300,36,8.07,58.8,STRUCTURED_LEASE,Performing
EQF-2025-00576,CUST-00576,EQ-002,05-02-2025,4114000,617100,3496900,24,10.58,59.6,STRUCTURED_LEASE,Performing
EQF-2025-00577,CUST-00577,EQ-005,06-02-2025,6514000,1628500,4885500,36,9.91,63.2,STRUCTURED_LEASE,Performing
EQF-2025-00578,CUST-00578,EQ-015,06-02-2025,1966000,294900,1671100,36,9.32,49.5,STRUCTURED_LEASE,Performing
EQF-2025-00579,CUST-00579,EQ-008,06-02-2025,3337000,500550,2836450,60,10.79,99,REJECT,Performing
EQF-2025-00580,CUST-00580,EQ-012,06-02-2025,14085000,2112750,11972250,36,7.73,61.9,STRUCTURED_LEASE,Performing
EQF-2025-00581,CUST-00581,EQ-004,06-02-2025,7261000,1089150,6171850,36,11.24,56.9,STRUCTURED_LEASE,Performing
EQF-2025-00582,CUST-00582,EQ-015,06-02-2025,1600000,160000,1440000,24,7.25,45.7,STRUCTURED_LEASE,30_Days_Past_Due
EQF-2025-00583,CUST-00583,EQ-008,06-02-2025,9244000,2311000,6933000,48,8.26,79.7,REQUIRE_COLLATERAL,Performing
EQF-2025-00584,CUST-00584,EQ-012,06-02-2025,14064000,2109600,11954400,60,7.94,60.7,STRUCTURED_LEASE,30_Days_Past_Due
EQF-2025-00585,CUST-00585,EQ-008,06-02-2025,3941000,394100,3546900,36,8.63,63.5,STRUCTURED_LEASE,Performing
EQF-2025-00586,CUST-00586,EQ-005,06-02-2025,7222000,722200,6499800,36,9.96,57.4,STRUCTURED_LEASE,Performing
EQF-2025-00587,CUST-00587,EQ-006,06-02-2025,8033000,2008250,6024750,24,10.52,48.8,STRUCTURED_LEASE,Performing
EQF-2025-00588,CUST-00588,EQ-006,06-02-2025,8069000,1613800,6455200,36,9.38,67.2,REQUIRE_COLLATERAL,30_Days_Past_Due
EQF-2025-00589,CUST-00589,EQ-009,06-02-2025,7899000,1579800,6319200,24,7.58,51.1,STRUCTURED_LEASE,60_Days_Past_Due
EQF-2025-00590,CUST-00590,EQ-009,06-02-2025,5325000,1065000,4260000,48,7,55.5,STRUCTURED_LEASE,Performing
EQF-2025-00591,CUST-00591,EQ-005,06-02-2025,3993000,598950,3394050,48,10.77,70.9,REQUIRE_COLLATERAL,Performing
EQF-2025-00592,CUST-00592,EQ-004,06-02-2025,2562000,640500,1921500,48,10.58,41.2,STRUCTURED_LEASE,Performing
EQF-2025-00593,CUST-00593,EQ-009,07-02-2025,1926000,385200,1540800,36,11.11,35.9,AUTO_APPROVE,Performing
EQF-2025-00594,CUST-00594,EQ-001,07-02-2025,8717000,1307550,7409450,36,9.3,76,REQUIRE_COLLATERAL,Performing
EQF-2025-00595,CUST-00595,EQ-015,07-02-2025,2876000,719000,2157000,48,10.5,96.5,REJECT,Performing
EQF-2025-00596,CUST-00596,EQ-004,07-02-2025,4070000,610500,3459500,48,8.54,64.8,STRUCTURED_LEASE,Performing
EQF-2025-00597,CUST-00597,EQ-003,07-02-2025,2703000,540600,2162400,24,10.22,79.7,REQUIRE_COLLATERAL,Performing
EQF-2025-00598,CUST-00598,EQ-005,07-02-2025,2723000,544600,2178400,48,8.78,55.2,STRUCTURED_LEASE,Performing
EQF-2025-00599,CUST-00599,EQ-006,07-02-2025,7442000,744200,6697800,36,8.28,43.4,STRUCTURED_LEASE,Performing
EQF-2025-00600,CUST-00600,EQ-005,07-02-2025,3587000,358700,3228300,36,9.85,46.4,STRUCTURED_LEASE,Performing
EQF-2025-00601,CUST-00601,EQ-006,07-02-2025,5690000,1422500,4267500,24,9.77,65.6,REQUIRE_COLLATERAL,Performing
EQF-2025-00602,CUST-00602,EQ-012,07-02-2025,9531000,1429650,8101350,60,10.87,73.7,REQUIRE_COLLATERAL,Performing
EQF-2025-00603,CUST-00603,EQ-005,07-02-2025,1863000,279450,1583550,36,7.57,39.9,AUTO_APPROVE,Performing
EQF-2025-00604,CUST-00604,EQ-005,07-02-2025,8096000,1619200,6476800,60,10.89,63.5,STRUCTURED_LEASE,Performing
EQF-2025-00605,CUST-00605,EQ-005,07-02-2025,5191000,1038200,4152800,36,9.69,55.3,STRUCTURED_LEASE,Performing
EQF-2025-00606,CUST-00606,EQ-004,07-02-2025,5263000,1315750,3947250,36,11.1,67.2,REQUIRE_COLLATERAL,Performing
EQF-2025-00607,CUST-00607,EQ-006,07-02-2025,2607000,260700,2346300,48,11.09,83.3,REJECT,Performing
EQF-2025-00608,CUST-00608,EQ-012,07-02-2025,7724000,1544800,6179200,24,7,38,AUTO_APPROVE,Performing
EQF-2025-00609,CUST-00609,EQ-004,08-02-2025,2674000,401100,2272900,36,11.07,49.9,STRUCTURED_LEASE,30_Days_Past_Due
EQF-2025-00610,CUST-00610,EQ-003,08-02-2025,2582000,516400,2065600,36,11.14,85.7,REJECT,60_Days_Past_Due
EQF-2025-00611,CUST-00611,EQ-006,08-02-2025,5220000,522000,4698000,60,7.61,60.9,STRUCTURED_LEASE,Performing
EQF-2025-00612,CUST-00612,EQ-013,08-02-2025,4513000,676950,3836050,48,7.16,86.9,REJECT,Default
EQF-2025-00613,CUST-00613,EQ-008,08-02-2025,8343000,834300,7508700,36,10.66,54.4,STRUCTURED_LEASE,Performing
EQF-2025-00614,CUST-00614,EQ-009,08-02-2025,2281000,570250,1710750,36,9.67,85.6,REJECT,60_Days_Past_Due
EQF-2025-00615,CUST-00615,EQ-015,08-02-2025,1568000,392000,1176000,48,8.54,47.2,STRUCTURED_LEASE,30_Days_Past_Due
EQF-2025-00616,CUST-00616,EQ-002,08-02-2025,3026000,302600,2723400,36,11.66,60.6,STRUCTURED_LEASE,Performing
EQF-2025-00617,CUST-00617,EQ-005,08-02-2025,2870000,430500,2439500,36,9.95,64.3,STRUCTURED_LEASE,Performing
EQF-2025-00618,CUST-00618,EQ-011,08-02-2025,4306000,430600,3875400,36,7,51,STRUCTURED_LEASE,Performing
EQF-2025-00619,CUST-00619,EQ-013,08-02-2025,4259000,851800,3407200,48,7.97,61.6,STRUCTURED_LEASE,Performing
EQF-2025-00620,CUST-00620,EQ-003,08-02-2025,1274000,254800,1019200,36,11.06,48.8,STRUCTURED_LEASE,Performing
EQF-2025-00621,CUST-00621,EQ-005,08-02-2025,7315000,731500,6583500,48,9.55,69.6,REQUIRE_COLLATERAL,Performing
EQF-2025-00622,CUST-00622,EQ-006,08-02-2025,2509000,501800,2007200,48,8.42,51.4,STRUCTURED_LEASE,Performing
EQF-2025-00623,CUST-00623,EQ-011,08-02-2025,14721000,1472100,13248900,60,10.18,74,REQUIRE_COLLATERAL,60_Days_Past_Due
EQF-2025-00624,CUST-00624,EQ-008,08-02-2025,7633000,1526600,6106400,48,8.59,59.4,STRUCTURED_LEASE,Performing
EQF-2025-00625,CUST-00625,EQ-010,09-02-2025,8747000,874700,7872300,36,7.63,64.7,STRUCTURED_LEASE,Performing
EQF-2025-00626,CUST-00626,EQ-001,09-02-2025,5215000,1043000,4172000,48,11.03,61.8,STRUCTURED_LEASE,Performing
EQF-2025-00627,CUST-00627,EQ-004,09-02-2025,9828000,1474200,8353800,60,11.25,75,REQUIRE_COLLATERAL,Performing
EQF-2025-00628,CUST-00628,EQ-014,09-02-2025,4389000,658350,3730650,36,10.22,71.7,REQUIRE_COLLATERAL,Performing
EQF-2025-00629,CUST-00629,EQ-009,09-02-2025,6071000,1214200,4856800,36,7.2,69.2,REQUIRE_COLLATERAL,60_Days_Past_Due
EQF-2025-00630,CUST-00630,EQ-012,09-02-2025,9525000,952500,8572500,24,12.28,89.1,REJECT,Default
EQF-2025-00631,CUST-00631,EQ-013,09-02-2025,3942000,788400,3153600,60,12.22,63.9,STRUCTURED_LEASE,Performing
EQF-2025-00632,CUST-00632,EQ-002,09-02-2025,831000,207750,623250,36,11.41,70.7,REQUIRE_COLLATERAL,Performing
EQF-2025-00633,CUST-00633,EQ-004,09-02-2025,7536000,1884000,5652000,24,9.96,83.2,REJECT,60_Days_Past_Due
EQF-2025-00634,CUST-00634,EQ-004,09-02-2025,9703000,970300,8732700,48,9.64,75.1,REQUIRE_COLLATERAL,Performing
EQF-2025-00635,CUST-00635,EQ-009,09-02-2025,3998000,799600,3198400,48,10.16,76.9,REQUIRE_COLLATERAL,Performing
EQF-2025-00636,CUST-00636,EQ-001,09-02-2025,5191000,1038200,4152800,36,7.79,50.6,STRUCTURED_LEASE,60_Days_Past_Due
EQF-2025-00637,CUST-00637,EQ-004,09-02-2025,6077000,911550,5165450,48,8.68,71.5,REQUIRE_COLLATERAL,30_Days_Past_Due
EQF-2025-00638,CUST-00638,EQ-009,09-02-2025,6590000,659000,5931000,48,8.62,50.6,STRUCTURED_LEASE,Performing
EQF-2025-00639,CUST-00639,EQ-011,09-02-2025,5180000,1295000,3885000,36,10.41,76.8,REQUIRE_COLLATERAL,Performing
EQF-2025-00640,CUST-00640,EQ-001,09-02-2025,6267000,1566750,4700250,48,9.87,56,STRUCTURED_LEASE,Performing
EQF-2025-00641,CUST-00641,EQ-009,10-02-2025,2533000,253300,2279700,48,8.06,57.7,STRUCTURED_LEASE,Performing
EQF-2025-00642,CUST-00642,EQ-011,10-02-2025,12766000,3191500,9574500,60,7.11,65.9,REQUIRE_COLLATERAL,Performing
EQF-2025-00643,CUST-00643,EQ-005,10-02-2025,1940000,194000,1746000,48,10.03,77.3,REQUIRE_COLLATERAL,Performing
EQF-2025-00644,CUST-00644,EQ-001,10-02-2025,11552000,2888000,8664000,60,7.91,69.3,REQUIRE_COLLATERAL,Performing
EQF-2025-00645,CUST-00645,EQ-005,10-02-2025,4065000,1016250,3048750,36,7.62,38.7,AUTO_APPROVE,30_Days_Past_Due
EQF-2025-00646,CUST-00646,EQ-002,10-02-2025,4730000,473000,4257000,36,12.64,69.2,REQUIRE_COLLATERAL,Performing
EQF-2025-00647,CUST-00647,EQ-008,10-02-2025,10697000,1069700,9627300,24,12.96,54.1,STRUCTURED_LEASE,Performing
EQF-2025-00648,CUST-00648,EQ-003,10-02-2025,1635000,408750,1226250,36,8.83,50.2,STRUCTURED_LEASE,30_Days_Past_Due
EQF-2025-00649,CUST-00649,EQ-013,10-02-2025,2395000,598750,1796250,60,7,77.2,REQUIRE_COLLATERAL,Performing
EQF-2025-00650,CUST-00650,EQ-004,10-02-2025,9386000,1407900,7978100,36,11.32,67.3,REQUIRE_COLLATERAL,Performing
EQF-2025-00651,CUST-00651,EQ-009,10-02-2025,3363000,672600,2690400,24,10,46.9,STRUCTURED_LEASE,30_Days_Past_Due
EQF-2025-00652,CUST-00652,EQ-004,10-02-2025,4329000,432900,3896100,24,10.66,55.9,STRUCTURED_LEASE,Performing
EQF-2025-00653,CUST-00653,EQ-010,10-02-2025,9516000,951600,8564400,36,8.55,55.2,STRUCTURED_LEASE,Performing
EQF-2025-00654,CUST-00654,EQ-013,10-02-2025,4951000,990200,3960800,36,7.94,61.5,STRUCTURED_LEASE,Performing
EQF-2025-00655,CUST-00655,EQ-001,10-02-2025,10126000,1518900,8607100,36,9.14,55.5,STRUCTURED_LEASE,Performing
EQF-2025-00656,CUST-00656,EQ-009,10-02-2025,3446000,861500,2584500,48,9.76,74.7,REQUIRE_COLLATERAL,Performing
EQF-2025-00657,CUST-00657,EQ-012,11-02-2025,8384000,2096000,6288000,36,8.4,55,STRUCTURED_LEASE,Performing
EQF-2025-00658,CUST-00658,EQ-001,11-02-2025,5871000,880650,4990350,48,11.44,56.5,STRUCTURED_LEASE,Performing
EQF-2025-00659,CUST-00659,EQ-004,11-02-2025,8976000,1346400,7629600,48,7,64,STRUCTURED_LEASE,Performing
EQF-2025-00660,CUST-00660,EQ-004,11-02-2025,9075000,1815000,7260000,48,10.11,72,REQUIRE_COLLATERAL,Performing
EQF-2025-00661,CUST-00661,EQ-012,11-02-2025,13626000,2725200,10900800,36,9.69,56.7,STRUCTURED_LEASE,Performing
EQF-2025-00662,CUST-00662,EQ-007,11-02-2025,938000,234500,703500,60,11.33,74.8,REQUIRE_COLLATERAL,60_Days_Past_Due
EQF-2025-00663,CUST-00663,EQ-004,11-02-2025,7277000,1091550,6185450,48,8.06,51.3,STRUCTURED_LEASE,Performing
EQF-2025-00664,CUST-00664,EQ-005,11-02-2025,3000000,450000,2550000,36,10.56,63.3,STRUCTURED_LEASE,Performing
EQF-2025-00665,CUST-00665,EQ-005,11-02-2025,3886000,971500,2914500,24,10.22,93.7,REJECT,Default
EQF-2025-00666,CUST-00666,EQ-009,11-02-2025,6995000,1748750,5246250,24,9.87,48.6,STRUCTURED_LEASE,Performing
EQF-2025-00667,CUST-00667,EQ-009,11-02-2025,2844000,711000,2133000,48,8.17,62.8,STRUCTURED_LEASE,60_Days_Past_Due
EQF-2025-00668,CUST-00668,EQ-009,11-02-2025,5968000,1492000,4476000,48,8.34,43.5,STRUCTURED_LEASE,Performing
EQF-2025-00669,CUST-00669,EQ-005,11-02-2025,6082000,1520500,4561500,36,9.06,69.5,REQUIRE_COLLATERAL,30_Days_Past_Due
EQF-2025-00670,CUST-00670,EQ-001,11-02-2025,14495000,2899000,11596000,36,8.75,35.6,AUTO_APPROVE,Performing
EQF-2025-00671,CUST-00671,EQ-006,11-02-2025,6926000,1731500,5194500,60,11.39,70.2,REQUIRE_COLLATERAL,Performing
EQF-2025-00672,CUST-00672,EQ-007,11-02-2025,4979000,746850,4232150,60,9.7,87.9,REJECT,Performing
EQF-2025-00673,CUST-00673,EQ-006,12-02-2025,5221000,522100,4698900,48,10.69,80.1,REJECT,Performing
EQF-2025-00674,CUST-00674,EQ-008,12-02-2025,4088000,817600,3270400,48,7.32,55.1,STRUCTURED_LEASE,Performing
EQF-2025-00675,CUST-00675,EQ-011,12-02-2025,8681000,1302150,7378850,48,7,62.8,STRUCTURED_LEASE,Performing
EQF-2025-00676,CUST-00676,EQ-015,12-02-2025,3657000,365700,3291300,48,9.23,93.8,REJECT,60_Days_Past_Due
EQF-2025-00677,CUST-00677,EQ-009,12-02-2025,6249000,1249800,4999200,36,7.58,58.8,STRUCTURED_LEASE,Performing
EQF-2025-00678,CUST-00678,EQ-001,12-02-2025,10685000,2671250,8013750,24,9.56,64,STRUCTURED_LEASE,Performing
EQF-2025-00679,CUST-00679,EQ-007,12-02-2025,2849000,569800,2279200,48,8.24,67.9,REQUIRE_COLLATERAL,Performing
EQF-2025-00680,CUST-00680,EQ-015,12-02-2025,2180000,545000,1635000,36,9.96,33.5,AUTO_APPROVE,Performing
EQF-2025-00681,CUST-00681,EQ-003,12-02-2025,1839000,459750,1379250,24,8.33,87.2,REJECT,Performing
EQF-2025-00682,CUST-00682,EQ-011,12-02-2025,11632000,2908000,8724000,48,10.34,51.6,STRUCTURED_LEASE,Performing
EQF-2025-00683,CUST-00683,EQ-009,12-02-2025,6018000,601800,5416200,48,8.18,68.4,REQUIRE_COLLATERAL,30_Days_Past_Due
EQF-2025-00684,CUST-00684,EQ-014,12-02-2025,3812000,762400,3049600,60,7,67,REQUIRE_COLLATERAL,Performing
EQF-2025-00685,CUST-00685,EQ-002,12-02-2025,2737000,684250,2052750,36,10.78,71,REQUIRE_COLLATERAL,Performing
EQF-2025-00686,CUST-00686,EQ-010,12-02-2025,4730000,709500,4020500,60,8.35,49.4,STRUCTURED_LEASE,Performing
EQF-2025-00687,CUST-00687,EQ-008,12-02-2025,8958000,1791600,7166400,36,11.56,69.4,REQUIRE_COLLATERAL,30_Days_Past_Due
EQF-2025-00688,CUST-00688,EQ-011,12-02-2025,12510000,1876500,10633500,48,8.54,91.7,REJECT,Performing
EQF-2025-00689,CUST-00689,EQ-013,13-02-2025,2931000,293100,2637900,36,8.27,56.1,STRUCTURED_LEASE,Performing
EQF-2025-00690,CUST-00690,EQ-005,13-02-2025,5783000,578300,5204700,24,9.07,51.2,STRUCTURED_LEASE,Performing
EQF-2025-00691,CUST-00691,EQ-001,13-02-2025,8109000,1621800,6487200,36,8.66,67.8,REQUIRE_COLLATERAL,30_Days_Past_Due
EQF-2025-00692,CUST-00692,EQ-001,13-02-2025,11721000,1172100,10548900,48,9.69,55,STRUCTURED_LEASE,Performing
EQF-2025-00693,CUST-00693,EQ-010,13-02-2025,9604000,960400,8643600,36,10.1,41.1,STRUCTURED_LEASE,Performing
EQF-2025-00694,CUST-00694,EQ-006,13-02-2025,6318000,1263600,5054400,48,10.33,56.3,STRUCTURED_LEASE,Performing
EQF-2025-00695,CUST-00695,EQ-009,13-02-2025,5088000,763200,4324800,36,9.37,55.6,STRUCTURED_LEASE,Performing
EQF-2025-00696,CUST-00696,EQ-008,13-02-2025,6399000,1599750,4799250,24,7.25,22.6,AUTO_APPROVE,Performing
EQF-2025-00697,CUST-00697,EQ-001,13-02-2025,11066000,2213200,8852800,48,12.09,58.1,STRUCTURED_LEASE,Performing
EQF-2025-00698,CUST-00698,EQ-010,13-02-2025,8278000,1655600,6622400,60,8.95,72.9,REQUIRE_COLLATERAL,30_Days_Past_Due
EQF-2025-00699,CUST-00699,EQ-006,13-02-2025,5411000,1352750,4058250,36,8.87,52.7,STRUCTURED_LEASE,Performing
EQF-2025-00700,CUST-00700,EQ-004,13-02-2025,7812000,1171800,6640200,48,9.37,61.4,STRUCTURED_LEASE,Performing
EQF-2025-00701,CUST-00701,EQ-004,13-02-2025,3321000,830250,2490750,60,9.11,66.6,REQUIRE_COLLATERAL,Performing
EQF-2025-00702,CUST-00702,EQ-006,13-02-2025,8162000,2040500,6121500,48,7,78.7,REQUIRE_COLLATERAL,Performing
EQF-2025-00703,CUST-00703,EQ-001,13-02-2025,12699000,1904850,10794150,48,10.36,70.4,REQUIRE_COLLATERAL,30_Days_Past_Due
EQF-2025-00704,CUST-00704,EQ-009,13-02-2025,4117000,617550,3499450,36,8.27,47,STRUCTURED_LEASE,Performing
EQF-2025-00705,CUST-00705,EQ-006,14-02-2025,5440000,1360000,4080000,36,9.01,69.3,REQUIRE_COLLATERAL,Performing
EQF-2025-00706,CUST-00706,EQ-007,14-02-2025,1046000,261500,784500,36,12.14,60.7,STRUCTURED_LEASE,Performing
EQF-2025-00707,CUST-00707,EQ-001,14-02-2025,4454000,890800,3563200,36,10.92,72.1,REQUIRE_COLLATERAL,Performing
EQF-2025-00708,CUST-00708,EQ-014,14-02-2025,2153000,322950,1830050,48,11.92,69.3,REQUIRE_COLLATERAL,Performing
EQF-2025-00709,CUST-00709,EQ-011,14-02-2025,11587000,1158700,10428300,36,8.48,60.6,STRUCTURED_LEASE,Performing
EQF-2025-00710,CUST-00710,EQ-013,14-02-2025,4438000,665700,3772300,24,10.6,57.6,STRUCTURED_LEASE,Performing
EQF-2025-00711,CUST-00711,EQ-014,14-02-2025,3325000,831250,2493750,60,10.1,43.5,STRUCTURED_LEASE,Performing
EQF-2025-00712,CUST-00712,EQ-010,14-02-2025,7023000,1755750,5267250,48,9.42,65.6,REQUIRE_COLLATERAL,30_Days_Past_Due
EQF-2025-00713,CUST-00713,EQ-004,14-02-2025,5920000,1480000,4440000,60,8.37,65.2,REQUIRE_COLLATERAL,Performing
EQF-2025-00714,CUST-00714,EQ-001,14-02-2025,5778000,1444500,4333500,48,11.13,66.6,REQUIRE_COLLATERAL,Performing
EQF-2025-00715,CUST-00715,EQ-001,14-02-2025,5302000,530200,4771800,24,8.73,78.7,REQUIRE_COLLATERAL,Performing
EQF-2025-00716,CUST-00716,EQ-015,14-02-2025,4756000,713400,4042600,48,9.7,49.5,STRUCTURED_LEASE,Performing
EQF-2025-00717,CUST-00717,EQ-013,14-02-2025,4725000,472500,4252500,48,10.87,85,REJECT,Performing
EQF-2025-00718,CUST-00718,EQ-002,14-02-2025,3183000,318300,2864700,36,8.03,36.8,AUTO_APPROVE,Performing
EQF-2025-00719,CUST-00719,EQ-005,14-02-2025,6116000,1529000,4587000,36,7.87,66.6,REQUIRE_COLLATERAL,Performing
EQF-2025-00720,CUST-00720,EQ-003,14-02-2025,4675000,467500,4207500,36,13.27,60.5,STRUCTURED_LEASE,Performing
EQF-2025-00721,CUST-00721,EQ-002,15-02-2025,1269000,317250,951750,48,8.21,39,AUTO_APPROVE,Performing
EQF-2025-00722,CUST-00722,EQ-005,15-02-2025,6893000,1723250,5169750,36,11.93,54.2,STRUCTURED_LEASE,Performing
EQF-2025-00723,CUST-00723,EQ-009,15-02-2025,5818000,1454500,4363500,48,9.42,73.2,REQUIRE_COLLATERAL,Performing
EQF-2025-00724,CUST-00724,EQ-014,15-02-2025,3475000,347500,3127500,36,8.86,72.6,REQUIRE_COLLATERAL,60_Days_Past_Due
EQF-2025-00725,CUST-00725,EQ-008,15-02-2025,4987000,1246750,3740250,36,9.01,89.4,REJECT,Default
EQF-2025-00726,CUST-00726,EQ-003,15-02-2025,3799000,379900,3419100,24,9.41,64.4,STRUCTURED_LEASE,Performing
EQF-2025-00727,CUST-00727,EQ-006,15-02-2025,7064000,1059600,6004400,24,11.51,80.6,REJECT,Default
EQF-2025-00728,CUST-00728,EQ-014,15-02-2025,1629000,407250,1221750,36,10.63,66.2,REQUIRE_COLLATERAL,Performing
EQF-2025-00729,CUST-00729,EQ-006,15-02-2025,5235000,1047000,4188000,36,9.18,64.6,STRUCTURED_LEASE,Performing
EQF-2025-00730,CUST-00730,EQ-006,15-02-2025,2209000,441800,1767200,36,7,51.3,STRUCTURED_LEASE,Performing
EQF-2025-00731,CUST-00731,EQ-006,15-02-2025,7608000,1521600,6086400,60,9.53,86.9,REJECT,Performing
EQF-2025-00732,CUST-00732,EQ-014,15-02-2025,3129000,625800,2503200,48,9.7,77.4,REQUIRE_COLLATERAL,Performing
EQF-2025-00733,CUST-00733,EQ-013,15-02-2025,4270000,854000,3416000,48,11.39,76.4,REQUIRE_COLLATERAL,Performing
EQF-2025-00734,CUST-00734,EQ-010,15-02-2025,5629000,562900,5066100,60,7.29,58.3,STRUCTURED_LEASE,Performing
EQF-2025-00735,CUST-00735,EQ-011,15-02-2025,5376000,806400,4569600,60,8.76,97.7,REJECT,60_Days_Past_Due
EQF-2025-00736,CUST-00736,EQ-015,15-02-2025,1016000,101600,914400,60,8.71,54.1,STRUCTURED_LEASE,Performing
EQF-2025-00737,CUST-00737,EQ-011,16-02-2025,7097000,1774250,5322750,24,9.42,77.5,REQUIRE_COLLATERAL,Performing
EQF-2025-00738,CUST-00738,EQ-003,16-02-2025,2128000,319200,1808800,48,9.64,94.7,REJECT,Default
EQF-2025-00739,CUST-00739,EQ-001,16-02-2025,10164000,1524600,8639400,48,10.16,71.3,REQUIRE_COLLATERAL,Performing
EQF-2025-00740,CUST-00740,EQ-011,16-02-2025,4239000,635850,3603150,48,7,33.4,AUTO_APPROVE,Performing
EQF-2025-00741,CUST-00741,EQ-004,16-02-2025,6925000,1038750,5886250,48,9.76,73.7,REQUIRE_COLLATERAL,60_Days_Past_Due
EQF-2025-00742,CUST-00742,EQ-001,16-02-2025,8309000,1661800,6647200,24,9.87,58.2,STRUCTURED_LEASE,Performing
EQF-2025-00743,CUST-00743,EQ-013,16-02-2025,3393000,848250,2544750,60,9.61,57.9,STRUCTURED_LEASE,Performing
EQF-2025-00744,CUST-00744,EQ-008,16-02-2025,8471000,1270650,7200350,36,9.23,72.5,REQUIRE_COLLATERAL,Performing
EQF-2025-00745,CUST-00745,EQ-006,16-02-2025,5939000,890850,5048150,36,7,46,STRUCTURED_LEASE,Performing
EQF-2025-00746,CUST-00746,EQ-015,16-02-2025,5920000,1184000,4736000,36,10.35,81.4,REJECT,60_Days_Past_Due
EQF-2025-00747,CUST-00747,EQ-012,16-02-2025,5521000,552100,4968900,36,8.04,60.7,STRUCTURED_LEASE,Performing
EQF-2025-00748,CUST-00748,EQ-004,16-02-2025,6153000,615300,5537700,36,10.42,51.8,STRUCTURED_LEASE,Performing
EQF-2025-00749,CUST-00749,EQ-002,16-02-2025,3009000,300900,2708100,36,11.38,67.4,REQUIRE_COLLATERAL,30_Days_Past_Due
EQF-2025-00750,CUST-00750,EQ-008,16-02-2025,6045000,1511250,4533750,60,7,61.6,STRUCTURED_LEASE,Performing
EQF-2025-00751,CUST-00751,EQ-005,16-02-2025,6147000,614700,5532300,36,10.37,32.6,AUTO_APPROVE,Performing
EQF-2025-00752,CUST-00752,EQ-007,16-02-2025,3347000,502050,2844950,48,7.65,59.4,STRUCTURED_LEASE,Performing
EQF-2025-00753,CUST-00753,EQ-008,17-02-2025,6898000,1379600,5518400,48,9.44,54.5,STRUCTURED_LEASE,Performing
EQF-2025-00754,CUST-00754,EQ-011,17-02-2025,8756000,1751200,7004800,48,9.31,61.6,STRUCTURED_LEASE,Performing
EQF-2025-00755,CUST-00755,EQ-009,17-02-2025,8442000,844200,7597800,36,10.63,78,REQUIRE_COLLATERAL,Performing
EQF-2025-00756,CUST-00756,EQ-013,17-02-2025,4725000,945000,3780000,48,10.41,77.4,REQUIRE_COLLATERAL,Default
EQF-2025-00757,CUST-00757,EQ-010,17-02-2025,5116000,767400,4348600,24,9.89,81.3,REJECT,Default
EQF-2025-00758,CUST-00758,EQ-008,17-02-2025,3449000,344900,3104100,24,7.03,55.9,STRUCTURED_LEASE,Performing
EQF-2025-00759,CUST-00759,EQ-007,17-02-2025,5167000,775050,4391950,48,7,65,REQUIRE_COLLATERAL,Performing
EQF-2025-00760,CUST-00760,EQ-013,17-02-2025,4989000,1247250,3741750,60,10.87,65.9,REQUIRE_COLLATERAL,Performing
EQF-2025-00761,CUST-00761,EQ-009,17-02-2025,3548000,532200,3015800,48,10.62,72.3,REQUIRE_COLLATERAL,Performing
EQF-2025-00762,CUST-00762,EQ-011,17-02-2025,7936000,1190400,6745600,24,8,45,STRUCTURED_LEASE,Performing
EQF-2025-00763,CUST-00763,EQ-005,17-02-2025,8091000,1213650,6877350,36,10.02,40.9,STRUCTURED_LEASE,Performing
EQF-2025-00764,CUST-00764,EQ-003,17-02-2025,3902000,585300,3316700,24,9.19,43.4,STRUCTURED_LEASE,Performing
EQF-2025-00765,CUST-00765,EQ-006,17-02-2025,3569000,892250,2676750,48,11.13,68.8,REQUIRE_COLLATERAL,30_Days_Past_Due
EQF-2025-00766,CUST-00766,EQ-010,17-02-2025,7439000,743900,6695100,36,9.63,80.6,REJECT,Default
EQF-2025-00767,CUST-00767,EQ-003,17-02-2025,4788000,718200,4069800,60,10.85,72.4,REQUIRE_COLLATERAL,Performing
EQF-2025-00768,CUST-00768,EQ-015,17-02-2025,5021000,502100,4518900,24,8.58,61.9,STRUCTURED_LEASE,30_Days_Past_Due
EQF-2025-00769,CUST-00769,EQ-011,18-02-2025,12160000,2432000,9728000,24,9.93,50.3,STRUCTURED_LEASE,60_Days_Past_Due
EQF-2025-00770,CUST-00770,EQ-003,18-02-2025,4001000,600150,3400850,36,8.88,57.2,STRUCTURED_LEASE,Performing
EQF-2025-00771,CUST-00771,EQ-005,18-02-2025,2746000,411900,2334100,36,8.57,76.1,REQUIRE_COLLATERAL,Performing
EQF-2025-00772,CUST-00772,EQ-013,18-02-2025,4334000,866800,3467200,48,7,77,REQUIRE_COLLATERAL,Performing
EQF-2025-00773,CUST-00773,EQ-009,18-02-2025,3433000,343300,3089700,60,10.89,68.1,REQUIRE_COLLATERAL,Performing
EQF-2025-00774,CUST-00774,EQ-012,18-02-2025,14234000,3558500,10675500,24,12.12,62.1,STRUCTURED_LEASE,Performing
EQF-2025-00775,CUST-00775,EQ-013,18-02-2025,2586000,387900,2198100,36,7.42,22.1,AUTO_APPROVE,Performing
EQF-2025-00776,CUST-00776,EQ-009,18-02-2025,7504000,1500800,6003200,60,10.54,81.8,REJECT,Default
EQF-2025-00777,CUST-00777,EQ-006,18-02-2025,3364000,672800,2691200,48,10.48,81.7,REJECT,Default
EQF-2025-00778,CUST-00778,EQ-003,18-02-2025,3155000,473250,2681750,60,8.73,74.2,REQUIRE_COLLATERAL,Performing
EQF-2025-00779,CUST-00779,EQ-014,18-02-2025,1606000,160600,1445400,36,8.39,67.3,REQUIRE_COLLATERAL,Performing
EQF-2025-00780,CUST-00780,EQ-010,18-02-2025,8111000,811100,7299900,36,11.27,85.8,REJECT,Performing
EQF-2025-00781,CUST-00781,EQ-014,18-02-2025,4377000,656550,3720450,36,11.11,48.3,STRUCTURED_LEASE,Performing
EQF-2025-00782,CUST-00782,EQ-010,18-02-2025,8607000,1721400,6885600,36,10.18,51.6,STRUCTURED_LEASE,Performing
EQF-2025-00783,CUST-00783,EQ-011,18-02-2025,9756000,1463400,8292600,48,8.72,50.6,STRUCTURED_LEASE,Performing
EQF-2025-00784,CUST-00784,EQ-012,18-02-2025,4496000,1124000,3372000,36,11.13,67.4,REQUIRE_COLLATERAL,Performing
EQF-2025-00785,CUST-00785,EQ-009,19-02-2025,8034000,2008500,6025500,48,8.25,67,REQUIRE_COLLATERAL,Performing
EQF-2025-00786,CUST-00786,EQ-002,19-02-2025,4469000,446900,4022100,36,11.63,66.4,REQUIRE_COLLATERAL,Performing
EQF-2025-00787,CUST-00787,EQ-010,19-02-2025,8840000,2210000,6630000,48,11.95,67.1,REQUIRE_COLLATERAL,30_Days_Past_Due
EQF-2025-00788,CUST-00788,EQ-001,19-02-2025,12741000,2548200,10192800,24,11.27,69.6,REQUIRE_COLLATERAL,60_Days_Past_Due
EQF-2025-00789,CUST-00789,EQ-004,19-02-2025,8856000,2214000,6642000,36,10.01,41.4,STRUCTURED_LEASE,Performing
EQF-2025-00790,CUST-00790,EQ-015,19-02-2025,3094000,464100,2629900,48,7,33.2,AUTO_APPROVE,Performing
EQF-2025-00791,CUST-00791,EQ-009,19-02-2025,6635000,1327000,5308000,24,9.22,52.2,STRUCTURED_LEASE,Performing
EQF-2025-00792,CUST-00792,EQ-010,19-02-2025,7813000,781300,7031700,36,12.15,78.8,REQUIRE_COLLATERAL,60_Days_Past_Due
EQF-2025-00793,CUST-00793,EQ-010,19-02-2025,9759000,975900,8783100,36,10.91,54.6,STRUCTURED_LEASE,Performing
EQF-2025-00794,CUST-00794,EQ-004,19-02-2025,9321000,2330250,6990750,60,10.15,81,REJECT,Default
EQF-2025-00795,CUST-00795,EQ-005,19-02-2025,1790000,179000,1611000,48,8.48,74.2,REQUIRE_COLLATERAL,Performing
EQF-2025-00796,CUST-00796,EQ-002,19-02-2025,2770000,415500,2354500,48,11.04,72.5,REQUIRE_COLLATERAL,Performing
EQF-2025-00797,CUST-00797,EQ-015,19-02-2025,981000,196200,784800,60,7.14,58,STRUCTURED_LEASE,Performing
EQF-2025-00798,CUST-00798,EQ-008,19-02-2025,3368000,505200,2862800,60,9.24,80,REJECT,Default
EQF-2025-00799,CUST-00799,EQ-013,19-02-2025,3485000,522750,2962250,48,12.11,66.6,REQUIRE_COLLATERAL,Performing
EQF-2025-00800,CUST-00800,EQ-002,19-02-2025,5344000,801600,4542400,48,8.29,45.1,STRUCTURED_LEASE,Performing
EQF-2025-00801,CUST-00801,EQ-013,20-02-2025,1655000,248250,1406750,48,10.41,87.9,REJECT,Default
EQF-2025-00802,CUST-00802,EQ-005,20-02-2025,4658000,931600,3726400,36,7,39.2,AUTO_APPROVE,Performing
EQF-2025-00803,CUST-00803,EQ-010,20-02-2025,10242000,2048400,8193600,60,8.52,71.8,REQUIRE_COLLATERAL,30_Days_Past_Due
EQF-2025-00804,CUST-00804,EQ-004,20-02-2025,9422000,1413300,8008700,48,9.77,69.3,REQUIRE_COLLATERAL,Performing
EQF-2025-00805,CUST-00805,EQ-012,20-02-2025,9716000,1457400,8258600,36,10.03,60.4,STRUCTURED_LEASE,60_Days_Past_Due
EQF-2025-00806,CUST-00806,EQ-003,20-02-2025,4132000,413200,3718800,24,12.6,76.8,REQUIRE_COLLATERAL,Performing
EQF-2025-00807,CUST-00807,EQ-015,20-02-2025,3518000,351800,3166200,24,8.74,41,STRUCTURED_LEASE,Performing
EQF-2025-00808,CUST-00808,EQ-015,20-02-2025,1622000,324400,1297600,36,10.39,57.8,STRUCTURED_LEASE,30_Days_Past_Due
EQF-2025-00809,CUST-00809,EQ-004,20-02-2025,3560000,356000,3204000,36,10.35,77.4,REQUIRE_COLLATERAL,Performing
EQF-2025-00810,CUST-00810,EQ-006,20-02-2025,2819000,563800,2255200,36,8.62,47.9,STRUCTURED_LEASE,60_Days_Past_Due
EQF-2025-00811,CUST-00811,EQ-007,20-02-2025,2625000,525000,2100000,36,10.93,60.8,STRUCTURED_LEASE,Performing
EQF-2025-00812,CUST-00812,EQ-003,20-02-2025,4736000,1184000,3552000,48,10.5,56.2,STRUCTURED_LEASE,Performing
EQF-2025-00813,CUST-00813,EQ-006,20-02-2025,7098000,1419600,5678400,36,9.09,55.7,STRUCTURED_LEASE,Performing
EQF-2025-00814,CUST-00814,EQ-002,20-02-2025,3051000,305100,2745900,36,9.79,73.2,REQUIRE_COLLATERAL,30_Days_Past_Due
EQF-2025-00815,CUST-00815,EQ-007,20-02-2025,3364000,841000,2523000,36,8.06,47,STRUCTURED_LEASE,30_Days_Past_Due
EQF-2025-00816,CUST-00816,EQ-008,20-02-2025,4758000,475800,4282200,60,8.17,88.1,REJECT,60_Days_Past_Due
EQF-2025-00817,CUST-00817,EQ-010,21-02-2025,8487000,1697400,6789600,36,9.47,68.8,REQUIRE_COLLATERAL,Performing
EQF-2025-00818,CUST-00818,EQ-011,21-02-2025,12830000,2566000,10264000,36,10.62,89.8,REJECT,Performing
EQF-2025-00819,CUST-00819,EQ-005,21-02-2025,3172000,475800,2696200,48,9,98.9,REJECT,Performing
EQF-2025-00820,CUST-00820,EQ-012,21-02-2025,4460000,892000,3568000,36,8.58,55.8,STRUCTURED_LEASE,Performing
EQF-2025-00821,CUST-00821,EQ-013,21-02-2025,3571000,892750,2678250,36,9.15,42.8,STRUCTURED_LEASE,Performing
EQF-2025-00822,CUST-00822,EQ-006,21-02-2025,5438000,1087600,4350400,36,10.74,69.4,REQUIRE_COLLATERAL,30_Days_Past_Due
EQF-2025-00823,CUST-00823,EQ-001,21-02-2025,8423000,1263450,7159550,48,7.47,38.3,AUTO_APPROVE,Performing
EQF-2025-00824,CUST-00824,EQ-012,21-02-2025,11083000,2216600,8866400,48,10.79,67.1,REQUIRE_COLLATERAL,Performing
EQF-2025-00825,CUST-00825,EQ-008,21-02-2025,7180000,1436000,5744000,48,10.27,73.5,REQUIRE_COLLATERAL,Performing
EQF-2025-00826,CUST-00826,EQ-015,21-02-2025,2103000,420600,1682400,36,7.47,78.7,REQUIRE_COLLATERAL,30_Days_Past_Due
EQF-2025-00827,CUST-00827,EQ-001,21-02-2025,8375000,1256250,7118750,48,9.15,58.1,STRUCTURED_LEASE,Performing
EQF-2025-00828,CUST-00828,EQ-011,21-02-2025,8709000,870900,7838100,36,10.45,63.2,STRUCTURED_LEASE,Performing
EQF-2025-00829,CUST-00829,EQ-003,21-02-2025,4545000,909000,3636000,36,7,69.1,REQUIRE_COLLATERAL,Performing
EQF-2025-00830,CUST-00830,EQ-004,21-02-2025,10668000,2667000,8001000,36,7.95,80.9,REJECT,Performing
EQF-2025-00831,CUST-00831,EQ-006,21-02-2025,7751000,1162650,6588350,48,7.22,81.3,REJECT,Performing
EQF-2025-00832,CUST-00832,EQ-008,21-02-2025,8613000,2153250,6459750,24,8.63,39.9,AUTO_APPROVE,Performing
EQF-2025-00833,CUST-00833,EQ-009,22-02-2025,5595000,1119000,4476000,48,11.06,86.5,REJECT,Performing
EQF-2025-00834,CUST-00834,EQ-006,22-02-2025,6325000,948750,5376250,60,10.7,44.4,STRUCTURED_LEASE,30_Days_Past_Due
EQF-2025-00835,CUST-00835,EQ-008,22-02-2025,10482000,2096400,8385600,36,8.74,69.7,REQUIRE_COLLATERAL,Performing
EQF-2025-00836,CUST-00836,EQ-012,22-02-2025,6750000,1687500,5062500,36,11.04,73.3,REQUIRE_COLLATERAL,Performing
EQF-2025-00837,CUST-00837,EQ-002,22-02-2025,3583000,537450,3045550,36,10.5,30.8,AUTO_APPROVE,Performing
EQF-2025-00838,CUST-00838,EQ-001,22-02-2025,11586000,1158600,10427400,36,11.41,81.2,REJECT,60_Days_Past_Due
EQF-2025-00839,CUST-00839,EQ-010,22-02-2025,8274000,827400,7446600,24,9.37,73.7,REQUIRE_COLLATERAL,Performing
EQF-2025-00840,CUST-00840,EQ-010,22-02-2025,4644000,464400,4179600,60,10.31,80.5,REJECT,Default
EQF-2025-00841,CUST-00841,EQ-009,22-02-2025,5607000,1121400,4485600,36,14.5,94.2,REJECT,Performing
EQF-2025-00842,CUST-00842,EQ-014,22-02-2025,4224000,633600,3590400,48,9.04,72.4,REQUIRE_COLLATERAL,Performing
EQF-2025-00843,CUST-00843,EQ-009,22-02-2025,4826000,1206500,3619500,24,9.4,52.2,STRUCTURED_LEASE,30_Days_Past_Due
EQF-2025-00844,CUST-00844,EQ-002,22-02-2025,4925000,1231250,3693750,48,9.26,53.6,STRUCTURED_LEASE,Performing
EQF-2025-00845,CUST-00845,EQ-005,22-02-2025,4019000,803800,3215200,60,9.36,64.7,STRUCTURED_LEASE,60_Days_Past_Due
EQF-2025-00846,CUST-00846,EQ-012,22-02-2025,14326000,2865200,11460800,48,10.34,72.4,REQUIRE_COLLATERAL,Performing
EQF-2025-00847,CUST-00847,EQ-005,22-02-2025,5237000,1309250,3927750,60,9.59,29.3,AUTO_APPROVE,Performing
EQF-2025-00848,CUST-00848,EQ-007,22-02-2025,3899000,584850,3314150,36,7.45,46.1,STRUCTURED_LEASE,Performing
EQF-2025-00849,CUST-00849,EQ-008,23-02-2025,2767000,553400,2213600,36,9.53,33.2,AUTO_APPROVE,Performing
EQF-2025-00850,CUST-00850,EQ-010,23-02-2025,3947000,592050,3354950,48,8.71,47.6,STRUCTURED_LEASE,Performing
EQF-2025-00851,CUST-00851,EQ-009,23-02-2025,5931000,1482750,4448250,48,7,40.3,STRUCTURED_LEASE,Performing
EQF-2025-00852,CUST-00852,EQ-013,23-02-2025,2796000,419400,2376600,60,11.22,60.2,STRUCTURED_LEASE,Performing
EQF-2025-00853,CUST-00853,EQ-005,23-02-2025,5057000,505700,4551300,36,8.7,60.1,STRUCTURED_LEASE,Performing
EQF-2025-00854,CUST-00854,EQ-002,23-02-2025,1127000,281750,845250,36,10.08,61.9,STRUCTURED_LEASE,Performing
EQF-2025-00855,CUST-00855,EQ-006,23-02-2025,7339000,733900,6605100,36,7,33.4,AUTO_APPROVE,Performing
EQF-2025-00856,CUST-00856,EQ-006,23-02-2025,6992000,1748000,5244000,60,10.25,83.5,REJECT,Default
EQF-2025-00857,CUST-00857,EQ-005,23-02-2025,2797000,279700,2517300,60,9.03,85.4,REJECT,Default
EQF-2025-00858,CUST-00858,EQ-008,23-02-2025,7892000,1183800,6708200,48,7.17,83.4,REJECT,Default
EQF-2025-00859,CUST-00859,EQ-004,23-02-2025,9456000,2364000,7092000,48,8.67,56.5,STRUCTURED_LEASE,Performing
EQF-2025-00860,CUST-00860,EQ-009,23-02-2025,5986000,1496500,4489500,48,8.47,46.2,STRUCTURED_LEASE,Performing
EQF-2025-00861,CUST-00861,EQ-013,23-02-2025,2380000,238000,2142000,48,10.63,86,REJECT,Performing
EQF-2025-00862,CUST-00862,EQ-008,23-02-2025,8077000,1211550,6865450,36,9.64,75.4,REQUIRE_COLLATERAL,Performing
EQF-2025-00863,CUST-00863,EQ-008,23-02-2025,4289000,1072250,3216750,48,7.22,41.3,STRUCTURED_LEASE,60_Days_Past_Due
EQF-2025-00864,CUST-00864,EQ-001,23-02-2025,7501000,1500200,6000800,36,10.16,62.7,STRUCTURED_LEASE,30_Days_Past_Due
EQF-2025-00865,CUST-00865,EQ-012,24-02-2025,6641000,664100,5976900,48,7,56.4,STRUCTURED_LEASE,Performing
EQF-2025-00866,CUST-00866,EQ-008,24-02-2025,7234000,1808500,5425500,24,7.81,41.4,STRUCTURED_LEASE,Performing
EQF-2025-00867,CUST-00867,EQ-006,24-02-2025,2258000,338700,1919300,48,9.52,60.2,STRUCTURED_LEASE,Performing
EQF-2025-00868,CUST-00868,EQ-005,24-02-2025,8033000,1204950,6828050,48,8.56,88.6,REJECT,Default
EQF-2025-00869,CUST-00869,EQ-002,24-02-2025,2534000,380100,2153900,48,11.29,61.2,STRUCTURED_LEASE,Performing
EQF-2025-00870,CUST-00870,EQ-002,24-02-2025,1939000,290850,1648150,48,9.75,27.5,AUTO_APPROVE,Performing
EQF-2025-00871,CUST-00871,EQ-001,24-02-2025,9462000,946200,8515800,48,10.44,54.5,STRUCTURED_LEASE,Performing
EQF-2025-00872,CUST-00872,EQ-001,24-02-2025,7047000,1761750,5285250,48,10.5,83.6,REJECT,Performing
EQF-2025-00873,CUST-00873,EQ-010,24-02-2025,7047000,704700,6342300,36,8.84,65.4,REQUIRE_COLLATERAL,30_Days_Past_Due
EQF-2025-00874,CUST-00874,EQ-011,24-02-2025,7834000,783400,7050600,48,7.9,50.6,STRUCTURED_LEASE,Performing
EQF-2025-00875,CUST-00875,EQ-005,24-02-2025,2424000,363600,2060400,36,9.43,44.1,STRUCTURED_LEASE,Performing
EQF-2025-00876,CUST-00876,EQ-009,24-02-2025,3361000,672200,2688800,48,10.8,44,STRUCTURED_LEASE,Performing
EQF-2025-00877,CUST-00877,EQ-003,24-02-2025,2866000,429900,2436100,48,9.15,47.9,STRUCTURED_LEASE,Performing
EQF-2025-00878,CUST-00878,EQ-003,24-02-2025,1315000,263000,1052000,48,10.39,99,REJECT,60_Days_Past_Due
EQF-2025-00879,CUST-00879,EQ-005,24-02-2025,6894000,689400,6204600,48,9.46,55.3,STRUCTURED_LEASE,Performing
EQF-2025-00880,CUST-00880,EQ-009,24-02-2025,5853000,877950,4975050,48,7.17,81.8,REJECT,Performing
EQF-2025-00881,CUST-00881,EQ-009,25-02-2025,5710000,856500,4853500,48,7.3,57.3,STRUCTURED_LEASE,Performing
EQF-2025-00882,CUST-00882,EQ-013,25-02-2025,3275000,327500,2947500,36,11.84,55.5,STRUCTURED_LEASE,Performing
EQF-2025-00883,CUST-00883,EQ-006,25-02-2025,5632000,844800,4787200,60,7.75,78.5,REQUIRE_COLLATERAL,Performing
EQF-2025-00884,CUST-00884,EQ-009,25-02-2025,8043000,2010750,6032250,48,8.54,70.5,REQUIRE_COLLATERAL,Performing
EQF-2025-00885,CUST-00885,EQ-014,25-02-2025,1233000,246600,986400,36,10.88,71.5,REQUIRE_COLLATERAL,Performing
EQF-2025-00886,CUST-00886,EQ-006,25-02-2025,1835000,367000,1468000,48,7.71,50,STRUCTURED_LEASE,Performing
EQF-2025-00887,CUST-00887,EQ-013,25-02-2025,1928000,385600,1542400,48,8.47,58.7,STRUCTURED_LEASE,Performing
EQF-2025-00888,CUST-00888,EQ-009,25-02-2025,2671000,400650,2270350,60,9.18,80.7,REJECT,60_Days_Past_Due
EQF-2025-00889,CUST-00889,EQ-009,25-02-2025,2768000,692000,2076000,48,8.99,54.6,STRUCTURED_LEASE,Performing
EQF-2025-00890,CUST-00890,EQ-006,25-02-2025,6204000,930600,5273400,24,8.04,52.9,STRUCTURED_LEASE,Performing
EQF-2025-00891,CUST-00891,EQ-003,25-02-2025,2946000,589200,2356800,36,9.21,54.6,STRUCTURED_LEASE,60_Days_Past_Due
EQF-2025-00892,CUST-00892,EQ-015,25-02-2025,5957000,893550,5063450,48,10.52,96.5,REJECT,Performing
EQF-2025-00893,CUST-00893,EQ-013,25-02-2025,2062000,412400,1649600,48,9.32,80.2,REJECT,60_Days_Past_Due
EQF-2025-00894,CUST-00894,EQ-012,25-02-2025,7419000,741900,6677100,48,8.51,50.6,STRUCTURED_LEASE,Performing
EQF-2025-00895,CUST-00895,EQ-014,25-02-2025,4940000,988000,3952000,36,10.92,92,REJECT,Default
EQF-2025-00896,CUST-00896,EQ-006,25-02-2025,7322000,732200,6589800,48,12.06,98.6,REJECT,60_Days_Past_Due
EQF-2025-00897,CUST-00897,EQ-001,26-02-2025,9168000,916800,8251200,48,10.93,76.7,REQUIRE_COLLATERAL,Performing
EQF-2025-00898,CUST-00898,EQ-015,26-02-2025,3684000,368400,3315600,24,7.82,50.4,STRUCTURED_LEASE,Performing
EQF-2025-00899,CUST-00899,EQ-006,26-02-2025,7402000,1480400,5921600,36,7.85,58.3,STRUCTURED_LEASE,Performing
EQF-2025-00900,CUST-00900,EQ-005,26-02-2025,4867000,1216750,3650250,36,10.16,60.1,STRUCTURED_LEASE,30_Days_Past_Due
EQF-2025-00901,CUST-00901,EQ-009,26-02-2025,2942000,588400,2353600,36,9.76,82.7,REJECT,60_Days_Past_Due
EQF-2025-00902,CUST-00902,EQ-006,26-02-2025,7299000,1094850,6204150,36,7.66,74.9,REQUIRE_COLLATERAL,Performing
EQF-2025-00903,CUST-00903,EQ-009,26-02-2025,5264000,789600,4474400,24,9.93,49.1,STRUCTURED_LEASE,Performing
EQF-2025-00904,CUST-00904,EQ-004,26-02-2025,3801000,950250,2850750,60,9.65,76.2,REQUIRE_COLLATERAL,Performing
EQF-2025-00905,CUST-00905,EQ-011,26-02-2025,9561000,2390250,7170750,36,11.72,82.9,REJECT,Performing
EQF-2025-00906,CUST-00906,EQ-007,26-02-2025,2949000,737250,2211750,36,8.85,94.2,REJECT,Default
EQF-2025-00907,CUST-00907,EQ-014,26-02-2025,4532000,453200,4078800,36,11.58,99,REJECT,Default
EQF-2025-00908,CUST-00908,EQ-012,26-02-2025,5387000,1346750,4040250,36,11.65,79.3,REQUIRE_COLLATERAL,Performing
EQF-2025-00909,CUST-00909,EQ-012,26-02-2025,13627000,3406750,10220250,48,8.49,68.2,REQUIRE_COLLATERAL,Performing
EQF-2025-00910,CUST-00910,EQ-001,26-02-2025,9634000,2408500,7225500,36,10.03,69.1,REQUIRE_COLLATERAL,Performing
EQF-2025-00911,CUST-00911,EQ-004,26-02-2025,5937000,1187400,4749600,48,9.18,54,STRUCTURED_LEASE,Performing
EQF-2025-00912,CUST-00912,EQ-011,26-02-2025,5782000,867300,4914700,48,9.12,60.6,STRUCTURED_LEASE,Performing
EQF-2025-00913,CUST-00913,EQ-004,27-02-2025,8457000,1268550,7188450,36,9.87,66.4,REQUIRE_COLLATERAL,Performing
EQF-2025-00914,CUST-00914,EQ-001,27-02-2025,14195000,3548750,10646250,48,8.32,50.9,STRUCTURED_LEASE,Performing
EQF-2025-00915,CUST-00915,EQ-008,27-02-2025,5691000,853650,4837350,48,7.11,74.2,REQUIRE_COLLATERAL,Performing
EQF-2025-00916,CUST-00916,EQ-011,27-02-2025,6657000,1331400,5325600,36,8.7,92.6,REJECT,Performing
EQF-2025-00917,CUST-00917,EQ-011,27-02-2025,10104000,1515600,8588400,48,11.27,66,REQUIRE_COLLATERAL,30_Days_Past_Due
EQF-2025-00918,CUST-00918,EQ-002,27-02-2025,4940000,494000,4446000,48,9.2,59.2,STRUCTURED_LEASE,30_Days_Past_Due
EQF-2025-00919,CUST-00919,EQ-003,27-02-2025,1214000,242800,971200,48,9.47,49.9,STRUCTURED_LEASE,Performing
EQF-2025-00920,CUST-00920,EQ-005,27-02-2025,5920000,888000,5032000,36,10.69,60.5,STRUCTURED_LEASE,Performing
EQF-2025-00921,CUST-00921,EQ-007,27-02-2025,3902000,585300,3316700,60,7.1,67.3,REQUIRE_COLLATERAL,30_Days_Past_Due
EQF-2025-00922,CUST-00922,EQ-008,27-02-2025,5204000,1040800,4163200,36,10.16,66.4,REQUIRE_COLLATERAL,30_Days_Past_Due
EQF-2025-00923,CUST-00923,EQ-002,27-02-2025,3147000,472050,2674950,36,12,73.8,REQUIRE_COLLATERAL,Performing
EQF-2025-00924,CUST-00924,EQ-014,27-02-2025,2138000,320700,1817300,36,9.64,58.3,STRUCTURED_LEASE,Performing
EQF-2025-00925,CUST-00925,EQ-012,27-02-2025,12689000,3172250,9516750,48,7,35.1,AUTO_APPROVE,Performing
EQF-2025-00926,CUST-00926,EQ-009,27-02-2025,5942000,594200,5347800,48,9.39,67.8,REQUIRE_COLLATERAL,30_Days_Past_Due
EQF-2025-00927,CUST-00927,EQ-001,27-02-2025,9860000,1972000,7888000,36,10.42,63.1,STRUCTURED_LEASE,Performing
EQF-2025-00928,CUST-00928,EQ-004,27-02-2025,5836000,1459000,4377000,36,9.67,47.1,STRUCTURED_LEASE,Performing
EQF-2025-00929,CUST-00929,EQ-004,28-02-2025,4977000,746550,4230450,48,9.91,48.4,STRUCTURED_LEASE,30_Days_Past_Due
EQF-2025-00930,CUST-00930,EQ-012,28-02-2025,13050000,2610000,10440000,60,10.09,61.4,STRUCTURED_LEASE,Performing
EQF-2025-00931,CUST-00931,EQ-009,28-02-2025,4660000,932000,3728000,36,8.1,79,REQUIRE_COLLATERAL,Performing
EQF-2025-00932,CUST-00932,EQ-003,28-02-2025,3106000,310600,2795400,48,8.29,64.6,STRUCTURED_LEASE,Performing
EQF-2025-00933,CUST-00933,EQ-015,28-02-2025,3508000,350800,3157200,36,8.95,65.9,REQUIRE_COLLATERAL,Performing
EQF-2025-00934,CUST-00934,EQ-004,28-02-2025,6311000,1262200,5048800,48,10.09,55.3,STRUCTURED_LEASE,Performing
EQF-2025-00935,CUST-00935,EQ-006,28-02-2025,3293000,329300,2963700,48,7.72,70,REQUIRE_COLLATERAL,30_Days_Past_Due
EQF-2025-00936,CUST-00936,EQ-001,28-02-2025,5324000,532400,4791600,36,12.58,63.8,STRUCTURED_LEASE,Performing
EQF-2025-00937,CUST-00937,EQ-006,28-02-2025,2190000,328500,1861500,48,7,60.3,STRUCTURED_LEASE,Performing
EQF-2025-00938,CUST-00938,EQ-007,28-02-2025,4739000,473900,4265100,60,7,43.2,STRUCTURED_LEASE,Performing
EQF-2025-00939,CUST-00939,EQ-005,28-02-2025,3065000,306500,2758500,36,10.33,72.9,REQUIRE_COLLATERAL,Performing
EQF-2025-00940,CUST-00940,EQ-004,28-02-2025,2973000,743250,2229750,36,10.2,61.9,STRUCTURED_LEASE,Performing
EQF-2025-00941,CUST-00941,EQ-011,28-02-2025,12773000,1915950,10857050,36,9.39,53.7,STRUCTURED_LEASE,Performing
EQF-2025-00942,CUST-00942,EQ-008,28-02-2025,3810000,571500,3238500,36,10.51,99,REJECT,Performing
EQF-2025-00943,CUST-00943,EQ-013,28-02-2025,3576000,715200,2860800,48,10.35,60.4,STRUCTURED_LEASE,30_Days_Past_Due
EQF-2025-00944,CUST-00944,EQ-003,28-02-2025,2487000,248700,2238300,36,9.5,66,REQUIRE_COLLATERAL,Performing
EQF-2025-00945,CUST-00945,EQ-006,01-03-2025,2385000,596250,1788750,48,9.9,68.3,REQUIRE_COLLATERAL,Performing
EQF-2025-00946,CUST-00946,EQ-009,01-03-2025,4401000,1100250,3300750,36,7,34.3,AUTO_APPROVE,Performing
EQF-2025-00947,CUST-00947,EQ-009,01-03-2025,1604000,240600,1363400,60,9.3,52,STRUCTURED_LEASE,Performing
EQF-2025-00948,CUST-00948,EQ-002,01-03-2025,5173000,517300,4655700,36,9.43,60.3,STRUCTURED_LEASE,Performing
EQF-2025-00949,CUST-00949,EQ-015,01-03-2025,3470000,867500,2602500,24,12.37,84.1,REJECT,Performing
EQF-2025-00950,CUST-00950,EQ-010,01-03-2025,3683000,736600,2946400,24,8.26,52.9,STRUCTURED_LEASE,Performing
EQF-2025-00951,CUST-00951,EQ-010,01-03-2025,4514000,451400,4062600,48,9.45,46.7,STRUCTURED_LEASE,Performing
EQF-2025-00952,CUST-00952,EQ-014,01-03-2025,2902000,290200,2611800,36,11.64,52.2,STRUCTURED_LEASE,30_Days_Past_Due
EQF-2025-00953,CUST-00953,EQ-005,01-03-2025,2822000,282200,2539800,24,10.34,83,REJECT,Default
EQF-2025-00954,CUST-00954,EQ-015,01-03-2025,2197000,549250,1647750,60,9.54,58.2,STRUCTURED_LEASE,Performing
EQF-2025-00955,CUST-00955,EQ-012,01-03-2025,9878000,1481700,8396300,60,10.94,69.5,REQUIRE_COLLATERAL,Performing
EQF-2025-00956,CUST-00956,EQ-012,01-03-2025,13159000,1973850,11185150,48,8.31,45.9,STRUCTURED_LEASE,Performing
EQF-2025-00957,CUST-00957,EQ-010,01-03-2025,5916000,1183200,4732800,36,12.09,74.5,REQUIRE_COLLATERAL,Performing
EQF-2025-00958,CUST-00958,EQ-009,01-03-2025,6519000,1629750,4889250,36,10.46,91,REJECT,Default
EQF-2025-00959,CUST-00959,EQ-006,01-03-2025,7637000,763700,6873300,48,7.06,70.8,REQUIRE_COLLATERAL,Performing
EQF-2025-00960,CUST-00960,EQ-013,01-03-2025,2022000,404400,1617600,36,8.59,69,REQUIRE_COLLATERAL,60_Days_Past_Due
EQF-2025-00961,CUST-00961,EQ-006,02-03-2025,7150000,1430000,5720000,36,7,68.2,REQUIRE_COLLATERAL,30_Days_Past_Due
EQF-2025-00962,CUST-00962,EQ-004,02-03-2025,8938000,1340700,7597300,36,10.69,53.4,STRUCTURED_LEASE,Performing
EQF-2025-00963,CUST-00963,EQ-005,02-03-2025,3999000,399900,3599100,60,10.35,78.3,REQUIRE_COLLATERAL,Performing
EQF-2025-00964,CUST-00964,EQ-001,02-03-2025,14885000,1488500,13396500,36,8.81,59.4,STRUCTURED_LEASE,Performing
EQF-2025-00965,CUST-00965,EQ-011,02-03-2025,6888000,1722000,5166000,48,11.3,57.1,STRUCTURED_LEASE,Performing
EQF-2025-00966,CUST-00966,EQ-011,02-03-2025,6803000,1700750,5102250,36,9.37,86,REJECT,Performing
EQF-2025-00967,CUST-00967,EQ-013,02-03-2025,4135000,1033750,3101250,48,13.44,48,STRUCTURED_LEASE,Performing
EQF-2025-00968,CUST-00968,EQ-012,02-03-2025,8781000,1756200,7024800,48,7.7,41.9,STRUCTURED_LEASE,30_Days_Past_Due
EQF-2025-00969,CUST-00969,EQ-008,02-03-2025,5312000,531200,4780800,36,10.46,88.4,REJECT,Performing
EQF-2025-00970,CUST-00970,EQ-004,02-03-2025,4019000,602850,3416150,36,8.9,43.6,STRUCTURED_LEASE,Performing
EQF-2025-00971,CUST-00971,EQ-014,02-03-2025,4108000,821600,3286400,48,8.48,30.7,AUTO_APPROVE,Performing
EQF-2025-00972,CUST-00972,EQ-007,02-03-2025,4889000,977800,3911200,36,9.24,78.4,REQUIRE_COLLATERAL,Performing
EQF-2025-00973,CUST-00973,EQ-014,02-03-2025,3353000,502950,2850050,48,10.05,82.5,REJECT,Default
EQF-2025-00974,CUST-00974,EQ-006,02-03-2025,8201000,1230150,6970850,48,9.59,54.5,STRUCTURED_LEASE,Performing
EQF-2025-00975,CUST-00975,EQ-006,02-03-2025,3727000,931750,2795250,48,10.52,55.1,STRUCTURED_LEASE,Performing
EQF-2025-00976,CUST-00976,EQ-001,02-03-2025,6416000,962400,5453600,36,10.41,59,STRUCTURED_LEASE,Performing
EQF-2025-00977,CUST-00977,EQ-008,03-03-2025,8258000,1238700,7019300,36,11.68,69.2,REQUIRE_COLLATERAL,Performing
EQF-2025-00978,CUST-00978,EQ-006,03-03-2025,6809000,1021350,5787650,48,7.7,58.9,STRUCTURED_LEASE,Performing
EQF-2025-00979,CUST-00979,EQ-004,03-03-2025,4412000,661800,3750200,24,7.16,85.1,REJECT,Performing
EQF-2025-00980,CUST-00980,EQ-010,03-03-2025,3151000,787750,2363250,60,9.4,99,REJECT,60_Days_Past_Due
EQF-2025-00981,CUST-00981,EQ-001,03-03-2025,12916000,2583200,10332800,60,8.31,67.1,REQUIRE_COLLATERAL,Performing
EQF-2025-00982,CUST-00982,EQ-014,03-03-2025,4911000,491100,4419900,24,10.81,89.2,REJECT,Performing
EQF-2025-00983,CUST-00983,EQ-005,03-03-2025,6013000,601300,5411700,24,7.9,52.1,STRUCTURED_LEASE,Performing
EQF-2025-00984,CUST-00984,EQ-005,03-03-2025,3445000,689000,2756000,36,8.68,64.9,STRUCTURED_LEASE,Performing
EQF-2025-00985,CUST-00985,EQ-014,03-03-2025,4987000,498700,4488300,60,9,69.9,REQUIRE_COLLATERAL,30_Days_Past_Due
EQF-2025-00986,CUST-00986,EQ-010,03-03-2025,10093000,1009300,9083700,36,12.15,69.3,REQUIRE_COLLATERAL,Performing
EQF-2025-00987,CUST-00987,EQ-013,03-03-2025,3151000,630200,2520800,36,12.66,84.2,REJECT,Performing
EQF-2025-00988,CUST-00988,EQ-001,03-03-2025,13079000,1307900,11771100,48,7.79,71.7,REQUIRE_COLLATERAL,Performing
EQF-2025-00989,CUST-00989,EQ-009,03-03-2025,7211000,721100,6489900,36,7,51.5,STRUCTURED_LEASE,Performing
EQF-2025-00990,CUST-00990,EQ-014,03-03-2025,4752000,950400,3801600,36,8.64,64.8,STRUCTURED_LEASE,Performing
EQF-2025-00991,CUST-00991,EQ-003,03-03-2025,4396000,439600,3956400,36,9.44,45.2,STRUCTURED_LEASE,Performing
EQF-2025-00992,CUST-00992,EQ-013,03-03-2025,3646000,546900,3099100,48,9.44,66.9,REQUIRE_COLLATERAL,Performing
EQF-2025-00993,CUST-00993,EQ-012,04-03-2025,10702000,2140400,8561600,36,9.37,55.6,STRUCTURED_LEASE,Performing
EQF-2025-00994,CUST-00994,EQ-004,04-03-2025,6473000,1618250,4854750,48,10.72,89.9,REJECT,Performing
EQF-2025-00995,CUST-00995,EQ-011,04-03-2025,10891000,1089100,9801900,60,8.9,64.9,STRUCTURED_LEASE,30_Days_Past_Due
EQF-2025-00996,CUST-00996,EQ-006,04-03-2025,7067000,1766750,5300250,48,9.82,69.2,REQUIRE_COLLATERAL,30_Days_Past_Due
EQF-2025-00997,CUST-00997,EQ-007,04-03-2025,5839000,583900,5255100,48,10.47,54.7,STRUCTURED_LEASE,Performing
EQF-2025-00998,CUST-00998,EQ-005,04-03-2025,4771000,715650,4055350,24,9.83,67.2,REQUIRE_COLLATERAL,Performing
EQF-2025-00999,CUST-00999,EQ-007,04-03-2025,3783000,756600,3026400,36,10.51,75.1,REQUIRE_COLLATERAL,Performing
EQF-2025-01000,CUST-01000,EQ-001,04-03-2025,8893000,2223250,6669750,24,7,62.9,STRUCTURED_LEASE,Performing
EQF-2025-01001,CUST-01001,EQ-009,04-03-2025,6179000,1235800,4943200,48,9.67,52,STRUCTURED_LEASE,30_Days_Past_Due
EQF-2025-01002,CUST-01002,EQ-004,04-03-2025,7854000,1963500,5890500,36,9.84,79.8,REQUIRE_COLLATERAL,Performing
EQF-2025-01003,CUST-01003,EQ-007,04-03-2025,893000,89300,803700,36,9.25,31.6,AUTO_APPROVE,Performing
EQF-2025-01004,CUST-01004,EQ-013,04-03-2025,3256000,488400,2767600,24,8.6,76.9,REQUIRE_COLLATERAL,Performing
EQF-2025-01005,CUST-01005,EQ-014,04-03-2025,1536000,384000,1152000,36,10.19,47.8,STRUCTURED_LEASE,30_Days_Past_Due
EQF-2025-01006,CUST-01006,EQ-003,04-03-2025,1300000,325000,975000,48,9.68,99,REJECT,Performing
EQF-2025-01007,CUST-01007,EQ-013,04-03-2025,4207000,631050,3575950,48,9.42,77.9,REQUIRE_COLLATERAL,60_Days_Past_Due
EQF-2025-01008,CUST-01008,EQ-014,04-03-2025,2183000,327450,1855550,24,9.01,70.4,REQUIRE_COLLATERAL,Performing
EQF-2025-01009,CUST-01009,EQ-009,05-03-2025,3885000,582750,3302250,48,9.07,76.7,REQUIRE_COLLATERAL,Performing
EQF-2025-01010,CUST-01010,EQ-004,05-03-2025,3045000,456750,2588250,36,8.35,48.5,STRUCTURED_LEASE,Performing
EQF-2025-01011,CUST-01011,EQ-006,05-03-2025,2757000,413550,2343450,48,8.79,14.7,AUTO_APPROVE,Performing
EQF-2025-01012,CUST-01012,EQ-015,05-03-2025,4781000,956200,3824800,48,8.09,68.1,REQUIRE_COLLATERAL,Performing
EQF-2025-01013,CUST-01013,EQ-015,05-03-2025,3366000,336600,3029400,36,8.92,69.5,REQUIRE_COLLATERAL,Performing
EQF-2025-01014,CUST-01014,EQ-009,05-03-2025,7665000,766500,6898500,36,10.05,58.9,STRUCTURED_LEASE,Performing
EQF-2025-01015,CUST-01015,EQ-013,05-03-2025,2710000,677500,2032500,48,10.73,69.9,REQUIRE_COLLATERAL,Performing
EQF-2025-01016,CUST-01016,EQ-002,05-03-2025,2197000,329550,1867450,60,9.42,85.4,REJECT,Default
EQF-2025-01017,CUST-01017,EQ-009,05-03-2025,3933000,786600,3146400,48,9.38,76.2,REQUIRE_COLLATERAL,Performing
EQF-2025-01018,CUST-01018,EQ-004,05-03-2025,8559000,1711800,6847200,48,9.72,78.4,REQUIRE_COLLATERAL,Performing
EQF-2025-01019,CUST-01019,EQ-007,05-03-2025,3686000,921500,2764500,48,10.98,95.4,REJECT,Performing
EQF-2025-01020,CUST-01020,EQ-005,05-03-2025,7829000,1174350,6654650,48,9.16,44.6,STRUCTURED_LEASE,Performing
EQF-2025-01021,CUST-01021,EQ-014,05-03-2025,3488000,348800,3139200,48,10.19,66.5,REQUIRE_COLLATERAL,60_Days_Past_Due
EQF-2025-01022,CUST-01022,EQ-011,05-03-2025,9423000,1413450,8009550,36,10.06,85.6,REJECT,Performing
EQF-2025-01023,CUST-01023,EQ-007,05-03-2025,4886000,977200,3908800,48,8.56,40.8,STRUCTURED_LEASE,Performing
EQF-2025-01024,CUST-01024,EQ-002,05-03-2025,5727000,859050,4867950,48,10.56,68.1,REQUIRE_COLLATERAL,Performing
EQF-2025-01025,CUST-01025,EQ-007,06-03-2025,2650000,265000,2385000,48,7,64.7,STRUCTURED_LEASE,Performing
EQF-2025-01026,CUST-01026,EQ-010,06-03-2025,4624000,462400,4161600,36,11.09,57.5,STRUCTURED_LEASE,Performing
EQF-2025-01027,CUST-01027,EQ-007,06-03-2025,4004000,1001000,3003000,24,7.71,72.3,REQUIRE_COLLATERAL,Performing
EQF-2025-01028,CUST-01028,EQ-013,06-03-2025,3096000,619200,2476800,48,9.29,88.1,REJECT,Performing
EQF-2025-01029,CUST-01029,EQ-011,06-03-2025,14881000,2232150,12648850,48,10.74,74,REQUIRE_COLLATERAL,30_Days_Past_Due
EQF-2025-01030,CUST-01030,EQ-003,06-03-2025,2957000,443550,2513450,60,8.86,72.4,REQUIRE_COLLATERAL,Performing
EQF-2025-01031,CUST-01031,EQ-005,06-03-2025,2020000,505000,1515000,36,9.85,71.5,REQUIRE_COLLATERAL,60_Days_Past_Due
EQF-2025-01032,CUST-01032,EQ-004,06-03-2025,10808000,2702000,8106000,24,10.77,48.7,STRUCTURED_LEASE,Performing
EQF-2025-01033,CUST-01033,EQ-005,06-03-2025,7405000,1851250,5553750,24,12.27,50.7,STRUCTURED_LEASE,Performing
EQF-2025-01034,CUST-01034,EQ-005,06-03-2025,2748000,549600,2198400,48,9.48,67,REQUIRE_COLLATERAL,Performing
EQF-2025-01035,CUST-01035,EQ-009,06-03-2025,7832000,1174800,6657200,24,9.77,92.5,REJECT,Performing
EQF-2025-01036,CUST-01036,EQ-014,06-03-2025,2495000,623750,1871250,60,9.56,67.1,REQUIRE_COLLATERAL,Performing
EQF-2025-01037,CUST-01037,EQ-012,06-03-2025,8148000,1629600,6518400,36,9.17,72.6,REQUIRE_COLLATERAL,Performing
EQF-2025-01038,CUST-01038,EQ-014,06-03-2025,4644000,696600,3947400,60,7.48,66.2,REQUIRE_COLLATERAL,Performing
EQF-2025-01039,CUST-01039,EQ-006,06-03-2025,5211000,521100,4689900,48,7.82,65.2,REQUIRE_COLLATERAL,Performing
EQF-2025-01040,CUST-01040,EQ-001,06-03-2025,5515000,1378750,4136250,60,9.48,93.5,REJECT,Performing
EQF-2025-01041,CUST-01041,EQ-004,07-03-2025,5637000,1127400,4509600,36,10.01,89.6,REJECT,Default
EQF-2025-01042,CUST-01042,EQ-003,07-03-2025,3944000,591600,3352400,48,11.39,69.7,REQUIRE_COLLATERAL,60_Days_Past_Due
EQF-2025-01043,CUST-01043,EQ-001,07-03-2025,5916000,887400,5028600,24,9.19,68.2,REQUIRE_COLLATERAL,Performing
EQF-2025-01044,CUST-01044,EQ-010,07-03-2025,7517000,1879250,5637750,36,11.79,39.2,AUTO_APPROVE,Performing
EQF-2025-01045,CUST-01045,EQ-002,07-03-2025,4415000,1103750,3311250,36,7.69,49.8,STRUCTURED_LEASE,Performing
EQF-2025-01046,CUST-01046,EQ-004,07-03-2025,5423000,813450,4609550,48,9.82,76.6,REQUIRE_COLLATERAL,Performing
EQF-2025-01047,CUST-01047,EQ-005,07-03-2025,6357000,1271400,5085600,24,9.1,71.5,REQUIRE_COLLATERAL,Performing
EQF-2025-01048,CUST-01048,EQ-005,07-03-2025,7689000,768900,6920100,60,7.53,51.8,STRUCTURED_LEASE,Performing
EQF-2025-01049,CUST-01049,EQ-007,07-03-2025,3255000,488250,2766750,24,7,57.2,STRUCTURED_LEASE,Performing
EQF-2025-01050,CUST-01050,EQ-009,07-03-2025,4180000,836000,3344000,36,8.85,58,STRUCTURED_LEASE,Performing
EQF-2025-01051,CUST-01051,EQ-002,07-03-2025,2106000,526500,1579500,24,8.96,30.8,AUTO_APPROVE,Performing
EQF-2025-01052,CUST-01052,EQ-010,07-03-2025,7636000,1145400,6490600,48,8.17,64.5,STRUCTURED_LEASE,Performing
EQF-2025-01053,CUST-01053,EQ-002,07-03-2025,5375000,1343750,4031250,24,10.64,52.8,STRUCTURED_LEASE,60_Days_Past_Due
EQF-2025-01054,CUST-01054,EQ-013,07-03-2025,2434000,243400,2190600,60,8.89,61.6,STRUCTURED_LEASE,Performing
EQF-2025-01055,CUST-01055,EQ-002,07-03-2025,2860000,715000,2145000,48,8.02,62.6,STRUCTURED_LEASE,Performing
EQF-2025-01056,CUST-01056,EQ-001,07-03-2025,8473000,847300,7625700,60,9.15,73.6,REQUIRE_COLLATERAL,Performing
EQF-2025-01057,CUST-01057,EQ-014,08-03-2025,3331000,832750,2498250,36,8.55,51.6,STRUCTURED_LEASE,Performing
EQF-2025-01058,CUST-01058,EQ-001,08-03-2025,6512000,1628000,4884000,36,11.97,85.5,REJECT,60_Days_Past_Due
EQF-2025-01059,CUST-01059,EQ-010,08-03-2025,9489000,948900,8540100,48,9.03,79,REQUIRE_COLLATERAL,Performing
EQF-2025-01060,CUST-01060,EQ-004,08-03-2025,5013000,1253250,3759750,48,8.12,55.8,STRUCTURED_LEASE,30_Days_Past_Due
EQF-2025-01061,CUST-01061,EQ-002,08-03-2025,4468000,893600,3574400,36,11.97,60.1,STRUCTURED_LEASE,Performing
EQF-2025-01062,CUST-01062,EQ-015,08-03-2025,3469000,867250,2601750,60,10.59,63.1,STRUCTURED_LEASE,Performing
EQF-2025-01063,CUST-01063,EQ-013,08-03-2025,3426000,513900,2912100,24,9.66,64.2,STRUCTURED_LEASE,Performing
EQF-2025-01064,CUST-01064,EQ-001,08-03-2025,5976000,1494000,4482000,48,8.31,60.9,STRUCTURED_LEASE,60_Days_Past_Due
EQF-2025-01065,CUST-01065,EQ-011,08-03-2025,12085000,2417000,9668000,36,10.65,74,REQUIRE_COLLATERAL,Performing
EQF-2025-01066,CUST-01066,EQ-013,08-03-2025,1917000,287550,1629450,24,7.3,70.9,REQUIRE_COLLATERAL,Default
EQF-2025-01067,CUST-01067,EQ-009,08-03-2025,2294000,458800,1835200,36,10.54,70.8,REQUIRE_COLLATERAL,60_Days_Past_Due
EQF-2025-01068,CUST-01068,EQ-005,08-03-2025,5327000,799050,4527950,60,9.88,71.5,REQUIRE_COLLATERAL,Performing
EQF-2025-01069,CUST-01069,EQ-001,08-03-2025,11802000,2950500,8851500,60,10.99,79.7,REQUIRE_COLLATERAL,30_Days_Past_Due
EQF-2025-01070,CUST-01070,EQ-001,08-03-2025,4550000,910000,3640000,36,7,87.9,REJECT,Performing
EQF-2025-01071,CUST-01071,EQ-001,08-03-2025,4763000,1190750,3572250,60,8.12,61.6,STRUCTURED_LEASE,Performing
EQF-2025-01072,CUST-01072,EQ-005,08-03-2025,7119000,1067850,6051150,48,8,79.6,REQUIRE_COLLATERAL,Performing
EQF-2025-01073,CUST-01073,EQ-005,09-03-2025,7163000,1432600,5730400,48,7.82,71.9,REQUIRE_COLLATERAL,60_Days_Past_Due
EQF-2025-01074,CUST-01074,EQ-006,09-03-2025,3217000,321700,2895300,24,10.14,42.6,STRUCTURED_LEASE,Performing
EQF-2025-01075,CUST-01075,EQ-015,09-03-2025,3999000,799800,3199200,48,9.06,87.2,REJECT,Performing
EQF-2025-01076,CUST-01076,EQ-011,09-03-2025,8875000,2218750,6656250,24,8.19,43.6,STRUCTURED_LEASE,Performing
EQF-2025-01077,CUST-01077,EQ-011,09-03-2025,10960000,1096000,9864000,36,7.85,26.2,AUTO_APPROVE,Performing
EQF-2025-01078,CUST-01078,EQ-003,09-03-2025,4479000,447900,4031100,48,8.06,45.4,STRUCTURED_LEASE,Performing
EQF-2025-01079,CUST-01079,EQ-009,09-03-2025,2059000,308850,1750150,48,10.8,65.3,REQUIRE_COLLATERAL,60_Days_Past_Due
EQF-2025-01080,CUST-01080,EQ-007,09-03-2025,4846000,484600,4361400,48,9.4,79.7,REQUIRE_COLLATERAL,Performing
EQF-2025-01081,CUST-01081,EQ-003,09-03-2025,3074000,307400,2766600,60,10.75,65.2,REQUIRE_COLLATERAL,Performing
EQF-2025-01082,CUST-01082,EQ-005,09-03-2025,5449000,817350,4631650,48,13.5,75.5,REQUIRE_COLLATERAL,Performing
EQF-2025-01083,CUST-01083,EQ-012,09-03-2025,11193000,2238600,8954400,36,9.47,48.1,STRUCTURED_LEASE,Performing
EQF-2025-01084,CUST-01084,EQ-007,09-03-2025,5598000,1399500,4198500,36,7.37,55.6,STRUCTURED_LEASE,Performing
EQF-2025-01085,CUST-01085,EQ-007,09-03-2025,1095000,219000,876000,48,9.29,61.6,STRUCTURED_LEASE,Performing
EQF-2025-01086,CUST-01086,EQ-010,09-03-2025,2751000,275100,2475900,60,12.32,93.7,REJECT,Default
EQF-2025-01087,CUST-01087,EQ-008,09-03-2025,4015000,1003750,3011250,60,11.13,63.6,STRUCTURED_LEASE,Performing
EQF-2025-01088,CUST-01088,EQ-009,09-03-2025,8405000,1681000,6724000,48,8.53,91.1,REJECT,60_Days_Past_Due
EQF-2025-01089,CUST-01089,EQ-015,10-03-2025,4518000,1129500,3388500,48,9.04,82.8,REJECT,Default
EQF-2025-01090,CUST-01090,EQ-006,10-03-2025,5802000,580200,5221800,48,10.66,56.6,STRUCTURED_LEASE,Performing
EQF-2025-01091,CUST-01091,EQ-002,10-03-2025,1045000,209000,836000,36,10.22,40.2,STRUCTURED_LEASE,Performing
EQF-2025-01092,CUST-01092,EQ-010,10-03-2025,9972000,2493000,7479000,36,10.68,49.3,STRUCTURED_LEASE,Performing
EQF-2025-01093,CUST-01093,EQ-004,10-03-2025,9408000,2352000,7056000,48,9.14,75,REQUIRE_COLLATERAL,Performing
EQF-2025-01094,CUST-01094,EQ-008,10-03-2025,8151000,1630200,6520800,60,10.08,65.3,REQUIRE_COLLATERAL,Performing
EQF-2025-01095,CUST-01095,EQ-006,10-03-2025,3874000,774800,3099200,60,9.04,79.9,REQUIRE_COLLATERAL,Performing
EQF-2025-01096,CUST-01096,EQ-006,10-03-2025,1994000,199400,1794600,36,11.59,72.7,REQUIRE_COLLATERAL,Performing
EQF-2025-01097,CUST-01097,EQ-005,10-03-2025,5560000,834000,4726000,48,7.21,97.4,REJECT,Performing
EQF-2025-01098,CUST-01098,EQ-009,10-03-2025,6538000,1634500,4903500,60,7.22,34.6,AUTO_APPROVE,Performing
EQF-2025-01099,CUST-01099,EQ-003,10-03-2025,1558000,311600,1246400,48,8.43,38.4,AUTO_APPROVE,Performing
EQF-2025-01100,CUST-01100,EQ-011,10-03-2025,10971000,2194200,8776800,36,8.48,88.3,REJECT,Performing
EQF-2025-01101,CUST-01101,EQ-006,10-03-2025,3505000,701000,2804000,48,7.21,81.1,REJECT,Performing
EQF-2025-01102,CUST-01102,EQ-007,10-03-2025,4774000,1193500,3580500,48,7,41.1,STRUCTURED_LEASE,Performing
EQF-2025-01103,CUST-01103,EQ-007,10-03-2025,3606000,360600,3245400,48,11.1,77.5,REQUIRE_COLLATERAL,Performing
EQF-2025-01104,CUST-01104,EQ-015,10-03-2025,1471000,220650,1250350,48,9.25,43.7,STRUCTURED_LEASE,30_Days_Past_Due
EQF-2025-01105,CUST-01105,EQ-015,11-03-2025,3538000,884500,2653500,48,9.14,50.9,STRUCTURED_LEASE,Performing
EQF-2025-01106,CUST-01106,EQ-006,11-03-2025,4270000,427000,3843000,36,9.58,60.7,STRUCTURED_LEASE,Performing
EQF-2025-01107,CUST-01107,EQ-012,11-03-2025,5984000,1496000,4488000,36,11.9,48.5,STRUCTURED_LEASE,30_Days_Past_Due
EQF-2025-01108,CUST-01108,EQ-013,11-03-2025,4398000,1099500,3298500,48,9.67,73,REQUIRE_COLLATERAL,Performing
EQF-2025-01109,CUST-01109,EQ-013,11-03-2025,1242000,248400,993600,36,9.33,61.3,STRUCTURED_LEASE,Performing
EQF-2025-01110,CUST-01110,EQ-006,11-03-2025,3685000,368500,3316500,60,8.54,63.5,STRUCTURED_LEASE,Performing
EQF-2025-01111,CUST-01111,EQ-003,11-03-2025,1248000,249600,998400,36,10.4,52.4,STRUCTURED_LEASE,Performing
EQF-2025-01112,CUST-01112,EQ-005,11-03-2025,2172000,434400,1737600,36,9.4,47,STRUCTURED_LEASE,Performing
EQF-2025-01113,CUST-01113,EQ-005,11-03-2025,3580000,358000,3222000,60,11.98,44,STRUCTURED_LEASE,Performing
EQF-2025-01114,CUST-01114,EQ-010,11-03-2025,2961000,592200,2368800,24,9.26,57,STRUCTURED_LEASE,Performing
EQF-2025-01115,CUST-01115,EQ-004,11-03-2025,7571000,1514200,6056800,48,11.01,47.5,STRUCTURED_LEASE,Performing
EQF-2025-01116,CUST-01116,EQ-004,11-03-2025,3238000,485700,2752300,48,8.43,44.9,STRUCTURED_LEASE,Performing
EQF-2025-01117,CUST-01117,EQ-006,11-03-2025,6412000,641200,5770800,24,8.42,51.4,STRUCTURED_LEASE,Performing
EQF-2025-01118,CUST-01118,EQ-007,11-03-2025,1074000,107400,966600,60,7,77.3,REQUIRE_COLLATERAL,Performing
EQF-2025-01119,CUST-01119,EQ-001,11-03-2025,4652000,930400,3721600,24,10.69,53.3,STRUCTURED_LEASE,Performing
EQF-2025-01120,CUST-01120,EQ-005,11-03-2025,3637000,727400,2909600,48,9.44,55,STRUCTURED_LEASE,30_Days_Past_Due
EQF-2025-01121,CUST-01121,EQ-007,12-03-2025,5462000,546200,4915800,24,10.46,76.3,REQUIRE_COLLATERAL,Performing
EQF-2025-01122,CUST-01122,EQ-002,12-03-2025,4135000,413500,3721500,24,12.04,49.2,STRUCTURED_LEASE,Performing
EQF-2025-01123,CUST-01123,EQ-015,12-03-2025,4805000,1201250,3603750,60,8.23,83.7,REJECT,60_Days_Past_Due
EQF-2025-01124,CUST-01124,EQ-014,12-03-2025,1738000,173800,1564200,48,8,57.9,STRUCTURED_LEASE,Performing
EQF-2025-01125,CUST-01125,EQ-014,12-03-2025,4370000,1092500,3277500,36,8.32,69.3,REQUIRE_COLLATERAL,Performing
EQF-2025-01126,CUST-01126,EQ-004,12-03-2025,2569000,513800,2055200,48,7,57.6,STRUCTURED_LEASE,Performing
EQF-2025-01127,CUST-01127,EQ-009,12-03-2025,2991000,448650,2542350,48,9.21,90.6,REJECT,60_Days_Past_Due
EQF-2025-01128,CUST-01128,EQ-012,12-03-2025,10777000,1616550,9160450,60,10.83,79.4,REQUIRE_COLLATERAL,60_Days_Past_Due
EQF-2025-01129,CUST-01129,EQ-001,12-03-2025,8128000,2032000,6096000,36,9.57,76,REQUIRE_COLLATERAL,Performing
EQF-2025-01130,CUST-01130,EQ-011,12-03-2025,14826000,2965200,11860800,60,7.14,75.4,REQUIRE_COLLATERAL,Performing
EQF-2025-01131,CUST-01131,EQ-003,12-03-2025,1315000,263000,1052000,48,8.96,75,REQUIRE_COLLATERAL,Performing
EQF-2025-01132,CUST-01132,EQ-004,12-03-2025,10988000,2197600,8790400,48,9.69,61.6,STRUCTURED_LEASE,Performing
EQF-2025-01133,CUST-01133,EQ-005,12-03-2025,5865000,586500,5278500,60,10.94,66.9,REQUIRE_COLLATERAL,Performing
EQF-2025-01134,CUST-01134,EQ-009,12-03-2025,5411000,1082200,4328800,36,10.69,64.8,STRUCTURED_LEASE,Performing
EQF-2025-01135,CUST-01135,EQ-003,12-03-2025,1426000,142600,1283400,36,8.98,59.9,STRUCTURED_LEASE,Performing
EQF-2025-01136,CUST-01136,EQ-005,12-03-2025,3413000,853250,2559750,36,8.98,64.2,STRUCTURED_LEASE,Performing
EQF-2025-01137,CUST-01137,EQ-015,13-03-2025,5608000,841200,4766800,36,10.39,99,REJECT,Performing
EQF-2025-01138,CUST-01138,EQ-008,13-03-2025,5511000,1377750,4133250,36,8.61,54.8,STRUCTURED_LEASE,Performing
EQF-2025-01139,CUST-01139,EQ-010,13-03-2025,8124000,1624800,6499200,48,10.78,75.4,REQUIRE_COLLATERAL,30_Days_Past_Due
EQF-2025-01140,CUST-01140,EQ-008,13-03-2025,10996000,2199200,8796800,36,8.51,99,REJECT,Performing
EQF-2025-01141,CUST-01141,EQ-003,13-03-2025,2200000,550000,1650000,36,11.83,73.2,REQUIRE_COLLATERAL,Performing
EQF-2025-01142,CUST-01142,EQ-011,13-03-2025,10337000,1033700,9303300,36,9.85,82.5,REJECT,Performing
EQF-2025-01143,CUST-01143,EQ-013,13-03-2025,3846000,384600,3461400,36,7,60.1,STRUCTURED_LEASE,Performing
EQF-2025-01144,CUST-01144,EQ-010,13-03-2025,3899000,389900,3509100,36,10.46,59.5,STRUCTURED_LEASE,Performing
EQF-2025-01145,CUST-01145,EQ-001,13-03-2025,5635000,845250,4789750,48,9.88,53,STRUCTURED_LEASE,Performing
EQF-2025-01146,CUST-01146,EQ-015,13-03-2025,3173000,475950,2697050,24,10.23,42.2,STRUCTURED_LEASE,30_Days_Past_Due
EQF-2025-01147,CUST-01147,EQ-003,13-03-2025,2666000,533200,2132800,60,12.88,55.1,STRUCTURED_LEASE,Performing
EQF-2025-01148,CUST-01148,EQ-003,13-03-2025,3914000,978500,2935500,36,9.11,75.9,REQUIRE_COLLATERAL,Performing
EQF-2025-01149,CUST-01149,EQ-007,13-03-2025,1161000,290250,870750,60,7.17,48.9,STRUCTURED_LEASE,Performing
EQF-2025-01150,CUST-01150,EQ-007,13-03-2025,5855000,1171000,4684000,24,11.4,84.2,REJECT,Default
EQF-2025-01151,CUST-01151,EQ-013,13-03-2025,1254000,125400,1128600,48,7,44.8,STRUCTURED_LEASE,Performing
EQF-2025-01152,CUST-01152,EQ-013,13-03-2025,3485000,522750,2962250,48,8.38,62.7,STRUCTURED_LEASE,Performing
EQF-2025-01153,CUST-01153,EQ-013,14-03-2025,3338000,834500,2503500,48,9.56,57.4,STRUCTURED_LEASE,Performing
EQF-2025-01154,CUST-01154,EQ-003,14-03-2025,1712000,342400,1369600,48,8.15,68.4,REQUIRE_COLLATERAL,Performing
EQF-2025-01155,CUST-01155,EQ-010,14-03-2025,3783000,378300,3404700,60,9.4,49.6,STRUCTURED_LEASE,Performing
EQF-2025-01156,CUST-01156,EQ-014,14-03-2025,4212000,421200,3790800,48,9.3,80.2,REJECT,Performing
EQF-2025-01157,CUST-01157,EQ-006,14-03-2025,7713000,1156950,6556050,48,11.8,79.7,REQUIRE_COLLATERAL,60_Days_Past_Due
EQF-2025-01158,CUST-01158,EQ-015,14-03-2025,2272000,340800,1931200,60,7,62.4,STRUCTURED_LEASE,Performing
EQF-2025-01159,CUST-01159,EQ-007,14-03-2025,3077000,615400,2461600,48,9.63,86.1,REJECT,Performing
EQF-2025-01160,CUST-01160,EQ-006,14-03-2025,3985000,797000,3188000,48,8.12,57.9,STRUCTURED_LEASE,Performing
EQF-2025-01161,CUST-01161,EQ-014,14-03-2025,1476000,147600,1328400,36,8.66,76.9,REQUIRE_COLLATERAL,Performing
EQF-2025-01162,CUST-01162,EQ-009,14-03-2025,6212000,621200,5590800,60,10.52,46.1,STRUCTURED_LEASE,Performing
EQF-2025-01163,CUST-01163,EQ-011,14-03-2025,13077000,3269250,9807750,36,10.28,43.1,STRUCTURED_LEASE,Performing
EQF-2025-01164,CUST-01164,EQ-013,14-03-2025,2359000,235900,2123100,48,10.01,66.1,REQUIRE_COLLATERAL,Performing
EQF-2025-01165,CUST-01165,EQ-006,14-03-2025,8431000,1686200,6744800,24,7.61,56.6,STRUCTURED_LEASE,Performing
EQF-2025-01166,CUST-01166,EQ-014,14-03-2025,1488000,223200,1264800,36,11.28,61.4,STRUCTURED_LEASE,Performing
EQF-2025-01167,CUST-01167,EQ-014,14-03-2025,3715000,743000,2972000,48,8.19,87.8,REJECT,Performing
EQF-2025-01168,CUST-01168,EQ-004,14-03-2025,6310000,1577500,4732500,48,11.58,50.7,STRUCTURED_LEASE,Performing
EQF-2025-01169,CUST-01169,EQ-009,15-03-2025,4626000,1156500,3469500,36,8.53,61.7,STRUCTURED_LEASE,Performing
EQF-2025-01170,CUST-01170,EQ-011,15-03-2025,9034000,1355100,7678900,36,11.05,74.7,REQUIRE_COLLATERAL,Performing
EQF-2025-01171,CUST-01171,EQ-008,15-03-2025,4699000,939800,3759200,36,9.65,61,STRUCTURED_LEASE,Performing
EQF-2025-01172,CUST-01172,EQ-015,15-03-2025,4521000,1130250,3390750,48,7,65.7,REQUIRE_COLLATERAL,60_Days_Past_Due
EQF-2025-01173,CUST-01173,EQ-004,15-03-2025,8633000,1726600,6906400,36,8.97,59.9,STRUCTURED_LEASE,Performing
EQF-2025-01174,CUST-01174,EQ-011,15-03-2025,7106000,1776500,5329500,48,12.05,59.8,STRUCTURED_LEASE,Performing
EQF-2025-01175,CUST-01175,EQ-008,15-03-2025,9600000,1440000,8160000,48,10.74,75.2,REQUIRE_COLLATERAL,60_Days_Past_Due
EQF-2025-01176,CUST-01176,EQ-010,15-03-2025,5193000,1298250,3894750,60,8.85,83.1,REJECT,Default
EQF-2025-01177,CUST-01177,EQ-013,15-03-2025,3955000,791000,3164000,24,11.46,43.4,STRUCTURED_LEASE,Performing
EQF-2025-01178,CUST-01178,EQ-009,15-03-2025,2347000,469400,1877600,24,9.92,63.5,STRUCTURED_LEASE,30_Days_Past_Due
EQF-2025-01179,CUST-01179,EQ-014,15-03-2025,1841000,460250,1380750,48,11.96,80.8,REJECT,Performing
EQF-2025-01180,CUST-01180,EQ-010,15-03-2025,5184000,518400,4665600,48,9.38,57.5,STRUCTURED_LEASE,Performing
EQF-2025-01181,CUST-01181,EQ-002,15-03-2025,3888000,583200,3304800,24,9.06,73.1,REQUIRE_COLLATERAL,Performing
EQF-2025-01182,CUST-01182,EQ-001,15-03-2025,11101000,1665150,9435850,48,10.98,76.6,REQUIRE_COLLATERAL,Performing
EQF-2025-01183,CUST-01183,EQ-004,15-03-2025,5869000,1467250,4401750,36,9.88,53.3,STRUCTURED_LEASE,Performing
EQF-2025-01184,CUST-01184,EQ-002,15-03-2025,1205000,301250,903750,36,10.34,43.9,STRUCTURED_LEASE,30_Days_Past_Due
EQF-2025-01185,CUST-01185,EQ-005,16-03-2025,4115000,411500,3703500,36,8.21,45.5,STRUCTURED_LEASE,Performing
EQF-2025-01186,CUST-01186,EQ-015,16-03-2025,4382000,657300,3724700,60,11.26,62.2,STRUCTURED_LEASE,30_Days_Past_Due
EQF-2025-01187,CUST-01187,EQ-013,16-03-2025,3750000,375000,3375000,36,10.97,69.9,REQUIRE_COLLATERAL,Performing
EQF-2025-01188,CUST-01188,EQ-009,16-03-2025,2621000,393150,2227850,36,11.53,47.7,STRUCTURED_LEASE,Performing
EQF-2025-01189,CUST-01189,EQ-012,16-03-2025,4086000,1021500,3064500,36,7.46,58.1,STRUCTURED_LEASE,Performing
EQF-2025-01190,CUST-01190,EQ-014,16-03-2025,4061000,609150,3451850,48,7.76,39.9,AUTO_APPROVE,Performing
EQF-2025-01191,CUST-01191,EQ-009,16-03-2025,2245000,336750,1908250,48,8.38,64.6,STRUCTURED_LEASE,Performing
EQF-2025-01192,CUST-01192,EQ-004,16-03-2025,3200000,480000,2720000,36,9.14,48.1,STRUCTURED_LEASE,Performing
EQF-2025-01193,CUST-01193,EQ-012,16-03-2025,4030000,403000,3627000,36,7.5,57,STRUCTURED_LEASE,Performing
EQF-2025-01194,CUST-01194,EQ-008,16-03-2025,6177000,617700,5559300,36,10.46,78.5,REQUIRE_COLLATERAL,Performing
EQF-2025-01195,CUST-01195,EQ-009,16-03-2025,5023000,753450,4269550,48,8.84,66.9,REQUIRE_COLLATERAL,Performing
EQF-2025-01196,CUST-01196,EQ-007,16-03-2025,4116000,823200,3292800,36,11.38,68.1,REQUIRE_COLLATERAL,30_Days_Past_Due
EQF-2025-01197,CUST-01197,EQ-007,16-03-2025,2340000,234000,2106000,60,12.65,60.5,STRUCTURED_LEASE,Performing
EQF-2025-01198,CUST-01198,EQ-015,16-03-2025,4494000,1123500,3370500,24,8.61,78.1,REQUIRE_COLLATERAL,Performing
EQF-2025-01199,CUST-01199,EQ-014,16-03-2025,1843000,460750,1382250,24,8.35,77.5,REQUIRE_COLLATERAL,Performing
EQF-2025-01200,CUST-01200,EQ-005,16-03-2025,7324000,1098600,6225400,24,10.62,55.6,STRUCTURED_LEASE,60_Days_Past_Due
EQF-2025-01201,CUST-01201,EQ-013,17-03-2025,3373000,843250,2529750,48,9.65,75.5,REQUIRE_COLLATERAL,Performing
EQF-2025-01202,CUST-01202,EQ-006,17-03-2025,5587000,558700,5028300,48,10.05,77.2,REQUIRE_COLLATERAL,Performing
EQF-2025-01203,CUST-01203,EQ-006,17-03-2025,2968000,593600,2374400,60,11.49,76.4,REQUIRE_COLLATERAL,Performing
EQF-2025-01204,CUST-01204,EQ-012,17-03-2025,4815000,963000,3852000,36,9.09,57.3,STRUCTURED_LEASE,Performing
EQF-2025-01205,CUST-01205,EQ-010,17-03-2025,6450000,1290000,5160000,36,7.9,41.5,STRUCTURED_LEASE,Performing
EQF-2025-01206,CUST-01206,EQ-013,17-03-2025,3539000,884750,2654250,48,7.65,87.2,REJECT,60_Days_Past_Due
EQF-2025-01207,CUST-01207,EQ-014,17-03-2025,1561000,234150,1326850,48,9.23,65,REQUIRE_COLLATERAL,Performing
EQF-2025-01208,CUST-01208,EQ-001,17-03-2025,14456000,3614000,10842000,48,8.97,33.7,AUTO_APPROVE,Performing
EQF-2025-01209,CUST-01209,EQ-011,17-03-2025,14785000,2217750,12567250,36,10.8,44,STRUCTURED_LEASE,Performing
EQF-2025-01210,CUST-01210,EQ-007,17-03-2025,3636000,727200,2908800,24,11.59,56.9,STRUCTURED_LEASE,Performing
EQF-2025-01211,CUST-01211,EQ-012,17-03-2025,14451000,1445100,13005900,24,11.58,77.2,REQUIRE_COLLATERAL,Performing
EQF-2025-01212,CUST-01212,EQ-010,17-03-2025,4025000,1006250,3018750,48,8.45,61.3,STRUCTURED_LEASE,30_Days_Past_Due
EQF-2025-01213,CUST-01213,EQ-009,17-03-2025,1678000,167800,1510200,48,8.3,65.8,REQUIRE_COLLATERAL,Performing
EQF-2025-01214,CUST-01214,EQ-003,17-03-2025,1350000,270000,1080000,48,7,58.5,STRUCTURED_LEASE,Performing
EQF-2025-01215,CUST-01215,EQ-013,17-03-2025,3433000,514950,2918050,36,9.5,61.1,STRUCTURED_LEASE,Performing
EQF-2025-01216,CUST-01216,EQ-009,17-03-2025,1931000,193100,1737900,48,10.83,54.7,STRUCTURED_LEASE,Performing
EQF-2025-01217,CUST-01217,EQ-006,18-03-2025,8210000,2052500,6157500,36,8.44,41.5,STRUCTURED_LEASE,Performing
EQF-2025-01218,CUST-01218,EQ-003,18-03-2025,1739000,173900,1565100,24,7.28,52.3,STRUCTURED_LEASE,Performing
EQF-2025-01219,CUST-01219,EQ-013,18-03-2025,2358000,235800,2122200,60,12.33,81.2,REJECT,Default
EQF-2025-01220,CUST-01220,EQ-011,18-03-2025,13048000,3262000,9786000,48,8.44,47.6,STRUCTURED_LEASE,Performing
EQF-2025-01221,CUST-01221,EQ-007,18-03-2025,1937000,290550,1646450,48,9.33,69.7,REQUIRE_COLLATERAL,Performing
EQF-2025-01222,CUST-01222,EQ-009,18-03-2025,3201000,800250,2400750,48,8.8,53.5,STRUCTURED_LEASE,Performing
EQF-2025-01223,CUST-01223,EQ-011,18-03-2025,11065000,2213000,8852000,36,7.5,74.6,REQUIRE_COLLATERAL,Performing
EQF-2025-01224,CUST-01224,EQ-015,18-03-2025,2236000,335400,1900600,48,10.85,64.5,STRUCTURED_LEASE,30_Days_Past_Due
EQF-2025-01225,CUST-01225,EQ-012,18-03-2025,6392000,639200,5752800,60,7,45.3,STRUCTURED_LEASE,Performing
EQF-2025-01226,CUST-01226,EQ-004,18-03-2025,4661000,1165250,3495750,36,11.19,71,REQUIRE_COLLATERAL,Default
EQF-2025-01227,CUST-01227,EQ-001,18-03-2025,9397000,1879400,7517600,48,9.9,42.1,STRUCTURED_LEASE,Performing
EQF-2025-01228,CUST-01228,EQ-012,18-03-2025,14627000,3656750,10970250,48,9.1,49,STRUCTURED_LEASE,Performing
EQF-2025-01229,CUST-01229,EQ-007,18-03-2025,5128000,769200,4358800,36,9.12,48.4,STRUCTURED_LEASE,Performing
EQF-2025-01230,CUST-01230,EQ-001,18-03-2025,7131000,1426200,5704800,36,10.18,47.3,STRUCTURED_LEASE,Performing
EQF-2025-01231,CUST-01231,EQ-007,18-03-2025,2690000,269000,2421000,24,8.54,72.3,REQUIRE_COLLATERAL,Performing
EQF-2025-01232,CUST-01232,EQ-005,18-03-2025,4752000,712800,4039200,48,9.77,92.5,REJECT,Performing
EQF-2025-01233,CUST-01233,EQ-005,19-03-2025,8353000,1670600,6682400,48,8.17,60,STRUCTURED_LEASE,30_Days_Past_Due
EQF-2025-01234,CUST-01234,EQ-005,19-03-2025,2707000,406050,2300950,48,7,67,REQUIRE_COLLATERAL,Performing
EQF-2025-01235,CUST-01235,EQ-003,19-03-2025,2558000,255800,2302200,36,10.43,85.1,REJECT,60_Days_Past_Due
EQF-2025-01236,CUST-01236,EQ-011,19-03-2025,12024000,2404800,9619200,48,13.16,86.2,REJECT,Performing
EQF-2025-01237,CUST-01237,EQ-015,19-03-2025,5813000,1453250,4359750,48,10.35,81.6,REJECT,Performing
EQF-2025-01238,CUST-01238,EQ-010,19-03-2025,3823000,955750,2867250,36,9.43,32.4,AUTO_APPROVE,Performing
EQF-2025-01239,CUST-01239,EQ-015,19-03-2025,1982000,198200,1783800,48,8.91,56.2,STRUCTURED_LEASE,Performing
EQF-2025-01240,CUST-01240,EQ-006,19-03-2025,3080000,616000,2464000,48,8.95,77,REQUIRE_COLLATERAL,Default
EQF-2025-01241,CUST-01241,EQ-002,19-03-2025,909000,90900,818100,24,8.9,61.2,STRUCTURED_LEASE,Performing
EQF-2025-01242,CUST-01242,EQ-003,19-03-2025,3496000,349600,3146400,36,9.8,85.2,REJECT,Default
EQF-2025-01243,CUST-01243,EQ-013,19-03-2025,3749000,562350,3186650,48,7,84,REJECT,Performing
EQF-2025-01244,CUST-01244,EQ-013,19-03-2025,3490000,872500,2617500,48,7,69.9,REQUIRE_COLLATERAL,Performing
EQF-2025-01245,CUST-01245,EQ-014,19-03-2025,1471000,147100,1323900,60,10.18,72.7,REQUIRE_COLLATERAL,Performing
EQF-2025-01246,CUST-01246,EQ-004,19-03-2025,3088000,463200,2624800,48,9.2,56.4,STRUCTURED_LEASE,Performing
EQF-2025-01247,CUST-01247,EQ-006,19-03-2025,2973000,297300,2675700,36,8.02,51.4,STRUCTURED_LEASE,Performing
EQF-2025-01248,CUST-01248,EQ-009,19-03-2025,3532000,353200,3178800,36,7.98,60.1,STRUCTURED_LEASE,Performing
EQF-2025-01249,CUST-01249,EQ-015,20-03-2025,4890000,489000,4401000,48,8.66,54.3,STRUCTURED_LEASE,Performing
EQF-2025-01250,CUST-01250,EQ-004,20-03-2025,3855000,963750,2891250,36,8.87,80.1,REJECT,Performing
EQF-2025-01251,CUST-01251,EQ-003,20-03-2025,1368000,273600,1094400,48,11.64,47.2,STRUCTURED_LEASE,Performing
EQF-2025-01252,CUST-01252,EQ-008,20-03-2025,5849000,1462250,4386750,36,7.89,85.2,REJECT,Performing
EQF-2025-01253,CUST-01253,EQ-006,20-03-2025,4415000,662250,3752750,24,10.65,72.1,REQUIRE_COLLATERAL,Performing
EQF-2025-01254,CUST-01254,EQ-009,20-03-2025,4656000,931200,3724800,36,10.39,72.8,REQUIRE_COLLATERAL,Performing
EQF-2025-01255,CUST-01255,EQ-014,20-03-2025,4342000,651300,3690700,36,9.19,88.2,REJECT,Default
EQF-2025-01256,CUST-01256,EQ-012,20-03-2025,5078000,507800,4570200,48,10.65,66.9,REQUIRE_COLLATERAL,Performing
EQF-2025-01257,CUST-01257,EQ-005,20-03-2025,6428000,1285600,5142400,36,10.16,40.3,STRUCTURED_LEASE,Performing
EQF-2025-01258,CUST-01258,EQ-008,20-03-2025,5373000,805950,4567050,60,7.62,96.1,REJECT,Performing
EQF-2025-01259,CUST-01259,EQ-009,20-03-2025,3670000,367000,3303000,48,8.61,99,REJECT,Default
EQF-2025-01260,CUST-01260,EQ-004,20-03-2025,10427000,1564050,8862950,36,10.08,78.5,REQUIRE_COLLATERAL,Performing
EQF-2025-01261,CUST-01261,EQ-001,20-03-2025,6733000,1009950,5723050,36,8.6,65.4,REQUIRE_COLLATERAL,Performing
EQF-2025-01262,CUST-01262,EQ-003,20-03-2025,3642000,910500,2731500,48,10.42,47.7,STRUCTURED_LEASE,Performing
EQF-2025-01263,CUST-01263,EQ-011,20-03-2025,7026000,702600,6323400,24,11.24,71.1,REQUIRE_COLLATERAL,30_Days_Past_Due
EQF-2025-01264,CUST-01264,EQ-008,20-03-2025,6811000,1702750,5108250,60,9.46,98.3,REJECT,Performing
EQF-2025-01265,CUST-01265,EQ-009,21-03-2025,7004000,1400800,5603200,48,8.59,47.4,STRUCTURED_LEASE,Performing
EQF-2025-01266,CUST-01266,EQ-006,21-03-2025,7672000,767200,6904800,24,8.42,65.2,REQUIRE_COLLATERAL,Performing
EQF-2025-01267,CUST-01267,EQ-012,21-03-2025,13226000,3306500,9919500,48,8.95,52.7,STRUCTURED_LEASE,Performing
EQF-2025-01268,CUST-01268,EQ-010,21-03-2025,7449000,1862250,5586750,36,8.85,81,REJECT,Performing
EQF-2025-01269,CUST-01269,EQ-004,21-03-2025,4615000,923000,3692000,24,10.8,62.5,STRUCTURED_LEASE,Performing
EQF-2025-01270,CUST-01270,EQ-001,21-03-2025,11274000,1691100,9582900,60,8.62,63.6,STRUCTURED_LEASE,Performing
EQF-2025-01271,CUST-01271,EQ-013,21-03-2025,3898000,584700,3313300,24,9.24,60.1,STRUCTURED_LEASE,Performing
EQF-2025-01272,CUST-01272,EQ-007,21-03-2025,856000,128400,727600,48,10.67,62.7,STRUCTURED_LEASE,Performing
EQF-2025-01273,CUST-01273,EQ-013,21-03-2025,2869000,573800,2295200,60,9.01,77.9,REQUIRE_COLLATERAL,Performing
EQF-2025-01274,CUST-01274,EQ-006,21-03-2025,7403000,1850750,5552250,36,8.83,69.1,REQUIRE_COLLATERAL,Performing
EQF-2025-01275,CUST-01275,EQ-004,21-03-2025,6661000,666100,5994900,36,10.81,43.1,STRUCTURED_LEASE,Performing
EQF-2025-01276,CUST-01276,EQ-005,21-03-2025,3680000,736000,2944000,24,11.24,52.4,STRUCTURED_LEASE,Performing
EQF-2025-01277,CUST-01277,EQ-005,21-03-2025,7603000,1140450,6462550,24,9.56,43.2,STRUCTURED_LEASE,Performing
EQF-2025-01278,CUST-01278,EQ-015,21-03-2025,1611000,241650,1369350,24,11.99,50.1,STRUCTURED_LEASE,Performing
EQF-2025-01279,CUST-01279,EQ-009,21-03-2025,2945000,294500,2650500,48,9.75,63.7,STRUCTURED_LEASE,Performing
EQF-2025-01280,CUST-01280,EQ-004,21-03-2025,8343000,1668600,6674400,48,10.81,63.7,STRUCTURED_LEASE,Performing
EQF-2025-01281,CUST-01281,EQ-010,22-03-2025,5496000,824400,4671600,48,12.43,58.4,STRUCTURED_LEASE,Performing
EQF-2025-01282,CUST-01282,EQ-013,22-03-2025,3909000,781800,3127200,36,8.56,81,REJECT,60_Days_Past_Due
EQF-2025-01283,CUST-01283,EQ-004,22-03-2025,3840000,960000,2880000,48,8.72,63,STRUCTURED_LEASE,Performing
EQF-2025-01284,CUST-01284,EQ-006,22-03-2025,3266000,653200,2612800,48,10.7,77.6,REQUIRE_COLLATERAL,Performing
EQF-2025-01285,CUST-01285,EQ-001,22-03-2025,5723000,1430750,4292250,36,9.26,65.7,REQUIRE_COLLATERAL,30_Days_Past_Due
EQF-2025-01286,CUST-01286,EQ-004,22-03-2025,10600000,1060000,9540000,36,8.09,62.5,STRUCTURED_LEASE,Performing
EQF-2025-01287,CUST-01287,EQ-009,22-03-2025,4338000,1084500,3253500,24,8.98,77.3,REQUIRE_COLLATERAL,Performing
EQF-2025-01288,CUST-01288,EQ-001,22-03-2025,7709000,1927250,5781750,60,7.38,45.2,STRUCTURED_LEASE,Performing
EQF-2025-01289,CUST-01289,EQ-005,22-03-2025,1599000,159900,1439100,48,9.54,26.3,AUTO_APPROVE,Performing
EQF-2025-01290,CUST-01290,EQ-006,22-03-2025,2574000,386100,2187900,48,9.74,49,STRUCTURED_LEASE,Performing
EQF-2025-01291,CUST-01291,EQ-012,22-03-2025,8632000,863200,7768800,48,11.13,56.1,STRUCTURED_LEASE,Performing
EQF-2025-01292,CUST-01292,EQ-009,22-03-2025,1980000,396000,1584000,48,11.27,57.1,STRUCTURED_LEASE,Performing
EQF-2025-01293,CUST-01293,EQ-010,22-03-2025,6841000,684100,6156900,24,9.02,62.5,STRUCTURED_LEASE,Performing
EQF-2025-01294,CUST-01294,EQ-003,22-03-2025,2929000,585800,2343200,48,12.66,72.2,REQUIRE_COLLATERAL,Performing
EQF-2025-01295,CUST-01295,EQ-014,22-03-2025,4115000,617250,3497750,48,7.89,71.5,REQUIRE_COLLATERAL,30_Days_Past_Due
EQF-2025-01296,CUST-01296,EQ-005,22-03-2025,6119000,1223800,4895200,24,7.4,64.7,STRUCTURED_LEASE,Performing
EQF-2025-01297,CUST-01297,EQ-006,23-03-2025,4622000,462200,4159800,60,7.64,90.3,REJECT,60_Days_Past_Due
EQF-2025-01298,CUST-01298,EQ-005,23-03-2025,3073000,307300,2765700,36,7.74,55,STRUCTURED_LEASE,Performing
EQF-2025-01299,CUST-01299,EQ-010,23-03-2025,8678000,1301700,7376300,36,10.64,68.6,REQUIRE_COLLATERAL,Performing
EQF-2025-01300,CUST-01300,EQ-003,23-03-2025,3890000,389000,3501000,48,12.02,57.2,STRUCTURED_LEASE,30_Days_Past_Due
EQF-2025-01301,CUST-01301,EQ-005,23-03-2025,2573000,385950,2187050,48,12.08,65.7,REQUIRE_COLLATERAL,Performing
EQF-2025-01302,CUST-01302,EQ-002,23-03-2025,5557000,833550,4723450,36,7,79.6,REQUIRE_COLLATERAL,Performing
EQF-2025-01303,CUST-01303,EQ-005,23-03-2025,1951000,195100,1755900,48,10.79,40.3,STRUCTURED_LEASE,Performing
EQF-2025-01304,CUST-01304,EQ-008,23-03-2025,2968000,742000,2226000,36,11.79,76.5,REQUIRE_COLLATERAL,Performing
EQF-2025-01305,CUST-01305,EQ-013,23-03-2025,1912000,382400,1529600,48,11,74.5,REQUIRE_COLLATERAL,60_Days_Past_Due
EQF-2025-01306,CUST-01306,EQ-002,23-03-2025,5529000,1382250,4146750,24,8.55,85,REJECT,60_Days_Past_Due
EQF-2025-01307,CUST-01307,EQ-013,23-03-2025,3176000,476400,2699600,24,9.75,52.3,STRUCTURED_LEASE,Performing
EQF-2025-01308,CUST-01308,EQ-003,23-03-2025,4194000,838800,3355200,24,8.07,56.4,STRUCTURED_LEASE,30_Days_Past_Due
EQF-2025-01309,CUST-01309,EQ-012,23-03-2025,6506000,1626500,4879500,36,10.62,38,AUTO_APPROVE,Performing
EQF-2025-01310,CUST-01310,EQ-013,23-03-2025,3063000,306300,2756700,36,7.3,44,STRUCTURED_LEASE,Performing
EQF-2025-01311,CUST-01311,EQ-006,23-03-2025,4008000,1002000,3006000,48,10.53,81.1,REJECT,Performing
EQF-2025-01312,CUST-01312,EQ-002,23-03-2025,5105000,1021000,4084000,36,8.43,88.5,REJECT,Performing
EQF-2025-01313,CUST-01313,EQ-010,24-03-2025,2692000,538400,2153600,24,10.04,78.4,REQUIRE_COLLATERAL,Performing
EQF-2025-01314,CUST-01314,EQ-014,24-03-2025,2127000,425400,1701600,24,9.12,48.1,STRUCTURED_LEASE,Performing
EQF-2025-01315,CUST-01315,EQ-008,24-03-2025,3797000,759400,3037600,24,8.96,69.9,REQUIRE_COLLATERAL,Performing
EQF-2025-01316,CUST-01316,EQ-010,24-03-2025,9803000,2450750,7352250,36,10.92,80,REJECT,Default
EQF-2025-01317,CUST-01317,EQ-008,24-03-2025,6474000,647400,5826600,24,11.79,68.3,REQUIRE_COLLATERAL,Performing
EQF-2025-01318,CUST-01318,EQ-014,24-03-2025,2736000,273600,2462400,36,8.2,64.8,STRUCTURED_LEASE,Performing
EQF-2025-01319,CUST-01319,EQ-005,24-03-2025,4646000,929200,3716800,36,9.78,58.6,STRUCTURED_LEASE,30_Days_Past_Due
EQF-2025-01320,CUST-01320,EQ-005,24-03-2025,8303000,830300,7472700,48,7.87,75.7,REQUIRE_COLLATERAL,Performing
EQF-2025-01321,CUST-01321,EQ-005,24-03-2025,7452000,1863000,5589000,48,8.81,65.8,REQUIRE_COLLATERAL,Performing
EQF-2025-01322,CUST-01322,EQ-009,24-03-2025,6445000,644500,5800500,36,8.41,40.1,STRUCTURED_LEASE,30_Days_Past_Due
EQF-2025-01323,CUST-01323,EQ-007,24-03-2025,2310000,346500,1963500,36,7.61,52.9,STRUCTURED_LEASE,Performing
EQF-2025-01324,CUST-01324,EQ-009,24-03-2025,2656000,265600,2390400,36,11.09,94.3,REJECT,Performing
EQF-2025-01325,CUST-01325,EQ-007,24-03-2025,5591000,1118200,4472800,24,9.66,43.3,STRUCTURED_LEASE,Performing
EQF-2025-01326,CUST-01326,EQ-011,24-03-2025,8654000,865400,7788600,24,8.68,48.7,STRUCTURED_LEASE,Performing
EQF-2025-01327,CUST-01327,EQ-006,24-03-2025,3451000,345100,3105900,48,9.41,61.7,STRUCTURED_LEASE,Performing
EQF-2025-01328,CUST-01328,EQ-013,24-03-2025,2989000,298900,2690100,36,11.29,53.8,STRUCTURED_LEASE,30_Days_Past_Due
EQF-2025-01329,CUST-01329,EQ-014,25-03-2025,4688000,468800,4219200,60,11.04,55.1,STRUCTURED_LEASE,Performing
EQF-2025-01330,CUST-01330,EQ-004,25-03-2025,5790000,868500,4921500,36,10.34,65.2,REQUIRE_COLLATERAL,Performing
EQF-2025-01331,CUST-01331,EQ-008,25-03-2025,7282000,1820500,5461500,48,8.5,79.7,REQUIRE_COLLATERAL,Performing
EQF-2025-01332,CUST-01332,EQ-014,25-03-2025,4251000,850200,3400800,48,9.68,58.3,STRUCTURED_LEASE,Performing
EQF-2025-01333,CUST-01333,EQ-006,25-03-2025,4490000,898000,3592000,36,7.86,59.5,STRUCTURED_LEASE,Performing
EQF-2025-01334,CUST-01334,EQ-002,25-03-2025,2014000,201400,1812600,36,9.37,55.1,STRUCTURED_LEASE,Performing
EQF-2025-01335,CUST-01335,EQ-002,25-03-2025,5972000,1493000,4479000,48,10.97,68.6,REQUIRE_COLLATERAL,Performing
EQF-2025-01336,CUST-01336,EQ-014,25-03-2025,4835000,483500,4351500,60,11.24,63.2,STRUCTURED_LEASE,Performing
EQF-2025-01337,CUST-01337,EQ-005,25-03-2025,7404000,1110600,6293400,36,8.54,74.2,REQUIRE_COLLATERAL,30_Days_Past_Due
EQF-2025-01338,CUST-01338,EQ-013,25-03-2025,3816000,954000,2862000,24,10.75,60.9,STRUCTURED_LEASE,Performing
EQF-2025-01339,CUST-01339,EQ-009,25-03-2025,3564000,891000,2673000,36,10.44,71.8,REQUIRE_COLLATERAL,Performing
EQF-2025-01340,CUST-01340,EQ-006,25-03-2025,7894000,1973500,5920500,36,9.14,72.9,REQUIRE_COLLATERAL,Performing
EQF-2025-01341,CUST-01341,EQ-012,25-03-2025,7031000,1757750,5273250,60,10.62,71.3,REQUIRE_COLLATERAL,Performing
EQF-2025-01342,CUST-01342,EQ-004,25-03-2025,9307000,930700,8376300,48,11.34,83.4,REJECT,Performing
EQF-2025-01343,CUST-01343,EQ-007,25-03-2025,5575000,836250,4738750,24,10.78,55.7,STRUCTURED_LEASE,Performing
EQF-2025-01344,CUST-01344,EQ-003,25-03-2025,3491000,872750,2618250,36,7.92,82.1,REJECT,Performing
EQF-2025-01345,CUST-01345,EQ-014,26-03-2025,4252000,850400,3401600,24,9.08,79.8,REQUIRE_COLLATERAL,Performing
EQF-2025-01346,CUST-01346,EQ-012,26-03-2025,12709000,2541800,10167200,48,10.1,38.7,AUTO_APPROVE,Performing
EQF-2025-01347,CUST-01347,EQ-011,26-03-2025,6125000,918750,5206250,60,8.29,42.2,STRUCTURED_LEASE,Performing
EQF-2025-01348,CUST-01348,EQ-011,26-03-2025,11347000,2269400,9077600,24,11.84,69.8,REQUIRE_COLLATERAL,30_Days_Past_Due
EQF-2025-01349,CUST-01349,EQ-015,26-03-2025,1286000,128600,1157400,36,9.97,49.4,STRUCTURED_LEASE,Performing
EQF-2025-01350,CUST-01350,EQ-009,26-03-2025,5055000,505500,4549500,60,8.82,81.2,REJECT,Performing
EQF-2025-01351,CUST-01351,EQ-007,26-03-2025,1644000,246600,1397400,24,8.73,48.8,STRUCTURED_LEASE,Performing
EQF-2025-01352,CUST-01352,EQ-004,26-03-2025,6039000,1509750,4529250,36,8.46,83.6,REJECT,60_Days_Past_Due
EQF-2025-01353,CUST-01353,EQ-012,26-03-2025,13163000,2632600,10530400,36,10.56,80.9,REJECT,60_Days_Past_Due
EQF-2025-01354,CUST-01354,EQ-013,26-03-2025,4951000,990200,3960800,24,10.74,54.1,STRUCTURED_LEASE,Performing
EQF-2025-01355,CUST-01355,EQ-004,26-03-2025,5203000,780450,4422550,24,8.5,56.5,STRUCTURED_LEASE,Performing
EQF-2025-01356,CUST-01356,EQ-015,26-03-2025,3566000,534900,3031100,60,11.7,86,REJECT,Performing
EQF-2025-01357,CUST-01357,EQ-015,26-03-2025,3459000,691800,2767200,48,8.92,82.2,REJECT,Default
EQF-2025-01358,CUST-01358,EQ-001,26-03-2025,14498000,3624500,10873500,36,8.3,48.1,STRUCTURED_LEASE,Performing
EQF-2025-01359,CUST-01359,EQ-011,26-03-2025,9264000,1389600,7874400,36,10.22,64.2,STRUCTURED_LEASE,Performing
EQF-2025-01360,CUST-01360,EQ-004,26-03-2025,8442000,844200,7597800,48,7.7,73.6,REQUIRE_COLLATERAL,60_Days_Past_Due
EQF-2025-01361,CUST-01361,EQ-007,27-03-2025,5593000,1118600,4474400,36,7.45,44,STRUCTURED_LEASE,Performing
EQF-2025-01362,CUST-01362,EQ-005,27-03-2025,4114000,617100,3496900,36,8.07,29.7,AUTO_APPROVE,Performing
EQF-2025-01363,CUST-01363,EQ-004,27-03-2025,10168000,1525200,8642800,24,8.32,44.3,STRUCTURED_LEASE,Performing
EQF-2025-01364,CUST-01364,EQ-010,27-03-2025,10298000,1544700,8753300,48,10.62,60.7,STRUCTURED_LEASE,Performing
EQF-2025-01365,CUST-01365,EQ-013,27-03-2025,4737000,947400,3789600,36,7.56,78.2,REQUIRE_COLLATERAL,Performing
EQF-2025-01366,CUST-01366,EQ-009,27-03-2025,3393000,339300,3053700,24,10.05,51.1,STRUCTURED_LEASE,Performing
EQF-2025-01367,CUST-01367,EQ-013,27-03-2025,2721000,272100,2448900,36,10.76,52.9,STRUCTURED_LEASE,Performing
EQF-2025-01368,CUST-01368,EQ-015,27-03-2025,5326000,1065200,4260800,24,11.67,71.9,REQUIRE_COLLATERAL,Performing
EQF-2025-01369,CUST-01369,EQ-009,27-03-2025,4014000,602100,3411900,60,8.76,70.2,REQUIRE_COLLATERAL,Performing
EQF-2025-01370,CUST-01370,EQ-009,27-03-2025,5702000,1140400,4561600,48,8.88,43.5,STRUCTURED_LEASE,Performing
EQF-2025-01371,CUST-01371,EQ-015,27-03-2025,1414000,282800,1131200,36,12.55,65.3,REQUIRE_COLLATERAL,Performing
EQF-2025-01372,CUST-01372,EQ-005,27-03-2025,1894000,284100,1609900,36,11.53,39,AUTO_APPROVE,Performing
EQF-2025-01373,CUST-01373,EQ-002,27-03-2025,2942000,588400,2353600,48,9.09,62.8,STRUCTURED_LEASE,Performing
EQF-2025-01374,CUST-01374,EQ-004,27-03-2025,7421000,1855250,5565750,36,11.22,60.1,STRUCTURED_LEASE,Performing
EQF-2025-01375,CUST-01375,EQ-009,27-03-2025,4249000,424900,3824100,48,9.87,51.9,STRUCTURED_LEASE,Performing
EQF-2025-01376,CUST-01376,EQ-002,27-03-2025,3804000,951000,2853000,48,9.52,37.2,AUTO_APPROVE,Performing
EQF-2025-01377,CUST-01377,EQ-001,28-03-2025,9666000,2416500,7249500,36,13.22,54.2,STRUCTURED_LEASE,Performing
EQF-2025-01378,CUST-01378,EQ-008,28-03-2025,8329000,2082250,6246750,60,11.11,75,REQUIRE_COLLATERAL,Performing
EQF-2025-01379,CUST-01379,EQ-012,28-03-2025,11145000,2229000,8916000,36,12.33,55.7,STRUCTURED_LEASE,Performing
EQF-2025-01380,CUST-01380,EQ-010,28-03-2025,6106000,915900,5190100,36,7.91,29.2,AUTO_APPROVE,Performing
EQF-2025-01381,CUST-01381,EQ-006,28-03-2025,4475000,895000,3580000,48,12.2,71.3,REQUIRE_COLLATERAL,Performing
EQF-2025-01382,CUST-01382,EQ-011,28-03-2025,5549000,554900,4994100,48,9.27,63.1,STRUCTURED_LEASE,60_Days_Past_Due
EQF-2025-01383,CUST-01383,EQ-007,28-03-2025,3469000,693800,2775200,48,9.25,56.1,STRUCTURED_LEASE,Performing
EQF-2025-01384,CUST-01384,EQ-012,28-03-2025,10459000,2091800,8367200,48,10.08,95.1,REJECT,Performing
EQF-2025-01385,CUST-01385,EQ-014,28-03-2025,3011000,602200,2408800,36,10.27,79.9,REQUIRE_COLLATERAL,30_Days_Past_Due
EQF-2025-01386,CUST-01386,EQ-001,28-03-2025,7583000,1516600,6066400,36,11.08,58.8,STRUCTURED_LEASE,Performing
EQF-2025-01387,CUST-01387,EQ-003,28-03-2025,3942000,985500,2956500,36,10.83,69.2,REQUIRE_COLLATERAL,Performing
EQF-2025-01388,CUST-01388,EQ-006,28-03-2025,2023000,303450,1719550,48,8.52,62.9,STRUCTURED_LEASE,Performing
EQF-2025-01389,CUST-01389,EQ-002,28-03-2025,5555000,555500,4999500,36,8.01,55.8,STRUCTURED_LEASE,Performing
EQF-2025-01390,CUST-01390,EQ-004,28-03-2025,2675000,267500,2407500,24,9.21,63.8,REQUIRE_COLLATERAL,30_Days_Past_Due
EQF-2025-01391,CUST-01391,EQ-006,28-03-2025,8236000,823600,7412400,60,9.48,59.5,STRUCTURED_LEASE,Performing
EQF-2025-01392,CUST-01392,EQ-006,28-03-2025,4736000,947200,3788800,36,9.63,97.7,REJECT,Performing
EQF-2025-01393,CUST-01393,EQ-009,29-03-2025,4389000,438900,3950100,36,11.55,74.2,REQUIRE_COLLATERAL,Performing
EQF-2025-01394,CUST-01394,EQ-008,29-03-2025,4680000,1170000,3510000,36,9.78,78.4,REQUIRE_COLLATERAL,60_Days_Past_Due
EQF-2025-01395,CUST-01395,EQ-012,29-03-2025,4111000,616650,3494350,36,13.46,77.4,REQUIRE_COLLATERAL,Performing
EQF-2025-01396,CUST-01396,EQ-013,29-03-2025,2244000,448800,1795200,36,11.67,57.1,STRUCTURED_LEASE,Performing
EQF-2025-01397,CUST-01397,EQ-001,29-03-2025,5203000,1040600,4162400,24,9.05,73.8,REQUIRE_COLLATERAL,Performing
EQF-2025-01398,CUST-01398,EQ-009,29-03-2025,6119000,1529750,4589250,24,7,85.4,REJECT,Default
EQF-2025-01399,CUST-01399,EQ-008,29-03-2025,5212000,521200,4690800,36,13.08,79.7,REQUIRE_COLLATERAL,Performing
EQF-2025-01400,CUST-01400,EQ-003,29-03-2025,4115000,823000,3292000,36,9.08,77.2,REQUIRE_COLLATERAL,Performing
EQF-2025-01401,CUST-01401,EQ-009,29-03-2025,2948000,589600,2358400,24,10.89,60.7,STRUCTURED_LEASE,Performing
EQF-2025-01402,CUST-01402,EQ-005,29-03-2025,7802000,1950500,5851500,36,8.5,65.5,REQUIRE_COLLATERAL,30_Days_Past_Due
EQF-2025-01403,CUST-01403,EQ-009,29-03-2025,5161000,1290250,3870750,36,11.9,64.2,STRUCTURED_LEASE,Performing
EQF-2025-01404,CUST-01404,EQ-003,29-03-2025,1635000,163500,1471500,24,10.77,47,STRUCTURED_LEASE,Performing
EQF-2025-01405,CUST-01405,EQ-014,29-03-2025,2723000,408450,2314550,60,7.87,75.3,REQUIRE_COLLATERAL,Performing
EQF-2025-01406,CUST-01406,EQ-008,29-03-2025,4257000,638550,3618450,60,7,62.7,STRUCTURED_LEASE,Performing
EQF-2025-01407,CUST-01407,EQ-003,29-03-2025,1959000,195900,1763100,36,9.78,69.5,REQUIRE_COLLATERAL,Performing
EQF-2025-01408,CUST-01408,EQ-013,29-03-2025,3124000,468600,2655400,36,10.25,47.4,STRUCTURED_LEASE,Performing
EQF-2025-01409,CUST-01409,EQ-008,30-03-2025,8211000,2052750,6158250,48,10.64,64.9,STRUCTURED_LEASE,Performing
EQF-2025-01410,CUST-01410,EQ-007,30-03-2025,5540000,1385000,4155000,48,8.33,55.9,STRUCTURED_LEASE,Performing
EQF-2025-01411,CUST-01411,EQ-006,30-03-2025,5015000,1253750,3761250,60,8.53,54,STRUCTURED_LEASE,30_Days_Past_Due
EQF-2025-01412,CUST-01412,EQ-005,30-03-2025,8261000,1239150,7021850,36,7,91.6,REJECT,60_Days_Past_Due
EQF-2025-01413,CUST-01413,EQ-001,30-03-2025,14358000,2153700,12204300,48,8.67,56,STRUCTURED_LEASE,Performing
EQF-2025-01414,CUST-01414,EQ-006,30-03-2025,7555000,1511000,6044000,60,7.05,62.7,STRUCTURED_LEASE,Performing
EQF-2025-01415,CUST-01415,EQ-004,30-03-2025,6750000,1350000,5400000,36,8.43,72.6,REQUIRE_COLLATERAL,30_Days_Past_Due
EQF-2025-01416,CUST-01416,EQ-007,30-03-2025,1533000,306600,1226400,24,9.99,42.6,STRUCTURED_LEASE,Performing
EQF-2025-01417,CUST-01417,EQ-006,30-03-2025,3025000,453750,2571250,36,9.97,43.4,STRUCTURED_LEASE,Performing
EQF-2025-01418,CUST-01418,EQ-005,30-03-2025,6034000,1206800,4827200,24,8.49,65.1,REQUIRE_COLLATERAL,60_Days_Past_Due
EQF-2025-01419,CUST-01419,EQ-008,30-03-2025,6085000,1521250,4563750,24,9.91,99,REJECT,Performing
EQF-2025-01420,CUST-01420,EQ-007,30-03-2025,1563000,234450,1328550,48,11.72,75.2,REQUIRE_COLLATERAL,Performing
EQF-2025-01421,CUST-01421,EQ-012,30-03-2025,9269000,926900,8342100,36,9.08,71.9,REQUIRE_COLLATERAL,Performing
EQF-2025-01422,CUST-01422,EQ-010,30-03-2025,2648000,397200,2250800,24,7.58,89.1,REJECT,Default
EQF-2025-01423,CUST-01423,EQ-006,30-03-2025,6637000,1327400,5309600,60,10.68,60.2,STRUCTURED_LEASE,Performing
EQF-2025-01424,CUST-01424,EQ-009,30-03-2025,2015000,302250,1712750,36,11.14,41.9,STRUCTURED_LEASE,Performing
EQF-2025-01425,CUST-01425,EQ-007,31-03-2025,4071000,814200,3256800,36,8.46,49.7,STRUCTURED_LEASE,Performing
EQF-2025-01426,CUST-01426,EQ-007,31-03-2025,4924000,984800,3939200,36,8.47,63.6,STRUCTURED_LEASE,Performing
EQF-2025-01427,CUST-01427,EQ-005,31-03-2025,2429000,242900,2186100,36,7,39.4,AUTO_APPROVE,Performing
EQF-2025-01428,CUST-01428,EQ-015,31-03-2025,3497000,349700,3147300,36,8.81,61.4,STRUCTURED_LEASE,Performing
EQF-2025-01429,CUST-01429,EQ-008,31-03-2025,9122000,2280500,6841500,48,8.12,75.8,REQUIRE_COLLATERAL,30_Days_Past_Due
EQF-2025-01430,CUST-01430,EQ-002,31-03-2025,2155000,431000,1724000,36,7.22,91.8,REJECT,Default
EQF-2025-01431,CUST-01431,EQ-004,31-03-2025,3885000,582750,3302250,48,8.95,58.3,STRUCTURED_LEASE,Performing
EQF-2025-01432,CUST-01432,EQ-004,31-03-2025,5363000,536300,4826700,24,9.49,59.8,STRUCTURED_LEASE,Performing
EQF-2025-01433,CUST-01433,EQ-010,31-03-2025,7215000,721500,6493500,60,9.22,55.7,STRUCTURED_LEASE,Performing
EQF-2025-01434,CUST-01434,EQ-003,31-03-2025,3386000,677200,2708800,48,9.01,91.9,REJECT,60_Days_Past_Due
EQF-2025-01435,CUST-01435,EQ-009,31-03-2025,2416000,362400,2053600,60,11.79,41,STRUCTURED_LEASE,Performing
EQF-2025-01436,CUST-01436,EQ-005,31-03-2025,4703000,470300,4232700,36,9.96,78,REQUIRE_COLLATERAL,Performing
EQF-2025-01437,CUST-01437,EQ-001,31-03-2025,6951000,695100,6255900,48,10.48,47.5,STRUCTURED_LEASE,Performing
EQF-2025-01438,CUST-01438,EQ-013,31-03-2025,4400000,660000,3740000,60,12.22,99,REJECT,60_Days_Past_Due
EQF-2025-01439,CUST-01439,EQ-006,31-03-2025,3695000,369500,3325500,48,10.98,93.1,REJECT,Default
EQF-2025-01440,CUST-01440,EQ-003,31-03-2025,4387000,658050,3728950,24,9.09,71.1,REQUIRE_COLLATERAL,30_Days_Past_Due
EQF-2025-01441,CUST-01441,EQ-015,01-04-2025,3029000,605800,2423200,24,7,58.1,REQUIRE_COLLATERAL,Performing
EQF-2025-01442,CUST-01442,EQ-006,01-04-2025,6586000,658600,5927400,36,8.94,84.8,REJECT,Performing
EQF-2025-01443,CUST-01443,EQ-003,01-04-2025,3138000,627600,2510400,24,11.68,47.4,STRUCTURED_LEASE,Performing
EQF-2025-01444,CUST-01444,EQ-012,01-04-2025,10842000,1626300,9215700,48,10.97,77.7,REQUIRE_COLLATERAL,Performing
EQF-2025-01445,CUST-01445,EQ-002,01-04-2025,2856000,571200,2284800,48,8.95,35.2,AUTO_APPROVE,Performing
EQF-2025-01446,CUST-01446,EQ-009,01-04-2025,6877000,1375400,5501600,48,9.38,44,STRUCTURED_LEASE,Performing
EQF-2025-01447,CUST-01447,EQ-013,01-04-2025,2816000,563200,2252800,36,9.69,89.9,REJECT,60_Days_Past_Due
EQF-2025-01448,CUST-01448,EQ-003,01-04-2025,2938000,734500,2203500,36,8.58,55.6,STRUCTURED_LEASE,60_Days_Past_Due
EQF-2025-01449,CUST-01449,EQ-002,01-04-2025,3492000,523800,2968200,36,8.67,71.2,REQUIRE_COLLATERAL,Performing
EQF-2025-01450,CUST-01450,EQ-013,01-04-2025,4361000,654150,3706850,36,8.53,74.9,REQUIRE_COLLATERAL,Performing
EQF-2025-01451,CUST-01451,EQ-010,01-04-2025,8105000,1215750,6889250,48,10.24,46.6,STRUCTURED_LEASE,60_Days_Past_Due
EQF-2025-01452,CUST-01452,EQ-008,01-04-2025,5468000,820200,4647800,36,7.92,51.8,STRUCTURED_LEASE,Performing
EQF-2025-01453,CUST-01453,EQ-015,01-04-2025,4286000,642900,3643100,48,11.66,41.7,STRUCTURED_LEASE,60_Days_Past_Due
EQF-2025-01454,CUST-01454,EQ-004,01-04-2025,7961000,796100,7164900,36,9.49,77.3,REQUIRE_COLLATERAL,Performing
EQF-2025-01455,CUST-01455,EQ-006,01-04-2025,8017000,801700,7215300,60,7.84,57.7,STRUCTURED_LEASE,Performing
EQF-2025-01456,CUST-01456,EQ-007,01-04-2025,5175000,517500,4657500,36,11.04,77.9,REQUIRE_COLLATERAL,30_Days_Past_Due
EQF-2025-01457,CUST-01457,EQ-014,02-04-2025,3660000,732000,2928000,36,11.75,74.3,REQUIRE_COLLATERAL,Performing
EQF-2025-01458,CUST-01458,EQ-003,02-04-2025,2498000,499600,1998400,24,14.21,53.9,STRUCTURED_LEASE,Performing
EQF-2025-01459,CUST-01459,EQ-009,02-04-2025,6957000,1043550,5913450,36,11.56,39.2,AUTO_APPROVE,30_Days_Past_Due
EQF-2025-01460,CUST-01460,EQ-013,02-04-2025,3386000,846500,2539500,48,8.19,49.5,STRUCTURED_LEASE,Performing
EQF-2025-01461,CUST-01461,EQ-012,02-04-2025,14838000,2225700,12612300,48,9.82,56.5,STRUCTURED_LEASE,Performing
EQF-2025-01462,CUST-01462,EQ-014,02-04-2025,2141000,214100,1926900,36,13.29,66.8,REQUIRE_COLLATERAL,Performing
EQF-2025-01463,CUST-01463,EQ-009,02-04-2025,2058000,308700,1749300,36,8.33,36.3,AUTO_APPROVE,Performing
EQF-2025-01464,CUST-01464,EQ-003,02-04-2025,1466000,293200,1172800,48,7.6,42.7,STRUCTURED_LEASE,Performing
EQF-2025-01465,CUST-01465,EQ-007,02-04-2025,4128000,619200,3508800,36,8.92,76.4,REQUIRE_COLLATERAL,Performing
EQF-2025-01466,CUST-01466,EQ-006,02-04-2025,8075000,807500,7267500,36,7.98,61.4,STRUCTURED_LEASE,60_Days_Past_Due
EQF-2025-01467,CUST-01467,EQ-007,02-04-2025,810000,121500,688500,48,8.59,66.7,REQUIRE_COLLATERAL,60_Days_Past_Due
EQF-2025-01468,CUST-01468,EQ-011,02-04-2025,11983000,2396600,9586400,36,8.51,70.7,REQUIRE_COLLATERAL,Performing
EQF-2025-01469,CUST-01469,EQ-002,02-04-2025,4217000,1054250,3162750,48,10.57,52.6,STRUCTURED_LEASE,Performing
EQF-2025-01470,CUST-01470,EQ-013,02-04-2025,3983000,398300,3584700,48,7.56,64.7,STRUCTURED_LEASE,Performing
EQF-2025-01471,CUST-01471,EQ-008,02-04-2025,5521000,828150,4692850,48,9.7,66.3,REQUIRE_COLLATERAL,Performing
EQF-2025-01472,CUST-01472,EQ-013,02-04-2025,4318000,863600,3454400,48,8.35,50.1,STRUCTURED_LEASE,30_Days_Past_Due
EQF-2025-01473,CUST-01473,EQ-002,03-04-2025,1032000,103200,928800,24,10.32,74.1,REQUIRE_COLLATERAL,Performing
EQF-2025-01474,CUST-01474,EQ-011,03-04-2025,12310000,1231000,11079000,36,10.49,86.4,REJECT,Default
EQF-2025-01475,CUST-01475,EQ-011,03-04-2025,6938000,1387600,5550400,60,10.84,87.8,REJECT,60_Days_Past_Due
EQF-2025-01476,CUST-01476,EQ-003,03-04-2025,3012000,451800,2560200,36,10.84,67.3,REQUIRE_COLLATERAL,Performing
EQF-2025-01477,CUST-01477,EQ-003,03-04-2025,4326000,648900,3677100,48,8.57,48.5,STRUCTURED_LEASE,Performing
EQF-2025-01478,CUST-01478,EQ-013,03-04-2025,2231000,334650,1896350,48,9.49,94.9,REJECT,Performing
EQF-2025-01479,CUST-01479,EQ-003,03-04-2025,1904000,190400,1713600,48,11.7,54.6,STRUCTURED_LEASE,Performing
EQF-2025-01480,CUST-01480,EQ-001,03-04-2025,11494000,2873500,8620500,36,10.16,71.2,REQUIRE_COLLATERAL,Performing
EQF-2025-01481,CUST-01481,EQ-013,03-04-2025,3227000,322700,2904300,24,10.83,56,STRUCTURED_LEASE,60_Days_Past_Due
EQF-2025-01482,CUST-01482,EQ-009,03-04-2025,5101000,765150,4335850,36,7.67,54.3,STRUCTURED_LEASE,Performing
EQF-2025-01483,CUST-01483,EQ-004,03-04-2025,4683000,468300,4214700,36,10.93,53.6,STRUCTURED_LEASE,Performing
EQF-2025-01484,CUST-01484,EQ-005,03-04-2025,1744000,436000,1308000,60,7,50,STRUCTURED_LEASE,Performing
EQF-2025-01485,CUST-01485,EQ-012,03-04-2025,8513000,851300,7661700,48,7.21,44.1,STRUCTURED_LEASE,Performing
EQF-2025-01486,CUST-01486,EQ-011,03-04-2025,5172000,1034400,4137600,48,8.15,63,STRUCTURED_LEASE,Performing
EQF-2025-01487,CUST-01487,EQ-011,03-04-2025,13966000,2094900,11871100,36,10.14,74.4,REQUIRE_COLLATERAL,30_Days_Past_Due
EQF-2025-01488,CUST-01488,EQ-014,03-04-2025,1357000,203550,1153450,24,10.4,62.6,STRUCTURED_LEASE,Performing
EQF-2025-01489,CUST-01489,EQ-001,04-04-2025,8748000,1312200,7435800,36,8.28,75.9,REQUIRE_COLLATERAL,30_Days_Past_Due
EQF-2025-01490,CUST-01490,EQ-011,04-04-2025,4575000,457500,4117500,36,7,46.8,STRUCTURED_LEASE,Performing
EQF-2025-01491,CUST-01491,EQ-005,04-04-2025,2169000,216900,1952100,36,10.93,82.8,REJECT,Performing
EQF-2025-01492,CUST-01492,EQ-001,04-04-2025,11248000,1124800,10123200,36,10.38,51.2,STRUCTURED_LEASE,Performing
EQF-2025-01493,CUST-01493,EQ-006,04-04-2025,6030000,904500,5125500,36,10.14,59.2,STRUCTURED_LEASE,Performing
EQF-2025-01494,CUST-01494,EQ-009,04-04-2025,1731000,173100,1557900,36,12.39,56.1,STRUCTURED_LEASE,Performing
EQF-2025-01495,CUST-01495,EQ-008,04-04-2025,2510000,376500,2133500,60,9.73,89.1,REJECT,Default
EQF-2025-01496,CUST-01496,EQ-014,04-04-2025,1500000,150000,1350000,36,8.01,71.1,REQUIRE_COLLATERAL,Performing
EQF-2025-01497,CUST-01497,EQ-008,04-04-2025,8985000,1347750,7637250,48,11.49,61.4,STRUCTURED_LEASE,Performing
EQF-2025-01498,CUST-01498,EQ-004,04-04-2025,7469000,1493800,5975200,36,8.89,69.6,REQUIRE_COLLATERAL,Performing
EQF-2025-01499,CUST-01499,EQ-012,04-04-2025,4419000,441900,3977100,36,9.34,82.4,REJECT,Performing
EQF-2025-01500,CUST-01500,EQ-007,04-04-2025,3338000,500700,2837300,36,8.7,40.7,STRUCTURED_LEASE,Performing
EQF-2025-01501,CUST-01501,EQ-008,04-04-2025,8552000,1710400,6841600,48,8.25,67.7,REQUIRE_COLLATERAL,30_Days_Past_Due
EQF-2025-01502,CUST-01502,EQ-008,04-04-2025,9886000,1977200,7908800,36,8.87,59.4,STRUCTURED_LEASE,Performing
EQF-2025-01503,CUST-01503,EQ-005,04-04-2025,8038000,2009500,6028500,24,11.78,71.2,REQUIRE_COLLATERAL,Performing
EQF-2025-01504,CUST-01504,EQ-001,04-04-2025,7602000,760200,6841800,48,7.9,52.8,STRUCTURED_LEASE,Performing
EQF-2025-01505,CUST-01505,EQ-011,05-04-2025,5494000,824100,4669900,24,11.1,62,STRUCTURED_LEASE,30_Days_Past_Due
EQF-2025-01506,CUST-01506,EQ-012,05-04-2025,6606000,1651500,4954500,36,7,53.8,STRUCTURED_LEASE,Performing
EQF-2025-01507,CUST-01507,EQ-010,05-04-2025,9097000,909700,8187300,36,11.9,84.4,REJECT,Performing
EQF-2025-01508,CUST-01508,EQ-008,05-04-2025,10758000,2151600,8606400,36,12.06,73.7,REQUIRE_COLLATERAL,60_Days_Past_Due
EQF-2025-01509,CUST-01509,EQ-008,05-04-2025,6464000,646400,5817600,48,7.96,66.7,REQUIRE_COLLATERAL,Performing
EQF-2025-01510,CUST-01510,EQ-013,05-04-2025,2360000,354000,2006000,48,9.62,76.7,REQUIRE_COLLATERAL,Performing
EQF-2025-01511,CUST-01511,EQ-003,05-04-2025,2831000,566200,2264800,36,10.47,81.1,REJECT,Performing
EQF-2025-01512,CUST-01512,EQ-014,05-04-2025,2358000,589500,1768500,24,8.59,60.2,STRUCTURED_LEASE,30_Days_Past_Due
EQF-2025-01513,CUST-01513,EQ-007,05-04-2025,2134000,213400,1920600,48,12.32,81.6,REJECT,60_Days_Past_Due
EQF-2025-01514,CUST-01514,EQ-009,05-04-2025,5656000,565600,5090400,36,9.53,51.7,STRUCTURED_LEASE,60_Days_Past_Due
EQF-2025-01515,CUST-01515,EQ-006,05-04-2025,1610000,402500,1207500,60,8.72,49.3,STRUCTURED_LEASE,Performing
EQF-2025-01516,CUST-01516,EQ-006,05-04-2025,3317000,331700,2985300,36,9.62,77.6,REQUIRE_COLLATERAL,Performing
EQF-2025-01517,CUST-01517,EQ-010,05-04-2025,8122000,812200,7309800,48,8.4,69.5,REQUIRE_COLLATERAL,Performing
EQF-2025-01518,CUST-01518,EQ-007,05-04-2025,967000,96700,870300,60,9.53,64,STRUCTURED_LEASE,Performing
EQF-2025-01519,CUST-01519,EQ-005,05-04-2025,2082000,416400,1665600,48,8.83,54.7,STRUCTURED_LEASE,30_Days_Past_Due
EQF-2025-01520,CUST-01520,EQ-007,05-04-2025,2326000,465200,1860800,36,8.33,46.5,STRUCTURED_LEASE,Performing
EQF-2025-01521,CUST-01521,EQ-009,06-04-2025,7645000,1146750,6498250,48,10.7,74.3,REQUIRE_COLLATERAL,Performing
EQF-2025-01522,CUST-01522,EQ-015,06-04-2025,4777000,477700,4299300,48,7,59,STRUCTURED_LEASE,Performing
EQF-2025-01523,CUST-01523,EQ-011,06-04-2025,4244000,636600,3607400,48,12.14,99,REJECT,Performing
EQF-2025-01524,CUST-01524,EQ-009,06-04-2025,5012000,1002400,4009600,24,9.85,72.6,REQUIRE_COLLATERAL,Performing
EQF-2025-01525,CUST-01525,EQ-010,06-04-2025,4835000,483500,4351500,48,12.27,59.3,STRUCTURED_LEASE,Performing
EQF-2025-01526,CUST-01526,EQ-012,06-04-2025,11135000,1670250,9464750,24,10.94,79.5,REQUIRE_COLLATERAL,30_Days_Past_Due
EQF-2025-01527,CUST-01527,EQ-012,06-04-2025,11937000,1193700,10743300,24,7.48,76.9,REQUIRE_COLLATERAL,Performing
EQF-2025-01528,CUST-01528,EQ-011,06-04-2025,13491000,1349100,12141900,48,9.61,53.9,STRUCTURED_LEASE,Performing
EQF-2025-01529,CUST-01529,EQ-014,06-04-2025,3007000,751750,2255250,24,7,54.5,STRUCTURED_LEASE,Performing
EQF-2025-01530,CUST-01530,EQ-008,06-04-2025,10953000,1642950,9310050,48,8.14,76.7,REQUIRE_COLLATERAL,Performing
EQF-2025-01531,CUST-01531,EQ-011,06-04-2025,14780000,2956000,11824000,60,9.29,99,REJECT,Performing
EQF-2025-01532,CUST-01532,EQ-010,06-04-2025,9998000,1499700,8498300,60,8.44,91.5,REJECT,Default
EQF-2025-01533,CUST-01533,EQ-003,06-04-2025,3385000,507750,2877250,48,8.79,70.3,REQUIRE_COLLATERAL,Performing
EQF-2025-01534,CUST-01534,EQ-011,06-04-2025,8378000,1256700,7121300,36,8.5,69.1,REQUIRE_COLLATERAL,Performing
EQF-2025-01535,CUST-01535,EQ-011,06-04-2025,8008000,2002000,6006000,36,12.84,52.1,STRUCTURED_LEASE,Performing
EQF-2025-01536,CUST-01536,EQ-005,06-04-2025,1585000,158500,1426500,36,9.68,68.6,REQUIRE_COLLATERAL,Performing
EQF-2025-01537,CUST-01537,EQ-006,07-04-2025,3244000,648800,2595200,36,10.44,72,REQUIRE_COLLATERAL,Performing
EQF-2025-01538,CUST-01538,EQ-014,07-04-2025,3931000,982750,2948250,36,9.42,59,STRUCTURED_LEASE,Performing
EQF-2025-01539,CUST-01539,EQ-005,07-04-2025,5725000,1145000,4580000,48,10.01,99,REJECT,Default
EQF-2025-01540,CUST-01540,EQ-008,07-04-2025,10290000,2572500,7717500,36,7,74.8,REQUIRE_COLLATERAL,30_Days_Past_Due
EQF-2025-01541,CUST-01541,EQ-013,07-04-2025,1390000,139000,1251000,36,12.01,56.3,STRUCTURED_LEASE,Performing
EQF-2025-01542,CUST-01542,EQ-006,07-04-2025,2587000,517400,2069600,48,8.42,70.6,REQUIRE_COLLATERAL,Performing
EQF-2025-01543,CUST-01543,EQ-004,07-04-2025,9209000,1381350,7827650,36,11.22,60.3,STRUCTURED_LEASE,Performing
EQF-2025-01544,CUST-01544,EQ-012,07-04-2025,7944000,1986000,5958000,36,11.28,48.8,STRUCTURED_LEASE,Performing
EQF-2025-01545,CUST-01545,EQ-002,07-04-2025,1415000,283000,1132000,24,7,77.5,REQUIRE_COLLATERAL,Default
EQF-2025-01546,CUST-01546,EQ-010,07-04-2025,10970000,1097000,9873000,48,9.58,70.9,REQUIRE_COLLATERAL,30_Days_Past_Due
EQF-2025-01547,CUST-01547,EQ-014,07-04-2025,4192000,838400,3353600,48,10.11,57.9,STRUCTURED_LEASE,Performing
EQF-2025-01548,CUST-01548,EQ-008,07-04-2025,5974000,1493500,4480500,48,9.66,60.4,STRUCTURED_LEASE,Performing
EQF-2025-01549,CUST-01549,EQ-009,07-04-2025,7263000,726300,6536700,36,9.5,67.2,REQUIRE_COLLATERAL,Performing
EQF-2025-01550,CUST-01550,EQ-008,07-04-2025,8285000,1242750,7042250,48,8.85,59.6,STRUCTURED_LEASE,Performing
EQF-2025-01551,CUST-01551,EQ-007,07-04-2025,4908000,1227000,3681000,48,8.43,72.5,REQUIRE_COLLATERAL,Performing
EQF-2025-01552,CUST-01552,EQ-008,07-04-2025,9429000,2357250,7071750,36,11.09,78.8,REQUIRE_COLLATERAL,Performing
EQF-2025-01553,CUST-01553,EQ-014,08-04-2025,1522000,152200,1369800,36,10.1,68.3,REQUIRE_COLLATERAL,Performing
EQF-2025-01554,CUST-01554,EQ-015,08-04-2025,4039000,1009750,3029250,48,9.78,86.6,REJECT,Default
EQF-2025-01555,CUST-01555,EQ-006,08-04-2025,1547000,309400,1237600,36,7.1,56,STRUCTURED_LEASE,Performing
EQF-2025-01556,CUST-01556,EQ-009,08-04-2025,1804000,270600,1533400,48,9.11,64.5,STRUCTURED_LEASE,Performing
EQF-2025-01557,CUST-01557,EQ-004,08-04-2025,10184000,2036800,8147200,36,9.42,75.1,REQUIRE_COLLATERAL,Performing
EQF-2025-01558,CUST-01558,EQ-011,08-04-2025,9803000,980300,8822700,48,10.76,66,REQUIRE_COLLATERAL,Performing
EQF-2025-01559,CUST-01559,EQ-014,08-04-2025,3996000,999000,2997000,36,7,65.4,REQUIRE_COLLATERAL,Performing
EQF-2025-01560,CUST-01560,EQ-015,08-04-2025,5160000,774000,4386000,36,7.86,47.2,STRUCTURED_LEASE,Performing
EQF-2025-01561,CUST-01561,EQ-001,08-04-2025,14445000,1444500,13000500,36,12.2,43.2,STRUCTURED_LEASE,Performing
EQF-2025-01562,CUST-01562,EQ-006,08-04-2025,7585000,1517000,6068000,60,8.3,78.3,REQUIRE_COLLATERAL,Performing
EQF-2025-01563,CUST-01563,EQ-013,08-04-2025,3037000,759250,2277750,48,7,58.6,STRUCTURED_LEASE,Performing
EQF-2025-01564,CUST-01564,EQ-012,08-04-2025,7696000,1924000,5772000,48,8.45,32.9,AUTO_APPROVE,Performing
EQF-2025-01565,CUST-01565,EQ-003,08-04-2025,1787000,178700,1608300,48,8.31,73.1,REQUIRE_COLLATERAL,Performing
EQF-2025-01566,CUST-01566,EQ-011,08-04-2025,8404000,1680800,6723200,24,10.48,58.3,STRUCTURED_LEASE,Performing
EQF-2025-01567,CUST-01567,EQ-013,08-04-2025,2593000,648250,1944750,48,10.46,84.7,REJECT,Performing
EQF-2025-01568,CUST-01568,EQ-005,08-04-2025,5417000,1083400,4333600,36,8.05,48.3,STRUCTURED_LEASE,Performing
EQF-2025-01569,CUST-01569,EQ-004,09-04-2025,8157000,1223550,6933450,36,8.93,73.8,REQUIRE_COLLATERAL,30_Days_Past_Due
EQF-2025-01570,CUST-01570,EQ-010,09-04-2025,10816000,2704000,8112000,24,10.31,68,REQUIRE_COLLATERAL,30_Days_Past_Due
EQF-2025-01571,CUST-01571,EQ-008,09-04-2025,8691000,1303650,7387350,24,10.36,69.8,REQUIRE_COLLATERAL,30_Days_Past_Due
EQF-2025-01572,CUST-01572,EQ-009,09-04-2025,6006000,1501500,4504500,24,7.95,70.2,REQUIRE_COLLATERAL,Performing
EQF-2025-01573,CUST-01573,EQ-003,09-04-2025,2473000,247300,2225700,36,8.11,93.6,REJECT,Default
EQF-2025-01574,CUST-01574,EQ-007,09-04-2025,979000,244750,734250,24,12.67,63.7,STRUCTURED_LEASE,Performing
EQF-2025-01575,CUST-01575,EQ-005,09-04-2025,3517000,879250,2637750,48,9.11,75.4,REQUIRE_COLLATERAL,30_Days_Past_Due
EQF-2025-01576,CUST-01576,EQ-006,09-04-2025,6879000,1375800,5503200,36,11.74,84,REJECT,Default
EQF-2025-01577,CUST-01577,EQ-009,09-04-2025,2937000,587400,2349600,36,9.84,75.3,REQUIRE_COLLATERAL,Performing
EQF-2025-01578,CUST-01578,EQ-010,09-04-2025,8554000,1283100,7270900,48,11.14,94.2,REJECT,Performing
EQF-2025-01579,CUST-01579,EQ-004,09-04-2025,7428000,1114200,6313800,24,10.44,73.1,REQUIRE_COLLATERAL,Performing
EQF-2025-01580,CUST-01580,EQ-004,09-04-2025,3961000,594150,3366850,48,9.76,89.6,REJECT,Performing
EQF-2025-01581,CUST-01581,EQ-006,09-04-2025,3331000,832750,2498250,48,9.74,74,REQUIRE_COLLATERAL,Performing
EQF-2025-01582,CUST-01582,EQ-012,09-04-2025,9459000,2364750,7094250,36,7.64,41.3,STRUCTURED_LEASE,Performing
EQF-2025-01583,CUST-01583,EQ-008,09-04-2025,6056000,908400,5147600,24,9.25,73.6,REQUIRE_COLLATERAL,Performing
EQF-2025-01584,CUST-01584,EQ-004,09-04-2025,9118000,911800,8206200,24,8.72,69.1,REQUIRE_COLLATERAL,Performing
EQF-2025-01585,CUST-01585,EQ-007,10-04-2025,4619000,461900,4157100,36,9.01,65.8,REQUIRE_COLLATERAL,30_Days_Past_Due
EQF-2025-01586,CUST-01586,EQ-005,10-04-2025,5522000,1380500,4141500,24,8.95,36.5,AUTO_APPROVE,Performing
EQF-2025-01587,CUST-01587,EQ-003,10-04-2025,4325000,432500,3892500,36,9.74,77.8,REQUIRE_COLLATERAL,Performing
EQF-2025-01588,CUST-01588,EQ-012,10-04-2025,10189000,1018900,9170100,24,10.46,84.2,REJECT,Performing
EQF-2025-01589,CUST-01589,EQ-012,10-04-2025,14608000,2191200,12416800,48,9.29,98.2,REJECT,Default
EQF-2025-01590,CUST-01590,EQ-014,10-04-2025,2025000,202500,1822500,24,10.93,67.8,REQUIRE_COLLATERAL,Performing
EQF-2025-01591,CUST-01591,EQ-003,10-04-2025,3914000,391400,3522600,48,8.88,57.5,STRUCTURED_LEASE,Performing
EQF-2025-01592,CUST-01592,EQ-007,10-04-2025,2724000,681000,2043000,36,9.63,51.8,STRUCTURED_LEASE,Performing
EQF-2025-01593,CUST-01593,EQ-009,10-04-2025,3453000,863250,2589750,48,13.29,55.6,STRUCTURED_LEASE,Performing
EQF-2025-01594,CUST-01594,EQ-005,10-04-2025,2763000,690750,2072250,36,7.7,49.1,STRUCTURED_LEASE,Performing
EQF-2025-01595,CUST-01595,EQ-014,10-04-2025,3300000,330000,2970000,48,8.87,59.3,STRUCTURED_LEASE,Performing
EQF-2025-01596,CUST-01596,EQ-010,10-04-2025,4331000,649650,3681350,36,7,86.5,REJECT,Performing
EQF-2025-01597,CUST-01597,EQ-011,10-04-2025,6204000,1240800,4963200,48,9.84,45.4,STRUCTURED_LEASE,Performing
EQF-2025-01598,CUST-01598,EQ-006,10-04-2025,8434000,2108500,6325500,24,9.52,72.9,REQUIRE_COLLATERAL,Performing
EQF-2025-01599,CUST-01599,EQ-006,10-04-2025,7112000,1778000,5334000,36,9.69,31.8,AUTO_APPROVE,Performing
EQF-2025-01600,CUST-01600,EQ-002,10-04-2025,4691000,1172750,3518250,24,8.13,68.6,REQUIRE_COLLATERAL,Performing
EQF-2025-01601,CUST-01601,EQ-006,11-04-2025,7058000,1058700,5999300,36,8.36,66.6,REQUIRE_COLLATERAL,30_Days_Past_Due
EQF-2025-01602,CUST-01602,EQ-001,11-04-2025,14658000,2931600,11726400,24,9.58,65.3,REQUIRE_COLLATERAL,30_Days_Past_Due
EQF-2025-01603,CUST-01603,EQ-006,11-04-2025,5513000,1102600,4410400,36,7.4,56.2,STRUCTURED_LEASE,Performing
EQF-2025-01604,CUST-01604,EQ-012,11-04-2025,6423000,1605750,4817250,24,10.82,89.5,REJECT,Performing
EQF-2025-01605,CUST-01605,EQ-009,11-04-2025,7535000,753500,6781500,36,7.41,71.5,REQUIRE_COLLATERAL,30_Days_Past_Due
EQF-2025-01606,CUST-01606,EQ-010,11-04-2025,8813000,2203250,6609750,48,9.27,63.7,STRUCTURED_LEASE,30_Days_Past_Due
EQF-2025-01607,CUST-01607,EQ-009,11-04-2025,4400000,1100000,3300000,60,8.85,47.1,STRUCTURED_LEASE,Performing
EQF-2025-01608,CUST-01608,EQ-003,11-04-2025,3000000,300000,2700000,36,8.75,74.6,REQUIRE_COLLATERAL,60_Days_Past_Due
EQF-2025-01609,CUST-01609,EQ-006,11-04-2025,4379000,437900,3941100,48,7.09,61.9,STRUCTURED_LEASE,60_Days_Past_Due
EQF-2025-01610,CUST-01610,EQ-008,11-04-2025,10405000,2601250,7803750,48,9.43,61,STRUCTURED_LEASE,Performing
EQF-2025-01611,CUST-01611,EQ-007,11-04-2025,2586000,387900,2198100,36,7.69,55.4,STRUCTURED_LEASE,Performing
EQF-2025-01612,CUST-01612,EQ-013,11-04-2025,4861000,729150,4131850,24,9.71,71.9,REQUIRE_COLLATERAL,Performing
EQF-2025-01613,CUST-01613,EQ-008,11-04-2025,10237000,1023700,9213300,24,8.36,46.6,STRUCTURED_LEASE,60_Days_Past_Due
EQF-2025-01614,CUST-01614,EQ-012,11-04-2025,10936000,2734000,8202000,60,9.42,69.8,REQUIRE_COLLATERAL,Performing
EQF-2025-01615,CUST-01615,EQ-012,11-04-2025,10378000,1556700,8821300,36,7,67,REQUIRE_COLLATERAL,Performing
EQF-2025-01616,CUST-01616,EQ-014,11-04-2025,2606000,651500,1954500,48,10.87,60.5,STRUCTURED_LEASE,Performing
EQF-2025-01617,CUST-01617,EQ-002,12-04-2025,895000,223750,671250,48,11.14,45.5,STRUCTURED_LEASE,60_Days_Past_Due
EQF-2025-01618,CUST-01618,EQ-013,12-04-2025,1685000,421250,1263750,36,8.67,72,REQUIRE_COLLATERAL,Performing
EQF-2025-01619,CUST-01619,EQ-010,12-04-2025,8911000,1336650,7574350,36,13.7,68.1,REQUIRE_COLLATERAL,Performing
EQF-2025-01620,CUST-01620,EQ-014,12-04-2025,2992000,598400,2393600,48,10.64,61.6,STRUCTURED_LEASE,Performing
EQF-2025-01621,CUST-01621,EQ-010,12-04-2025,3774000,943500,2830500,24,9.11,57,STRUCTURED_LEASE,60_Days_Past_Due
EQF-2025-01622,CUST-01622,EQ-009,12-04-2025,3348000,502200,2845800,36,8.76,47.2,STRUCTURED_LEASE,30_Days_Past_Due
EQF-2025-01623,CUST-01623,EQ-010,12-04-2025,10557000,2111400,8445600,36,8.33,48.5,STRUCTURED_LEASE,Performing
EQF-2025-01624,CUST-01624,EQ-002,12-04-2025,2709000,270900,2438100,60,8.61,86.8,REJECT,Default
EQF-2025-01625,CUST-01625,EQ-005,12-04-2025,7854000,1178100,6675900,36,9.34,51.5,STRUCTURED_LEASE,Performing
EQF-2025-01626,CUST-01626,EQ-013,12-04-2025,2358000,471600,1886400,48,9.43,36.7,AUTO_APPROVE,Performing
EQF-2025-01627,CUST-01627,EQ-005,12-04-2025,5303000,795450,4507550,24,7.39,48.4,STRUCTURED_LEASE,Performing
EQF-2025-01628,CUST-01628,EQ-010,12-04-2025,2674000,534800,2139200,24,11.53,47.1,STRUCTURED_LEASE,Performing
EQF-2025-01629,CUST-01629,EQ-009,12-04-2025,5153000,1030600,4122400,60,10.68,99,REJECT,Performing
EQF-2025-01630,CUST-01630,EQ-010,12-04-2025,7914000,1187100,6726900,48,12.27,83.9,REJECT,Performing
EQF-2025-01631,CUST-01631,EQ-013,12-04-2025,2090000,209000,1881000,36,10.05,32.1,AUTO_APPROVE,Performing
EQF-2025-01632,CUST-01632,EQ-012,12-04-2025,10368000,2592000,7776000,48,11.07,51.2,STRUCTURED_LEASE,Performing
EQF-2025-01633,CUST-01633,EQ-014,13-04-2025,3659000,731800,2927200,24,7.62,51.7,STRUCTURED_LEASE,60_Days_Past_Due
EQF-2025-01634,CUST-01634,EQ-003,13-04-2025,3810000,952500,2857500,48,10.4,39.9,AUTO_APPROVE,Performing
EQF-2025-01635,CUST-01635,EQ-002,13-04-2025,4837000,483700,4353300,24,7,67.8,REQUIRE_COLLATERAL,Performing
EQF-2025-01636,CUST-01636,EQ-009,13-04-2025,3679000,919750,2759250,48,8.04,41.9,STRUCTURED_LEASE,Performing
EQF-2025-01637,CUST-01637,EQ-011,13-04-2025,10246000,2561500,7684500,48,13.26,83.8,REJECT,Default
EQF-2025-01638,CUST-01638,EQ-006,13-04-2025,8371000,1255650,7115350,36,8.98,58.8,STRUCTURED_LEASE,Performing
EQF-2025-01639,CUST-01639,EQ-015,13-04-2025,5470000,820500,4649500,60,9.47,92.8,REJECT,Default
EQF-2025-01640,CUST-01640,EQ-002,13-04-2025,5754000,575400,5178600,60,10.55,66.2,REQUIRE_COLLATERAL,Performing
EQF-2025-01641,CUST-01641,EQ-010,13-04-2025,5782000,867300,4914700,36,9.44,35,AUTO_APPROVE,Performing
EQF-2025-01642,CUST-01642,EQ-003,13-04-2025,4190000,838000,3352000,48,7.97,67.6,REQUIRE_COLLATERAL,60_Days_Past_Due
EQF-2025-01643,CUST-01643,EQ-008,13-04-2025,7769000,776900,6992100,48,8,60.4,STRUCTURED_LEASE,Performing
EQF-2025-01644,CUST-01644,EQ-004,13-04-2025,3203000,480450,2722550,48,10.7,68.7,REQUIRE_COLLATERAL,Performing
EQF-2025-01645,CUST-01645,EQ-009,13-04-2025,7268000,1090200,6177800,60,9.95,67.7,REQUIRE_COLLATERAL,Performing
EQF-2025-01646,CUST-01646,EQ-003,13-04-2025,3773000,377300,3395700,36,10.75,63,STRUCTURED_LEASE,Performing
EQF-2025-01647,CUST-01647,EQ-006,13-04-2025,2892000,578400,2313600,48,10.38,76.6,REQUIRE_COLLATERAL,Performing
EQF-2025-01648,CUST-01648,EQ-014,13-04-2025,1503000,150300,1352700,48,9.59,76.6,REQUIRE_COLLATERAL,Performing
EQF-2025-01649,CUST-01649,EQ-013,14-04-2025,4381000,657150,3723850,36,9.52,71.2,REQUIRE_COLLATERAL,Default
EQF-2025-01650,CUST-01650,EQ-003,14-04-2025,1500000,225000,1275000,36,9.65,69.5,REQUIRE_COLLATERAL,Performing
EQF-2025-01651,CUST-01651,EQ-006,14-04-2025,2139000,213900,1925100,36,8.95,87.2,REJECT,Performing
EQF-2025-01652,CUST-01652,EQ-011,14-04-2025,8701000,1740200,6960800,48,8.97,61.7,STRUCTURED_LEASE,Performing
EQF-2025-01653,CUST-01653,EQ-012,14-04-2025,5483000,1096600,4386400,48,10.25,59,STRUCTURED_LEASE,Performing
EQF-2025-01654,CUST-01654,EQ-001,14-04-2025,14050000,3512500,10537500,36,11.66,99,REJECT,Performing
EQF-2025-01655,CUST-01655,EQ-006,14-04-2025,4792000,958400,3833600,36,7,44,STRUCTURED_LEASE,Performing
EQF-2025-01656,CUST-01656,EQ-015,14-04-2025,3760000,376000,3384000,24,13.08,74.6,REQUIRE_COLLATERAL,Performing
EQF-2025-01657,CUST-01657,EQ-010,14-04-2025,10389000,2077800,8311200,24,10.54,64.9,STRUCTURED_LEASE,Performing
EQF-2025-01658,CUST-01658,EQ-011,14-04-2025,9833000,1966600,7866400,48,10.15,70.4,REQUIRE_COLLATERAL,Performing
EQF-2025-01659,CUST-01659,EQ-011,14-04-2025,7890000,1972500,5917500,36,7.99,50.8,STRUCTURED_LEASE,30_Days_Past_Due
EQF-2025-01660,CUST-01660,EQ-012,14-04-2025,12769000,2553800,10215200,48,8.43,59.3,STRUCTURED_LEASE,Performing
EQF-2025-01661,CUST-01661,EQ-008,14-04-2025,6264000,1566000,4698000,48,10.42,55.6,STRUCTURED_LEASE,Performing
EQF-2025-01662,CUST-01662,EQ-004,14-04-2025,5207000,1301750,3905250,60,9.88,69.8,REQUIRE_COLLATERAL,Performing
EQF-2025-01663,CUST-01663,EQ-002,14-04-2025,4561000,912200,3648800,36,7.56,46.6,STRUCTURED_LEASE,Performing
EQF-2025-01664,CUST-01664,EQ-010,14-04-2025,9314000,1397100,7916900,60,8.21,48.4,STRUCTURED_LEASE,Performing
EQF-2025-01665,CUST-01665,EQ-002,15-04-2025,4917000,491700,4425300,36,8.39,62,STRUCTURED_LEASE,Performing
EQF-2025-01666,CUST-01666,EQ-007,15-04-2025,5884000,588400,5295600,48,8.26,65,REQUIRE_COLLATERAL,Performing
EQF-2025-01667,CUST-01667,EQ-006,15-04-2025,7007000,1401400,5605600,48,9.91,59.1,STRUCTURED_LEASE,Performing
EQF-2025-01668,CUST-01668,EQ-015,15-04-2025,4804000,480400,4323600,36,7.96,85.1,REJECT,Default
EQF-2025-01669,CUST-01669,EQ-006,15-04-2025,7502000,750200,6751800,24,10.67,71.6,REQUIRE_COLLATERAL,Performing
EQF-2025-01670,CUST-01670,EQ-013,15-04-2025,1201000,300250,900750,24,7.27,55.5,STRUCTURED_LEASE,Performing
EQF-2025-01671,CUST-01671,EQ-001,15-04-2025,7987000,1198050,6788950,48,10.96,57.4,STRUCTURED_LEASE,Performing
EQF-2025-01672,CUST-01672,EQ-002,15-04-2025,4636000,463600,4172400,36,14.09,74.7,REQUIRE_COLLATERAL,Performing
EQF-2025-01673,CUST-01673,EQ-007,15-04-2025,3919000,587850,3331150,60,10.67,57.4,STRUCTURED_LEASE,Performing
EQF-2025-01674,CUST-01674,EQ-013,15-04-2025,1875000,187500,1687500,36,8.68,47.2,STRUCTURED_LEASE,Performing
EQF-2025-01675,CUST-01675,EQ-014,15-04-2025,2354000,353100,2000900,60,8.75,98.3,REJECT,60_Days_Past_Due
EQF-2025-01676,CUST-01676,EQ-012,15-04-2025,7705000,1155750,6549250,36,7.81,80.6,REJECT,Performing
EQF-2025-01677,CUST-01677,EQ-009,15-04-2025,5475000,547500,4927500,24,11.12,55.7,STRUCTURED_LEASE,Performing
EQF-2025-01678,CUST-01678,EQ-012,15-04-2025,13148000,3287000,9861000,36,9.74,83.7,REJECT,Default
EQF-2025-01679,CUST-01679,EQ-005,15-04-2025,8027000,1204050,6822950,60,7,77.1,REQUIRE_COLLATERAL,60_Days_Past_Due
EQF-2025-01680,CUST-01680,EQ-013,15-04-2025,4050000,607500,3442500,48,7.32,77.6,REQUIRE_COLLATERAL,Performing
EQF-2025-01681,CUST-01681,EQ-001,16-04-2025,13272000,1327200,11944800,24,7,84.3,REJECT,60_Days_Past_Due
EQF-2025-01682,CUST-01682,EQ-015,16-04-2025,3244000,486600,2757400,36,10.64,84,REJECT,Performing
EQF-2025-01683,CUST-01683,EQ-008,16-04-2025,5813000,871950,4941050,36,8,46.5,STRUCTURED_LEASE,Performing
EQF-2025-01684,CUST-01684,EQ-003,16-04-2025,2692000,673000,2019000,48,10.75,67.9,REQUIRE_COLLATERAL,30_Days_Past_Due
EQF-2025-01685,CUST-01685,EQ-005,16-04-2025,5812000,871800,4940200,36,8.66,40.2,STRUCTURED_LEASE,Performing
EQF-2025-01686,CUST-01686,EQ-007,16-04-2025,1446000,361500,1084500,48,10.69,77.7,REQUIRE_COLLATERAL,Performing
EQF-2025-01687,CUST-01687,EQ-015,16-04-2025,3813000,571950,3241050,48,9.11,56.9,STRUCTURED_LEASE,30_Days_Past_Due
EQF-2025-01688,CUST-01688,EQ-010,16-04-2025,8154000,1223100,6930900,60,10.92,82,REJECT,60_Days_Past_Due
EQF-2025-01689,CUST-01689,EQ-004,16-04-2025,6231000,1557750,4673250,48,8.31,64.4,STRUCTURED_LEASE,Performing
EQF-2025-01690,CUST-01690,EQ-013,16-04-2025,4822000,1205500,3616500,36,8.4,66.8,REQUIRE_COLLATERAL,30_Days_Past_Due
EQF-2025-01691,CUST-01691,EQ-006,16-04-2025,5757000,1151400,4605600,60,8.82,62.6,STRUCTURED_LEASE,Performing
EQF-2025-01692,CUST-01692,EQ-008,16-04-2025,4370000,655500,3714500,36,10.75,63.3,STRUCTURED_LEASE,Performing
EQF-2025-01693,CUST-01693,EQ-012,16-04-2025,9271000,2317750,6953250,36,7.88,33.5,AUTO_APPROVE,Performing
EQF-2025-01694,CUST-01694,EQ-005,16-04-2025,6228000,934200,5293800,48,8.64,58,STRUCTURED_LEASE,Performing
EQF-2025-01695,CUST-01695,EQ-011,16-04-2025,7560000,1134000,6426000,24,9.13,48.4,STRUCTURED_LEASE,Performing
EQF-2025-01696,CUST-01696,EQ-005,16-04-2025,2057000,308550,1748450,36,10.1,74.3,REQUIRE_COLLATERAL,Performing
EQF-2025-01697,CUST-01697,EQ-009,17-04-2025,5584000,558400,5025600,24,8.91,54.8,STRUCTURED_LEASE,Performing
EQF-2025-01698,CUST-01698,EQ-009,17-04-2025,8135000,1627000,6508000,24,10.37,58.1,STRUCTURED_LEASE,Performing
EQF-2025-01699,CUST-01699,EQ-015,17-04-2025,3322000,332200,2989800,24,8.38,90.3,REJECT,Default
EQF-2025-01700,CUST-01700,EQ-010,17-04-2025,10202000,2040400,8161600,24,10.98,74.1,REQUIRE_COLLATERAL,Default
EQF-2025-01701,CUST-01701,EQ-015,17-04-2025,5142000,771300,4370700,36,10.63,96.7,REJECT,Default
EQF-2025-01702,CUST-01702,EQ-011,17-04-2025,5622000,843300,4778700,48,8.64,68.8,REQUIRE_COLLATERAL,Performing
EQF-2025-01703,CUST-01703,EQ-001,17-04-2025,11790000,2947500,8842500,48,10.58,64.2,STRUCTURED_LEASE,Performing
EQF-2025-01704,CUST-01704,EQ-004,17-04-2025,6201000,1240200,4960800,48,7.86,71.6,REQUIRE_COLLATERAL,Default
EQF-2025-01705,CUST-01705,EQ-012,17-04-2025,6753000,1350600,5402400,48,9.74,56.2,STRUCTURED_LEASE,30_Days_Past_Due
EQF-2025-01706,CUST-01706,EQ-009,17-04-2025,6309000,630900,5678100,48,8.32,99,REJECT,Default
EQF-2025-01707,CUST-01707,EQ-008,17-04-2025,8813000,1762600,7050400,60,9.97,52.7,STRUCTURED_LEASE,Performing
EQF-2025-01708,CUST-01708,EQ-009,17-04-2025,2759000,413850,2345150,48,9.25,59.7,STRUCTURED_LEASE,Performing
EQF-2025-01709,CUST-01709,EQ-010,17-04-2025,10273000,2568250,7704750,48,8.36,85.7,REJECT,Default
EQF-2025-01710,CUST-01710,EQ-003,17-04-2025,4054000,405400,3648600,36,7.14,57.9,STRUCTURED_LEASE,Performing
EQF-2025-01711,CUST-01711,EQ-005,17-04-2025,8034000,2008500,6025500,48,9.18,33.5,AUTO_APPROVE,Performing
EQF-2025-01712,CUST-01712,EQ-005,17-04-2025,3720000,744000,2976000,48,11.29,43.5,STRUCTURED_LEASE,30_Days_Past_Due
EQF-2025-01713,CUST-01713,EQ-003,18-04-2025,4769000,953800,3815200,48,9.93,40.2,STRUCTURED_LEASE,Performing
EQF-2025-01714,CUST-01714,EQ-008,18-04-2025,5632000,563200,5068800,36,7.15,69.6,REQUIRE_COLLATERAL,Performing
EQF-2025-01715,CUST-01715,EQ-006,18-04-2025,1878000,375600,1502400,24,9.15,43.7,STRUCTURED_LEASE,Performing
EQF-2025-01716,CUST-01716,EQ-002,18-04-2025,4767000,1191750,3575250,24,11.28,47,STRUCTURED_LEASE,Performing
EQF-2025-01717,CUST-01717,EQ-009,18-04-2025,6425000,963750,5461250,60,9.04,80.5,REJECT,Performing
EQF-2025-01718,CUST-01718,EQ-003,18-04-2025,3472000,347200,3124800,48,8.04,45.6,STRUCTURED_LEASE,Performing
EQF-2025-01719,CUST-01719,EQ-002,18-04-2025,3347000,669400,2677600,36,12.12,51.7,STRUCTURED_LEASE,Performing
EQF-2025-01720,CUST-01720,EQ-005,18-04-2025,1725000,431250,1293750,36,7.88,62.4,STRUCTURED_LEASE,30_Days_Past_Due
EQF-2025-01721,CUST-01721,EQ-005,18-04-2025,5872000,880800,4991200,48,9.16,60.4,STRUCTURED_LEASE,Performing
EQF-2025-01722,CUST-01722,EQ-005,18-04-2025,4418000,883600,3534400,36,8.58,38.5,AUTO_APPROVE,Performing
EQF-2025-01723,CUST-01723,EQ-011,18-04-2025,10162000,1016200,9145800,36,10.48,76,REQUIRE_COLLATERAL,Performing
EQF-2025-01724,CUST-01724,EQ-006,18-04-2025,4505000,901000,3604000,24,10.22,57.3,STRUCTURED_LEASE,Performing
EQF-2025-01725,CUST-01725,EQ-003,18-04-2025,4871000,974200,3896800,24,8.16,54.4,STRUCTURED_LEASE,Performing
EQF-2025-01726,CUST-01726,EQ-006,18-04-2025,5729000,1145800,4583200,36,8.45,71.9,REQUIRE_COLLATERAL,Performing
EQF-2025-01727,CUST-01727,EQ-004,18-04-2025,8869000,1330350,7538650,48,9.71,82.8,REJECT,Performing
EQF-2025-01728,CUST-01728,EQ-002,18-04-2025,5669000,850350,4818650,24,9.83,63.9,STRUCTURED_LEASE,30_Days_Past_Due
EQF-2025-01729,CUST-01729,EQ-013,19-04-2025,3448000,689600,2758400,36,9.16,54.9,STRUCTURED_LEASE,Performing
EQF-2025-01730,CUST-01730,EQ-004,19-04-2025,2603000,520600,2082400,48,9.04,99,REJECT,Performing
EQF-2025-01731,CUST-01731,EQ-001,19-04-2025,4377000,437700,3939300,48,7.66,32.2,AUTO_APPROVE,Performing
EQF-2025-01732,CUST-01732,EQ-004,19-04-2025,8470000,1694000,6776000,36,12.28,62.5,STRUCTURED_LEASE,Performing
EQF-2025-01733,CUST-01733,EQ-004,19-04-2025,4872000,1218000,3654000,48,10.46,65.8,REQUIRE_COLLATERAL,Performing
EQF-2025-01734,CUST-01734,EQ-012,19-04-2025,10373000,2593250,7779750,60,9.51,57.7,STRUCTURED_LEASE,Performing
EQF-2025-01735,CUST-01735,EQ-005,19-04-2025,2916000,291600,2624400,60,10.96,79.1,REQUIRE_COLLATERAL,Performing
EQF-2025-01736,CUST-01736,EQ-002,19-04-2025,2205000,330750,1874250,48,9.19,83.2,REJECT,60_Days_Past_Due
EQF-2025-01737,CUST-01737,EQ-012,19-04-2025,9551000,1910200,7640800,48,8.28,67.4,REQUIRE_COLLATERAL,Performing
EQF-2025-01738,CUST-01738,EQ-005,19-04-2025,8329000,832900,7496100,36,10.02,52.5,STRUCTURED_LEASE,Performing
EQF-2025-01739,CUST-01739,EQ-001,19-04-2025,10779000,1616850,9162150,48,9.71,75.3,REQUIRE_COLLATERAL,Performing
EQF-2025-01740,CUST-01740,EQ-012,19-04-2025,14298000,1429800,12868200,48,12.02,74.3,REQUIRE_COLLATERAL,Performing
EQF-2025-01741,CUST-01741,EQ-003,19-04-2025,4846000,726900,4119100,36,8.39,65.5,REQUIRE_COLLATERAL,Performing
EQF-2025-01742,CUST-01742,EQ-014,19-04-2025,1991000,398200,1592800,36,8.06,50.7,STRUCTURED_LEASE,30_Days_Past_Due
EQF-2025-01743,CUST-01743,EQ-003,19-04-2025,2383000,238300,2144700,48,12.65,65.5,REQUIRE_COLLATERAL,Performing
EQF-2025-01744,CUST-01744,EQ-006,19-04-2025,6890000,1378000,5512000,60,11.28,47.2,STRUCTURED_LEASE,Performing
EQF-2025-01745,CUST-01745,EQ-012,20-04-2025,13534000,1353400,12180600,36,10.46,56.3,STRUCTURED_LEASE,Performing
EQF-2025-01746,CUST-01746,EQ-008,20-04-2025,6913000,1036950,5876050,36,8.47,73.9,REQUIRE_COLLATERAL,30_Days_Past_Due
EQF-2025-01747,CUST-01747,EQ-009,20-04-2025,8453000,845300,7607700,48,10.13,76.4,REQUIRE_COLLATERAL,Performing
EQF-2025-01748,CUST-01748,EQ-012,20-04-2025,4127000,1031750,3095250,24,7.56,66.8,REQUIRE_COLLATERAL,Performing
EQF-2025-01749,CUST-01749,EQ-013,20-04-2025,2338000,584500,1753500,48,8.73,43.8,STRUCTURED_LEASE,Performing
EQF-2025-01750,CUST-01750,EQ-009,20-04-2025,5862000,586200,5275800,24,7.75,68.3,REQUIRE_COLLATERAL,Performing
EQF-2025-01751,CUST-01751,EQ-004,20-04-2025,6489000,1622250,4866750,36,8.37,63.4,STRUCTURED_LEASE,Performing
EQF-2025-01752,CUST-01752,EQ-005,20-04-2025,2316000,463200,1852800,48,7.71,54,STRUCTURED_LEASE,Performing
EQF-2025-01753,CUST-01753,EQ-006,20-04-2025,4075000,1018750,3056250,24,10.54,48.5,STRUCTURED_LEASE,Performing
EQF-2025-01754,CUST-01754,EQ-005,20-04-2025,1678000,419500,1258500,36,12.18,35.9,AUTO_APPROVE,Performing
EQF-2025-01755,CUST-01755,EQ-002,20-04-2025,4142000,828400,3313600,36,10.96,79.6,REQUIRE_COLLATERAL,Performing
EQF-2025-01756,CUST-01756,EQ-003,20-04-2025,4592000,918400,3673600,36,10.62,53.7,STRUCTURED_LEASE,Performing
EQF-2025-01757,CUST-01757,EQ-002,20-04-2025,5401000,810150,4590850,48,9,73.2,REQUIRE_COLLATERAL,Performing
EQF-2025-01758,CUST-01758,EQ-010,20-04-2025,8446000,1689200,6756800,48,9.79,69.1,REQUIRE_COLLATERAL,Performing
EQF-2025-01759,CUST-01759,EQ-005,20-04-2025,4760000,476000,4284000,36,7.89,59.1,STRUCTURED_LEASE,Performing
EQF-2025-01760,CUST-01760,EQ-004,20-04-2025,6852000,1713000,5139000,36,7.55,67.4,REQUIRE_COLLATERAL,Performing
EQF-2025-01761,CUST-01761,EQ-008,21-04-2025,3664000,549600,3114400,24,7.32,28.7,AUTO_APPROVE,Performing
EQF-2025-01762,CUST-01762,EQ-003,21-04-2025,2496000,499200,1996800,48,7.67,84.8,REJECT,Performing
EQF-2025-01763,CUST-01763,EQ-006,21-04-2025,2814000,703500,2110500,24,10.53,64.4,STRUCTURED_LEASE,Performing
EQF-2025-01764,CUST-01764,EQ-010,21-04-2025,9480000,948000,8532000,48,10.7,45.3,STRUCTURED_LEASE,Performing
EQF-2025-01765,CUST-01765,EQ-009,21-04-2025,7903000,790300,7112700,48,8.15,49.6,STRUCTURED_LEASE,Performing
EQF-2025-01766,CUST-01766,EQ-001,21-04-2025,9906000,1485900,8420100,48,9.94,85.1,REJECT,60_Days_Past_Due
EQF-2025-01767,CUST-01767,EQ-003,21-04-2025,3966000,396600,3569400,48,11.21,89.6,REJECT,Performing
EQF-2025-01768,CUST-01768,EQ-008,21-04-2025,3532000,883000,2649000,60,9.27,57.9,STRUCTURED_LEASE,60_Days_Past_Due
EQF-2025-01769,CUST-01769,EQ-012,21-04-2025,10694000,2138800,8555200,60,8.38,79.3,REQUIRE_COLLATERAL,Performing
EQF-2025-01770,CUST-01770,EQ-011,21-04-2025,11731000,1173100,10557900,48,8.88,66.5,REQUIRE_COLLATERAL,Performing
EQF-2025-01771,CUST-01771,EQ-004,21-04-2025,6349000,1269800,5079200,36,11.65,48.7,STRUCTURED_LEASE,Performing
EQF-2025-01772,CUST-01772,EQ-003,21-04-2025,2124000,531000,1593000,60,9.4,55,STRUCTURED_LEASE,Performing
EQF-2025-01773,CUST-01773,EQ-007,21-04-2025,5362000,1340500,4021500,24,12.7,70.9,REQUIRE_COLLATERAL,Performing
EQF-2025-01774,CUST-01774,EQ-007,21-04-2025,4663000,932600,3730400,48,8.5,76,REQUIRE_COLLATERAL,Performing
EQF-2025-01775,CUST-01775,EQ-013,21-04-2025,4619000,1154750,3464250,48,8.74,79,REQUIRE_COLLATERAL,Performing
EQF-2025-01776,CUST-01776,EQ-011,21-04-2025,13002000,1950300,11051700,60,7.39,41.8,STRUCTURED_LEASE,Performing
EQF-2025-01777,CUST-01777,EQ-014,22-04-2025,4963000,496300,4466700,60,11.11,73.3,REQUIRE_COLLATERAL,30_Days_Past_Due
EQF-2025-01778,CUST-01778,EQ-001,22-04-2025,6114000,917100,5196900,24,9.64,80.9,REJECT,Default
EQF-2025-01779,CUST-01779,EQ-001,22-04-2025,4954000,743100,4210900,48,8.15,85,REJECT,Performing
EQF-2025-01780,CUST-01780,EQ-014,22-04-2025,2481000,372150,2108850,24,8.96,41,STRUCTURED_LEASE,60_Days_Past_Due
EQF-2025-01781,CUST-01781,EQ-006,22-04-2025,2403000,480600,1922400,24,10.23,53.8,STRUCTURED_LEASE,30_Days_Past_Due
EQF-2025-01782,CUST-01782,EQ-015,22-04-2025,3520000,704000,2816000,36,8.26,81.1,REJECT,Performing
EQF-2025-01783,CUST-01783,EQ-004,22-04-2025,7881000,1970250,5910750,24,10.01,73.8,REQUIRE_COLLATERAL,60_Days_Past_Due
EQF-2025-01784,CUST-01784,EQ-010,22-04-2025,7415000,1483000,5932000,48,10.85,64.3,STRUCTURED_LEASE,Performing
EQF-2025-01785,CUST-01785,EQ-003,22-04-2025,2185000,546250,1638750,60,8.85,75.9,REQUIRE_COLLATERAL,30_Days_Past_Due
EQF-2025-01786,CUST-01786,EQ-007,22-04-2025,5526000,1105200,4420800,48,7,33.2,AUTO_APPROVE,Performing
EQF-2025-01787,CUST-01787,EQ-010,22-04-2025,2680000,670000,2010000,36,9.09,39.8,AUTO_APPROVE,Performing
EQF-2025-01788,CUST-01788,EQ-008,22-04-2025,5458000,545800,4912200,48,8.74,50.2,STRUCTURED_LEASE,Performing
EQF-2025-01789,CUST-01789,EQ-005,22-04-2025,6533000,1633250,4899750,60,7.63,59.6,STRUCTURED_LEASE,Performing
EQF-2025-01790,CUST-01790,EQ-004,22-04-2025,9019000,901900,8117100,48,10.38,51.5,STRUCTURED_LEASE,Performing
EQF-2025-01791,CUST-01791,EQ-009,22-04-2025,4413000,1103250,3309750,48,10.44,66.6,REQUIRE_COLLATERAL,Performing
EQF-2025-01792,CUST-01792,EQ-013,22-04-2025,1264000,252800,1011200,60,9.83,64.5,STRUCTURED_LEASE,Performing
EQF-2025-01793,CUST-01793,EQ-004,23-04-2025,7753000,1550600,6202400,36,8.85,82.9,REJECT,Performing
EQF-2025-01794,CUST-01794,EQ-003,23-04-2025,1440000,144000,1296000,60,9.7,84.5,REJECT,Default
EQF-2025-01795,CUST-01795,EQ-006,23-04-2025,2255000,338250,1916750,60,8.52,92.6,REJECT,Default
EQF-2025-01796,CUST-01796,EQ-009,23-04-2025,6052000,907800,5144200,60,10.53,72.1,REQUIRE_COLLATERAL,60_Days_Past_Due
EQF-2025-01797,CUST-01797,EQ-013,23-04-2025,2387000,596750,1790250,36,8.84,72,REQUIRE_COLLATERAL,Performing
EQF-2025-01798,CUST-01798,EQ-005,23-04-2025,3936000,787200,3148800,60,9.12,78.6,REQUIRE_COLLATERAL,Performing
EQF-2025-01799,CUST-01799,EQ-005,23-04-2025,4908000,736200,4171800,36,9.25,99,REJECT,60_Days_Past_Due
EQF-2025-01800,CUST-01800,EQ-006,23-04-2025,8350000,1670000,6680000,48,14.4,86.4,REJECT,Performing
EQF-2025-01801,CUST-01801,EQ-007,23-04-2025,5820000,1164000,4656000,48,7.97,72.4,REQUIRE_COLLATERAL,Performing
EQF-2025-01802,CUST-01802,EQ-003,23-04-2025,2782000,556400,2225600,24,8.79,63.9,STRUCTURED_LEASE,Performing
EQF-2025-01803,CUST-01803,EQ-012,23-04-2025,6920000,1730000,5190000,36,7.1,41.3,STRUCTURED_LEASE,60_Days_Past_Due
EQF-2025-01804,CUST-01804,EQ-012,23-04-2025,7329000,732900,6596100,48,9.88,79.4,REQUIRE_COLLATERAL,60_Days_Past_Due
EQF-2025-01805,CUST-01805,EQ-012,23-04-2025,6957000,1739250,5217750,48,12.1,70,REQUIRE_COLLATERAL,30_Days_Past_Due
EQF-2025-01806,CUST-01806,EQ-014,23-04-2025,3223000,483450,2739550,48,9.16,50.2,STRUCTURED_LEASE,Performing
EQF-2025-01807,CUST-01807,EQ-013,23-04-2025,3506000,350600,3155400,36,8.54,45.5,STRUCTURED_LEASE,Performing
EQF-2025-01808,CUST-01808,EQ-009,23-04-2025,4921000,738150,4182850,48,9.41,71.9,REQUIRE_COLLATERAL,60_Days_Past_Due
EQF-2025-01809,CUST-01809,EQ-005,24-04-2025,4356000,435600,3920400,24,11.05,84,REJECT,Performing
EQF-2025-01810,CUST-01810,EQ-009,24-04-2025,2979000,297900,2681100,48,11.57,74.8,REQUIRE_COLLATERAL,Performing
EQF-2025-01811,CUST-01811,EQ-003,24-04-2025,3034000,758500,2275500,36,7.93,69.5,REQUIRE_COLLATERAL,Performing
EQF-2025-01812,CUST-01812,EQ-013,24-04-2025,2496000,499200,1996800,48,10.49,77.3,REQUIRE_COLLATERAL,Default
EQF-2025-01813,CUST-01813,EQ-011,24-04-2025,9958000,1991600,7966400,36,9.35,70.7,REQUIRE_COLLATERAL,Performing
EQF-2025-01814,CUST-01814,EQ-009,24-04-2025,6226000,622600,5603400,60,11.66,91.4,REJECT,Performing
EQF-2025-01815,CUST-01815,EQ-009,24-04-2025,5933000,1483250,4449750,48,12.94,69.3,REQUIRE_COLLATERAL,30_Days_Past_Due
EQF-2025-01816,CUST-01816,EQ-002,24-04-2025,3205000,480750,2724250,48,12.23,37,AUTO_APPROVE,Performing
EQF-2025-01817,CUST-01817,EQ-001,24-04-2025,10117000,1517550,8599450,36,8.02,63.8,STRUCTURED_LEASE,60_Days_Past_Due
EQF-2025-01818,CUST-01818,EQ-003,24-04-2025,2282000,456400,1825600,48,8.24,54.9,STRUCTURED_LEASE,Performing
EQF-2025-01819,CUST-01819,EQ-004,24-04-2025,2706000,541200,2164800,36,12.04,65.1,REQUIRE_COLLATERAL,60_Days_Past_Due
EQF-2025-01820,CUST-01820,EQ-012,24-04-2025,10875000,1631250,9243750,24,9.34,58.7,STRUCTURED_LEASE,Performing
EQF-2025-01821,CUST-01821,EQ-006,24-04-2025,3268000,490200,2777800,48,8.35,34.9,AUTO_APPROVE,Performing
EQF-2025-01822,CUST-01822,EQ-009,24-04-2025,6183000,1545750,4637250,48,7.46,63,STRUCTURED_LEASE,30_Days_Past_Due
EQF-2025-01823,CUST-01823,EQ-010,24-04-2025,8850000,1327500,7522500,36,9.71,97.3,REJECT,60_Days_Past_Due
EQF-2025-01824,CUST-01824,EQ-003,24-04-2025,4681000,1170250,3510750,36,8.88,72.1,REQUIRE_COLLATERAL,Performing
EQF-2025-01825,CUST-01825,EQ-008,25-04-2025,10644000,2128800,8515200,48,10.09,61.3,STRUCTURED_LEASE,Performing
EQF-2025-01826,CUST-01826,EQ-008,25-04-2025,2589000,388350,2200650,48,9.79,61.5,STRUCTURED_LEASE,Performing
EQF-2025-01827,CUST-01827,EQ-006,25-04-2025,8433000,1686600,6746400,36,7.68,56.7,STRUCTURED_LEASE,Performing
EQF-2025-01828,CUST-01828,EQ-015,25-04-2025,4352000,435200,3916800,60,8.27,64.8,STRUCTURED_LEASE,Performing
EQF-2025-01829,CUST-01829,EQ-003,25-04-2025,3645000,364500,3280500,60,10.92,67.5,REQUIRE_COLLATERAL,Performing
EQF-2025-01830,CUST-01830,EQ-012,25-04-2025,4167000,416700,3750300,36,11.05,42.8,STRUCTURED_LEASE,Performing
EQF-2025-01831,CUST-01831,EQ-015,25-04-2025,5278000,791700,4486300,36,8.94,58.4,STRUCTURED_LEASE,Performing
EQF-2025-01832,CUST-01832,EQ-008,25-04-2025,3737000,747400,2989600,48,9.76,40.4,STRUCTURED_LEASE,Performing
EQF-2025-01833,CUST-01833,EQ-010,25-04-2025,9617000,1442550,8174450,60,7.94,53,STRUCTURED_LEASE,Performing
EQF-2025-01834,CUST-01834,EQ-013,25-04-2025,1259000,251800,1007200,48,9.42,78.1,REQUIRE_COLLATERAL,Performing
EQF-2025-01835,CUST-01835,EQ-003,25-04-2025,3655000,913750,2741250,36,11.16,67,REQUIRE_COLLATERAL,30_Days_Past_Due
EQF-2025-01836,CUST-01836,EQ-013,25-04-2025,2852000,427800,2424200,36,12,99,REJECT,Default
EQF-2025-01837,CUST-01837,EQ-009,25-04-2025,2905000,290500,2614500,36,9.31,61.3,STRUCTURED_LEASE,Performing
EQF-2025-01838,CUST-01838,EQ-012,25-04-2025,5183000,1295750,3887250,48,9.03,57,STRUCTURED_LEASE,Performing
EQF-2025-01839,CUST-01839,EQ-015,25-04-2025,3089000,617800,2471200,36,7.35,54.7,STRUCTURED_LEASE,Performing
EQF-2025-01840,CUST-01840,EQ-009,25-04-2025,2363000,354450,2008550,48,8.6,57.1,STRUCTURED_LEASE,Performing
EQF-2025-01841,CUST-01841,EQ-011,26-04-2025,9351000,1870200,7480800,24,9.4,49.7,STRUCTURED_LEASE,Performing
EQF-2025-01842,CUST-01842,EQ-011,26-04-2025,10877000,2175400,8701600,36,9.24,55.4,STRUCTURED_LEASE,Performing
EQF-2025-01843,CUST-01843,EQ-001,26-04-2025,13101000,1965150,11135850,24,8.65,48.6,STRUCTURED_LEASE,30_Days_Past_Due
EQF-2025-01844,CUST-01844,EQ-010,26-04-2025,8269000,1240350,7028650,24,11.28,62,STRUCTURED_LEASE,Performing
EQF-2025-01845,CUST-01845,EQ-007,26-04-2025,1139000,227800,911200,60,10.12,51.4,STRUCTURED_LEASE,Performing
EQF-2025-01846,CUST-01846,EQ-006,26-04-2025,3652000,730400,2921600,36,9.25,77.5,REQUIRE_COLLATERAL,60_Days_Past_Due
EQF-2025-01847,CUST-01847,EQ-009,26-04-2025,3516000,879000,2637000,48,10.53,56.2,STRUCTURED_LEASE,30_Days_Past_Due
EQF-2025-01848,CUST-01848,EQ-009,26-04-2025,7905000,790500,7114500,24,9.46,58.6,STRUCTURED_LEASE,Performing
EQF-2025-01849,CUST-01849,EQ-002,26-04-2025,5312000,1062400,4249600,36,11.83,59.1,STRUCTURED_LEASE,Performing
EQF-2025-01850,CUST-01850,EQ-008,26-04-2025,5646000,564600,5081400,36,8.31,57.4,STRUCTURED_LEASE,Performing
EQF-2025-01851,CUST-01851,EQ-001,26-04-2025,4783000,1195750,3587250,24,9.99,35.5,AUTO_APPROVE,Performing
EQF-2025-01852,CUST-01852,EQ-013,26-04-2025,4598000,459800,4138200,24,7,48.2,STRUCTURED_LEASE,Performing
EQF-2025-01853,CUST-01853,EQ-007,26-04-2025,5419000,541900,4877100,60,8.91,66.2,REQUIRE_COLLATERAL,Performing
EQF-2025-01854,CUST-01854,EQ-014,26-04-2025,4448000,1112000,3336000,24,9.73,91.9,REJECT,60_Days_Past_Due
EQF-2025-01855,CUST-01855,EQ-015,26-04-2025,5194000,1038800,4155200,24,9.02,60.3,STRUCTURED_LEASE,Performing
EQF-2025-01856,CUST-01856,EQ-001,26-04-2025,9283000,928300,8354700,48,7.84,77,REQUIRE_COLLATERAL,Performing
EQF-2025-01857,CUST-01857,EQ-003,27-04-2025,1874000,374800,1499200,36,8.46,65.2,REQUIRE_COLLATERAL,Performing
EQF-2025-01858,CUST-01858,EQ-008,27-04-2025,6559000,1311800,5247200,48,7.99,66.8,REQUIRE_COLLATERAL,Performing
EQF-2025-01859,CUST-01859,EQ-013,27-04-2025,3079000,461850,2617150,24,9.32,62.2,STRUCTURED_LEASE,Performing
EQF-2025-01860,CUST-01860,EQ-003,27-04-2025,3062000,612400,2449600,36,10.68,72.7,REQUIRE_COLLATERAL,Performing
EQF-2025-01861,CUST-01861,EQ-003,27-04-2025,3247000,649400,2597600,48,8.98,56.5,STRUCTURED_LEASE,Performing
EQF-2025-01862,CUST-01862,EQ-013,27-04-2025,2179000,217900,1961100,60,12.21,99,REJECT,Performing
EQF-2025-01863,CUST-01863,EQ-006,27-04-2025,4064000,812800,3251200,24,9.84,79.5,REQUIRE_COLLATERAL,Performing
EQF-2025-01864,CUST-01864,EQ-004,27-04-2025,6191000,1238200,4952800,36,7,50.5,STRUCTURED_LEASE,Performing
EQF-2025-01865,CUST-01865,EQ-015,27-04-2025,1482000,222300,1259700,24,10,45.2,STRUCTURED_LEASE,Performing
EQF-2025-01866,CUST-01866,EQ-015,27-04-2025,3168000,475200,2692800,36,9.42,72.4,REQUIRE_COLLATERAL,Performing
EQF-2025-01867,CUST-01867,EQ-009,27-04-2025,7173000,717300,6455700,60,11.57,62.1,STRUCTURED_LEASE,Performing
EQF-2025-01868,CUST-01868,EQ-006,27-04-2025,7296000,729600,6566400,24,9.47,94.1,REJECT,Performing
EQF-2025-01869,CUST-01869,EQ-005,27-04-2025,4381000,657150,3723850,60,9.12,70.6,REQUIRE_COLLATERAL,30_Days_Past_Due
EQF-2025-01870,CUST-01870,EQ-013,27-04-2025,3171000,475650,2695350,36,12.61,71.3,REQUIRE_COLLATERAL,30_Days_Past_Due
EQF-2025-01871,CUST-01871,EQ-014,27-04-2025,1328000,332000,996000,60,7,79.5,REQUIRE_COLLATERAL,30_Days_Past_Due
EQF-2025-01872,CUST-01872,EQ-005,27-04-2025,6221000,1244200,4976800,48,8.98,89.4,REJECT,Default
EQF-2025-01873,CUST-01873,EQ-008,28-04-2025,5939000,593900,5345100,60,9.9,62.3,STRUCTURED_LEASE,Performing
EQF-2025-01874,CUST-01874,EQ-003,28-04-2025,2893000,289300,2603700,36,8.9,54.5,STRUCTURED_LEASE,Performing
EQF-2025-01875,CUST-01875,EQ-013,28-04-2025,4520000,904000,3616000,48,7,78.9,REQUIRE_COLLATERAL,Performing
EQF-2025-01876,CUST-01876,EQ-004,28-04-2025,6426000,1285200,5140800,48,10.11,73,REQUIRE_COLLATERAL,Performing
EQF-2025-01877,CUST-01877,EQ-008,28-04-2025,2680000,268000,2412000,48,8.81,76.4,REQUIRE_COLLATERAL,Performing
EQF-2025-01878,CUST-01878,EQ-008,28-04-2025,4434000,665100,3768900,48,9.3,53.7,STRUCTURED_LEASE,Performing
EQF-2025-01879,CUST-01879,EQ-001,28-04-2025,9232000,1384800,7847200,48,11.39,56.8,STRUCTURED_LEASE,Performing
EQF-2025-01880,CUST-01880,EQ-008,28-04-2025,6107000,1221400,4885600,60,9.96,65,REQUIRE_COLLATERAL,Performing
EQF-2025-01881,CUST-01881,EQ-003,28-04-2025,4469000,446900,4022100,36,8.57,37.7,AUTO_APPROVE,Performing
EQF-2025-01882,CUST-01882,EQ-002,28-04-2025,3619000,723800,2895200,48,10.09,50.9,STRUCTURED_LEASE,Performing
EQF-2025-01883,CUST-01883,EQ-010,28-04-2025,8362000,1254300,7107700,60,8.86,47.9,STRUCTURED_LEASE,Performing
EQF-2025-01884,CUST-01884,EQ-003,28-04-2025,2983000,745750,2237250,36,9.04,32.7,AUTO_APPROVE,Performing
EQF-2025-01885,CUST-01885,EQ-009,28-04-2025,4578000,1144500,3433500,36,10.64,71.9,REQUIRE_COLLATERAL,Performing
EQF-2025-01886,CUST-01886,EQ-004,28-04-2025,6293000,943950,5349050,60,8.54,82.5,REJECT,Performing
EQF-2025-01887,CUST-01887,EQ-009,28-04-2025,4376000,875200,3500800,36,10.34,94.3,REJECT,Performing
EQF-2025-01888,CUST-01888,EQ-005,28-04-2025,5270000,1317500,3952500,36,9.15,53.6,STRUCTURED_LEASE,Performing
EQF-2025-01889,CUST-01889,EQ-013,29-04-2025,2152000,322800,1829200,36,8.74,81.7,REJECT,Performing
EQF-2025-01890,CUST-01890,EQ-007,29-04-2025,5433000,543300,4889700,60,8.74,28.8,AUTO_APPROVE,Performing
EQF-2025-01891,CUST-01891,EQ-005,29-04-2025,3832000,766400,3065600,60,8.58,65.4,REQUIRE_COLLATERAL,Performing
EQF-2025-01892,CUST-01892,EQ-012,29-04-2025,5623000,1124600,4498400,60,9.63,93.3,REJECT,Default
EQF-2025-01893,CUST-01893,EQ-014,29-04-2025,1567000,391750,1175250,48,9.09,59.3,STRUCTURED_LEASE,Performing
EQF-2025-01894,CUST-01894,EQ-006,29-04-2025,1594000,318800,1275200,48,11.55,54.3,STRUCTURED_LEASE,Performing
EQF-2025-01895,CUST-01895,EQ-004,29-04-2025,6094000,1523500,4570500,36,8.17,29.9,AUTO_APPROVE,Performing
EQF-2025-01896,CUST-01896,EQ-014,29-04-2025,1913000,478250,1434750,24,10.31,64.7,STRUCTURED_LEASE,Performing
EQF-2025-01897,CUST-01897,EQ-004,29-04-2025,2684000,402600,2281400,24,11.21,45.2,STRUCTURED_LEASE,Performing
EQF-2025-01898,CUST-01898,EQ-006,29-04-2025,5140000,1285000,3855000,24,12.1,63.7,STRUCTURED_LEASE,Performing
EQF-2025-01899,CUST-01899,EQ-001,29-04-2025,11480000,1148000,10332000,60,8.28,55.1,STRUCTURED_LEASE,Performing
EQF-2025-01900,CUST-01900,EQ-003,29-04-2025,1526000,305200,1220800,48,11.04,70.2,REQUIRE_COLLATERAL,Performing
EQF-2025-01901,CUST-01901,EQ-008,29-04-2025,6418000,1604500,4813500,48,9.81,42,STRUCTURED_LEASE,Performing
EQF-2025-01902,CUST-01902,EQ-005,29-04-2025,6705000,1341000,5364000,60,11.08,42.5,STRUCTURED_LEASE,30_Days_Past_Due
EQF-2025-01903,CUST-01903,EQ-003,29-04-2025,4946000,1236500,3709500,60,8.53,82.3,REJECT,60_Days_Past_Due
EQF-2025-01904,CUST-01904,EQ-009,29-04-2025,6170000,925500,5244500,48,9.33,44.1,STRUCTURED_LEASE,Performing
EQF-2025-01905,CUST-01905,EQ-003,30-04-2025,2130000,213000,1917000,36,8.95,85.4,REJECT,Performing
EQF-2025-01906,CUST-01906,EQ-005,30-04-2025,6516000,1303200,5212800,36,8.82,41.6,STRUCTURED_LEASE,Performing
EQF-2025-01907,CUST-01907,EQ-002,30-04-2025,3909000,586350,3322650,48,9.56,45.5,STRUCTURED_LEASE,Performing
EQF-2025-01908,CUST-01908,EQ-001,30-04-2025,6330000,1266000,5064000,36,13.24,96.9,REJECT,60_Days_Past_Due
EQF-2025-01909,CUST-01909,EQ-011,30-04-2025,13362000,2004300,11357700,36,10.5,85.8,REJECT,Performing
EQF-2025-01910,CUST-01910,EQ-005,30-04-2025,4492000,449200,4042800,60,8.97,78.2,REQUIRE_COLLATERAL,Performing
EQF-2025-01911,CUST-01911,EQ-001,30-04-2025,14582000,3645500,10936500,36,9.06,51.2,STRUCTURED_LEASE,Performing
EQF-2025-01912,CUST-01912,EQ-015,30-04-2025,4559000,683850,3875150,36,10.34,64.7,STRUCTURED_LEASE,30_Days_Past_Due
EQF-2025-01913,CUST-01913,EQ-007,30-04-2025,4152000,830400,3321600,48,9.22,69.1,REQUIRE_COLLATERAL,Performing
EQF-2025-01914,CUST-01914,EQ-012,30-04-2025,12012000,2402400,9609600,48,9.23,48.7,STRUCTURED_LEASE,Performing
EQF-2025-01915,CUST-01915,EQ-001,30-04-2025,9259000,1388850,7870150,36,7.84,62.3,STRUCTURED_LEASE,Performing
EQF-2025-01916,CUST-01916,EQ-013,30-04-2025,3120000,312000,2808000,36,9.43,63.5,STRUCTURED_LEASE,Performing
EQF-2025-01917,CUST-01917,EQ-015,30-04-2025,5226000,522600,4703400,60,7,54.8,STRUCTURED_LEASE,30_Days_Past_Due
EQF-2025-01918,CUST-01918,EQ-008,30-04-2025,8288000,2072000,6216000,36,7,49,STRUCTURED_LEASE,Performing
EQF-2025-01919,CUST-01919,EQ-011,30-04-2025,13870000,3467500,10402500,48,8.97,49,STRUCTURED_LEASE,Performing
EQF-2025-01920,CUST-01920,EQ-011,30-04-2025,13799000,2759800,11039200,36,10.49,86,REJECT,Performing
EQF-2025-01921,CUST-01921,EQ-013,01-05-2025,4911000,982200,3928800,36,11.92,57.4,STRUCTURED_LEASE,Performing
EQF-2025-01922,CUST-01922,EQ-005,01-05-2025,6402000,1600500,4801500,36,10.1,72.3,REQUIRE_COLLATERAL,30_Days_Past_Due
EQF-2025-01923,CUST-01923,EQ-004,01-05-2025,6770000,1692500,5077500,48,10.3,72.6,REQUIRE_COLLATERAL,Performing
EQF-2025-01924,CUST-01924,EQ-012,01-05-2025,5829000,1457250,4371750,60,9.67,74.4,REQUIRE_COLLATERAL,Performing
EQF-2025-01925,CUST-01925,EQ-013,01-05-2025,3880000,582000,3298000,36,10.76,74.7,REQUIRE_COLLATERAL,Performing
EQF-2025-01926,CUST-01926,EQ-005,01-05-2025,3541000,885250,2655750,24,9.82,86.9,REJECT,Performing
EQF-2025-01927,CUST-01927,EQ-008,01-05-2025,4905000,735750,4169250,24,10.06,70.1,REQUIRE_COLLATERAL,Performing
EQF-2025-01928,CUST-01928,EQ-010,01-05-2025,4525000,678750,3846250,48,7.15,54.5,STRUCTURED_LEASE,30_Days_Past_Due
EQF-2025-01929,CUST-01929,EQ-008,01-05-2025,9939000,2484750,7454250,36,9.89,74.7,REQUIRE_COLLATERAL,Performing
EQF-2025-01930,CUST-01930,EQ-009,01-05-2025,7576000,757600,6818400,24,9.53,36.7,AUTO_APPROVE,Performing
EQF-2025-01931,CUST-01931,EQ-004,01-05-2025,7863000,786300,7076700,36,8.88,67.5,REQUIRE_COLLATERAL,Performing
EQF-2025-01932,CUST-01932,EQ-010,01-05-2025,6520000,1304000,5216000,48,8.99,62.1,STRUCTURED_LEASE,Performing
EQF-2025-01933,CUST-01933,EQ-008,01-05-2025,8213000,2053250,6159750,60,7.5,59,STRUCTURED_LEASE,Performing
EQF-2025-01934,CUST-01934,EQ-004,01-05-2025,7661000,1532200,6128800,48,10.31,63.1,STRUCTURED_LEASE,30_Days_Past_Due
EQF-2025-01935,CUST-01935,EQ-014,01-05-2025,2780000,695000,2085000,36,9.85,50,STRUCTURED_LEASE,Performing
EQF-2025-01936,CUST-01936,EQ-014,01-05-2025,2643000,528600,2114400,36,9.6,67.8,REQUIRE_COLLATERAL,Performing
EQF-2025-01937,CUST-01937,EQ-012,02-05-2025,8211000,1231650,6979350,36,9.85,86.5,REJECT,60_Days_Past_Due
EQF-2025-01938,CUST-01938,EQ-013,02-05-2025,3439000,859750,2579250,24,7.63,57.2,STRUCTURED_LEASE,Performing
EQF-2025-01939,CUST-01939,EQ-008,02-05-2025,8005000,800500,7204500,48,12.14,57.5,STRUCTURED_LEASE,Performing
EQF-2025-01940,CUST-01940,EQ-006,02-05-2025,4662000,1165500,3496500,36,10.91,67.6,REQUIRE_COLLATERAL,Performing
EQF-2025-01941,CUST-01941,EQ-009,02-05-2025,8281000,1656200,6624800,36,10.43,77.3,REQUIRE_COLLATERAL,Performing
EQF-2025-01942,CUST-01942,EQ-011,02-05-2025,4922000,984400,3937600,48,11.73,76.4,REQUIRE_COLLATERAL,Performing
EQF-2025-01943,CUST-01943,EQ-003,02-05-2025,2519000,503800,2015200,48,9.82,54.7,STRUCTURED_LEASE,Performing
EQF-2025-01944,CUST-01944,EQ-013,02-05-2025,2792000,558400,2233600,48,9.08,57.8,STRUCTURED_LEASE,Performing
EQF-2025-01945,CUST-01945,EQ-003,02-05-2025,1264000,252800,1011200,48,9.91,86,REJECT,Performing
EQF-2025-01946,CUST-01946,EQ-010,02-05-2025,5602000,1120400,4481600,48,11.79,75.3,REQUIRE_COLLATERAL,60_Days_Past_Due
EQF-2025-01947,CUST-01947,EQ-001,02-05-2025,7011000,701100,6309900,48,8.16,30.4,AUTO_APPROVE,Performing
EQF-2025-01948,CUST-01948,EQ-005,02-05-2025,5042000,1008400,4033600,48,11.77,87.9,REJECT,Performing
EQF-2025-01949,CUST-01949,EQ-011,02-05-2025,7701000,770100,6930900,36,7.47,33.9,AUTO_APPROVE,Performing
EQF-2025-01950,CUST-01950,EQ-001,02-05-2025,11988000,2997000,8991000,24,10.3,97.6,REJECT,60_Days_Past_Due
EQF-2025-01951,CUST-01951,EQ-006,02-05-2025,5070000,760500,4309500,60,11.02,75.4,REQUIRE_COLLATERAL,Performing
EQF-2025-01952,CUST-01952,EQ-009,02-05-2025,2408000,240800,2167200,60,10.47,71.7,REQUIRE_COLLATERAL,Performing
EQF-2025-01953,CUST-01953,EQ-010,03-05-2025,8876000,2219000,6657000,48,11.07,61.1,STRUCTURED_LEASE,Performing
EQF-2025-01954,CUST-01954,EQ-014,03-05-2025,1577000,236550,1340450,48,9.31,42.5,STRUCTURED_LEASE,Performing
EQF-2025-01955,CUST-01955,EQ-015,03-05-2025,5163000,516300,4646700,36,7.59,46.1,STRUCTURED_LEASE,60_Days_Past_Due
EQF-2025-01956,CUST-01956,EQ-007,03-05-2025,5643000,564300,5078700,48,11.08,59.9,STRUCTURED_LEASE,Performing
EQF-2025-01957,CUST-01957,EQ-004,03-05-2025,5241000,1310250,3930750,60,12.27,60.2,STRUCTURED_LEASE,30_Days_Past_Due
EQF-2025-01958,CUST-01958,EQ-012,03-05-2025,14188000,2837600,11350400,60,9.25,96.3,REJECT,60_Days_Past_Due
EQF-2025-01959,CUST-01959,EQ-010,03-05-2025,9241000,924100,8316900,36,10.52,53.6,STRUCTURED_LEASE,Performing
EQF-2025-01960,CUST-01960,EQ-003,03-05-2025,4705000,470500,4234500,36,8.26,87.3,REJECT,Performing
EQF-2025-01961,CUST-01961,EQ-005,03-05-2025,6164000,1541000,4623000,36,8.15,69.3,REQUIRE_COLLATERAL,Performing
EQF-2025-01962,CUST-01962,EQ-012,03-05-2025,6592000,1318400,5273600,36,9.66,62.2,STRUCTURED_LEASE,Performing
EQF-2025-01963,CUST-01963,EQ-003,03-05-2025,4599000,689850,3909150,36,8.41,83.5,REJECT,Performing
EQF-2025-01964,CUST-01964,EQ-001,03-05-2025,6027000,1205400,4821600,48,9.64,50,STRUCTURED_LEASE,Performing
EQF-2025-01965,CUST-01965,EQ-010,03-05-2025,4311000,862200,3448800,24,14.05,75.7,REQUIRE_COLLATERAL,Performing
EQF-2025-01966,CUST-01966,EQ-004,03-05-2025,4804000,1201000,3603000,48,8.44,79.8,REQUIRE_COLLATERAL,30_Days_Past_Due
EQF-2025-01967,CUST-01967,EQ-009,03-05-2025,3630000,726000,2904000,48,10.01,50,STRUCTURED_LEASE,60_Days_Past_Due
EQF-2025-01968,CUST-01968,EQ-011,03-05-2025,9659000,2414750,7244250,48,7,59.4,STRUCTURED_LEASE,Performing
EQF-2025-01969,CUST-01969,EQ-001,04-05-2025,11848000,1777200,10070800,48,10.28,63.9,STRUCTURED_LEASE,Performing
EQF-2025-01970,CUST-01970,EQ-009,04-05-2025,7983000,798300,7184700,48,8.44,67.3,REQUIRE_COLLATERAL,Performing
EQF-2025-01971,CUST-01971,EQ-005,04-05-2025,2119000,211900,1907100,48,9.94,99,REJECT,60_Days_Past_Due
EQF-2025-01972,CUST-01972,EQ-013,04-05-2025,4827000,1206750,3620250,36,9.9,40,STRUCTURED_LEASE,30_Days_Past_Due
EQF-2025-01973,CUST-01973,EQ-012,04-05-2025,14135000,3533750,10601250,60,9.71,73.8,REQUIRE_COLLATERAL,Performing
EQF-2025-01974,CUST-01974,EQ-004,04-05-2025,2959000,591800,2367200,36,8.08,65.2,REQUIRE_COLLATERAL,30_Days_Past_Due
EQF-2025-01975,CUST-01975,EQ-012,04-05-2025,7964000,1592800,6371200,60,9.07,57.5,STRUCTURED_LEASE,Performing
EQF-2025-01976,CUST-01976,EQ-002,04-05-2025,5028000,502800,4525200,36,9.85,72.9,REQUIRE_COLLATERAL,30_Days_Past_Due
EQF-2025-01977,CUST-01977,EQ-001,04-05-2025,10727000,1072700,9654300,24,9.14,71,REQUIRE_COLLATERAL,30_Days_Past_Due
EQF-2025-01978,CUST-01978,EQ-001,04-05-2025,12570000,1257000,11313000,36,11.6,79.5,REQUIRE_COLLATERAL,30_Days_Past_Due
EQF-2025-01979,CUST-01979,EQ-002,04-05-2025,4539000,1134750,3404250,48,9.56,53.7,STRUCTURED_LEASE,Performing
EQF-2025-01980,CUST-01980,EQ-014,04-05-2025,3088000,463200,2624800,36,8.01,63.6,STRUCTURED_LEASE,Performing
EQF-2025-01981,CUST-01981,EQ-009,04-05-2025,1789000,268350,1520650,48,10.15,52.8,STRUCTURED_LEASE,Performing
EQF-2025-01982,CUST-01982,EQ-013,04-05-2025,3420000,855000,2565000,48,7,33.9,AUTO_APPROVE,Performing
EQF-2025-01983,CUST-01983,EQ-004,04-05-2025,2913000,582600,2330400,36,12.44,62.4,STRUCTURED_LEASE,Performing
EQF-2025-01984,CUST-01984,EQ-010,04-05-2025,7632000,1144800,6487200,48,7,43.3,STRUCTURED_LEASE,30_Days_Past_Due
EQF-2025-01985,CUST-01985,EQ-005,05-05-2025,7103000,1420600,5682400,36,10.84,64.3,STRUCTURED_LEASE,Performing
EQF-2025-01986,CUST-01986,EQ-009,05-05-2025,5595000,559500,5035500,48,10.61,67.1,REQUIRE_COLLATERAL,Performing
EQF-2025-01987,CUST-01987,EQ-003,05-05-2025,4989000,498900,4490100,48,7.8,76.5,REQUIRE_COLLATERAL,Performing
EQF-2025-01988,CUST-01988,EQ-008,05-05-2025,6375000,1275000,5100000,36,10.34,74.8,REQUIRE_COLLATERAL,Performing
EQF-2025-01989,CUST-01989,EQ-011,05-05-2025,12237000,1223700,11013300,60,8.47,54,STRUCTURED_LEASE,Performing
EQF-2025-01990,CUST-01990,EQ-014,05-05-2025,3735000,933750,2801250,48,9.25,60.5,STRUCTURED_LEASE,Performing
EQF-2025-01991,CUST-01991,EQ-003,05-05-2025,4967000,993400,3973600,48,10.21,78.4,REQUIRE_COLLATERAL,Performing
EQF-2025-01992,CUST-01992,EQ-009,05-05-2025,6493000,1298600,5194400,48,9.43,67.7,REQUIRE_COLLATERAL,Performing
EQF-2025-01993,CUST-01993,EQ-004,05-05-2025,3894000,778800,3115200,60,8,54.3,STRUCTURED_LEASE,Performing
EQF-2025-01994,CUST-01994,EQ-006,05-05-2025,8189000,1228350,6960650,36,10.12,68.7,REQUIRE_COLLATERAL,30_Days_Past_Due
EQF-2025-01995,CUST-01995,EQ-014,05-05-2025,3738000,747600,2990400,36,9.19,53.4,STRUCTURED_LEASE,Performing
EQF-2025-01996,CUST-01996,EQ-014,05-05-2025,1425000,285000,1140000,36,9.33,71.9,REQUIRE_COLLATERAL,60_Days_Past_Due
EQF-2025-01997,CUST-01997,EQ-007,05-05-2025,4219000,843800,3375200,60,9.42,60.6,STRUCTURED_LEASE,Performing
EQF-2025-01998,CUST-01998,EQ-006,05-05-2025,7682000,1152300,6529700,36,7.48,79.4,REQUIRE_COLLATERAL,60_Days_Past_Due
EQF-2025-01999,CUST-01999,EQ-006,05-05-2025,5539000,553900,4985100,60,7.81,51.8,STRUCTURED_LEASE,Performing
EQF-2025-02000,CUST-02000,EQ-011,05-05-2025,7894000,1184100,6709900,24,8.62,54.8,STRUCTURED_LEASE,Performing
EQF-2025-02001,CUST-02001,EQ-012,06-05-2025,13030000,3257500,9772500,36,10.12,26.2,AUTO_APPROVE,Performing
EQF-2025-02002,CUST-02002,EQ-006,06-05-2025,6978000,1395600,5582400,36,8.11,70.4,REQUIRE_COLLATERAL,30_Days_Past_Due
EQF-2025-02003,CUST-02003,EQ-007,06-05-2025,3630000,907500,2722500,48,11.28,58.8,STRUCTURED_LEASE,30_Days_Past_Due
EQF-2025-02004,CUST-02004,EQ-009,06-05-2025,2581000,387150,2193850,60,9.8,70.7,REQUIRE_COLLATERAL,Default
EQF-2025-02005,CUST-02005,EQ-012,06-05-2025,6761000,676100,6084900,36,10.05,78.5,REQUIRE_COLLATERAL,Performing
EQF-2025-02006,CUST-02006,EQ-003,06-05-2025,4006000,400600,3605400,48,9,66.3,REQUIRE_COLLATERAL,Performing
EQF-2025-02007,CUST-02007,EQ-011,06-05-2025,12867000,2573400,10293600,36,7.11,58.8,STRUCTURED_LEASE,Performing
EQF-2025-02008,CUST-02008,EQ-014,06-05-2025,2261000,226100,2034900,48,10.3,33.7,AUTO_APPROVE,Performing
EQF-2025-02009,CUST-02009,EQ-006,06-05-2025,4076000,611400,3464600,24,8.42,64.7,STRUCTURED_LEASE,Performing
EQF-2025-02010,CUST-02010,EQ-010,06-05-2025,3160000,474000,2686000,36,7.26,57.2,STRUCTURED_LEASE,Performing
EQF-2025-02011,CUST-02011,EQ-005,06-05-2025,6494000,649400,5844600,48,8.25,58,STRUCTURED_LEASE,Performing
EQF-2025-02012,CUST-02012,EQ-009,06-05-2025,1525000,305000,1220000,48,9.38,64.8,STRUCTURED_LEASE,Performing
EQF-2025-02013,CUST-02013,EQ-015,06-05-2025,1042000,208400,833600,24,7,55.8,STRUCTURED_LEASE,Performing
EQF-2025-02014,CUST-02014,EQ-006,06-05-2025,1530000,229500,1300500,36,9,54.5,STRUCTURED_LEASE,Performing
EQF-2025-02015,CUST-02015,EQ-010,06-05-2025,7985000,798500,7186500,48,11.01,64.6,STRUCTURED_LEASE,Performing
EQF-2025-02016,CUST-02016,EQ-011,06-05-2025,8591000,1288650,7302350,48,9.55,74.9,REQUIRE_COLLATERAL,30_Days_Past_Due
EQF-2025-02017,CUST-02017,EQ-001,07-05-2025,7273000,1090950,6182050,60,11.3,79.9,REQUIRE_COLLATERAL,60_Days_Past_Due
EQF-2025-02018,CUST-02018,EQ-002,07-05-2025,5546000,1386500,4159500,48,8.9,83,REJECT,Performing
EQF-2025-02019,CUST-02019,EQ-009,07-05-2025,2850000,427500,2422500,60,11.23,52.6,STRUCTURED_LEASE,Performing
EQF-2025-02020,CUST-02020,EQ-014,07-05-2025,2680000,536000,2144000,36,7.49,62.3,STRUCTURED_LEASE,Performing
EQF-2025-02021,CUST-02021,EQ-007,07-05-2025,5690000,569000,5121000,36,10.4,43.8,STRUCTURED_LEASE,Performing
EQF-2025-02022,CUST-02022,EQ-010,07-05-2025,6130000,613000,5517000,24,9.34,34.8,AUTO_APPROVE,Performing
EQF-2025-02023,CUST-02023,EQ-007,07-05-2025,3684000,921000,2763000,36,11.53,38.5,AUTO_APPROVE,Performing
EQF-2025-02024,CUST-02024,EQ-005,07-05-2025,2062000,515500,1546500,48,8.88,59.3,STRUCTURED_LEASE,Performing
EQF-2025-02025,CUST-02025,EQ-012,07-05-2025,12692000,2538400,10153600,48,7.92,59.6,STRUCTURED_LEASE,Performing
EQF-2025-02026,CUST-02026,EQ-012,07-05-2025,8650000,2162500,6487500,36,10.26,59.2,STRUCTURED_LEASE,Performing
EQF-2025-02027,CUST-02027,EQ-003,07-05-2025,4242000,636300,3605700,48,11.97,64.8,STRUCTURED_LEASE,Performing
EQF-2025-02028,CUST-02028,EQ-007,07-05-2025,2120000,318000,1802000,48,9.85,48.6,STRUCTURED_LEASE,Performing
EQF-2025-02029,CUST-02029,EQ-012,07-05-2025,8647000,1729400,6917600,48,9.44,63.6,STRUCTURED_LEASE,Performing
EQF-2025-02030,CUST-02030,EQ-013,07-05-2025,4189000,418900,3770100,36,7.68,42.8,STRUCTURED_LEASE,Performing
EQF-2025-02031,CUST-02031,EQ-005,07-05-2025,8317000,1663400,6653600,48,10.92,72.9,REQUIRE_COLLATERAL,Performing
EQF-2025-02032,CUST-02032,EQ-010,07-05-2025,3007000,751750,2255250,36,9.42,82.1,REJECT,Default
EQF-2025-02033,CUST-02033,EQ-004,08-05-2025,9406000,940600,8465400,60,10.55,58.4,STRUCTURED_LEASE,Performing
EQF-2025-02034,CUST-02034,EQ-007,08-05-2025,2364000,236400,2127600,60,9.8,99,REJECT,Performing
EQF-2025-02035,CUST-02035,EQ-004,08-05-2025,7181000,718100,6462900,36,12.56,59.8,STRUCTURED_LEASE,Performing
EQF-2025-02036,CUST-02036,EQ-001,08-05-2025,7191000,1797750,5393250,36,8.66,51.4,STRUCTURED_LEASE,Performing
EQF-2025-02037,CUST-02037,EQ-006,08-05-2025,5794000,869100,4924900,48,8.72,55.3,STRUCTURED_LEASE,Performing
EQF-2025-02038,CUST-02038,EQ-005,08-05-2025,3977000,596550,3380450,36,11.02,70.8,REQUIRE_COLLATERAL,Performing
EQF-2025-02039,CUST-02039,EQ-009,08-05-2025,3835000,958750,2876250,24,11.06,47.9,STRUCTURED_LEASE,Performing
EQF-2025-02040,CUST-02040,EQ-001,08-05-2025,4417000,1104250,3312750,60,11.1,49.3,STRUCTURED_LEASE,Performing
EQF-2025-02041,CUST-02041,EQ-002,08-05-2025,1564000,312800,1251200,36,9.48,48.3,STRUCTURED_LEASE,Performing
EQF-2025-02042,CUST-02042,EQ-008,08-05-2025,10295000,2059000,8236000,36,9.81,34.8,AUTO_APPROVE,Performing
EQF-2025-02043,CUST-02043,EQ-004,08-05-2025,10985000,1647750,9337250,48,7.48,27.4,AUTO_APPROVE,Performing
EQF-2025-02044,CUST-02044,EQ-006,08-05-2025,6964000,1741000,5223000,36,9.26,76.2,REQUIRE_COLLATERAL,Performing
EQF-2025-02045,CUST-02045,EQ-002,08-05-2025,2291000,458200,1832800,36,9.92,66.2,REQUIRE_COLLATERAL,Performing
EQF-2025-02046,CUST-02046,EQ-014,08-05-2025,2729000,682250,2046750,48,9.92,57.9,STRUCTURED_LEASE,Performing
EQF-2025-02047,CUST-02047,EQ-009,08-05-2025,6677000,1669250,5007750,36,8.36,86.6,REJECT,Performing
EQF-2025-02048,CUST-02048,EQ-014,08-05-2025,4880000,732000,4148000,48,7.85,56.3,STRUCTURED_LEASE,Performing
EQF-2025-02049,CUST-02049,EQ-008,09-05-2025,6372000,955800,5416200,60,11.07,84.7,REJECT,60_Days_Past_Due
EQF-2025-02050,CUST-02050,EQ-005,09-05-2025,7307000,1826750,5480250,60,10.83,69.4,REQUIRE_COLLATERAL,Performing
EQF-2025-02051,CUST-02051,EQ-008,09-05-2025,10788000,1078800,9709200,24,9.15,79.2,REQUIRE_COLLATERAL,Performing
EQF-2025-02052,CUST-02052,EQ-008,09-05-2025,9925000,992500,8932500,24,11.05,69.3,REQUIRE_COLLATERAL,Performing
EQF-2025-02053,CUST-02053,EQ-005,09-05-2025,3090000,772500,2317500,48,10.91,58.4,STRUCTURED_LEASE,Performing
EQF-2025-02054,CUST-02054,EQ-002,09-05-2025,842000,126300,715700,48,7,38.4,AUTO_APPROVE,Performing
EQF-2025-02055,CUST-02055,EQ-013,09-05-2025,3070000,307000,2763000,60,9.34,70.1,REQUIRE_COLLATERAL,Performing
EQF-2025-02056,CUST-02056,EQ-013,09-05-2025,3219000,482850,2736150,48,11.51,91.3,REJECT,Default
EQF-2025-02057,CUST-02057,EQ-004,09-05-2025,4211000,421100,3789900,36,7.11,60.7,STRUCTURED_LEASE,60_Days_Past_Due
EQF-2025-02058,CUST-02058,EQ-011,09-05-2025,7131000,1782750,5348250,36,7.32,33.6,AUTO_APPROVE,30_Days_Past_Due
EQF-2025-02059,CUST-02059,EQ-014,09-05-2025,4108000,821600,3286400,48,10.44,71.3,REQUIRE_COLLATERAL,Default
EQF-2025-02060,CUST-02060,EQ-004,09-05-2025,6498000,1299600,5198400,60,11.44,61.2,STRUCTURED_LEASE,Performing
EQF-2025-02061,CUST-02061,EQ-006,09-05-2025,3721000,558150,3162850,36,9.08,41.5,STRUCTURED_LEASE,Performing
EQF-2025-02062,CUST-02062,EQ-010,09-05-2025,7792000,1168800,6623200,48,8.8,60.3,STRUCTURED_LEASE,Performing
EQF-2025-02063,CUST-02063,EQ-003,09-05-2025,3680000,368000,3312000,36,7,48.9,STRUCTURED_LEASE,Performing
EQF-2025-02064,CUST-02064,EQ-008,09-05-2025,9040000,2260000,6780000,36,9.05,52.5,STRUCTURED_LEASE,Performing
EQF-2025-02065,CUST-02065,EQ-006,10-05-2025,2597000,259700,2337300,24,7.29,66,REQUIRE_COLLATERAL,Performing
EQF-2025-02066,CUST-02066,EQ-014,10-05-2025,4018000,1004500,3013500,60,8.97,64.7,STRUCTURED_LEASE,Performing
EQF-2025-02067,CUST-02067,EQ-009,10-05-2025,5696000,1424000,4272000,48,11.47,85.3,REJECT,60_Days_Past_Due
EQF-2025-02068,CUST-02068,EQ-011,10-05-2025,4633000,694950,3938050,60,7.56,67.1,REQUIRE_COLLATERAL,Performing
EQF-2025-02069,CUST-02069,EQ-005,10-05-2025,6942000,1388400,5553600,60,9.12,52.3,STRUCTURED_LEASE,Performing
EQF-2025-02070,CUST-02070,EQ-011,10-05-2025,8214000,1642800,6571200,36,10.79,48.4,STRUCTURED_LEASE,Performing
EQF-2025-02071,CUST-02071,EQ-013,10-05-2025,2455000,368250,2086750,48,8.34,85.2,REJECT,Default
EQF-2025-02072,CUST-02072,EQ-008,10-05-2025,6309000,1261800,5047200,60,10.11,83.5,REJECT,Performing
EQF-2025-02073,CUST-02073,EQ-005,10-05-2025,3923000,588450,3334550,48,10.72,72.6,REQUIRE_COLLATERAL,Performing
EQF-2025-02074,CUST-02074,EQ-002,10-05-2025,2559000,255900,2303100,48,9.62,87.3,REJECT,Performing
EQF-2025-02075,CUST-02075,EQ-002,10-05-2025,5002000,1250500,3751500,36,9.65,57.6,STRUCTURED_LEASE,Performing
EQF-2025-02076,CUST-02076,EQ-007,10-05-2025,1447000,289400,1157600,48,7.85,77,REQUIRE_COLLATERAL,Performing
EQF-2025-02077,CUST-02077,EQ-009,10-05-2025,8294000,1658800,6635200,36,8.9,48.8,STRUCTURED_LEASE,Performing
EQF-2025-02078,CUST-02078,EQ-010,10-05-2025,7217000,721700,6495300,36,9.74,47.8,STRUCTURED_LEASE,30_Days_Past_Due
EQF-2025-02079,CUST-02079,EQ-007,10-05-2025,1751000,175100,1575900,24,7,81.6,REJECT,60_Days_Past_Due
EQF-2025-02080,CUST-02080,EQ-003,10-05-2025,1699000,339800,1359200,24,7,57.1,STRUCTURED_LEASE,Performing
EQF-2025-02081,CUST-02081,EQ-009,11-05-2025,5641000,1128200,4512800,24,9.27,78.3,REQUIRE_COLLATERAL,30_Days_Past_Due
EQF-2025-02082,CUST-02082,EQ-005,11-05-2025,5931000,889650,5041350,36,10.07,83.8,REJECT,Performing
EQF-2025-02083,CUST-02083,EQ-010,11-05-2025,2951000,442650,2508350,36,9.63,50.7,STRUCTURED_LEASE,Performing
EQF-2025-02084,CUST-02084,EQ-007,11-05-2025,2064000,412800,1651200,24,7.07,42.9,STRUCTURED_LEASE,Performing
EQF-2025-02085,CUST-02085,EQ-008,11-05-2025,9261000,1389150,7871850,36,11.16,69,REQUIRE_COLLATERAL,30_Days_Past_Due
EQF-2025-02086,CUST-02086,EQ-010,11-05-2025,2922000,292200,2629800,48,9.66,73.5,REQUIRE_COLLATERAL,30_Days_Past_Due
EQF-2025-02087,CUST-02087,EQ-006,11-05-2025,7486000,1871500,5614500,48,10.96,81.6,REJECT,60_Days_Past_Due
EQF-2025-02088,CUST-02088,EQ-003,11-05-2025,3701000,555150,3145850,48,8.54,66.4,REQUIRE_COLLATERAL,30_Days_Past_Due
EQF-2025-02089,CUST-02089,EQ-014,11-05-2025,2851000,712750,2138250,60,9.9,75.5,REQUIRE_COLLATERAL,Performing
EQF-2025-02090,CUST-02090,EQ-012,11-05-2025,7811000,1171650,6639350,24,10.28,80.1,REJECT,Performing
EQF-2025-02091,CUST-02091,EQ-003,11-05-2025,1273000,254600,1018400,36,11.01,57.9,STRUCTURED_LEASE,Performing
EQF-2025-02092,CUST-02092,EQ-015,11-05-2025,5091000,763650,4327350,36,10.88,57.1,STRUCTURED_LEASE,Performing
EQF-2025-02093,CUST-02093,EQ-006,11-05-2025,2499000,624750,1874250,60,8.3,80.5,REJECT,Performing
EQF-2025-02094,CUST-02094,EQ-010,11-05-2025,5131000,1282750,3848250,48,9.33,69.5,REQUIRE_COLLATERAL,30_Days_Past_Due
EQF-2025-02095,CUST-02095,EQ-001,11-05-2025,10260000,2052000,8208000,36,8.72,50.7,STRUCTURED_LEASE,Performing
EQF-2025-02096,CUST-02096,EQ-014,11-05-2025,2135000,533750,1601250,24,9.71,41.3,STRUCTURED_LEASE,Performing
EQF-2025-02097,CUST-02097,EQ-008,12-05-2025,6726000,1345200,5380800,48,7.34,70.4,REQUIRE_COLLATERAL,Performing
EQF-2025-02098,CUST-02098,EQ-008,12-05-2025,9379000,1875800,7503200,36,7.12,41.2,STRUCTURED_LEASE,Performing
EQF-2025-02099,CUST-02099,EQ-003,12-05-2025,2988000,747000,2241000,48,13.08,72,REQUIRE_COLLATERAL,30_Days_Past_Due
EQF-2025-02100,CUST-02100,EQ-001,12-05-2025,14439000,1443900,12995100,60,12.4,62.7,STRUCTURED_LEASE,Performing
EQF-2025-02101,CUST-02101,EQ-002,12-05-2025,5207000,1301750,3905250,48,11.25,76.5,REQUIRE_COLLATERAL,Performing
EQF-2025-02102,CUST-02102,EQ-004,12-05-2025,5331000,1332750,3998250,60,10.23,79.1,REQUIRE_COLLATERAL,Performing
EQF-2025-02103,CUST-02103,EQ-005,12-05-2025,4300000,645000,3655000,36,10.66,77.8,REQUIRE_COLLATERAL,Performing
EQF-2025-02104,CUST-02104,EQ-013,12-05-2025,2809000,702250,2106750,48,10.67,89.8,REJECT,Performing
EQF-2025-02105,CUST-02105,EQ-014,12-05-2025,3579000,536850,3042150,60,11.98,76.1,REQUIRE_COLLATERAL,Performing
EQF-2025-02106,CUST-02106,EQ-001,12-05-2025,7155000,1073250,6081750,48,8.76,69,REQUIRE_COLLATERAL,Performing
EQF-2025-02107,CUST-02107,EQ-007,12-05-2025,5840000,1460000,4380000,48,8.36,44.9,STRUCTURED_LEASE,Performing
EQF-2025-02108,CUST-02108,EQ-002,12-05-2025,3965000,793000,3172000,48,9.48,67.4,REQUIRE_COLLATERAL,Performing
EQF-2025-02109,CUST-02109,EQ-012,12-05-2025,8393000,839300,7553700,60,10.39,68.7,REQUIRE_COLLATERAL,Performing
EQF-2025-02110,CUST-02110,EQ-015,12-05-2025,4154000,1038500,3115500,24,9.12,64.1,STRUCTURED_LEASE,Performing
EQF-2025-02111,CUST-02111,EQ-009,12-05-2025,4268000,1067000,3201000,36,8.67,72.8,REQUIRE_COLLATERAL,Performing
EQF-2025-02112,CUST-02112,EQ-006,12-05-2025,7225000,1445000,5780000,36,11.66,54.3,STRUCTURED_LEASE,Performing
EQF-2025-02113,CUST-02113,EQ-005,13-05-2025,5475000,821250,4653750,60,8.24,81.1,REJECT,60_Days_Past_Due
EQF-2025-02114,CUST-02114,EQ-007,13-05-2025,1018000,203600,814400,60,11.7,82.4,REJECT,Performing
EQF-2025-02115,CUST-02115,EQ-013,13-05-2025,1872000,374400,1497600,24,10.94,72.6,REQUIRE_COLLATERAL,Performing
EQF-2025-02116,CUST-02116,EQ-006,13-05-2025,7555000,1133250,6421750,24,12.37,95.9,REJECT,60_Days_Past_Due
EQF-2025-02117,CUST-02117,EQ-012,13-05-2025,10192000,2548000,7644000,60,12.77,73.9,REQUIRE_COLLATERAL,30_Days_Past_Due
EQF-2025-02118,CUST-02118,EQ-004,13-05-2025,10578000,2115600,8462400,36,10.06,68.3,REQUIRE_COLLATERAL,Performing
EQF-2025-02119,CUST-02119,EQ-009,13-05-2025,2007000,401400,1605600,36,12.62,52.4,STRUCTURED_LEASE,Performing
EQF-2025-02120,CUST-02120,EQ-002,13-05-2025,2335000,583750,1751250,24,10.26,57.6,STRUCTURED_LEASE,Performing
EQF-2025-02121,CUST-02121,EQ-003,13-05-2025,1935000,483750,1451250,36,10.09,82.5,REJECT,60_Days_Past_Due
EQF-2025-02122,CUST-02122,EQ-004,13-05-2025,7208000,720800,6487200,48,9.79,60.9,STRUCTURED_LEASE,30_Days_Past_Due
EQF-2025-02123,CUST-02123,EQ-007,13-05-2025,2791000,558200,2232800,36,8.85,63.2,STRUCTURED_LEASE,Performing
EQF-2025-02124,CUST-02124,EQ-011,13-05-2025,5730000,573000,5157000,48,10.64,59.1,STRUCTURED_LEASE,Performing
EQF-2025-02125,CUST-02125,EQ-002,13-05-2025,4142000,621300,3520700,60,11.23,58.7,STRUCTURED_LEASE,Performing
EQF-2025-02126,CUST-02126,EQ-013,13-05-2025,3238000,809500,2428500,24,7.4,70.1,REQUIRE_COLLATERAL,60_Days_Past_Due
EQF-2025-02127,CUST-02127,EQ-010,13-05-2025,4835000,1208750,3626250,24,13.34,53.7,STRUCTURED_LEASE,30_Days_Past_Due
EQF-2025-02128,CUST-02128,EQ-009,13-05-2025,4858000,485800,4372200,60,11.94,59.6,STRUCTURED_LEASE,60_Days_Past_Due
EQF-2025-02129,CUST-02129,EQ-007,14-05-2025,4678000,935600,3742400,48,8.63,66.4,REQUIRE_COLLATERAL,Performing
EQF-2025-02130,CUST-02130,EQ-001,14-05-2025,6258000,938700,5319300,36,10.34,68.3,REQUIRE_COLLATERAL,Performing
EQF-2025-02131,CUST-02131,EQ-009,14-05-2025,3550000,710000,2840000,36,9.44,95.9,REJECT,Performing
EQF-2025-02132,CUST-02132,EQ-009,14-05-2025,3923000,784600,3138400,36,10,64.3,STRUCTURED_LEASE,Performing
EQF-2025-02133,CUST-02133,EQ-010,14-05-2025,8847000,884700,7962300,48,9.3,75.7,REQUIRE_COLLATERAL,Performing
EQF-2025-02134,CUST-02134,EQ-010,14-05-2025,9699000,1939800,7759200,24,10.28,60.3,STRUCTURED_LEASE,Performing
EQF-2025-02135,CUST-02135,EQ-014,14-05-2025,2630000,263000,2367000,36,7.9,56,STRUCTURED_LEASE,Performing
EQF-2025-02136,CUST-02136,EQ-015,14-05-2025,2342000,585500,1756500,24,12.79,70.7,REQUIRE_COLLATERAL,Performing
EQF-2025-02137,CUST-02137,EQ-005,14-05-2025,7726000,1931500,5794500,48,8.01,64.8,STRUCTURED_LEASE,Performing
EQF-2025-02138,CUST-02138,EQ-003,14-05-2025,4998000,1249500,3748500,36,10.33,81.8,REJECT,Performing
EQF-2025-02139,CUST-02139,EQ-006,14-05-2025,6192000,928800,5263200,48,8.48,81.8,REJECT,Default
EQF-2025-02140,CUST-02140,EQ-002,14-05-2025,5948000,892200,5055800,24,9.27,22.6,AUTO_APPROVE,Performing
EQF-2025-02141,CUST-02141,EQ-014,14-05-2025,3708000,741600,2966400,24,10.19,42.5,STRUCTURED_LEASE,Performing
EQF-2025-02142,CUST-02142,EQ-008,14-05-2025,8734000,873400,7860600,48,9.65,62.1,STRUCTURED_LEASE,Performing
EQF-2025-02143,CUST-02143,EQ-013,14-05-2025,2677000,535400,2141600,48,9.69,75.7,REQUIRE_COLLATERAL,Performing
EQF-2025-02144,CUST-02144,EQ-011,14-05-2025,8763000,2190750,6572250,48,8.95,35.2,AUTO_APPROVE,Performing
EQF-2025-02145,CUST-02145,EQ-008,15-05-2025,3725000,745000,2980000,48,8.46,36.6,AUTO_APPROVE,Performing
EQF-2025-02146,CUST-02146,EQ-013,15-05-2025,4326000,865200,3460800,24,10.49,64.3,STRUCTURED_LEASE,Performing
EQF-2025-02147,CUST-02147,EQ-008,15-05-2025,10414000,2082800,8331200,48,8.22,84,REJECT,Performing
EQF-2025-02148,CUST-02148,EQ-012,15-05-2025,10858000,2714500,8143500,36,8.53,62.8,STRUCTURED_LEASE,30_Days_Past_Due
EQF-2025-02149,CUST-02149,EQ-004,15-05-2025,5421000,542100,4878900,24,8.54,67.5,REQUIRE_COLLATERAL,Performing
EQF-2025-02150,CUST-02150,EQ-003,15-05-2025,1785000,357000,1428000,48,9,73.1,REQUIRE_COLLATERAL,Performing
EQF-2025-02151,CUST-02151,EQ-001,15-05-2025,6917000,1729250,5187750,60,7.37,44.4,STRUCTURED_LEASE,Performing
EQF-2025-02152,CUST-02152,EQ-009,15-05-2025,3288000,493200,2794800,48,7.39,50.8,STRUCTURED_LEASE,Performing
EQF-2025-02153,CUST-02153,EQ-013,15-05-2025,3531000,353100,3177900,48,10.31,81.3,REJECT,60_Days_Past_Due
EQF-2025-02154,CUST-02154,EQ-013,15-05-2025,4791000,1197750,3593250,60,10.33,77,REQUIRE_COLLATERAL,60_Days_Past_Due
EQF-2025-02155,CUST-02155,EQ-006,15-05-2025,1838000,367600,1470400,24,9.97,57.1,STRUCTURED_LEASE,Performing
EQF-2025-02156,CUST-02156,EQ-009,15-05-2025,1507000,376750,1130250,60,11.56,71.2,REQUIRE_COLLATERAL,Performing
EQF-2025-02157,CUST-02157,EQ-006,15-05-2025,5701000,570100,5130900,48,8.18,78.6,REQUIRE_COLLATERAL,Performing
EQF-2025-02158,CUST-02158,EQ-012,15-05-2025,7125000,1425000,5700000,48,7,38.6,AUTO_APPROVE,Performing
EQF-2025-02159,CUST-02159,EQ-010,15-05-2025,9985000,1497750,8487250,48,10.68,71.6,REQUIRE_COLLATERAL,Performing
EQF-2025-02160,CUST-02160,EQ-013,15-05-2025,2444000,366600,2077400,48,7,93.3,REJECT,Performing
EQF-2025-02161,CUST-02161,EQ-013,16-05-2025,2301000,345150,1955850,48,9.29,61.1,STRUCTURED_LEASE,Performing
EQF-2025-02162,CUST-02162,EQ-004,16-05-2025,4791000,1197750,3593250,36,9.92,50,STRUCTURED_LEASE,60_Days_Past_Due
EQF-2025-02163,CUST-02163,EQ-001,16-05-2025,5593000,559300,5033700,60,12.59,72.1,REQUIRE_COLLATERAL,Performing
EQF-2025-02164,CUST-02164,EQ-003,16-05-2025,3410000,511500,2898500,24,8.68,75.5,REQUIRE_COLLATERAL,Performing
EQF-2025-02165,CUST-02165,EQ-004,16-05-2025,3930000,786000,3144000,36,8.79,68.8,REQUIRE_COLLATERAL,Performing
EQF-2025-02166,CUST-02166,EQ-007,16-05-2025,3008000,601600,2406400,24,10.49,72.4,REQUIRE_COLLATERAL,Default
EQF-2025-02167,CUST-02167,EQ-010,16-05-2025,6418000,1283600,5134400,36,10.4,48.7,STRUCTURED_LEASE,Performing
EQF-2025-02168,CUST-02168,EQ-009,16-05-2025,1643000,410750,1232250,36,8.98,79.3,REQUIRE_COLLATERAL,Performing
EQF-2025-02169,CUST-02169,EQ-003,16-05-2025,1264000,126400,1137600,24,9.78,67.4,REQUIRE_COLLATERAL,Performing
EQF-2025-02170,CUST-02170,EQ-011,16-05-2025,9722000,972200,8749800,36,8.39,50.1,STRUCTURED_LEASE,30_Days_Past_Due
EQF-2025-02171,CUST-02171,EQ-003,16-05-2025,3845000,576750,3268250,36,10.17,74.7,REQUIRE_COLLATERAL,Performing
EQF-2025-02172,CUST-02172,EQ-006,16-05-2025,8095000,809500,7285500,24,7.11,60.2,STRUCTURED_LEASE,Performing
EQF-2025-02173,CUST-02173,EQ-009,16-05-2025,2754000,550800,2203200,36,13.86,61.3,STRUCTURED_LEASE,Performing
EQF-2025-02174,CUST-02174,EQ-002,16-05-2025,1337000,267400,1069600,60,10.58,99,REJECT,Default
EQF-2025-02175,CUST-02175,EQ-006,16-05-2025,1865000,466250,1398750,24,7.85,42.6,STRUCTURED_LEASE,Performing
EQF-2025-02176,CUST-02176,EQ-013,16-05-2025,2857000,571400,2285600,36,9.1,81.5,REJECT,Performing
EQF-2025-02177,CUST-02177,EQ-012,17-05-2025,10855000,1085500,9769500,24,7.92,63.3,STRUCTURED_LEASE,Performing
EQF-2025-02178,CUST-02178,EQ-004,17-05-2025,9645000,1929000,7716000,24,8.27,76.1,REQUIRE_COLLATERAL,Performing
EQF-2025-02179,CUST-02179,EQ-003,17-05-2025,3794000,569100,3224900,48,9.82,50,STRUCTURED_LEASE,Performing
EQF-2025-02180,CUST-02180,EQ-008,17-05-2025,4271000,1067750,3203250,36,11.59,70.4,REQUIRE_COLLATERAL,Performing
EQF-2025-02181,CUST-02181,EQ-012,17-05-2025,9079000,2269750,6809250,36,9.35,57.2,STRUCTURED_LEASE,Performing
EQF-2025-02182,CUST-02182,EQ-005,17-05-2025,7872000,787200,7084800,36,7,43.7,STRUCTURED_LEASE,Performing
EQF-2025-02183,CUST-02183,EQ-006,17-05-2025,3787000,757400,3029600,48,8.58,49.4,STRUCTURED_LEASE,Performing
EQF-2025-02184,CUST-02184,EQ-012,17-05-2025,9486000,1897200,7588800,48,8.68,78,REQUIRE_COLLATERAL,Performing
EQF-2025-02185,CUST-02185,EQ-013,17-05-2025,4843000,484300,4358700,36,9.63,77.6,REQUIRE_COLLATERAL,Performing
EQF-2025-02186,CUST-02186,EQ-002,17-05-2025,4620000,462000,4158000,24,9.29,33,AUTO_APPROVE,Performing
EQF-2025-02187,CUST-02187,EQ-015,17-05-2025,4688000,703200,3984800,24,7,59.5,STRUCTURED_LEASE,Performing
EQF-2025-02188,CUST-02188,EQ-014,17-05-2025,2159000,215900,1943100,48,8.11,45.1,STRUCTURED_LEASE,Performing
EQF-2025-02189,CUST-02189,EQ-003,17-05-2025,2776000,555200,2220800,24,7.84,48.2,STRUCTURED_LEASE,Performing
EQF-2025-02190,CUST-02190,EQ-003,17-05-2025,1513000,226950,1286050,36,10.85,69.3,REQUIRE_COLLATERAL,Performing
EQF-2025-02191,CUST-02191,EQ-012,17-05-2025,10672000,2668000,8004000,36,9.07,52,STRUCTURED_LEASE,Performing
EQF-2025-02192,CUST-02192,EQ-015,17-05-2025,1339000,267800,1071200,36,7,53.4,STRUCTURED_LEASE,Performing
EQF-2025-02193,CUST-02193,EQ-013,18-05-2025,4376000,1094000,3282000,24,8.2,46,STRUCTURED_LEASE,Performing
EQF-2025-02194,CUST-02194,EQ-008,18-05-2025,9424000,2356000,7068000,36,11.26,81.3,REJECT,60_Days_Past_Due
EQF-2025-02195,CUST-02195,EQ-009,18-05-2025,5235000,1308750,3926250,24,8.6,42.9,STRUCTURED_LEASE,Performing
EQF-2025-02196,CUST-02196,EQ-011,18-05-2025,5553000,1110600,4442400,36,8.48,57.9,STRUCTURED_LEASE,Performing
EQF-2025-02197,CUST-02197,EQ-004,18-05-2025,2717000,679250,2037750,48,9.24,79.1,REQUIRE_COLLATERAL,Performing
EQF-2025-02198,CUST-02198,EQ-015,18-05-2025,4943000,988600,3954400,36,9.84,94.5,REJECT,Performing
EQF-2025-02199,CUST-02199,EQ-008,18-05-2025,7601000,1900250,5700750,48,9.29,55.2,STRUCTURED_LEASE,Performing
EQF-2025-02200,CUST-02200,EQ-012,18-05-2025,11820000,1182000,10638000,48,11.03,46.6,STRUCTURED_LEASE,Performing
EQF-2025-02201,CUST-02201,EQ-002,18-05-2025,2380000,238000,2142000,48,9.29,61.4,STRUCTURED_LEASE,Performing
EQF-2025-02202,CUST-02202,EQ-009,18-05-2025,5066000,1013200,4052800,60,10.51,99,REJECT,60_Days_Past_Due
EQF-2025-02203,CUST-02203,EQ-011,18-05-2025,12219000,3054750,9164250,36,9.8,36.5,AUTO_APPROVE,Performing
EQF-2025-02204,CUST-02204,EQ-006,18-05-2025,4738000,1184500,3553500,36,7.56,52.9,STRUCTURED_LEASE,Performing
EQF-2025-02205,CUST-02205,EQ-003,18-05-2025,3485000,871250,2613750,48,12.18,59.1,STRUCTURED_LEASE,Performing
EQF-2025-02206,CUST-02206,EQ-002,18-05-2025,4907000,490700,4416300,48,11.23,70.6,REQUIRE_COLLATERAL,30_Days_Past_Due
EQF-2025-02207,CUST-02207,EQ-012,18-05-2025,6367000,1591750,4775250,48,8.65,90.4,REJECT,Default
EQF-2025-02208,CUST-02208,EQ-015,18-05-2025,1143000,285750,857250,24,9.33,49.4,STRUCTURED_LEASE,30_Days_Past_Due
EQF-2025-02209,CUST-02209,EQ-011,19-05-2025,9850000,1970000,7880000,48,10.42,75.2,REQUIRE_COLLATERAL,Performing
EQF-2025-02210,CUST-02210,EQ-015,19-05-2025,1123000,280750,842250,60,9.77,75.9,REQUIRE_COLLATERAL,Performing
EQF-2025-02211,CUST-02211,EQ-014,19-05-2025,4113000,411300,3701700,36,9.66,28.8,AUTO_APPROVE,Performing
EQF-2025-02212,CUST-02212,EQ-003,19-05-2025,3933000,983250,2949750,60,10.26,67.2,REQUIRE_COLLATERAL,Performing
EQF-2025-02213,CUST-02213,EQ-009,19-05-2025,7672000,767200,6904800,36,10.03,63.8,STRUCTURED_LEASE,Performing
EQF-2025-02214,CUST-02214,EQ-002,19-05-2025,4126000,412600,3713400,24,10.04,75.3,REQUIRE_COLLATERAL,Performing
EQF-2025-02215,CUST-02215,EQ-013,19-05-2025,1455000,218250,1236750,36,9.64,72.7,REQUIRE_COLLATERAL,Performing
EQF-2025-02216,CUST-02216,EQ-011,19-05-2025,6785000,678500,6106500,36,10.46,60.6,STRUCTURED_LEASE,Performing
EQF-2025-02217,CUST-02217,EQ-003,19-05-2025,4270000,640500,3629500,48,9.81,89,REJECT,Performing
EQF-2025-02218,CUST-02218,EQ-001,19-05-2025,5838000,875700,4962300,48,9.85,57.7,STRUCTURED_LEASE,60_Days_Past_Due
EQF-2025-02219,CUST-02219,EQ-015,19-05-2025,4432000,1108000,3324000,48,11.56,69.6,REQUIRE_COLLATERAL,Performing
EQF-2025-02220,CUST-02220,EQ-005,19-05-2025,6962000,1044300,5917700,24,10.15,43.7,STRUCTURED_LEASE,Performing
EQF-2025-02221,CUST-02221,EQ-014,19-05-2025,2454000,490800,1963200,36,10,49.4,STRUCTURED_LEASE,Performing
EQF-2025-02222,CUST-02222,EQ-008,19-05-2025,5240000,524000,4716000,36,8.17,42.6,STRUCTURED_LEASE,Performing
EQF-2025-02223,CUST-02223,EQ-005,19-05-2025,5405000,1081000,4324000,60,8.24,70,REQUIRE_COLLATERAL,30_Days_Past_Due
EQF-2025-02224,CUST-02224,EQ-009,19-05-2025,7529000,1129350,6399650,36,11.21,95.5,REJECT,Performing
EQF-2025-02225,CUST-02225,EQ-005,20-05-2025,3067000,766750,2300250,60,10.36,74.2,REQUIRE_COLLATERAL,Performing
EQF-2025-02226,CUST-02226,EQ-004,20-05-2025,10501000,1050100,9450900,36,10.88,63.4,STRUCTURED_LEASE,Performing
EQF-2025-02227,CUST-02227,EQ-012,20-05-2025,10590000,2118000,8472000,24,9.8,44.8,STRUCTURED_LEASE,Performing
EQF-2025-02228,CUST-02228,EQ-008,20-05-2025,10933000,2733250,8199750,36,10.1,40.9,STRUCTURED_LEASE,Performing
EQF-2025-02229,CUST-02229,EQ-011,20-05-2025,4986000,747900,4238100,36,9.28,74.9,REQUIRE_COLLATERAL,Performing
EQF-2025-02230,CUST-02230,EQ-012,20-05-2025,5392000,1348000,4044000,60,9.46,64.7,STRUCTURED_LEASE,Performing
EQF-2025-02231,CUST-02231,EQ-003,20-05-2025,4341000,868200,3472800,48,8.87,87.8,REJECT,60_Days_Past_Due
EQF-2025-02232,CUST-02232,EQ-009,20-05-2025,7553000,1888250,5664750,60,11.5,73.2,REQUIRE_COLLATERAL,Performing
EQF-2025-02233,CUST-02233,EQ-007,20-05-2025,3116000,623200,2492800,48,8.43,46,STRUCTURED_LEASE,Performing
EQF-2025-02234,CUST-02234,EQ-007,20-05-2025,4513000,1128250,3384750,48,9.96,88.1,REJECT,Performing
EQF-2025-02235,CUST-02235,EQ-013,20-05-2025,4497000,449700,4047300,48,9.27,56.7,STRUCTURED_LEASE,Performing
EQF-2025-02236,CUST-02236,EQ-010,20-05-2025,2867000,716750,2150250,48,10.93,78.2,REQUIRE_COLLATERAL,Performing
EQF-2025-02237,CUST-02237,EQ-002,20-05-2025,3785000,378500,3406500,48,9.84,68.3,REQUIRE_COLLATERAL,30_Days_Past_Due
EQF-2025-02238,CUST-02238,EQ-005,20-05-2025,7474000,1494800,5979200,36,10.19,55.6,STRUCTURED_LEASE,Performing
EQF-2025-02239,CUST-02239,EQ-009,20-05-2025,4287000,428700,3858300,36,9.81,75.2,REQUIRE_COLLATERAL,Performing
EQF-2025-02240,CUST-02240,EQ-006,20-05-2025,3617000,904250,2712750,48,8.01,69.2,REQUIRE_COLLATERAL,Performing
EQF-2025-02241,CUST-02241,EQ-003,21-05-2025,4224000,422400,3801600,24,10.33,52.9,STRUCTURED_LEASE,Performing
EQF-2025-02242,CUST-02242,EQ-005,21-05-2025,3851000,770200,3080800,36,9.35,46.1,STRUCTURED_LEASE,Performing
EQF-2025-02243,CUST-02243,EQ-008,21-05-2025,2527000,631750,1895250,60,8.36,63.7,STRUCTURED_LEASE,Performing
EQF-2025-02244,CUST-02244,EQ-015,21-05-2025,5790000,579000,5211000,36,7.38,35.3,AUTO_APPROVE,Performing
EQF-2025-02245,CUST-02245,EQ-015,21-05-2025,3879000,387900,3491100,48,8.27,69.5,REQUIRE_COLLATERAL,30_Days_Past_Due
EQF-2025-02246,CUST-02246,EQ-008,21-05-2025,9466000,1419900,8046100,36,10.65,53.6,STRUCTURED_LEASE,Performing
EQF-2025-02247,CUST-02247,EQ-005,21-05-2025,7277000,727700,6549300,48,12.14,64.1,STRUCTURED_LEASE,Performing
EQF-2025-02248,CUST-02248,EQ-014,21-05-2025,1452000,217800,1234200,36,9.68,50.1,STRUCTURED_LEASE,Performing
EQF-2025-02249,CUST-02249,EQ-010,21-05-2025,3952000,790400,3161600,60,8,77.5,REQUIRE_COLLATERAL,Performing
EQF-2025-02250,CUST-02250,EQ-006,21-05-2025,3678000,551700,3126300,60,10.12,52.6,STRUCTURED_LEASE,Performing
EQF-2025-02251,CUST-02251,EQ-009,21-05-2025,3745000,749000,2996000,60,11.12,63.5,STRUCTURED_LEASE,Performing
EQF-2025-02252,CUST-02252,EQ-002,21-05-2025,4226000,422600,3803400,24,12.38,31.4,AUTO_APPROVE,Performing
EQF-2025-02253,CUST-02253,EQ-013,21-05-2025,3568000,356800,3211200,36,11.4,56.9,STRUCTURED_LEASE,Performing
EQF-2025-02254,CUST-02254,EQ-003,21-05-2025,3079000,461850,2617150,60,9.84,69.6,REQUIRE_COLLATERAL,30_Days_Past_Due
EQF-2025-02255,CUST-02255,EQ-007,21-05-2025,1899000,379800,1519200,48,10.36,77.8,REQUIRE_COLLATERAL,30_Days_Past_Due
EQF-2025-02256,CUST-02256,EQ-010,21-05-2025,5747000,574700,5172300,60,8.42,69.2,REQUIRE_COLLATERAL,Default
EQF-2025-02257,CUST-02257,EQ-010,22-05-2025,7121000,1068150,6052850,48,10.7,52.1,STRUCTURED_LEASE,Performing
EQF-2025-02258,CUST-02258,EQ-011,22-05-2025,9148000,1372200,7775800,36,10.9,50,STRUCTURED_LEASE,Performing
EQF-2025-02259,CUST-02259,EQ-001,22-05-2025,5400000,810000,4590000,24,7,56.3,STRUCTURED_LEASE,Performing
EQF-2025-02260,CUST-02260,EQ-011,22-05-2025,11145000,1114500,10030500,48,9.71,57.8,STRUCTURED_LEASE,Performing
EQF-2025-02261,CUST-02261,EQ-003,22-05-2025,1478000,295600,1182400,48,11.74,80.6,REJECT,60_Days_Past_Due
EQF-2025-02262,CUST-02262,EQ-008,22-05-2025,5715000,571500,5143500,24,8.49,69.8,REQUIRE_COLLATERAL,60_Days_Past_Due
EQF-2025-02263,CUST-02263,EQ-015,22-05-2025,4492000,1123000,3369000,36,7,66.9,REQUIRE_COLLATERAL,Performing
EQF-2025-02264,CUST-02264,EQ-011,22-05-2025,4220000,1055000,3165000,48,9.46,51.4,STRUCTURED_LEASE,Performing
EQF-2025-02265,CUST-02265,EQ-010,22-05-2025,7345000,734500,6610500,48,11.11,61,STRUCTURED_LEASE,Performing
EQF-2025-02266,CUST-02266,EQ-004,22-05-2025,5343000,1068600,4274400,24,10.1,67.5,REQUIRE_COLLATERAL,30_Days_Past_Due
EQF-2025-02267,CUST-02267,EQ-008,22-05-2025,2575000,386250,2188750,36,9.54,71.2,REQUIRE_COLLATERAL,Performing
EQF-2025-02268,CUST-02268,EQ-014,22-05-2025,1923000,480750,1442250,36,8.11,67.2,REQUIRE_COLLATERAL,Default
EQF-2025-02269,CUST-02269,EQ-005,22-05-2025,8087000,2021750,6065250,36,7.85,72.6,REQUIRE_COLLATERAL,Performing
EQF-2025-02270,CUST-02270,EQ-004,22-05-2025,6930000,693000,6237000,60,9.77,64.1,STRUCTURED_LEASE,Performing
EQF-2025-02271,CUST-02271,EQ-005,22-05-2025,8481000,2120250,6360750,48,9.41,40.7,STRUCTURED_LEASE,Performing
EQF-2025-02272,CUST-02272,EQ-011,22-05-2025,9773000,2443250,7329750,48,10.78,65,REQUIRE_COLLATERAL,60_Days_Past_Due
EQF-2025-02273,CUST-02273,EQ-008,23-05-2025,7123000,1068450,6054550,48,10.16,50.9,STRUCTURED_LEASE,Performing
EQF-2025-02274,CUST-02274,EQ-003,23-05-2025,2689000,403350,2285650,36,8.39,81.4,REJECT,60_Days_Past_Due
EQF-2025-02275,CUST-02275,EQ-007,23-05-2025,2412000,482400,1929600,48,9.88,82.4,REJECT,Performing
EQF-2025-02276,CUST-02276,EQ-010,23-05-2025,4638000,1159500,3478500,60,9.64,99,REJECT,Performing
EQF-2025-02277,CUST-02277,EQ-003,23-05-2025,2505000,501000,2004000,48,7,50.1,STRUCTURED_LEASE,Performing
EQF-2025-02278,CUST-02278,EQ-008,23-05-2025,6409000,1281800,5127200,36,8.87,33.9,AUTO_APPROVE,Performing
EQF-2025-02279,CUST-02279,EQ-004,23-05-2025,4132000,619800,3512200,48,9.59,44.9,STRUCTURED_LEASE,60_Days_Past_Due
EQF-2025-02280,CUST-02280,EQ-006,23-05-2025,3074000,461100,2612900,60,9.33,62.3,STRUCTURED_LEASE,Performing
EQF-2025-02281,CUST-02281,EQ-001,23-05-2025,6987000,698700,6288300,24,9.97,65.1,REQUIRE_COLLATERAL,30_Days_Past_Due
EQF-2025-02282,CUST-02282,EQ-011,23-05-2025,8942000,1341300,7600700,36,9.62,57.4,STRUCTURED_LEASE,Performing
EQF-2025-02283,CUST-02283,EQ-004,23-05-2025,8049000,1609800,6439200,60,10.01,78,REQUIRE_COLLATERAL,Performing
EQF-2025-02284,CUST-02284,EQ-005,23-05-2025,7493000,1873250,5619750,60,9.75,67.7,REQUIRE_COLLATERAL,Performing
EQF-2025-02285,CUST-02285,EQ-005,23-05-2025,3510000,702000,2808000,36,9.47,91.9,REJECT,Performing
EQF-2025-02286,CUST-02286,EQ-001,23-05-2025,6021000,1204200,4816800,36,9.74,95.1,REJECT,Default
EQF-2025-02287,CUST-02287,EQ-007,23-05-2025,2770000,554000,2216000,36,8.96,68.2,REQUIRE_COLLATERAL,Performing
EQF-2025-02288,CUST-02288,EQ-012,23-05-2025,13838000,2075700,11762300,36,8.88,33.6,AUTO_APPROVE,Performing
EQF-2025-02289,CUST-02289,EQ-010,24-05-2025,2584000,516800,2067200,60,9.65,49.6,STRUCTURED_LEASE,Performing
EQF-2025-02290,CUST-02290,EQ-005,24-05-2025,6245000,624500,5620500,24,7,40.6,STRUCTURED_LEASE,Performing
EQF-2025-02291,CUST-02291,EQ-004,24-05-2025,6556000,1639000,4917000,36,8.94,55.3,STRUCTURED_LEASE,60_Days_Past_Due
EQF-2025-02292,CUST-02292,EQ-001,24-05-2025,5772000,865800,4906200,60,8.44,39.8,AUTO_APPROVE,Performing
EQF-2025-02293,CUST-02293,EQ-005,24-05-2025,3747000,749400,2997600,36,8.26,68.6,REQUIRE_COLLATERAL,30_Days_Past_Due
EQF-2025-02294,CUST-02294,EQ-010,24-05-2025,4412000,441200,3970800,48,9.03,87.4,REJECT,60_Days_Past_Due
EQF-2025-02295,CUST-02295,EQ-005,24-05-2025,7645000,1911250,5733750,36,7.49,68.2,REQUIRE_COLLATERAL,Default
EQF-2025-02296,CUST-02296,EQ-009,24-05-2025,4873000,974600,3898400,48,9.03,77.6,REQUIRE_COLLATERAL,60_Days_Past_Due
EQF-2025-02297,CUST-02297,EQ-005,24-05-2025,5442000,1360500,4081500,60,9.85,42.4,STRUCTURED_LEASE,Performing
EQF-2025-02298,CUST-02298,EQ-005,24-05-2025,5656000,848400,4807600,36,11.08,50.5,STRUCTURED_LEASE,Performing
EQF-2025-02299,CUST-02299,EQ-006,24-05-2025,5977000,896550,5080450,48,12.8,89.3,REJECT,Default
EQF-2025-02300,CUST-02300,EQ-012,24-05-2025,9451000,945100,8505900,60,7,62.7,STRUCTURED_LEASE,Performing
EQF-2025-02301,CUST-02301,EQ-014,24-05-2025,1268000,190200,1077800,60,8.1,69.9,REQUIRE_COLLATERAL,Performing
EQF-2025-02302,CUST-02302,EQ-008,24-05-2025,5345000,534500,4810500,36,9.03,51.5,STRUCTURED_LEASE,Performing
EQF-2025-02303,CUST-02303,EQ-010,24-05-2025,4063000,812600,3250400,36,9.71,30.4,AUTO_APPROVE,Performing
EQF-2025-02304,CUST-02304,EQ-011,24-05-2025,11482000,2870500,8611500,36,10.05,44.5,STRUCTURED_LEASE,Performing
EQF-2025-02305,CUST-02305,EQ-007,25-05-2025,1095000,164250,930750,36,8.58,47.7,STRUCTURED_LEASE,Performing
EQF-2025-02306,CUST-02306,EQ-011,25-05-2025,10202000,2550500,7651500,36,7,45.1,STRUCTURED_LEASE,Performing
EQF-2025-02307,CUST-02307,EQ-005,25-05-2025,2974000,743500,2230500,36,11.05,59.3,STRUCTURED_LEASE,Performing
EQF-2025-02308,CUST-02308,EQ-008,25-05-2025,10565000,2113000,8452000,48,10.25,72,REQUIRE_COLLATERAL,Default
EQF-2025-02309,CUST-02309,EQ-009,25-05-2025,3849000,769800,3079200,48,10.57,57,STRUCTURED_LEASE,Performing
EQF-2025-02310,CUST-02310,EQ-011,25-05-2025,7577000,1136550,6440450,60,9.18,68.7,REQUIRE_COLLATERAL,Performing
EQF-2025-02311,CUST-02311,EQ-010,25-05-2025,10349000,2069800,8279200,48,10.03,75.1,REQUIRE_COLLATERAL,Performing
EQF-2025-02312,CUST-02312,EQ-015,25-05-2025,2970000,742500,2227500,36,7,70.1,REQUIRE_COLLATERAL,60_Days_Past_Due
EQF-2025-02313,CUST-02313,EQ-010,25-05-2025,10684000,1068400,9615600,48,7.89,72.8,REQUIRE_COLLATERAL,Performing
EQF-2025-02314,CUST-02314,EQ-013,25-05-2025,1292000,129200,1162800,48,11.29,88.1,REJECT,60_Days_Past_Due
EQF-2025-02315,CUST-02315,EQ-002,25-05-2025,2393000,239300,2153700,36,9.55,69.1,REQUIRE_COLLATERAL,Performing
EQF-2025-02316,CUST-02316,EQ-009,25-05-2025,6163000,924450,5238550,24,12.3,67.6,REQUIRE_COLLATERAL,60_Days_Past_Due
EQF-2025-02317,CUST-02317,EQ-011,25-05-2025,13799000,2759800,11039200,60,8.04,64.3,STRUCTURED_LEASE,30_Days_Past_Due
EQF-2025-02318,CUST-02318,EQ-012,25-05-2025,6820000,1364000,5456000,24,13.33,64,STRUCTURED_LEASE,Performing
EQF-2025-02319,CUST-02319,EQ-001,25-05-2025,14235000,2847000,11388000,60,13.54,71.2,REQUIRE_COLLATERAL,Performing
EQF-2025-02320,CUST-02320,EQ-011,25-05-2025,10535000,2107000,8428000,60,8.53,52.1,STRUCTURED_LEASE,Performing
EQF-2025-02321,CUST-02321,EQ-002,26-05-2025,4965000,1241250,3723750,36,8.82,29.8,AUTO_APPROVE,Performing
EQF-2025-02322,CUST-02322,EQ-003,26-05-2025,2709000,270900,2438100,48,11.38,49.6,STRUCTURED_LEASE,Performing
EQF-2025-02323,CUST-02323,EQ-004,26-05-2025,4304000,1076000,3228000,36,8.66,71.2,REQUIRE_COLLATERAL,Performing
EQF-2025-02324,CUST-02324,EQ-001,26-05-2025,14024000,2103600,11920400,60,9.1,62.2,STRUCTURED_LEASE,Performing
EQF-2025-02325,CUST-02325,EQ-014,26-05-2025,4746000,474600,4271400,48,8.4,59.1,STRUCTURED_LEASE,Performing
EQF-2025-02326,CUST-02326,EQ-002,26-05-2025,3387000,338700,3048300,24,8.44,76.4,REQUIRE_COLLATERAL,30_Days_Past_Due
EQF-2025-02327,CUST-02327,EQ-003,26-05-2025,1225000,306250,918750,48,9.68,64.5,STRUCTURED_LEASE,Performing
EQF-2025-02328,CUST-02328,EQ-009,26-05-2025,2268000,340200,1927800,48,9.09,71,REQUIRE_COLLATERAL,Performing
EQF-2025-02329,CUST-02329,EQ-008,26-05-2025,7371000,1105650,6265350,24,7,66.4,REQUIRE_COLLATERAL,60_Days_Past_Due
EQF-2025-02330,CUST-02330,EQ-009,26-05-2025,1666000,166600,1499400,60,11.66,99,REJECT,Performing
EQF-2025-02331,CUST-02331,EQ-012,26-05-2025,8366000,1673200,6692800,36,11.9,84,REJECT,Performing
EQF-2025-02332,CUST-02332,EQ-006,26-05-2025,3624000,543600,3080400,48,10.27,40.5,STRUCTURED_LEASE,Performing
EQF-2025-02333,CUST-02333,EQ-010,26-05-2025,8572000,2143000,6429000,36,9.69,79.6,REQUIRE_COLLATERAL,Default
EQF-2025-02334,CUST-02334,EQ-014,26-05-2025,1411000,211650,1199350,48,8.1,67.9,REQUIRE_COLLATERAL,Performing
EQF-2025-02335,CUST-02335,EQ-006,26-05-2025,4921000,492100,4428900,48,8.81,79.2,REQUIRE_COLLATERAL,60_Days_Past_Due
EQF-2025-02336,CUST-02336,EQ-012,26-05-2025,10370000,2074000,8296000,48,11.13,82.5,REJECT,Performing
EQF-2025-02337,CUST-02337,EQ-008,27-05-2025,7747000,1162050,6584950,48,10.4,85.6,REJECT,Default
EQF-2025-02338,CUST-02338,EQ-011,27-05-2025,8457000,845700,7611300,48,10.18,59.9,STRUCTURED_LEASE,Performing
EQF-2025-02339,CUST-02339,EQ-006,27-05-2025,3631000,544650,3086350,36,10.25,86.7,REJECT,60_Days_Past_Due
EQF-2025-02340,CUST-02340,EQ-011,27-05-2025,11507000,2301400,9205600,36,11.09,53.4,STRUCTURED_LEASE,60_Days_Past_Due
EQF-2025-02341,CUST-02341,EQ-003,27-05-2025,4421000,1105250,3315750,24,10.87,82.1,REJECT,Default
EQF-2025-02342,CUST-02342,EQ-006,27-05-2025,6355000,635500,5719500,24,10.53,77.3,REQUIRE_COLLATERAL,30_Days_Past_Due
EQF-2025-02343,CUST-02343,EQ-005,27-05-2025,8025000,802500,7222500,24,8.98,51.9,STRUCTURED_LEASE,Performing
EQF-2025-02344,CUST-02344,EQ-012,27-05-2025,11890000,2378000,9512000,60,12.03,48.8,STRUCTURED_LEASE,Performing
EQF-2025-02345,CUST-02345,EQ-015,27-05-2025,4776000,477600,4298400,60,8.77,77.8,REQUIRE_COLLATERAL,30_Days_Past_Due
EQF-2025-02346,CUST-02346,EQ-013,27-05-2025,1838000,367600,1470400,24,8.2,47.1,STRUCTURED_LEASE,Performing
EQF-2025-02347,CUST-02347,EQ-003,27-05-2025,2794000,279400,2514600,36,8.65,81.4,REJECT,60_Days_Past_Due
EQF-2025-02348,CUST-02348,EQ-011,27-05-2025,9336000,1867200,7468800,24,7.71,68.8,REQUIRE_COLLATERAL,Performing
EQF-2025-02349,CUST-02349,EQ-010,27-05-2025,4678000,701700,3976300,48,10.38,73.2,REQUIRE_COLLATERAL,Performing
EQF-2025-02350,CUST-02350,EQ-006,27-05-2025,5200000,780000,4420000,36,9.48,62.9,STRUCTURED_LEASE,Performing
EQF-2025-02351,CUST-02351,EQ-010,27-05-2025,4972000,745800,4226200,48,11.19,54.4,STRUCTURED_LEASE,Performing
EQF-2025-02352,CUST-02352,EQ-007,27-05-2025,4375000,437500,3937500,48,7,39.5,AUTO_APPROVE,Performing
EQF-2025-02353,CUST-02353,EQ-008,28-05-2025,6497000,1299400,5197600,48,9.82,76.4,REQUIRE_COLLATERAL,Performing
EQF-2025-02354,CUST-02354,EQ-015,28-05-2025,3186000,637200,2548800,36,9.11,99,REJECT,60_Days_Past_Due
EQF-2025-02355,CUST-02355,EQ-014,28-05-2025,4938000,1234500,3703500,24,8.98,74,REQUIRE_COLLATERAL,Performing
EQF-2025-02356,CUST-02356,EQ-009,28-05-2025,4247000,637050,3609950,24,7.94,36.3,AUTO_APPROVE,Performing
EQF-2025-02357,CUST-02357,EQ-002,28-05-2025,2684000,671000,2013000,36,9.57,63.8,STRUCTURED_LEASE,30_Days_Past_Due
EQF-2025-02358,CUST-02358,EQ-005,28-05-2025,3730000,559500,3170500,60,8.35,43.5,STRUCTURED_LEASE,Performing
EQF-2025-02359,CUST-02359,EQ-010,28-05-2025,10105000,2526250,7578750,36,11.78,44,STRUCTURED_LEASE,Performing
EQF-2025-02360,CUST-02360,EQ-005,28-05-2025,4977000,746550,4230450,36,10.44,55,STRUCTURED_LEASE,Performing
EQF-2025-02361,CUST-02361,EQ-009,28-05-2025,5700000,1140000,4560000,60,10.97,50.6,STRUCTURED_LEASE,Performing
EQF-2025-02362,CUST-02362,EQ-011,28-05-2025,5989000,898350,5090650,24,7,56.6,STRUCTURED_LEASE,Performing
EQF-2025-02363,CUST-02363,EQ-011,28-05-2025,9950000,995000,8955000,24,10.83,39.3,AUTO_APPROVE,Performing
EQF-2025-02364,CUST-02364,EQ-004,28-05-2025,4835000,725250,4109750,60,10.69,86.1,REJECT,Default
EQF-2025-02365,CUST-02365,EQ-010,28-05-2025,8710000,1306500,7403500,48,8.89,76.4,REQUIRE_COLLATERAL,30_Days_Past_Due
EQF-2025-02366,CUST-02366,EQ-006,28-05-2025,7328000,1465600,5862400,36,9.22,35.5,AUTO_APPROVE,Performing
EQF-2025-02367,CUST-02367,EQ-009,28-05-2025,6504000,650400,5853600,48,8.03,67.9,REQUIRE_COLLATERAL,Performing
EQF-2025-02368,CUST-02368,EQ-010,28-05-2025,8707000,1741400,6965600,48,9.04,83.5,REJECT,Performing
EQF-2025-02369,CUST-02369,EQ-011,29-05-2025,9637000,2409250,7227750,24,10.35,62.7,STRUCTURED_LEASE,Performing
EQF-2025-02370,CUST-02370,EQ-013,29-05-2025,3906000,976500,2929500,48,8.5,84.2,REJECT,60_Days_Past_Due
EQF-2025-02371,CUST-02371,EQ-003,29-05-2025,2806000,280600,2525400,48,9.55,76.6,REQUIRE_COLLATERAL,Performing
EQF-2025-02372,CUST-02372,EQ-013,29-05-2025,3676000,919000,2757000,60,13.32,85.9,REJECT,60_Days_Past_Due
EQF-2025-02373,CUST-02373,EQ-014,29-05-2025,2184000,218400,1965600,60,8.03,85.1,REJECT,Default
EQF-2025-02374,CUST-02374,EQ-012,29-05-2025,4767000,715050,4051950,36,10,64.1,STRUCTURED_LEASE,Performing
EQF-2025-02375,CUST-02375,EQ-014,29-05-2025,2771000,692750,2078250,48,7.95,79.7,REQUIRE_COLLATERAL,Performing
EQF-2025-02376,CUST-02376,EQ-011,29-05-2025,9080000,1362000,7718000,24,7.27,40.9,STRUCTURED_LEASE,Performing
EQF-2025-02377,CUST-02377,EQ-012,29-05-2025,6820000,1364000,5456000,24,10.7,24.7,AUTO_APPROVE,Performing
EQF-2025-02378,CUST-02378,EQ-014,29-05-2025,3965000,991250,2973750,36,8.89,83.2,REJECT,60_Days_Past_Due
EQF-2025-02379,CUST-02379,EQ-001,29-05-2025,4809000,961800,3847200,48,11.9,46.7,STRUCTURED_LEASE,Performing
EQF-2025-02380,CUST-02380,EQ-014,29-05-2025,2046000,409200,1636800,48,10.35,57.6,STRUCTURED_LEASE,30_Days_Past_Due
EQF-2025-02381,CUST-02381,EQ-013,29-05-2025,4045000,404500,3640500,36,8.32,51.2,STRUCTURED_LEASE,Performing
EQF-2025-02382,CUST-02382,EQ-002,29-05-2025,3073000,614600,2458400,48,8.18,88,REJECT,Default
EQF-2025-02383,CUST-02383,EQ-002,29-05-2025,4467000,446700,4020300,48,10.58,91.9,REJECT,Performing
EQF-2025-02384,CUST-02384,EQ-011,29-05-2025,10242000,1024200,9217800,48,7.92,72,REQUIRE_COLLATERAL,Performing
EQF-2025-02385,CUST-02385,EQ-012,30-05-2025,14458000,1445800,13012200,24,7.88,46.5,STRUCTURED_LEASE,Performing
EQF-2025-02386,CUST-02386,EQ-010,30-05-2025,7581000,758100,6822900,48,7,52.1,STRUCTURED_LEASE,Performing
EQF-2025-02387,CUST-02387,EQ-011,30-05-2025,4164000,416400,3747600,60,10.44,70.6,REQUIRE_COLLATERAL,60_Days_Past_Due
EQF-2025-02388,CUST-02388,EQ-004,30-05-2025,5499000,824850,4674150,24,8.29,64.3,STRUCTURED_LEASE,30_Days_Past_Due
EQF-2025-02389,CUST-02389,EQ-013,30-05-2025,1744000,174400,1569600,36,10.04,68.3,REQUIRE_COLLATERAL,Performing
EQF-2025-02390,CUST-02390,EQ-014,30-05-2025,4714000,1178500,3535500,60,7.55,67.7,REQUIRE_COLLATERAL,Performing
EQF-2025-02391,CUST-02391,EQ-001,30-05-2025,5144000,514400,4629600,48,7.04,37.5,AUTO_APPROVE,Performing
EQF-2025-02392,CUST-02392,EQ-006,30-05-2025,4214000,632100,3581900,48,10.58,99,REJECT,Default
EQF-2025-02393,CUST-02393,EQ-001,30-05-2025,6487000,1621750,4865250,36,9.26,58.9,STRUCTURED_LEASE,Performing
EQF-2025-02394,CUST-02394,EQ-006,30-05-2025,7427000,1856750,5570250,48,8.48,56.2,STRUCTURED_LEASE,Performing
EQF-2025-02395,CUST-02395,EQ-015,30-05-2025,2405000,360750,2044250,36,8.77,73,REQUIRE_COLLATERAL,Performing
EQF-2025-02396,CUST-02396,EQ-001,30-05-2025,14911000,3727750,11183250,24,8.78,57.8,STRUCTURED_LEASE,Performing
EQF-2025-02397,CUST-02397,EQ-009,30-05-2025,1770000,265500,1504500,36,12.55,45.5,STRUCTURED_LEASE,Performing
EQF-2025-02398,CUST-02398,EQ-009,30-05-2025,2398000,479600,1918400,36,9.9,54.5,STRUCTURED_LEASE,Performing
EQF-2025-02399,CUST-02399,EQ-004,30-05-2025,4409000,881800,3527200,48,9.71,94.9,REJECT,Performing
EQF-2025-02400,CUST-02400,EQ-004,30-05-2025,9394000,939400,8454600,60,8.37,67.2,REQUIRE_COLLATERAL,30_Days_Past_Due
EQF-2025-02401,CUST-02401,EQ-012,31-05-2025,13664000,1366400,12297600,36,10.68,70.7,REQUIRE_COLLATERAL,Performing
EQF-2025-02402,CUST-02402,EQ-006,31-05-2025,2000000,200000,1800000,48,7.77,70.8,REQUIRE_COLLATERAL,Performing
EQF-2025-02403,CUST-02403,EQ-001,31-05-2025,4357000,435700,3921300,36,10.28,56.3,STRUCTURED_LEASE,Performing
EQF-2025-02404,CUST-02404,EQ-011,31-05-2025,12190000,1828500,10361500,24,10.29,62.1,STRUCTURED_LEASE,Performing
EQF-2025-02405,CUST-02405,EQ-014,31-05-2025,1707000,341400,1365600,60,11.03,72.4,REQUIRE_COLLATERAL,Performing
EQF-2025-02406,CUST-02406,EQ-010,31-05-2025,3630000,544500,3085500,24,7,56.9,STRUCTURED_LEASE,Performing
EQF-2025-02407,CUST-02407,EQ-012,31-05-2025,4246000,1061500,3184500,24,11.19,74.1,REQUIRE_COLLATERAL,60_Days_Past_Due
EQF-2025-02408,CUST-02408,EQ-006,31-05-2025,1849000,462250,1386750,36,10.03,50,STRUCTURED_LEASE,Performing
EQF-2025-02409,CUST-02409,EQ-002,31-05-2025,2171000,542750,1628250,48,8.37,55.2,STRUCTURED_LEASE,Performing
EQF-2025-02410,CUST-02410,EQ-010,31-05-2025,3053000,763250,2289750,36,7,55.9,STRUCTURED_LEASE,Performing
EQF-2025-02411,CUST-02411,EQ-013,31-05-2025,2602000,650500,1951500,36,8.89,75.9,REQUIRE_COLLATERAL,30_Days_Past_Due
EQF-2025-02412,CUST-02412,EQ-005,31-05-2025,7329000,1465800,5863200,48,9.78,80.2,REJECT,60_Days_Past_Due
EQF-2025-02413,CUST-02413,EQ-008,31-05-2025,5274000,791100,4482900,36,7.22,50.8,STRUCTURED_LEASE,Performing
EQF-2025-02414,CUST-02414,EQ-005,31-05-2025,6595000,1648750,4946250,36,8.22,51.7,STRUCTURED_LEASE,Performing
EQF-2025-02415,CUST-02415,EQ-008,31-05-2025,3298000,329800,2968200,36,7.6,64.8,STRUCTURED_LEASE,Performing
EQF-2025-02416,CUST-02416,EQ-007,31-05-2025,4229000,845800,3383200,36,8.85,65,REQUIRE_COLLATERAL,Performing
EQF-2025-02417,CUST-02417,EQ-012,01-06-2025,7484000,748400,6735600,48,7.87,88.4,REJECT,Performing
EQF-2025-02418,CUST-02418,EQ-005,01-06-2025,6748000,1349600,5398400,48,12.76,50.7,STRUCTURED_LEASE,Performing
EQF-2025-02419,CUST-02419,EQ-005,01-06-2025,2454000,490800,1963200,48,10.8,88.4,REJECT,Performing
EQF-2025-02420,CUST-02420,EQ-012,01-06-2025,13877000,1387700,12489300,36,7.84,77.8,REQUIRE_COLLATERAL,30_Days_Past_Due
EQF-2025-02421,CUST-02421,EQ-006,01-06-2025,3198000,319800,2878200,36,8.06,48.3,STRUCTURED_LEASE,Performing
EQF-2025-02422,CUST-02422,EQ-005,01-06-2025,3972000,993000,2979000,24,7.28,65.1,REQUIRE_COLLATERAL,Performing
EQF-2025-02423,CUST-02423,EQ-014,01-06-2025,4811000,481100,4329900,36,9.27,50.2,STRUCTURED_LEASE,Performing
EQF-2025-02424,CUST-02424,EQ-010,01-06-2025,7417000,1112550,6304450,24,12.16,90.8,REJECT,Default
EQF-2025-02425,CUST-02425,EQ-011,01-06-2025,8023000,1604600,6418400,36,11.3,65.9,REQUIRE_COLLATERAL,60_Days_Past_Due
EQF-2025-02426,CUST-02426,EQ-007,01-06-2025,5738000,1147600,4590400,24,9.8,69.5,REQUIRE_COLLATERAL,Performing
EQF-2025-02427,CUST-02427,EQ-005,01-06-2025,3804000,951000,2853000,48,9.06,78,REQUIRE_COLLATERAL,Performing
EQF-2025-02428,CUST-02428,EQ-002,01-06-2025,1293000,258600,1034400,36,10.33,60.8,STRUCTURED_LEASE,60_Days_Past_Due
EQF-2025-02429,CUST-02429,EQ-011,01-06-2025,14965000,1496500,13468500,24,9.92,43.5,STRUCTURED_LEASE,60_Days_Past_Due
EQF-2025-02430,CUST-02430,EQ-007,01-06-2025,2193000,438600,1754400,36,10.15,69.1,REQUIRE_COLLATERAL,Performing
EQF-2025-02431,CUST-02431,EQ-004,01-06-2025,9736000,1947200,7788800,36,9.8,59.7,STRUCTURED_LEASE,Performing
EQF-2025-02432,CUST-02432,EQ-013,01-06-2025,1829000,182900,1646100,48,10.17,90,REJECT,60_Days_Past_Due
EQF-2025-02433,CUST-02433,EQ-015,02-06-2025,4603000,460300,4142700,36,7.37,53.7,STRUCTURED_LEASE,Performing
EQF-2025-02434,CUST-02434,EQ-001,02-06-2025,9769000,1953800,7815200,24,9.32,52.1,STRUCTURED_LEASE,Performing
EQF-2025-02435,CUST-02435,EQ-015,02-06-2025,5901000,885150,5015850,36,9.85,62.2,STRUCTURED_LEASE,Performing
EQF-2025-02436,CUST-02436,EQ-001,02-06-2025,10081000,1008100,9072900,36,8.85,74.5,REQUIRE_COLLATERAL,Performing
EQF-2025-02437,CUST-02437,EQ-001,02-06-2025,4275000,641250,3633750,48,7.63,71.4,REQUIRE_COLLATERAL,Performing
EQF-2025-02438,CUST-02438,EQ-001,02-06-2025,10643000,1596450,9046550,60,9.51,78.3,REQUIRE_COLLATERAL,Performing
EQF-2025-02439,CUST-02439,EQ-008,02-06-2025,3735000,933750,2801250,24,14.5,72.3,REQUIRE_COLLATERAL,Performing
EQF-2025-02440,CUST-02440,EQ-009,02-06-2025,7090000,1063500,6026500,48,8.27,70.2,REQUIRE_COLLATERAL,60_Days_Past_Due
EQF-2025-02441,CUST-02441,EQ-010,02-06-2025,9781000,2445250,7335750,36,9.29,53.9,STRUCTURED_LEASE,Performing
EQF-2025-02442,CUST-02442,EQ-010,02-06-2025,6598000,989700,5608300,24,11.39,88.8,REJECT,Performing
EQF-2025-02443,CUST-02443,EQ-014,02-06-2025,4176000,1044000,3132000,24,12.16,99,REJECT,Performing
EQF-2025-02444,CUST-02444,EQ-013,02-06-2025,1751000,175100,1575900,60,8.63,51.4,STRUCTURED_LEASE,Performing
EQF-2025-02445,CUST-02445,EQ-011,02-06-2025,9413000,1882600,7530400,36,10.95,65.4,REQUIRE_COLLATERAL,Performing
EQF-2025-02446,CUST-02446,EQ-012,02-06-2025,8333000,1666600,6666400,60,10.69,70.5,REQUIRE_COLLATERAL,30_Days_Past_Due
EQF-2025-02447,CUST-02447,EQ-012,02-06-2025,10724000,2681000,8043000,36,8.74,69.2,REQUIRE_COLLATERAL,60_Days_Past_Due
EQF-2025-02448,CUST-02448,EQ-009,02-06-2025,1811000,181100,1629900,36,10.44,67.9,REQUIRE_COLLATERAL,Performing
EQF-2025-02449,CUST-02449,EQ-006,03-06-2025,6765000,1691250,5073750,48,9.24,74.1,REQUIRE_COLLATERAL,Performing
EQF-2025-02450,CUST-02450,EQ-011,03-06-2025,4870000,1217500,3652500,60,8.56,51.1,STRUCTURED_LEASE,Performing
EQF-2025-02451,CUST-02451,EQ-011,03-06-2025,11221000,1122100,10098900,48,12.08,85.6,REJECT,60_Days_Past_Due
EQF-2025-02452,CUST-02452,EQ-002,03-06-2025,896000,134400,761600,48,10.47,86.8,REJECT,60_Days_Past_Due
EQF-2025-02453,CUST-02453,EQ-004,03-06-2025,9571000,1435650,8135350,36,7,50.3,STRUCTURED_LEASE,Performing
EQF-2025-02454,CUST-02454,EQ-001,03-06-2025,5922000,592200,5329800,24,9.31,45.3,STRUCTURED_LEASE,Performing
EQF-2025-02455,CUST-02455,EQ-004,03-06-2025,6882000,1720500,5161500,36,8.72,65.4,REQUIRE_COLLATERAL,Performing
EQF-2025-02456,CUST-02456,EQ-006,03-06-2025,3330000,666000,2664000,36,9.18,49.6,STRUCTURED_LEASE,Performing
EQF-2025-02457,CUST-02457,EQ-012,03-06-2025,11949000,2987250,8961750,60,10.27,70.2,REQUIRE_COLLATERAL,Performing
EQF-2025-02458,CUST-02458,EQ-004,03-06-2025,5231000,784650,4446350,48,9.94,69.4,REQUIRE_COLLATERAL,Performing
EQF-2025-02459,CUST-02459,EQ-008,03-06-2025,8659000,865900,7793100,48,11.65,73.8,REQUIRE_COLLATERAL,Performing
EQF-2025-02460,CUST-02460,EQ-012,03-06-2025,7134000,713400,6420600,36,11.33,63.7,STRUCTURED_LEASE,Performing
EQF-2025-02461,CUST-02461,EQ-007,03-06-2025,4713000,471300,4241700,48,7.68,55.4,STRUCTURED_LEASE,Performing
EQF-2025-02462,CUST-02462,EQ-015,03-06-2025,959000,143850,815150,60,9.35,60.9,STRUCTURED_LEASE,Performing
EQF-2025-02463,CUST-02463,EQ-004,03-06-2025,4908000,1227000,3681000,36,7,54.4,STRUCTURED_LEASE,Performing
EQF-2025-02464,CUST-02464,EQ-004,03-06-2025,6738000,673800,6064200,36,8,73.6,REQUIRE_COLLATERAL,Performing
EQF-2025-02465,CUST-02465,EQ-008,04-06-2025,2883000,576600,2306400,48,7,50.5,STRUCTURED_LEASE,60_Days_Past_Due
EQF-2025-02466,CUST-02466,EQ-009,04-06-2025,2802000,280200,2521800,48,7.15,69.7,REQUIRE_COLLATERAL,30_Days_Past_Due
EQF-2025-02467,CUST-02467,EQ-012,04-06-2025,14280000,3570000,10710000,60,11.6,91.9,REJECT,Default
EQF-2025-02468,CUST-02468,EQ-005,04-06-2025,8338000,1250700,7087300,36,10.63,62.8,STRUCTURED_LEASE,Performing
EQF-2025-02469,CUST-02469,EQ-008,04-06-2025,8788000,1757600,7030400,36,10.43,78.7,REQUIRE_COLLATERAL,60_Days_Past_Due
EQF-2025-02470,CUST-02470,EQ-008,04-06-2025,4644000,928800,3715200,36,11.26,89.9,REJECT,60_Days_Past_Due
EQF-2025-02471,CUST-02471,EQ-005,04-06-2025,3324000,332400,2991600,36,10.42,42.8,STRUCTURED_LEASE,Performing
EQF-2025-02472,CUST-02472,EQ-007,04-06-2025,4158000,1039500,3118500,48,9.37,91.1,REJECT,60_Days_Past_Due
EQF-2025-02473,CUST-02473,EQ-007,04-06-2025,1412000,141200,1270800,24,8.62,41.6,STRUCTURED_LEASE,Performing
EQF-2025-02474,CUST-02474,EQ-013,04-06-2025,4804000,960800,3843200,60,12.04,89.9,REJECT,60_Days_Past_Due
EQF-2025-02475,CUST-02475,EQ-010,04-06-2025,4411000,441100,3969900,60,11.46,83.5,REJECT,Default
EQF-2025-02476,CUST-02476,EQ-015,04-06-2025,5998000,1499500,4498500,36,9.17,50.4,STRUCTURED_LEASE,Performing
EQF-2025-02477,CUST-02477,EQ-006,04-06-2025,4970000,745500,4224500,36,10.65,25,AUTO_APPROVE,Performing
EQF-2025-02478,CUST-02478,EQ-003,04-06-2025,4131000,826200,3304800,48,7,58.8,STRUCTURED_LEASE,Performing
EQF-2025-02479,CUST-02479,EQ-005,04-06-2025,1515000,378750,1136250,48,10.72,91.6,REJECT,Default
EQF-2025-02480,CUST-02480,EQ-014,04-06-2025,4577000,457700,4119300,36,8.75,65.3,REQUIRE_COLLATERAL,Performing
EQF-2025-02481,CUST-02481,EQ-011,05-06-2025,6970000,1394000,5576000,24,13.57,69.1,REQUIRE_COLLATERAL,Default
EQF-2025-02482,CUST-02482,EQ-015,05-06-2025,4273000,427300,3845700,48,11.23,99,REJECT,60_Days_Past_Due
EQF-2025-02483,CUST-02483,EQ-015,05-06-2025,4993000,499300,4493700,48,7,56.3,STRUCTURED_LEASE,Performing
EQF-2025-02484,CUST-02484,EQ-009,05-06-2025,2649000,397350,2251650,36,8.43,72,REQUIRE_COLLATERAL,Performing
EQF-2025-02485,CUST-02485,EQ-008,05-06-2025,6261000,626100,5634900,48,9.59,51.8,STRUCTURED_LEASE,Performing
EQF-2025-02486,CUST-02486,EQ-002,05-06-2025,3368000,336800,3031200,60,9.44,74.3,REQUIRE_COLLATERAL,30_Days_Past_Due
EQF-2025-02487,CUST-02487,EQ-008,05-06-2025,5153000,1288250,3864750,24,9.37,39,AUTO_APPROVE,Performing
EQF-2025-02488,CUST-02488,EQ-002,05-06-2025,3305000,330500,2974500,48,10.98,57,STRUCTURED_LEASE,Performing
EQF-2025-02489,CUST-02489,EQ-004,05-06-2025,5199000,779850,4419150,24,8.69,52.1,STRUCTURED_LEASE,Performing
EQF-2025-02490,CUST-02490,EQ-001,05-06-2025,7968000,796800,7171200,36,9.39,35.6,AUTO_APPROVE,Performing
EQF-2025-02491,CUST-02491,EQ-001,05-06-2025,11363000,1136300,10226700,24,11.79,53.5,STRUCTURED_LEASE,Performing
EQF-2025-02492,CUST-02492,EQ-005,05-06-2025,5928000,592800,5335200,36,11.81,39.5,AUTO_APPROVE,Performing
EQF-2025-02493,CUST-02493,EQ-003,05-06-2025,2083000,416600,1666400,48,10.97,86.9,REJECT,Default
EQF-2025-02494,CUST-02494,EQ-011,05-06-2025,13872000,2080800,11791200,48,8.98,91.3,REJECT,Default
EQF-2025-02495,CUST-02495,EQ-004,05-06-2025,9834000,1966800,7867200,36,8.44,50.9,STRUCTURED_LEASE,30_Days_Past_Due
EQF-2025-02496,CUST-02496,EQ-004,05-06-2025,6827000,1024050,5802950,24,9.44,41.8,STRUCTURED_LEASE,Performing
EQF-2025-02497,CUST-02497,EQ-008,06-06-2025,6183000,927450,5255550,48,9.54,84.9,REJECT,Performing
EQF-2025-02498,CUST-02498,EQ-007,06-06-2025,2760000,690000,2070000,24,9.45,76.4,REQUIRE_COLLATERAL,Performing
EQF-2025-02499,CUST-02499,EQ-015,06-06-2025,4478000,895600,3582400,36,10.33,88.7,REJECT,Performing
EQF-2025-02500,CUST-02500,EQ-012,06-06-2025,11388000,1708200,9679800,48,10.04,68,REQUIRE_COLLATERAL,Performing
EQF-2025-02501,CUST-02501,EQ-003,06-06-2025,1945000,291750,1653250,60,9.98,69.6,REQUIRE_COLLATERAL,Performing
EQF-2025-02502,CUST-02502,EQ-003,06-06-2025,3752000,938000,2814000,24,8.8,54.5,STRUCTURED_LEASE,30_Days_Past_Due
EQF-2025-02503,CUST-02503,EQ-004,06-06-2025,4646000,929200,3716800,48,7.7,71,REQUIRE_COLLATERAL,Performing
EQF-2025-02504,CUST-02504,EQ-015,06-06-2025,897000,89700,807300,24,10.54,69.3,REQUIRE_COLLATERAL,Default
EQF-2025-02505,CUST-02505,EQ-006,06-06-2025,6394000,1598500,4795500,48,9.59,58.6,STRUCTURED_LEASE,Performing
EQF-2025-02506,CUST-02506,EQ-009,06-06-2025,6014000,902100,5111900,48,10.11,68.9,REQUIRE_COLLATERAL,Performing
EQF-2025-02507,CUST-02507,EQ-015,06-06-2025,2936000,587200,2348800,48,10.16,63.7,STRUCTURED_LEASE,Performing
EQF-2025-02508,CUST-02508,EQ-001,06-06-2025,9783000,1467450,8315550,48,7,41.5,STRUCTURED_LEASE,Performing
EQF-2025-02509,CUST-02509,EQ-013,06-06-2025,4799000,1199750,3599250,36,12.08,56.4,STRUCTURED_LEASE,Performing
EQF-2025-02510,CUST-02510,EQ-002,06-06-2025,3895000,973750,2921250,36,8.65,29.2,AUTO_APPROVE,Performing
EQF-2025-02511,CUST-02511,EQ-009,06-06-2025,6105000,1221000,4884000,24,11.56,59.5,STRUCTURED_LEASE,Performing
EQF-2025-02512,CUST-02512,EQ-015,06-06-2025,1132000,283000,849000,48,10.14,61.9,STRUCTURED_LEASE,30_Days_Past_Due
EQF-2025-02513,CUST-02513,EQ-012,07-06-2025,5826000,1456500,4369500,60,7.88,77.2,REQUIRE_COLLATERAL,Performing
EQF-2025-02514,CUST-02514,EQ-010,07-06-2025,5058000,505800,4552200,48,8.44,64.9,STRUCTURED_LEASE,30_Days_Past_Due
EQF-2025-02515,CUST-02515,EQ-008,07-06-2025,7085000,1062750,6022250,48,8.47,84.7,REJECT,Performing
EQF-2025-02516,CUST-02516,EQ-007,07-06-2025,4838000,483800,4354200,36,8.55,64.4,STRUCTURED_LEASE,Performing
EQF-2025-02517,CUST-02517,EQ-009,07-06-2025,3749000,374900,3374100,36,7,41.7,STRUCTURED_LEASE,Performing
EQF-2025-02518,CUST-02518,EQ-010,07-06-2025,5529000,1105800,4423200,36,8.3,81,REJECT,60_Days_Past_Due
EQF-2025-02519,CUST-02519,EQ-003,07-06-2025,2173000,543250,1629750,24,10.95,32,AUTO_APPROVE,Performing
EQF-2025-02520,CUST-02520,EQ-013,07-06-2025,2168000,325200,1842800,36,11.1,63.9,STRUCTURED_LEASE,Performing
EQF-2025-02521,CUST-02521,EQ-014,07-06-2025,4806000,720900,4085100,48,8.49,80.7,REJECT,Default
EQF-2025-02522,CUST-02522,EQ-006,07-06-2025,5948000,892200,5055800,36,7,64.2,STRUCTURED_LEASE,Performing
EQF-2025-02523,CUST-02523,EQ-001,07-06-2025,5715000,1428750,4286250,48,10.45,56.9,STRUCTURED_LEASE,Performing
EQF-2025-02524,CUST-02524,EQ-011,07-06-2025,11945000,1791750,10153250,48,7.88,58.6,STRUCTURED_LEASE,Performing
EQF-2025-02525,CUST-02525,EQ-003,07-06-2025,3944000,591600,3352400,36,8,26.3,AUTO_APPROVE,Performing
EQF-2025-02526,CUST-02526,EQ-012,07-06-2025,11331000,2832750,8498250,48,9.08,64,STRUCTURED_LEASE,Performing
EQF-2025-02527,CUST-02527,EQ-009,07-06-2025,2443000,488600,1954400,36,8.94,50,STRUCTURED_LEASE,Performing
EQF-2025-02528,CUST-02528,EQ-007,07-06-2025,2922000,438300,2483700,36,8.32,49.4,STRUCTURED_LEASE,30_Days_Past_Due
EQF-2025-02529,CUST-02529,EQ-009,08-06-2025,2247000,561750,1685250,36,8.45,63.5,STRUCTURED_LEASE,Performing
EQF-2025-02530,CUST-02530,EQ-015,08-06-2025,5046000,504600,4541400,36,8.75,69.3,REQUIRE_COLLATERAL,Performing
EQF-2025-02531,CUST-02531,EQ-014,08-06-2025,3690000,922500,2767500,48,8.43,61.5,STRUCTURED_LEASE,Performing
EQF-2025-02532,CUST-02532,EQ-013,08-06-2025,3127000,312700,2814300,60,8.52,64.5,STRUCTURED_LEASE,Performing
EQF-2025-02533,CUST-02533,EQ-011,08-06-2025,7773000,1943250,5829750,36,9.04,64.7,STRUCTURED_LEASE,Performing
EQF-2025-02534,CUST-02534,EQ-005,08-06-2025,2790000,418500,2371500,24,10.03,40.2,STRUCTURED_LEASE,Performing
EQF-2025-02535,CUST-02535,EQ-003,08-06-2025,1605000,321000,1284000,36,9.87,46.5,STRUCTURED_LEASE,Performing
EQF-2025-02536,CUST-02536,EQ-003,08-06-2025,4883000,976600,3906400,48,8.69,80.3,REJECT,60_Days_Past_Due
EQF-2025-02537,CUST-02537,EQ-014,08-06-2025,1959000,293850,1665150,36,9.02,51.2,STRUCTURED_LEASE,Performing
EQF-2025-02538,CUST-02538,EQ-006,08-06-2025,1919000,191900,1727100,48,11.52,78.1,REQUIRE_COLLATERAL,Performing
EQF-2025-02539,CUST-02539,EQ-013,08-06-2025,4854000,1213500,3640500,48,10.98,79.5,REQUIRE_COLLATERAL,Performing
EQF-2025-02540,CUST-02540,EQ-013,08-06-2025,3286000,492900,2793100,36,10.32,59.3,STRUCTURED_LEASE,Performing
EQF-2025-02541,CUST-02541,EQ-013,08-06-2025,4227000,1056750,3170250,60,7,54.8,STRUCTURED_LEASE,30_Days_Past_Due
EQF-2025-02542,CUST-02542,EQ-013,08-06-2025,1366000,204900,1161100,36,9.66,82.3,REJECT,Performing
EQF-2025-02543,CUST-02543,EQ-013,08-06-2025,3354000,503100,2850900,60,8.49,52.7,STRUCTURED_LEASE,Performing
EQF-2025-02544,CUST-02544,EQ-010,08-06-2025,5885000,1471250,4413750,36,8.07,51.8,STRUCTURED_LEASE,Performing
EQF-2025-02545,CUST-02545,EQ-006,09-06-2025,6904000,1380800,5523200,24,8.96,42.2,STRUCTURED_LEASE,Performing
EQF-2025-02546,CUST-02546,EQ-008,09-06-2025,2827000,565400,2261600,48,11.07,69.3,REQUIRE_COLLATERAL,Performing
EQF-2025-02547,CUST-02547,EQ-005,09-06-2025,4312000,431200,3880800,48,10.83,47.4,STRUCTURED_LEASE,Performing
EQF-2025-02548,CUST-02548,EQ-001,09-06-2025,12790000,3197500,9592500,48,8.57,54.2,STRUCTURED_LEASE,Performing
EQF-2025-02549,CUST-02549,EQ-001,09-06-2025,9750000,975000,8775000,36,9.63,50,STRUCTURED_LEASE,Performing
EQF-2025-02550,CUST-02550,EQ-006,09-06-2025,5350000,802500,4547500,60,8.87,75.2,REQUIRE_COLLATERAL,Performing
EQF-2025-02551,CUST-02551,EQ-011,09-06-2025,5069000,506900,4562100,24,9.14,26.3,AUTO_APPROVE,Performing
EQF-2025-02552,CUST-02552,EQ-006,09-06-2025,2426000,363900,2062100,24,11,69,REQUIRE_COLLATERAL,Performing
EQF-2025-02553,CUST-02553,EQ-013,09-06-2025,3773000,943250,2829750,36,9.41,74.8,REQUIRE_COLLATERAL,Performing
EQF-2025-02554,CUST-02554,EQ-015,09-06-2025,4310000,1077500,3232500,48,7,50.1,STRUCTURED_LEASE,30_Days_Past_Due
EQF-2025-02555,CUST-02555,EQ-005,09-06-2025,8354000,2088500,6265500,48,9.71,68.9,REQUIRE_COLLATERAL,Performing
EQF-2025-02556,CUST-02556,EQ-015,09-06-2025,4502000,1125500,3376500,36,12.22,77,REQUIRE_COLLATERAL,Performing
EQF-2025-02557,CUST-02557,EQ-010,09-06-2025,6693000,669300,6023700,36,8.45,61.1,STRUCTURED_LEASE,Performing
EQF-2025-02558,CUST-02558,EQ-001,09-06-2025,13431000,2014650,11416350,24,11.82,57.3,STRUCTURED_LEASE,60_Days_Past_Due
EQF-2025-02559,CUST-02559,EQ-005,09-06-2025,2231000,446200,1784800,36,10.43,64.4,STRUCTURED_LEASE,Performing
EQF-2025-02560,CUST-02560,EQ-004,09-06-2025,6319000,1579750,4739250,36,11.26,41.1,STRUCTURED_LEASE,30_Days_Past_Due
EQF-2025-02561,CUST-02561,EQ-003,10-06-2025,2291000,572750,1718250,48,10.81,60.5,STRUCTURED_LEASE,Performing
EQF-2025-02562,CUST-02562,EQ-013,10-06-2025,1598000,239700,1358300,48,9.77,63.1,STRUCTURED_LEASE,Performing
EQF-2025-02563,CUST-02563,EQ-009,10-06-2025,6845000,1369000,5476000,60,8.58,64.4,STRUCTURED_LEASE,Performing
EQF-2025-02564,CUST-02564,EQ-005,10-06-2025,5076000,1269000,3807000,24,9.76,30.8,AUTO_APPROVE,Performing
EQF-2025-02565,CUST-02565,EQ-012,10-06-2025,10124000,2024800,8099200,36,9.85,77.1,REQUIRE_COLLATERAL,Performing
EQF-2025-02566,CUST-02566,EQ-012,10-06-2025,8524000,2131000,6393000,36,10.96,69.7,REQUIRE_COLLATERAL,Performing
EQF-2025-02567,CUST-02567,EQ-009,10-06-2025,4722000,472200,4249800,48,7,39.5,AUTO_APPROVE,Performing
EQF-2025-02568,CUST-02568,EQ-012,10-06-2025,5276000,527600,4748400,36,7.36,51,STRUCTURED_LEASE,Performing
EQF-2025-02569,CUST-02569,EQ-003,10-06-2025,3757000,751400,3005600,60,9.85,95.2,REJECT,Default
EQF-2025-02570,CUST-02570,EQ-007,10-06-2025,3049000,457350,2591650,48,10,32.4,AUTO_APPROVE,Performing
EQF-2025-02571,CUST-02571,EQ-011,10-06-2025,12984000,1947600,11036400,24,8.2,66.8,REQUIRE_COLLATERAL,Performing
EQF-2025-02572,CUST-02572,EQ-015,10-06-2025,1821000,182100,1638900,24,10.04,56.6,STRUCTURED_LEASE,30_Days_Past_Due
EQF-2025-02573,CUST-02573,EQ-012,10-06-2025,6256000,938400,5317600,48,10.52,48,STRUCTURED_LEASE,Performing
EQF-2025-02574,CUST-02574,EQ-004,10-06-2025,7989000,1198350,6790650,48,9.21,51.6,STRUCTURED_LEASE,Performing
EQF-2025-02575,CUST-02575,EQ-006,10-06-2025,7422000,1113300,6308700,36,11.64,66.6,REQUIRE_COLLATERAL,30_Days_Past_Due
EQF-2025-02576,CUST-02576,EQ-004,10-06-2025,6514000,1302800,5211200,24,11.92,25.8,AUTO_APPROVE,Performing
EQF-2025-02577,CUST-02577,EQ-002,11-06-2025,4580000,916000,3664000,48,9.68,49.7,STRUCTURED_LEASE,Performing
EQF-2025-02578,CUST-02578,EQ-008,11-06-2025,10994000,1649100,9344900,48,10.76,63.4,STRUCTURED_LEASE,Performing
EQF-2025-02579,CUST-02579,EQ-001,11-06-2025,14893000,1489300,13403700,24,7,63.7,REQUIRE_COLLATERAL,30_Days_Past_Due
EQF-2025-02580,CUST-02580,EQ-010,11-06-2025,8827000,1324050,7502950,36,11.11,59.2,STRUCTURED_LEASE,Performing
EQF-2025-02581,CUST-02581,EQ-009,11-06-2025,6677000,1669250,5007750,36,11.7,42.8,STRUCTURED_LEASE,Performing
EQF-2025-02582,CUST-02582,EQ-015,11-06-2025,2088000,208800,1879200,60,7.98,66.2,REQUIRE_COLLATERAL,Performing
EQF-2025-02583,CUST-02583,EQ-004,11-06-2025,9585000,1917000,7668000,36,10.43,87,REJECT,Performing
EQF-2025-02584,CUST-02584,EQ-011,11-06-2025,8456000,2114000,6342000,48,7,67.2,REQUIRE_COLLATERAL,Performing
EQF-2025-02585,CUST-02585,EQ-010,11-06-2025,10677000,1601550,9075450,48,8.32,66.5,REQUIRE_COLLATERAL,Performing
EQF-2025-02586,CUST-02586,EQ-010,11-06-2025,3192000,478800,2713200,24,8.72,77.5,REQUIRE_COLLATERAL,Default
EQF-2025-02587,CUST-02587,EQ-006,11-06-2025,4551000,455100,4095900,48,7.29,49.9,STRUCTURED_LEASE,30_Days_Past_Due
EQF-2025-02588,CUST-02588,EQ-003,11-06-2025,3312000,331200,2980800,24,9.14,39.9,AUTO_APPROVE,Performing
EQF-2025-02589,CUST-02589,EQ-006,11-06-2025,4336000,650400,3685600,48,9.04,75.2,REQUIRE_COLLATERAL,Performing
EQF-2025-02590,CUST-02590,EQ-014,11-06-2025,2000000,300000,1700000,48,10.43,60.4,STRUCTURED_LEASE,30_Days_Past_Due
EQF-2025-02591,CUST-02591,EQ-014,11-06-2025,3453000,345300,3107700,24,7.23,61.8,STRUCTURED_LEASE,Performing
EQF-2025-02592,CUST-02592,EQ-013,11-06-2025,4072000,1018000,3054000,36,10.44,83.2,REJECT,Performing
EQF-2025-02593,CUST-02593,EQ-004,12-06-2025,7981000,1596200,6384800,48,8.32,76.5,REQUIRE_COLLATERAL,Performing
EQF-2025-02594,CUST-02594,EQ-004,12-06-2025,4493000,449300,4043700,36,7.58,73.1,REQUIRE_COLLATERAL,Default
EQF-2025-02595,CUST-02595,EQ-005,12-06-2025,6621000,1655250,4965750,36,9.21,46.3,STRUCTURED_LEASE,Performing
EQF-2025-02596,CUST-02596,EQ-003,12-06-2025,2176000,326400,1849600,36,10.63,56,STRUCTURED_LEASE,30_Days_Past_Due
EQF-2025-02597,CUST-02597,EQ-011,12-06-2025,5927000,1185400,4741600,60,8.77,80.7,REJECT,Default
EQF-2025-02598,CUST-02598,EQ-004,12-06-2025,8371000,2092750,6278250,48,10.27,78.7,REQUIRE_COLLATERAL,Performing
EQF-2025-02599,CUST-02599,EQ-001,12-06-2025,13271000,2654200,10616800,48,9.92,36.2,AUTO_APPROVE,30_Days_Past_Due
EQF-2025-02600,CUST-02600,EQ-009,12-06-2025,4871000,974200,3896800,24,14.2,59.1,STRUCTURED_LEASE,Performing
EQF-2025-02601,CUST-02601,EQ-008,12-06-2025,7017000,1403400,5613600,24,9.03,75.4,REQUIRE_COLLATERAL,Performing
EQF-2025-02602,CUST-02602,EQ-005,12-06-2025,3619000,904750,2714250,36,9.25,45.6,STRUCTURED_LEASE,Performing
EQF-2025-02603,CUST-02603,EQ-014,12-06-2025,3080000,770000,2310000,36,11.16,33.4,AUTO_APPROVE,Performing
EQF-2025-02604,CUST-02604,EQ-011,12-06-2025,5452000,817800,4634200,48,9.42,72.6,REQUIRE_COLLATERAL,Performing
EQF-2025-02605,CUST-02605,EQ-005,12-06-2025,8191000,1638200,6552800,48,9.88,63.3,STRUCTURED_LEASE,Performing
EQF-2025-02606,CUST-02606,EQ-010,12-06-2025,9303000,930300,8372700,36,7,65.9,REQUIRE_COLLATERAL,Performing
EQF-2025-02607,CUST-02607,EQ-005,12-06-2025,6176000,617600,5558400,48,9.32,71.9,REQUIRE_COLLATERAL,Performing
EQF-2025-02608,CUST-02608,EQ-001,12-06-2025,9920000,992000,8928000,36,8.44,51.7,STRUCTURED_LEASE,Performing
EQF-2025-02609,CUST-02609,EQ-013,13-06-2025,4210000,1052500,3157500,24,8.78,71.8,REQUIRE_COLLATERAL,Performing
EQF-2025-02610,CUST-02610,EQ-006,13-06-2025,4963000,744450,4218550,60,9.88,50.8,STRUCTURED_LEASE,Performing
EQF-2025-02611,CUST-02611,EQ-014,13-06-2025,2340000,585000,1755000,48,9.42,76.8,REQUIRE_COLLATERAL,Performing
EQF-2025-02612,CUST-02612,EQ-006,13-06-2025,2623000,524600,2098400,48,10.66,79.8,REQUIRE_COLLATERAL,Performing
EQF-2025-02613,CUST-02613,EQ-009,13-06-2025,6033000,603300,5429700,36,10.93,70.2,REQUIRE_COLLATERAL,Performing
EQF-2025-02614,CUST-02614,EQ-013,13-06-2025,4732000,1183000,3549000,36,9.23,74.5,REQUIRE_COLLATERAL,Performing
EQF-2025-02615,CUST-02615,EQ-012,13-06-2025,5690000,569000,5121000,24,9.95,71.3,REQUIRE_COLLATERAL,Performing
EQF-2025-02616,CUST-02616,EQ-006,13-06-2025,2760000,690000,2070000,60,7,65.9,REQUIRE_COLLATERAL,Performing
EQF-2025-02617,CUST-02617,EQ-011,13-06-2025,8770000,877000,7893000,48,9.97,71.1,REQUIRE_COLLATERAL,Performing
EQF-2025-02618,CUST-02618,EQ-011,13-06-2025,12876000,2575200,10300800,24,11.08,58,STRUCTURED_LEASE,Performing
EQF-2025-02619,CUST-02619,EQ-013,13-06-2025,2317000,231700,2085300,48,8.14,74.3,REQUIRE_COLLATERAL,Performing
EQF-2025-02620,CUST-02620,EQ-012,13-06-2025,6793000,1358600,5434400,36,10.63,68.7,REQUIRE_COLLATERAL,30_Days_Past_Due
EQF-2025-02621,CUST-02621,EQ-003,13-06-2025,3556000,711200,2844800,48,8.82,69.4,REQUIRE_COLLATERAL,Performing
EQF-2025-02622,CUST-02622,EQ-015,13-06-2025,3585000,896250,2688750,24,8.63,49.9,STRUCTURED_LEASE,Performing
EQF-2025-02623,CUST-02623,EQ-001,13-06-2025,4662000,1165500,3496500,24,11.64,60.4,STRUCTURED_LEASE,Performing
EQF-2025-02624,CUST-02624,EQ-007,13-06-2025,1224000,306000,918000,36,9.45,46.6,STRUCTURED_LEASE,30_Days_Past_Due
EQF-2025-02625,CUST-02625,EQ-012,14-06-2025,11073000,2214600,8858400,36,10.8,80.6,REJECT,Performing
EQF-2025-02626,CUST-02626,EQ-007,14-06-2025,3219000,482850,2736150,48,7,33.3,AUTO_APPROVE,Performing
EQF-2025-02627,CUST-02627,EQ-006,14-06-2025,8297000,1244550,7052450,48,8.59,79.9,REQUIRE_COLLATERAL,Performing
EQF-2025-02628,CUST-02628,EQ-014,14-06-2025,3778000,755600,3022400,48,10.57,45.4,STRUCTURED_LEASE,Performing
EQF-2025-02629,CUST-02629,EQ-010,14-06-2025,2586000,517200,2068800,60,9.69,55.5,STRUCTURED_LEASE,30_Days_Past_Due
EQF-2025-02630,CUST-02630,EQ-012,14-06-2025,9291000,2322750,6968250,36,9.22,68.5,REQUIRE_COLLATERAL,Performing
EQF-2025-02631,CUST-02631,EQ-010,14-06-2025,6023000,1505750,4517250,60,10.41,99,REJECT,60_Days_Past_Due
EQF-2025-02632,CUST-02632,EQ-003,14-06-2025,1606000,401500,1204500,60,8.25,89.7,REJECT,Default
EQF-2025-02633,CUST-02633,EQ-009,14-06-2025,7962000,1194300,6767700,36,11.33,74.3,REQUIRE_COLLATERAL,Performing
EQF-2025-02634,CUST-02634,EQ-006,14-06-2025,7135000,1070250,6064750,24,9.18,53.9,STRUCTURED_LEASE,Performing
EQF-2025-02635,CUST-02635,EQ-013,14-06-2025,2074000,414800,1659200,48,8.28,67,REQUIRE_COLLATERAL,Performing
EQF-2025-02636,CUST-02636,EQ-003,14-06-2025,2173000,325950,1847050,36,8.37,52.4,STRUCTURED_LEASE,Performing
EQF-2025-02637,CUST-02637,EQ-007,14-06-2025,966000,241500,724500,48,9.38,68.8,REQUIRE_COLLATERAL,Performing
EQF-2025-02638,CUST-02638,EQ-003,14-06-2025,2328000,582000,1746000,36,8.86,53.2,STRUCTURED_LEASE,Performing
EQF-2025-02639,CUST-02639,EQ-007,14-06-2025,3840000,960000,2880000,48,10.29,78.4,REQUIRE_COLLATERAL,Performing
EQF-2025-02640,CUST-02640,EQ-003,14-06-2025,2799000,699750,2099250,48,9.43,67.2,REQUIRE_COLLATERAL,Performing
EQF-2025-02641,CUST-02641,EQ-011,15-06-2025,14662000,3665500,10996500,24,8.97,52.7,STRUCTURED_LEASE,Performing
EQF-2025-02642,CUST-02642,EQ-009,15-06-2025,1893000,189300,1703700,36,10.03,34.8,AUTO_APPROVE,Performing
EQF-2025-02643,CUST-02643,EQ-014,15-06-2025,3447000,689400,2757600,24,8.71,46.6,STRUCTURED_LEASE,Performing
EQF-2025-02644,CUST-02644,EQ-004,15-06-2025,9796000,1959200,7836800,36,10.24,75.3,REQUIRE_COLLATERAL,Performing
EQF-2025-02645,CUST-02645,EQ-006,15-06-2025,4865000,729750,4135250,48,9.99,73.7,REQUIRE_COLLATERAL,Performing
EQF-2025-02646,CUST-02646,EQ-011,15-06-2025,4033000,1008250,3024750,36,9.93,59.2,STRUCTURED_LEASE,Performing
EQF-2025-02647,CUST-02647,EQ-002,15-06-2025,2063000,206300,1856700,48,8.96,75.1,REQUIRE_COLLATERAL,60_Days_Past_Due
EQF-2025-02648,CUST-02648,EQ-008,15-06-2025,5252000,1313000,3939000,36,8.56,65.6,REQUIRE_COLLATERAL,Performing
EQF-2025-02649,CUST-02649,EQ-001,15-06-2025,14626000,3656500,10969500,48,10.71,60.3,STRUCTURED_LEASE,Performing
EQF-2025-02650,CUST-02650,EQ-010,15-06-2025,10250000,1537500,8712500,60,10.42,78.3,REQUIRE_COLLATERAL,Performing
EQF-2025-02651,CUST-02651,EQ-006,15-06-2025,8144000,814400,7329600,36,7.99,46.6,STRUCTURED_LEASE,Performing
EQF-2025-02652,CUST-02652,EQ-011,15-06-2025,13083000,1308300,11774700,60,8.85,75.9,REQUIRE_COLLATERAL,30_Days_Past_Due
EQF-2025-02653,CUST-02653,EQ-012,15-06-2025,7868000,1573600,6294400,48,11.51,77.2,REQUIRE_COLLATERAL,Performing
EQF-2025-02654,CUST-02654,EQ-009,15-06-2025,7841000,1960250,5880750,36,10.98,72.1,REQUIRE_COLLATERAL,Performing
EQF-2025-02655,CUST-02655,EQ-014,15-06-2025,4930000,493000,4437000,60,7.74,82.5,REJECT,Default
EQF-2025-02656,CUST-02656,EQ-001,15-06-2025,7851000,1570200,6280800,24,9.52,78.6,REQUIRE_COLLATERAL,Performing
EQF-2025-02657,CUST-02657,EQ-003,16-06-2025,2190000,219000,1971000,24,10.13,42.6,STRUCTURED_LEASE,Performing
EQF-2025-02658,CUST-02658,EQ-002,16-06-2025,3644000,911000,2733000,48,10.99,45.7,STRUCTURED_LEASE,Performing
EQF-2025-02659,CUST-02659,EQ-006,16-06-2025,2810000,562000,2248000,48,9.69,33,AUTO_APPROVE,Performing
EQF-2025-02660,CUST-02660,EQ-003,16-06-2025,1324000,132400,1191600,48,10.23,46.2,STRUCTURED_LEASE,Performing
EQF-2025-02661,CUST-02661,EQ-010,16-06-2025,10540000,1581000,8959000,24,10.9,51.9,STRUCTURED_LEASE,30_Days_Past_Due
EQF-2025-02662,CUST-02662,EQ-015,16-06-2025,5614000,561400,5052600,60,11.1,64.3,STRUCTURED_LEASE,Performing
EQF-2025-02663,CUST-02663,EQ-005,16-06-2025,2639000,659750,1979250,48,9.23,44.2,STRUCTURED_LEASE,Performing
EQF-2025-02664,CUST-02664,EQ-013,16-06-2025,2749000,412350,2336650,60,9.57,78.3,REQUIRE_COLLATERAL,Default
EQF-2025-02665,CUST-02665,EQ-008,16-06-2025,9564000,956400,8607600,36,8.36,37.4,AUTO_APPROVE,Performing
EQF-2025-02666,CUST-02666,EQ-011,16-06-2025,11271000,1127100,10143900,48,9.09,73.8,REQUIRE_COLLATERAL,Performing
EQF-2025-02667,CUST-02667,EQ-006,16-06-2025,4264000,852800,3411200,60,8.89,66.4,REQUIRE_COLLATERAL,Performing
EQF-2025-02668,CUST-02668,EQ-014,16-06-2025,4028000,1007000,3021000,36,9.22,54.1,STRUCTURED_LEASE,Performing
EQF-2025-02669,CUST-02669,EQ-014,16-06-2025,4609000,460900,4148100,60,9.36,51.7,STRUCTURED_LEASE,Performing
EQF-2025-02670,CUST-02670,EQ-001,16-06-2025,14188000,1418800,12769200,36,10.72,62.2,STRUCTURED_LEASE,Performing
EQF-2025-02671,CUST-02671,EQ-004,16-06-2025,5720000,572000,5148000,36,10.02,53,STRUCTURED_LEASE,Performing
EQF-2025-02672,CUST-02672,EQ-011,16-06-2025,5909000,1477250,4431750,60,7.58,88.4,REJECT,Performing
EQF-2025-02673,CUST-02673,EQ-003,17-06-2025,4669000,700350,3968650,60,10.33,76.7,REQUIRE_COLLATERAL,Performing
EQF-2025-02674,CUST-02674,EQ-009,17-06-2025,2148000,537000,1611000,36,8.68,46.1,STRUCTURED_LEASE,Performing
EQF-2025-02675,CUST-02675,EQ-007,17-06-2025,4553000,910600,3642400,24,7.87,60,STRUCTURED_LEASE,Performing
EQF-2025-02676,CUST-02676,EQ-012,17-06-2025,5545000,1109000,4436000,48,7.79,62.4,STRUCTURED_LEASE,Performing
EQF-2025-02677,CUST-02677,EQ-011,17-06-2025,8283000,2070750,6212250,60,9.75,82.5,REJECT,Performing
EQF-2025-02678,CUST-02678,EQ-009,17-06-2025,4381000,438100,3942900,48,11.09,73.8,REQUIRE_COLLATERAL,Performing
EQF-2025-02679,CUST-02679,EQ-009,17-06-2025,2611000,261100,2349900,48,9.18,49.8,STRUCTURED_LEASE,30_Days_Past_Due
EQF-2025-02680,CUST-02680,EQ-010,17-06-2025,10343000,1551450,8791550,48,10.91,69.1,REQUIRE_COLLATERAL,Performing
EQF-2025-02681,CUST-02681,EQ-001,17-06-2025,4029000,1007250,3021750,36,9.63,47.8,STRUCTURED_LEASE,Performing
EQF-2025-02682,CUST-02682,EQ-013,17-06-2025,4596000,1149000,3447000,60,7,46.9,STRUCTURED_LEASE,Performing
EQF-2025-02683,CUST-02683,EQ-006,17-06-2025,7687000,768700,6918300,36,10.42,62.9,STRUCTURED_LEASE,Performing
EQF-2025-02684,CUST-02684,EQ-012,17-06-2025,7487000,1497400,5989600,48,8.69,43.6,STRUCTURED_LEASE,Performing
EQF-2025-02685,CUST-02685,EQ-012,17-06-2025,11747000,2349400,9397600,36,8.28,72.7,REQUIRE_COLLATERAL,Performing
EQF-2025-02686,CUST-02686,EQ-005,17-06-2025,3270000,490500,2779500,36,10.43,71.4,REQUIRE_COLLATERAL,Performing
EQF-2025-02687,CUST-02687,EQ-009,17-06-2025,6811000,1021650,5789350,48,9.7,62.6,STRUCTURED_LEASE,60_Days_Past_Due
EQF-2025-02688,CUST-02688,EQ-012,17-06-2025,10172000,2034400,8137600,60,9.4,95.6,REJECT,60_Days_Past_Due
EQF-2025-02689,CUST-02689,EQ-010,18-06-2025,5052000,1263000,3789000,48,9.65,44.3,STRUCTURED_LEASE,Performing
EQF-2025-02690,CUST-02690,EQ-011,18-06-2025,8403000,1260450,7142550,48,8.23,69.2,REQUIRE_COLLATERAL,Performing
EQF-2025-02691,CUST-02691,EQ-008,18-06-2025,8364000,836400,7527600,24,12.15,52.9,STRUCTURED_LEASE,Performing
EQF-2025-02692,CUST-02692,EQ-004,18-06-2025,10202000,2550500,7651500,48,9.76,57,STRUCTURED_LEASE,Performing
EQF-2025-02693,CUST-02693,EQ-009,18-06-2025,2415000,241500,2173500,36,9.74,23.1,AUTO_APPROVE,Performing
EQF-2025-02694,CUST-02694,EQ-004,18-06-2025,7357000,1103550,6253450,24,9.37,86.4,REJECT,Performing
EQF-2025-02695,CUST-02695,EQ-002,18-06-2025,2119000,423800,1695200,24,7.08,45.9,STRUCTURED_LEASE,Performing
EQF-2025-02696,CUST-02696,EQ-004,18-06-2025,9312000,1396800,7915200,48,8.49,78,REQUIRE_COLLATERAL,30_Days_Past_Due
EQF-2025-02697,CUST-02697,EQ-014,18-06-2025,1467000,293400,1173600,60,7.66,53.5,STRUCTURED_LEASE,30_Days_Past_Due
EQF-2025-02698,CUST-02698,EQ-001,18-06-2025,11579000,2894750,8684250,48,7.52,57.2,STRUCTURED_LEASE,Performing
EQF-2025-02699,CUST-02699,EQ-014,18-06-2025,1865000,279750,1585250,36,7.19,50,STRUCTURED_LEASE,Performing
EQF-2025-02700,CUST-02700,EQ-014,18-06-2025,3466000,519900,2946100,36,8.55,64,STRUCTURED_LEASE,30_Days_Past_Due
EQF-2025-02701,CUST-02701,EQ-008,18-06-2025,9603000,1440450,8162550,48,9.53,84.1,REJECT,Default
EQF-2025-02702,CUST-02702,EQ-007,18-06-2025,4726000,1181500,3544500,24,7.37,59.3,REQUIRE_COLLATERAL,Performing
EQF-2025-02703,CUST-02703,EQ-009,18-06-2025,6771000,677100,6093900,36,10.55,69.3,REQUIRE_COLLATERAL,Performing
EQF-2025-02704,CUST-02704,EQ-005,18-06-2025,5125000,512500,4612500,48,9.95,87.5,REJECT,Performing
EQF-2025-02705,CUST-02705,EQ-014,19-06-2025,4585000,917000,3668000,60,9.15,65,REQUIRE_COLLATERAL,Performing
EQF-2025-02706,CUST-02706,EQ-013,19-06-2025,3435000,515250,2919750,36,12.74,57.8,STRUCTURED_LEASE,Performing
EQF-2025-02707,CUST-02707,EQ-009,19-06-2025,7923000,792300,7130700,36,9.14,81.8,REJECT,Performing
EQF-2025-02708,CUST-02708,EQ-011,19-06-2025,10012000,2503000,7509000,48,10.7,54.7,STRUCTURED_LEASE,Performing
EQF-2025-02709,CUST-02709,EQ-009,19-06-2025,5042000,756300,4285700,48,9.81,49.5,STRUCTURED_LEASE,Performing
EQF-2025-02710,CUST-02710,EQ-001,19-06-2025,6446000,1289200,5156800,60,11.66,64.4,STRUCTURED_LEASE,Performing
EQF-2025-02711,CUST-02711,EQ-014,19-06-2025,3270000,327000,2943000,36,11.13,74.4,REQUIRE_COLLATERAL,Performing
EQF-2025-02712,CUST-02712,EQ-004,19-06-2025,3695000,923750,2771250,36,9.05,51.4,STRUCTURED_LEASE,Performing
EQF-2025-02713,CUST-02713,EQ-012,19-06-2025,13567000,3391750,10175250,60,9.1,74.6,REQUIRE_COLLATERAL,60_Days_Past_Due
EQF-2025-02714,CUST-02714,EQ-011,19-06-2025,11435000,2287000,9148000,36,7.49,63.1,STRUCTURED_LEASE,Performing
EQF-2025-02715,CUST-02715,EQ-006,19-06-2025,8455000,845500,7609500,48,9.67,65.5,REQUIRE_COLLATERAL,Performing
EQF-2025-02716,CUST-02716,EQ-011,19-06-2025,5013000,751950,4261050,36,10.48,70.1,REQUIRE_COLLATERAL,Performing
EQF-2025-02717,CUST-02717,EQ-010,19-06-2025,4546000,1136500,3409500,48,9.41,86.7,REJECT,Performing
EQF-2025-02718,CUST-02718,EQ-002,19-06-2025,5361000,1072200,4288800,48,11.6,72.5,REQUIRE_COLLATERAL,Performing
EQF-2025-02719,CUST-02719,EQ-014,19-06-2025,2702000,675500,2026500,36,9.72,90.6,REJECT,Performing
EQF-2025-02720,CUST-02720,EQ-005,19-06-2025,4764000,1191000,3573000,48,11.37,53.9,STRUCTURED_LEASE,Performing
EQF-2025-02721,CUST-02721,EQ-002,20-06-2025,5275000,527500,4747500,36,9.26,59.9,STRUCTURED_LEASE,Performing
EQF-2025-02722,CUST-02722,EQ-014,20-06-2025,3183000,318300,2864700,60,7.76,77.4,REQUIRE_COLLATERAL,Performing
EQF-2025-02723,CUST-02723,EQ-003,20-06-2025,1935000,290250,1644750,36,8.56,72,REQUIRE_COLLATERAL,Performing
EQF-2025-02724,CUST-02724,EQ-010,20-06-2025,10082000,2520500,7561500,24,9.45,48.8,STRUCTURED_LEASE,Performing
EQF-2025-02725,CUST-02725,EQ-011,20-06-2025,4342000,868400,3473600,36,8.38,44.1,STRUCTURED_LEASE,60_Days_Past_Due
EQF-2025-02726,CUST-02726,EQ-012,20-06-2025,13849000,3462250,10386750,48,7.02,50.4,STRUCTURED_LEASE,Performing
EQF-2025-02727,CUST-02727,EQ-006,20-06-2025,1854000,370800,1483200,48,7,61.1,STRUCTURED_LEASE,Performing
EQF-2025-02728,CUST-02728,EQ-009,20-06-2025,6161000,1540250,4620750,36,11.02,88.6,REJECT,60_Days_Past_Due
EQF-2025-02729,CUST-02729,EQ-005,20-06-2025,2002000,400400,1601600,48,10.08,78.8,REQUIRE_COLLATERAL,Performing
EQF-2025-02730,CUST-02730,EQ-004,20-06-2025,8503000,2125750,6377250,48,9.91,85,REJECT,60_Days_Past_Due
EQF-2025-02731,CUST-02731,EQ-003,20-06-2025,1329000,332250,996750,48,9.75,74.8,REQUIRE_COLLATERAL,60_Days_Past_Due
EQF-2025-02732,CUST-02732,EQ-010,20-06-2025,9661000,1449150,8211850,48,8.68,48.9,STRUCTURED_LEASE,Performing
EQF-2025-02733,CUST-02733,EQ-005,20-06-2025,4762000,476200,4285800,48,10.69,66.1,REQUIRE_COLLATERAL,Performing
EQF-2025-02734,CUST-02734,EQ-002,20-06-2025,1286000,128600,1157400,48,7,54.7,STRUCTURED_LEASE,Performing
EQF-2025-02735,CUST-02735,EQ-007,20-06-2025,4475000,895000,3580000,24,7,47.4,STRUCTURED_LEASE,Performing
EQF-2025-02736,CUST-02736,EQ-003,20-06-2025,3059000,764750,2294250,24,9.2,62.3,STRUCTURED_LEASE,Performing
EQF-2025-02737,CUST-02737,EQ-007,21-06-2025,1793000,448250,1344750,60,9.69,65.3,REQUIRE_COLLATERAL,Performing
EQF-2025-02738,CUST-02738,EQ-004,21-06-2025,2633000,263300,2369700,24,8.17,47,STRUCTURED_LEASE,Performing
EQF-2025-02739,CUST-02739,EQ-007,21-06-2025,2974000,594800,2379200,36,7.11,62.5,STRUCTURED_LEASE,Performing
EQF-2025-02740,CUST-02740,EQ-006,21-06-2025,2099000,314850,1784150,60,10.39,66.8,REQUIRE_COLLATERAL,Default
EQF-2025-02741,CUST-02741,EQ-001,21-06-2025,5036000,755400,4280600,36,8.88,69.6,REQUIRE_COLLATERAL,30_Days_Past_Due
EQF-2025-02742,CUST-02742,EQ-009,21-06-2025,3371000,505650,2865350,48,10.54,67.5,REQUIRE_COLLATERAL,30_Days_Past_Due
EQF-2025-02743,CUST-02743,EQ-006,21-06-2025,5913000,1478250,4434750,48,11.46,76.3,REQUIRE_COLLATERAL,Performing
EQF-2025-02744,CUST-02744,EQ-009,21-06-2025,5209000,1041800,4167200,60,7.09,47,STRUCTURED_LEASE,Performing
EQF-2025-02745,CUST-02745,EQ-004,21-06-2025,3086000,308600,2777400,36,9.82,43.6,STRUCTURED_LEASE,Performing
EQF-2025-02746,CUST-02746,EQ-003,21-06-2025,4880000,1220000,3660000,36,9.87,59.7,STRUCTURED_LEASE,Performing
EQF-2025-02747,CUST-02747,EQ-010,21-06-2025,10041000,2510250,7530750,60,10.62,70.2,REQUIRE_COLLATERAL,Performing
EQF-2025-02748,CUST-02748,EQ-005,21-06-2025,3315000,497250,2817750,36,8.7,43.7,STRUCTURED_LEASE,30_Days_Past_Due
EQF-2025-02749,CUST-02749,EQ-014,21-06-2025,1665000,333000,1332000,48,9.58,69.5,REQUIRE_COLLATERAL,Performing
EQF-2025-02750,CUST-02750,EQ-004,21-06-2025,10510000,2102000,8408000,48,10.6,56.2,STRUCTURED_LEASE,Performing
EQF-2025-02751,CUST-02751,EQ-011,21-06-2025,9073000,1360950,7712050,36,10.16,61,STRUCTURED_LEASE,Performing
EQF-2025-02752,CUST-02752,EQ-014,21-06-2025,2382000,357300,2024700,60,11.84,75,REQUIRE_COLLATERAL,Performing
EQF-2025-02753,CUST-02753,EQ-012,22-06-2025,9394000,1409100,7984900,48,8.2,70.6,REQUIRE_COLLATERAL,Performing
EQF-2025-02754,CUST-02754,EQ-012,22-06-2025,12500000,3125000,9375000,24,9.81,65,REQUIRE_COLLATERAL,Default
EQF-2025-02755,CUST-02755,EQ-007,22-06-2025,1676000,419000,1257000,24,9.37,46.5,STRUCTURED_LEASE,Performing
EQF-2025-02756,CUST-02756,EQ-001,22-06-2025,12442000,3110500,9331500,36,9.19,54.3,STRUCTURED_LEASE,Performing
EQF-2025-02757,CUST-02757,EQ-010,22-06-2025,8870000,887000,7983000,36,10.38,68.7,REQUIRE_COLLATERAL,Performing
EQF-2025-02758,CUST-02758,EQ-015,22-06-2025,3605000,360500,3244500,48,9.67,67.1,REQUIRE_COLLATERAL,Performing
EQF-2025-02759,CUST-02759,EQ-003,22-06-2025,4490000,898000,3592000,24,7.9,61.8,STRUCTURED_LEASE,Performing
EQF-2025-02760,CUST-02760,EQ-009,22-06-2025,2425000,363750,2061250,36,10.93,43.8,STRUCTURED_LEASE,Performing
EQF-2025-02761,CUST-02761,EQ-009,22-06-2025,5668000,850200,4817800,60,10.39,73.3,REQUIRE_COLLATERAL,Performing
EQF-2025-02762,CUST-02762,EQ-005,22-06-2025,4645000,1161250,3483750,48,11.71,63.6,STRUCTURED_LEASE,Performing
EQF-2025-02763,CUST-02763,EQ-004,22-06-2025,6089000,608900,5480100,36,10.59,48.9,STRUCTURED_LEASE,Performing
EQF-2025-02764,CUST-02764,EQ-012,22-06-2025,6778000,1016700,5761300,60,9.18,56.9,STRUCTURED_LEASE,Performing
EQF-2025-02765,CUST-02765,EQ-009,22-06-2025,4106000,821200,3284800,36,9.19,59.8,STRUCTURED_LEASE,Performing
EQF-2025-02766,CUST-02766,EQ-015,22-06-2025,1362000,204300,1157700,60,11.05,78.3,REQUIRE_COLLATERAL,60_Days_Past_Due
EQF-2025-02767,CUST-02767,EQ-004,22-06-2025,4639000,1159750,3479250,48,8.35,60.7,STRUCTURED_LEASE,Performing
EQF-2025-02768,CUST-02768,EQ-009,22-06-2025,3404000,851000,2553000,48,8.14,55.6,STRUCTURED_LEASE,Performing
EQF-2025-02769,CUST-02769,EQ-004,23-06-2025,8626000,862600,7763400,48,9.83,67.9,REQUIRE_COLLATERAL,30_Days_Past_Due
EQF-2025-02770,CUST-02770,EQ-013,23-06-2025,1384000,276800,1107200,48,7.26,41.3,STRUCTURED_LEASE,Performing
EQF-2025-02771,CUST-02771,EQ-009,23-06-2025,6058000,1211600,4846400,48,10.02,70.8,REQUIRE_COLLATERAL,Performing
EQF-2025-02772,CUST-02772,EQ-011,23-06-2025,6436000,965400,5470600,48,10.2,62.5,STRUCTURED_LEASE,Performing
EQF-2025-02773,CUST-02773,EQ-014,23-06-2025,1511000,302200,1208800,36,9.13,32.1,AUTO_APPROVE,Performing
EQF-2025-02774,CUST-02774,EQ-004,23-06-2025,5057000,758550,4298450,36,11.61,59.2,STRUCTURED_LEASE,30_Days_Past_Due
EQF-2025-02775,CUST-02775,EQ-010,23-06-2025,4408000,661200,3746800,60,11.19,85.6,REJECT,Default
EQF-2025-02776,CUST-02776,EQ-001,23-06-2025,10072000,1007200,9064800,48,8.33,57.2,STRUCTURED_LEASE,Performing
EQF-2025-02777,CUST-02777,EQ-006,23-06-2025,4002000,800400,3201600,60,10.48,65.2,REQUIRE_COLLATERAL,Performing
EQF-2025-02778,CUST-02778,EQ-009,23-06-2025,8262000,2065500,6196500,48,10.98,77,REQUIRE_COLLATERAL,Performing
EQF-2025-02779,CUST-02779,EQ-012,23-06-2025,14599000,2189850,12409150,48,9.62,66.8,REQUIRE_COLLATERAL,Performing
EQF-2025-02780,CUST-02780,EQ-006,23-06-2025,4606000,690900,3915100,24,8.85,74,REQUIRE_COLLATERAL,Performing
EQF-2025-02781,CUST-02781,EQ-009,23-06-2025,7066000,1059900,6006100,36,7.84,58.6,STRUCTURED_LEASE,Performing
EQF-2025-02782,CUST-02782,EQ-003,23-06-2025,1250000,250000,1000000,48,8.66,72.7,REQUIRE_COLLATERAL,Performing
EQF-2025-02783,CUST-02783,EQ-002,23-06-2025,3649000,729800,2919200,48,7.87,73,REQUIRE_COLLATERAL,Performing
EQF-2025-02784,CUST-02784,EQ-013,23-06-2025,4025000,805000,3220000,48,10.87,85.4,REJECT,60_Days_Past_Due
EQF-2025-02785,CUST-02785,EQ-002,24-06-2025,1928000,289200,1638800,48,9.12,62.4,STRUCTURED_LEASE,30_Days_Past_Due
EQF-2025-02786,CUST-02786,EQ-005,24-06-2025,1928000,482000,1446000,48,10.28,72.4,REQUIRE_COLLATERAL,Performing
EQF-2025-02787,CUST-02787,EQ-007,24-06-2025,1611000,402750,1208250,48,11.39,70.5,REQUIRE_COLLATERAL,Performing
EQF-2025-02788,CUST-02788,EQ-005,24-06-2025,4593000,918600,3674400,36,9.82,92.9,REJECT,Performing
EQF-2025-02789,CUST-02789,EQ-007,24-06-2025,3433000,858250,2574750,48,11.27,80.1,REJECT,Performing
EQF-2025-02790,CUST-02790,EQ-015,24-06-2025,2781000,417150,2363850,24,8.97,41.4,STRUCTURED_LEASE,Performing
EQF-2025-02791,CUST-02791,EQ-014,24-06-2025,2872000,574400,2297600,36,10.08,82,REJECT,Performing
EQF-2025-02792,CUST-02792,EQ-015,24-06-2025,3245000,649000,2596000,36,9.81,47.2,STRUCTURED_LEASE,Performing
EQF-2025-02793,CUST-02793,EQ-004,24-06-2025,9040000,1356000,7684000,36,8.45,61.4,STRUCTURED_LEASE,Performing
EQF-2025-02794,CUST-02794,EQ-012,24-06-2025,5158000,1031600,4126400,36,9.04,67.8,REQUIRE_COLLATERAL,30_Days_Past_Due
EQF-2025-02795,CUST-02795,EQ-012,24-06-2025,12458000,1868700,10589300,24,11.62,75.5,REQUIRE_COLLATERAL,30_Days_Past_Due
EQF-2025-02796,CUST-02796,EQ-004,24-06-2025,8353000,1670600,6682400,36,8.98,56,STRUCTURED_LEASE,Performing
EQF-2025-02797,CUST-02797,EQ-006,24-06-2025,6692000,1673000,5019000,60,7.01,31.4,AUTO_APPROVE,Performing
EQF-2025-02798,CUST-02798,EQ-004,24-06-2025,8743000,1748600,6994400,36,8.98,12.5,AUTO_APPROVE,Performing
EQF-2025-02799,CUST-02799,EQ-002,24-06-2025,3247000,649400,2597600,48,8.37,82.9,REJECT,60_Days_Past_Due
EQF-2025-02800,CUST-02800,EQ-005,24-06-2025,2980000,596000,2384000,48,10.18,53.4,STRUCTURED_LEASE,Performing
EQF-2025-02801,CUST-02801,EQ-013,25-06-2025,3239000,323900,2915100,36,10.42,43.3,STRUCTURED_LEASE,Performing
EQF-2025-02802,CUST-02802,EQ-002,25-06-2025,5782000,1445500,4336500,24,10.04,78.3,REQUIRE_COLLATERAL,30_Days_Past_Due
EQF-2025-02803,CUST-02803,EQ-007,25-06-2025,3860000,579000,3281000,36,8.89,62.8,STRUCTURED_LEASE,Performing
EQF-2025-02804,CUST-02804,EQ-007,25-06-2025,857000,85700,771300,48,9.59,61.8,STRUCTURED_LEASE,Performing
EQF-2025-02805,CUST-02805,EQ-004,25-06-2025,3008000,752000,2256000,36,9.03,62.1,STRUCTURED_LEASE,Performing
EQF-2025-02806,CUST-02806,EQ-015,25-06-2025,5963000,1192600,4770400,24,7.33,84.4,REJECT,Performing
EQF-2025-02807,CUST-02807,EQ-013,25-06-2025,1473000,294600,1178400,36,9.33,54.6,STRUCTURED_LEASE,30_Days_Past_Due
EQF-2025-02808,CUST-02808,EQ-005,25-06-2025,1822000,273300,1548700,48,13.45,62.2,STRUCTURED_LEASE,30_Days_Past_Due
EQF-2025-02809,CUST-02809,EQ-008,25-06-2025,5501000,825150,4675850,48,7.96,59,STRUCTURED_LEASE,Performing
EQF-2025-02810,CUST-02810,EQ-014,25-06-2025,4883000,1220750,3662250,36,7,48.1,STRUCTURED_LEASE,Performing
EQF-2025-02811,CUST-02811,EQ-005,25-06-2025,3731000,932750,2798250,36,11.64,58.3,STRUCTURED_LEASE,Performing
EQF-2025-02812,CUST-02812,EQ-010,25-06-2025,5984000,897600,5086400,36,10.17,73.5,REQUIRE_COLLATERAL,Performing
EQF-2025-02813,CUST-02813,EQ-003,25-06-2025,3609000,902250,2706750,24,9.95,39.6,AUTO_APPROVE,Performing
EQF-2025-02814,CUST-02814,EQ-006,25-06-2025,1669000,250350,1418650,36,8.96,79.7,REQUIRE_COLLATERAL,30_Days_Past_Due
EQF-2025-02815,CUST-02815,EQ-004,25-06-2025,10131000,2026200,8104800,48,9.84,74.5,REQUIRE_COLLATERAL,Performing
EQF-2025-02816,CUST-02816,EQ-003,25-06-2025,3174000,476100,2697900,48,9.58,50.5,STRUCTURED_LEASE,Performing
EQF-2025-02817,CUST-02817,EQ-010,26-06-2025,6468000,646800,5821200,48,11.47,73.9,REQUIRE_COLLATERAL,Performing
EQF-2025-02818,CUST-02818,EQ-005,26-06-2025,7525000,1128750,6396250,48,10.88,80.1,REJECT,Performing
EQF-2025-02819,CUST-02819,EQ-009,26-06-2025,8172000,1225800,6946200,36,10.4,53.4,STRUCTURED_LEASE,Performing
EQF-2025-02820,CUST-02820,EQ-011,26-06-2025,8658000,865800,7792200,36,8.48,46.7,STRUCTURED_LEASE,Performing
EQF-2025-02821,CUST-02821,EQ-002,26-06-2025,1697000,169700,1527300,36,9.84,99,REJECT,Performing
EQF-2025-02822,CUST-02822,EQ-005,26-06-2025,7210000,721000,6489000,48,8.58,54.5,STRUCTURED_LEASE,Performing
EQF-2025-02823,CUST-02823,EQ-004,26-06-2025,5928000,592800,5335200,24,11.34,68.3,REQUIRE_COLLATERAL,Performing
EQF-2025-02824,CUST-02824,EQ-009,26-06-2025,8049000,1207350,6841650,60,8.43,53.6,STRUCTURED_LEASE,Performing
EQF-2025-02825,CUST-02825,EQ-011,26-06-2025,14449000,3612250,10836750,48,9.3,67.2,REQUIRE_COLLATERAL,Default
EQF-2025-02826,CUST-02826,EQ-003,26-06-2025,1636000,163600,1472400,36,7.87,54.9,STRUCTURED_LEASE,Performing
EQF-2025-02827,CUST-02827,EQ-003,26-06-2025,4835000,967000,3868000,48,8.75,66.5,REQUIRE_COLLATERAL,Performing
EQF-2025-02828,CUST-02828,EQ-009,26-06-2025,4078000,611700,3466300,24,8.74,85.2,REJECT,Performing
EQF-2025-02829,CUST-02829,EQ-012,26-06-2025,11109000,2777250,8331750,36,9.27,95.1,REJECT,Default
EQF-2025-02830,CUST-02830,EQ-006,26-06-2025,1743000,348600,1394400,36,8.15,72.5,REQUIRE_COLLATERAL,Performing
EQF-2025-02831,CUST-02831,EQ-008,26-06-2025,10056000,1508400,8547600,36,11.32,75.1,REQUIRE_COLLATERAL,Performing
EQF-2025-02832,CUST-02832,EQ-003,26-06-2025,3638000,545700,3092300,48,9.22,55.5,STRUCTURED_LEASE,Performing
EQF-2025-02833,CUST-02833,EQ-006,27-06-2025,6005000,1201000,4804000,48,8.7,54.2,STRUCTURED_LEASE,Performing
EQF-2025-02834,CUST-02834,EQ-011,27-06-2025,13924000,1392400,12531600,36,10.65,71.6,REQUIRE_COLLATERAL,Performing
EQF-2025-02835,CUST-02835,EQ-012,27-06-2025,9592000,959200,8632800,36,12.74,87.7,REJECT,60_Days_Past_Due
EQF-2025-02836,CUST-02836,EQ-015,27-06-2025,2935000,587000,2348000,24,8.89,52.2,STRUCTURED_LEASE,Performing
EQF-2025-02837,CUST-02837,EQ-007,27-06-2025,5304000,1326000,3978000,48,9.13,84.8,REJECT,Performing
EQF-2025-02838,CUST-02838,EQ-006,27-06-2025,6697000,669700,6027300,36,8.39,48.3,STRUCTURED_LEASE,Performing
EQF-2025-02839,CUST-02839,EQ-003,27-06-2025,4806000,720900,4085100,36,10.49,68.7,REQUIRE_COLLATERAL,Performing
EQF-2025-02840,CUST-02840,EQ-011,27-06-2025,14341000,2151150,12189850,36,10.93,65.6,REQUIRE_COLLATERAL,Performing
EQF-2025-02841,CUST-02841,EQ-011,27-06-2025,8206000,2051500,6154500,36,9.43,76.3,REQUIRE_COLLATERAL,Performing
EQF-2025-02842,CUST-02842,EQ-003,27-06-2025,2899000,434850,2464150,48,8.84,70.1,REQUIRE_COLLATERAL,60_Days_Past_Due
EQF-2025-02843,CUST-02843,EQ-007,27-06-2025,2131000,213100,1917900,48,10.3,96.6,REJECT,Default
EQF-2025-02844,CUST-02844,EQ-015,27-06-2025,4235000,1058750,3176250,48,10.61,53.2,STRUCTURED_LEASE,Performing
EQF-2025-02845,CUST-02845,EQ-004,27-06-2025,5599000,559900,5039100,48,11.83,93.2,REJECT,Performing
EQF-2025-02846,CUST-02846,EQ-001,27-06-2025,12647000,3161750,9485250,48,8.63,78.3,REQUIRE_COLLATERAL,Performing
EQF-2025-02847,CUST-02847,EQ-014,27-06-2025,1662000,332400,1329600,24,10.78,83.2,REJECT,Default
EQF-2025-02848,CUST-02848,EQ-012,27-06-2025,5280000,792000,4488000,24,9.66,40.7,STRUCTURED_LEASE,Performing
EQF-2025-02849,CUST-02849,EQ-004,28-06-2025,4238000,1059500,3178500,36,7,72.3,REQUIRE_COLLATERAL,Performing
EQF-2025-02850,CUST-02850,EQ-012,28-06-2025,4927000,985400,3941600,48,11.78,59.7,STRUCTURED_LEASE,Performing
EQF-2025-02851,CUST-02851,EQ-013,28-06-2025,3556000,355600,3200400,60,9.95,62.9,STRUCTURED_LEASE,Performing
EQF-2025-02852,CUST-02852,EQ-006,28-06-2025,2531000,506200,2024800,24,10.41,73.9,REQUIRE_COLLATERAL,Performing
EQF-2025-02853,CUST-02853,EQ-006,28-06-2025,2620000,262000,2358000,36,10.92,66.8,REQUIRE_COLLATERAL,60_Days_Past_Due
EQF-2025-02854,CUST-02854,EQ-007,28-06-2025,874000,218500,655500,36,10.39,89.1,REJECT,Default
EQF-2025-02855,CUST-02855,EQ-006,28-06-2025,6975000,1743750,5231250,48,8.05,49.4,STRUCTURED_LEASE,Performing
EQF-2025-02856,CUST-02856,EQ-004,28-06-2025,9405000,1410750,7994250,48,10.51,79,REQUIRE_COLLATERAL,Performing
EQF-2025-02857,CUST-02857,EQ-005,28-06-2025,2634000,395100,2238900,36,10.24,80.1,REJECT,Performing
EQF-2025-02858,CUST-02858,EQ-005,28-06-2025,6677000,1669250,5007750,48,7,61.3,STRUCTURED_LEASE,Performing
EQF-2025-02859,CUST-02859,EQ-009,28-06-2025,4535000,453500,4081500,48,12,78.6,REQUIRE_COLLATERAL,30_Days_Past_Due
EQF-2025-02860,CUST-02860,EQ-009,28-06-2025,3177000,317700,2859300,36,8.93,62.8,STRUCTURED_LEASE,Performing
EQF-2025-02861,CUST-02861,EQ-002,28-06-2025,4031000,1007750,3023250,36,10.99,35.6,AUTO_APPROVE,Performing
EQF-2025-02862,CUST-02862,EQ-001,28-06-2025,5963000,596300,5366700,48,9,40.6,STRUCTURED_LEASE,Performing
EQF-2025-02863,CUST-02863,EQ-015,28-06-2025,4736000,1184000,3552000,24,8.7,70.7,REQUIRE_COLLATERAL,Performing
EQF-2025-02864,CUST-02864,EQ-004,28-06-2025,2905000,435750,2469250,36,9.38,30,AUTO_APPROVE,30_Days_Past_Due
EQF-2025-02865,CUST-02865,EQ-011,29-06-2025,14550000,1455000,13095000,36,12.68,77.8,REQUIRE_COLLATERAL,60_Days_Past_Due
EQF-2025-02866,CUST-02866,EQ-010,29-06-2025,3111000,466650,2644350,48,12.52,99,REJECT,Default
EQF-2025-02867,CUST-02867,EQ-008,29-06-2025,7425000,1485000,5940000,48,8.7,74,REQUIRE_COLLATERAL,60_Days_Past_Due
EQF-2025-02868,CUST-02868,EQ-013,29-06-2025,4628000,694200,3933800,48,11.37,86.5,REJECT,Performing
EQF-2025-02869,CUST-02869,EQ-001,29-06-2025,4131000,826200,3304800,24,9.54,62.3,STRUCTURED_LEASE,Performing
EQF-2025-02870,CUST-02870,EQ-011,29-06-2025,9484000,1422600,8061400,24,12.53,38.6,AUTO_APPROVE,Performing
EQF-2025-02871,CUST-02871,EQ-007,29-06-2025,2620000,393000,2227000,48,11.23,92,REJECT,Performing
EQF-2025-02872,CUST-02872,EQ-002,29-06-2025,3818000,381800,3436200,36,9.92,82.4,REJECT,Performing
EQF-2025-02873,CUST-02873,EQ-007,29-06-2025,1972000,295800,1676200,48,9.62,60.2,STRUCTURED_LEASE,Performing
EQF-2025-02874,CUST-02874,EQ-012,29-06-2025,4714000,1178500,3535500,36,10.41,76.1,REQUIRE_COLLATERAL,Performing
EQF-2025-02875,CUST-02875,EQ-003,29-06-2025,3579000,357900,3221100,48,10.23,77.7,REQUIRE_COLLATERAL,Performing
EQF-2025-02876,CUST-02876,EQ-004,29-06-2025,6043000,604300,5438700,60,7.85,66.2,REQUIRE_COLLATERAL,Performing
EQF-2025-02877,CUST-02877,EQ-004,29-06-2025,7791000,779100,7011900,60,9.81,99,REJECT,Performing
EQF-2025-02878,CUST-02878,EQ-006,29-06-2025,2974000,446100,2527900,36,8.52,58.1,STRUCTURED_LEASE,Performing
EQF-2025-02879,CUST-02879,EQ-004,29-06-2025,5379000,537900,4841100,48,8.71,80.4,REJECT,Default
EQF-2025-02880,CUST-02880,EQ-005,29-06-2025,5432000,1086400,4345600,36,11.17,53.6,STRUCTURED_LEASE,Performing
EQF-2025-02881,CUST-02881,EQ-012,30-06-2025,10524000,2104800,8419200,48,9.81,76.2,REQUIRE_COLLATERAL,30_Days_Past_Due
EQF-2025-02882,CUST-02882,EQ-015,30-06-2025,2736000,410400,2325600,24,8.82,67.4,REQUIRE_COLLATERAL,Performing
EQF-2025-02883,CUST-02883,EQ-009,30-06-2025,3460000,346000,3114000,48,7.68,81.1,REJECT,Default
EQF-2025-02884,CUST-02884,EQ-009,30-06-2025,3416000,854000,2562000,36,8.34,64.2,STRUCTURED_LEASE,Performing
EQF-2025-02885,CUST-02885,EQ-009,30-06-2025,2723000,680750,2042250,60,9.41,92.2,REJECT,Performing
EQF-2025-02886,CUST-02886,EQ-007,30-06-2025,2492000,498400,1993600,48,12.03,61.3,STRUCTURED_LEASE,Performing
EQF-2025-02887,CUST-02887,EQ-008,30-06-2025,4195000,629250,3565750,36,7.93,71.4,REQUIRE_COLLATERAL,Performing
EQF-2025-02888,CUST-02888,EQ-011,30-06-2025,10972000,1645800,9326200,60,9.94,59.6,STRUCTURED_LEASE,Performing
EQF-2025-02889,CUST-02889,EQ-003,30-06-2025,3362000,504300,2857700,36,10.11,67.5,REQUIRE_COLLATERAL,Performing
EQF-2025-02890,CUST-02890,EQ-003,30-06-2025,2654000,398100,2255900,60,11.33,55.5,STRUCTURED_LEASE,Performing
EQF-2025-02891,CUST-02891,EQ-001,30-06-2025,7584000,1137600,6446400,48,9.69,73.6,REQUIRE_COLLATERAL,30_Days_Past_Due
EQF-2025-02892,CUST-02892,EQ-003,30-06-2025,2103000,210300,1892700,60,10.11,75.4,REQUIRE_COLLATERAL,30_Days_Past_Due
EQF-2025-02893,CUST-02893,EQ-003,30-06-2025,3235000,323500,2911500,24,11.27,53.6,STRUCTURED_LEASE,Performing
EQF-2025-02894,CUST-02894,EQ-013,30-06-2025,4692000,469200,4222800,36,8.33,79.1,REQUIRE_COLLATERAL,Performing
EQF-2025-02895,CUST-02895,EQ-006,30-06-2025,6300000,1575000,4725000,48,10.69,77.9,REQUIRE_COLLATERAL,Performing
EQF-2025-02896,CUST-02896,EQ-007,30-06-2025,4671000,467100,4203900,60,7.41,71.7,REQUIRE_COLLATERAL,30_Days_Past_Due
EQF-2025-02897,CUST-02897,EQ-004,01-07-2025,9592000,1438800,8153200,24,9.6,42.6,STRUCTURED_LEASE,30_Days_Past_Due
EQF-2025-02898,CUST-02898,EQ-001,01-07-2025,7868000,1180200,6687800,24,9.14,44.1,STRUCTURED_LEASE,Performing
EQF-2025-02899,CUST-02899,EQ-011,01-07-2025,4692000,1173000,3519000,36,8.42,43.4,STRUCTURED_LEASE,Performing
EQF-2025-02900,CUST-02900,EQ-009,01-07-2025,5858000,1464500,4393500,60,10.96,79.6,REQUIRE_COLLATERAL,Performing
EQF-2025-02901,CUST-02901,EQ-009,01-07-2025,2821000,564200,2256800,48,11.04,80.8,REJECT,Default
EQF-2025-02902,CUST-02902,EQ-014,01-07-2025,3362000,840500,2521500,36,11.1,60.8,STRUCTURED_LEASE,Performing
EQF-2025-02903,CUST-02903,EQ-006,01-07-2025,6677000,1335400,5341600,24,10.07,72.2,REQUIRE_COLLATERAL,Performing
EQF-2025-02904,CUST-02904,EQ-001,01-07-2025,12620000,1262000,11358000,48,7.65,77.7,REQUIRE_COLLATERAL,Performing
EQF-2025-02905,CUST-02905,EQ-008,01-07-2025,5066000,759900,4306100,36,9.01,56.2,STRUCTURED_LEASE,Performing
EQF-2025-02906,CUST-02906,EQ-006,01-07-2025,5087000,1017400,4069600,48,11.01,76,REQUIRE_COLLATERAL,Performing
EQF-2025-02907,CUST-02907,EQ-002,01-07-2025,4029000,805800,3223200,36,10.99,70.9,REQUIRE_COLLATERAL,30_Days_Past_Due
EQF-2025-02908,CUST-02908,EQ-009,01-07-2025,7236000,1447200,5788800,48,11.3,76.6,REQUIRE_COLLATERAL,30_Days_Past_Due
EQF-2025-02909,CUST-02909,EQ-001,01-07-2025,12375000,3093750,9281250,60,9.97,39.6,AUTO_APPROVE,Performing
EQF-2025-02910,CUST-02910,EQ-001,01-07-2025,14868000,3717000,11151000,48,9.23,46.7,STRUCTURED_LEASE,Performing
EQF-2025-02911,CUST-02911,EQ-009,01-07-2025,1557000,389250,1167750,36,7,43.3,STRUCTURED_LEASE,Performing
EQF-2025-02912,CUST-02912,EQ-005,01-07-2025,4562000,912400,3649600,48,10.79,59.5,STRUCTURED_LEASE,30_Days_Past_Due
EQF-2025-02913,CUST-02913,EQ-013,02-07-2025,2173000,217300,1955700,36,9.35,66.8,REQUIRE_COLLATERAL,Performing
EQF-2025-02914,CUST-02914,EQ-002,02-07-2025,1423000,213450,1209550,60,7.62,81.1,REJECT,Performing
EQF-2025-02915,CUST-02915,EQ-006,02-07-2025,7881000,1970250,5910750,24,10.64,88.9,REJECT,Performing
EQF-2025-02916,CUST-02916,EQ-003,02-07-2025,4992000,499200,4492800,48,11.63,62.5,STRUCTURED_LEASE,Performing
EQF-2025-02917,CUST-02917,EQ-014,02-07-2025,1886000,471500,1414500,24,10.8,56.7,STRUCTURED_LEASE,Performing
EQF-2025-02918,CUST-02918,EQ-014,02-07-2025,1346000,336500,1009500,24,10.51,70.9,REQUIRE_COLLATERAL,Performing
EQF-2025-02919,CUST-02919,EQ-011,02-07-2025,7026000,1405200,5620800,36,10.9,77,REQUIRE_COLLATERAL,Performing
EQF-2025-02920,CUST-02920,EQ-011,02-07-2025,13183000,2636600,10546400,60,7,68,REQUIRE_COLLATERAL,60_Days_Past_Due
EQF-2025-02921,CUST-02921,EQ-011,02-07-2025,7233000,1808250,5424750,60,12.08,92.5,REJECT,60_Days_Past_Due
EQF-2025-02922,CUST-02922,EQ-013,02-07-2025,1416000,212400,1203600,36,8.31,67,REQUIRE_COLLATERAL,Performing
EQF-2025-02923,CUST-02923,EQ-013,02-07-2025,1399000,349750,1049250,24,8.44,47,STRUCTURED_LEASE,Performing
EQF-2025-02924,CUST-02924,EQ-009,02-07-2025,4492000,673800,3818200,36,8.79,48,STRUCTURED_LEASE,60_Days_Past_Due
EQF-2025-02925,CUST-02925,EQ-011,02-07-2025,14250000,1425000,12825000,36,8.96,62.7,STRUCTURED_LEASE,Performing
EQF-2025-02926,CUST-02926,EQ-002,02-07-2025,2287000,571750,1715250,48,11.75,47.4,STRUCTURED_LEASE,60_Days_Past_Due
EQF-2025-02927,CUST-02927,EQ-013,02-07-2025,2823000,423450,2399550,36,10.32,32.9,AUTO_APPROVE,Performing
EQF-2025-02928,CUST-02928,EQ-002,02-07-2025,1330000,133000,1197000,48,8.48,55.8,STRUCTURED_LEASE,Performing
EQF-2025-02929,CUST-02929,EQ-003,03-07-2025,3076000,307600,2768400,48,8.71,59.1,STRUCTURED_LEASE,Performing
EQF-2025-02930,CUST-02930,EQ-011,03-07-2025,11662000,2332400,9329600,48,13.24,99,REJECT,60_Days_Past_Due
EQF-2025-02931,CUST-02931,EQ-010,03-07-2025,4805000,480500,4324500,48,10.03,53.5,STRUCTURED_LEASE,Performing
EQF-2025-02932,CUST-02932,EQ-014,03-07-2025,2328000,465600,1862400,36,8.85,54.1,STRUCTURED_LEASE,Performing
EQF-2025-02933,CUST-02933,EQ-009,03-07-2025,7394000,739400,6654600,36,7.07,58.5,STRUCTURED_LEASE,Performing
EQF-2025-02934,CUST-02934,EQ-010,03-07-2025,2588000,258800,2329200,48,7,65.4,REQUIRE_COLLATERAL,30_Days_Past_Due
EQF-2025-02935,CUST-02935,EQ-013,03-07-2025,3619000,542850,3076150,36,7.82,63.9,STRUCTURED_LEASE,Performing
EQF-2025-02936,CUST-02936,EQ-009,03-07-2025,4257000,638550,3618450,24,9.64,62.3,REQUIRE_COLLATERAL,Performing
EQF-2025-02937,CUST-02937,EQ-013,03-07-2025,2334000,466800,1867200,60,11.16,61.6,STRUCTURED_LEASE,Performing
EQF-2025-02938,CUST-02938,EQ-004,03-07-2025,8090000,2022500,6067500,48,10.42,99,REJECT,Default
EQF-2025-02939,CUST-02939,EQ-007,03-07-2025,5140000,771000,4369000,36,11.26,66.3,REQUIRE_COLLATERAL,Performing
EQF-2025-02940,CUST-02940,EQ-009,03-07-2025,5409000,540900,4868100,48,10.35,94.8,REJECT,Performing
EQF-2025-02941,CUST-02941,EQ-011,03-07-2025,4342000,868400,3473600,36,7.66,34.2,AUTO_APPROVE,Performing
EQF-2025-02942,CUST-02942,EQ-010,03-07-2025,6422000,1284400,5137600,60,10.14,72.1,REQUIRE_COLLATERAL,Performing
EQF-2025-02943,CUST-02943,EQ-012,03-07-2025,9090000,1818000,7272000,24,10.2,51.7,STRUCTURED_LEASE,Performing
EQF-2025-02944,CUST-02944,EQ-014,03-07-2025,3266000,326600,2939400,48,9.32,62.7,STRUCTURED_LEASE,Performing
EQF-2025-02945,CUST-02945,EQ-003,04-07-2025,3750000,562500,3187500,48,9.04,48.3,STRUCTURED_LEASE,Performing
EQF-2025-02946,CUST-02946,EQ-006,04-07-2025,1635000,408750,1226250,36,9.28,41.4,STRUCTURED_LEASE,Performing
EQF-2025-02947,CUST-02947,EQ-010,04-07-2025,6767000,1353400,5413600,48,7.18,45.5,STRUCTURED_LEASE,Performing
EQF-2025-02948,CUST-02948,EQ-004,04-07-2025,7501000,750100,6750900,60,7.5,62.6,STRUCTURED_LEASE,Performing
EQF-2025-02949,CUST-02949,EQ-012,04-07-2025,7777000,1166550,6610450,48,13.31,74.8,REQUIRE_COLLATERAL,Performing
EQF-2025-02950,CUST-02950,EQ-007,04-07-2025,4275000,641250,3633750,36,7.62,49.6,STRUCTURED_LEASE,Performing
EQF-2025-02951,CUST-02951,EQ-013,04-07-2025,2067000,516750,1550250,48,7,44,STRUCTURED_LEASE,Performing
EQF-2025-02952,CUST-02952,EQ-003,04-07-2025,2406000,481200,1924800,60,8.42,72.8,REQUIRE_COLLATERAL,30_Days_Past_Due
EQF-2025-02953,CUST-02953,EQ-003,04-07-2025,4858000,485800,4372200,36,10.19,56.4,STRUCTURED_LEASE,Performing
EQF-2025-02954,CUST-02954,EQ-004,04-07-2025,5459000,818850,4640150,48,10.34,88.6,REJECT,Default
EQF-2025-02955,CUST-02955,EQ-007,04-07-2025,2602000,260200,2341800,36,7.96,47.3,STRUCTURED_LEASE,Performing
EQF-2025-02956,CUST-02956,EQ-003,04-07-2025,3464000,519600,2944400,24,9.64,46.5,STRUCTURED_LEASE,Performing
EQF-2025-02957,CUST-02957,EQ-003,04-07-2025,4890000,978000,3912000,24,8.68,69.9,REQUIRE_COLLATERAL,30_Days_Past_Due
EQF-2025-02958,CUST-02958,EQ-007,04-07-2025,5912000,1182400,4729600,60,9.79,66.1,REQUIRE_COLLATERAL,60_Days_Past_Due
EQF-2025-02959,CUST-02959,EQ-012,04-07-2025,10376000,2594000,7782000,48,9.06,71,REQUIRE_COLLATERAL,Performing
EQF-2025-02960,CUST-02960,EQ-003,04-07-2025,1204000,180600,1023400,24,8.46,59.6,STRUCTURED_LEASE,Performing
EQF-2025-02961,CUST-02961,EQ-006,05-07-2025,7805000,780500,7024500,60,8.53,77.9,REQUIRE_COLLATERAL,Performing
EQF-2025-02962,CUST-02962,EQ-011,05-07-2025,10273000,1540950,8732050,48,7,44.9,STRUCTURED_LEASE,Performing
EQF-2025-02963,CUST-02963,EQ-001,05-07-2025,8026000,802600,7223400,48,9.17,76.5,REQUIRE_COLLATERAL,Performing
EQF-2025-02964,CUST-02964,EQ-015,05-07-2025,5112000,1278000,3834000,24,9.39,27.8,AUTO_APPROVE,Performing
EQF-2025-02965,CUST-02965,EQ-002,05-07-2025,2879000,431850,2447150,60,7.39,61.4,STRUCTURED_LEASE,Performing
EQF-2025-02966,CUST-02966,EQ-014,05-07-2025,1329000,265800,1063200,48,8.99,69.5,REQUIRE_COLLATERAL,Performing
EQF-2025-02967,CUST-02967,EQ-003,05-07-2025,4320000,432000,3888000,48,9.12,58.3,STRUCTURED_LEASE,Performing
EQF-2025-02968,CUST-02968,EQ-004,05-07-2025,7140000,1428000,5712000,24,7,49,STRUCTURED_LEASE,Performing
EQF-2025-02969,CUST-02969,EQ-007,05-07-2025,2558000,639500,1918500,36,8.34,34,AUTO_APPROVE,Performing
EQF-2025-02970,CUST-02970,EQ-004,05-07-2025,4633000,1158250,3474750,36,8.3,61.4,STRUCTURED_LEASE,Performing
EQF-2025-02971,CUST-02971,EQ-001,05-07-2025,10532000,1053200,9478800,60,9.77,91.9,REJECT,Default
EQF-2025-02972,CUST-02972,EQ-005,05-07-2025,2956000,443400,2512600,36,11.37,76.3,REQUIRE_COLLATERAL,Performing
EQF-2025-02973,CUST-02973,EQ-013,05-07-2025,2431000,486200,1944800,48,9.57,56.6,STRUCTURED_LEASE,Performing
EQF-2025-02974,CUST-02974,EQ-003,05-07-2025,3619000,723800,2895200,24,11.24,63.5,STRUCTURED_LEASE,Performing
EQF-2025-02975,CUST-02975,EQ-012,05-07-2025,13697000,1369700,12327300,36,9.17,74.4,REQUIRE_COLLATERAL,Performing
EQF-2025-02976,CUST-02976,EQ-005,05-07-2025,5230000,523000,4707000,36,10.06,71,REQUIRE_COLLATERAL,Performing
EQF-2025-02977,CUST-02977,EQ-013,06-07-2025,4085000,408500,3676500,48,9.6,82.9,REJECT,Performing
EQF-2025-02978,CUST-02978,EQ-009,06-07-2025,6841000,1710250,5130750,48,13.12,76.8,REQUIRE_COLLATERAL,Performing
EQF-2025-02979,CUST-02979,EQ-014,06-07-2025,3725000,931250,2793750,60,9.27,80.9,REJECT,Performing
EQF-2025-02980,CUST-02980,EQ-007,06-07-2025,2078000,415600,1662400,60,10.67,52.3,STRUCTURED_LEASE,Performing
EQF-2025-02981,CUST-02981,EQ-012,06-07-2025,13535000,2030250,11504750,24,9.8,73.8,REQUIRE_COLLATERAL,Performing
EQF-2025-02982,CUST-02982,EQ-005,06-07-2025,4554000,455400,4098600,48,11.19,86.5,REJECT,Default
EQF-2025-02983,CUST-02983,EQ-003,06-07-2025,1368000,342000,1026000,36,10.45,61.5,STRUCTURED_LEASE,Performing
EQF-2025-02984,CUST-02984,EQ-003,06-07-2025,2130000,319500,1810500,60,10.01,99,REJECT,Default
EQF-2025-02985,CUST-02985,EQ-004,06-07-2025,9007000,900700,8106300,24,7.79,93.4,REJECT,60_Days_Past_Due
EQF-2025-02986,CUST-02986,EQ-015,06-07-2025,1159000,173850,985150,48,7.92,54.3,STRUCTURED_LEASE,Performing
EQF-2025-02987,CUST-02987,EQ-009,06-07-2025,2532000,253200,2278800,36,8.58,62.6,STRUCTURED_LEASE,Performing
EQF-2025-02988,CUST-02988,EQ-004,06-07-2025,8401000,1260150,7140850,36,9.06,99,REJECT,Performing
EQF-2025-02989,CUST-02989,EQ-014,06-07-2025,4592000,918400,3673600,24,9.67,64.3,STRUCTURED_LEASE,Performing
EQF-2025-02990,CUST-02990,EQ-015,06-07-2025,4095000,409500,3685500,24,8.58,58.2,STRUCTURED_LEASE,Performing
EQF-2025-02991,CUST-02991,EQ-005,06-07-2025,3056000,305600,2750400,36,7,79.9,REQUIRE_COLLATERAL,Performing
EQF-2025-02992,CUST-02992,EQ-014,06-07-2025,1403000,280600,1122400,48,11.04,60.7,STRUCTURED_LEASE,Performing
EQF-2025-02993,CUST-02993,EQ-008,07-07-2025,7729000,772900,6956100,48,10.17,41.8,STRUCTURED_LEASE,Performing
EQF-2025-02994,CUST-02994,EQ-012,07-07-2025,4521000,452100,4068900,36,9.59,38.3,AUTO_APPROVE,Performing
EQF-2025-02995,CUST-02995,EQ-006,07-07-2025,5789000,1447250,4341750,36,11.38,58.2,STRUCTURED_LEASE,30_Days_Past_Due
EQF-2025-02996,CUST-02996,EQ-015,07-07-2025,1973000,394600,1578400,36,8.29,63,STRUCTURED_LEASE,Performing
EQF-2025-02997,CUST-02997,EQ-006,07-07-2025,7833000,1958250,5874750,60,9.3,53.6,STRUCTURED_LEASE,Performing
EQF-2025-02998,CUST-02998,EQ-001,07-07-2025,9226000,1845200,7380800,24,9.74,55.3,STRUCTURED_LEASE,Performing
EQF-2025-02999,CUST-02999,EQ-012,07-07-2025,6463000,969450,5493550,48,8.88,72,REQUIRE_COLLATERAL,Performing
EQF-2025-03000,CUST-03000,EQ-015,07-07-2025,5236000,1047200,4188800,24,8.31,67.2,REQUIRE_COLLATERAL,Performing
EQF-2025-03001,CUST-03001,EQ-014,07-07-2025,2165000,433000,1732000,36,10.81,53,STRUCTURED_LEASE,30_Days_Past_Due
EQF-2025-03002,CUST-03002,EQ-014,07-07-2025,2365000,591250,1773750,24,9.93,79.7,REQUIRE_COLLATERAL,30_Days_Past_Due
EQF-2025-03003,CUST-03003,EQ-012,07-07-2025,13177000,1317700,11859300,24,10.44,46.3,STRUCTURED_LEASE,Performing
EQF-2025-03004,CUST-03004,EQ-010,07-07-2025,5125000,1025000,4100000,36,8.26,80.4,REJECT,60_Days_Past_Due
EQF-2025-03005,CUST-03005,EQ-004,07-07-2025,5986000,598600,5387400,36,10.74,76.9,REQUIRE_COLLATERAL,30_Days_Past_Due
EQF-2025-03006,CUST-03006,EQ-014,07-07-2025,2521000,504200,2016800,36,8.57,60.7,STRUCTURED_LEASE,Performing
EQF-2025-03007,CUST-03007,EQ-002,07-07-2025,1405000,351250,1053750,48,9.87,44.4,STRUCTURED_LEASE,Performing
EQF-2025-03008,CUST-03008,EQ-006,07-07-2025,1772000,354400,1417600,24,12.47,80.4,REJECT,Performing
EQF-2025-03009,CUST-03009,EQ-003,08-07-2025,3953000,592950,3360050,24,10.78,72.3,REQUIRE_COLLATERAL,Performing
EQF-2025-03010,CUST-03010,EQ-006,08-07-2025,6016000,1203200,4812800,36,10.01,46.4,STRUCTURED_LEASE,Performing
EQF-2025-03011,CUST-03011,EQ-010,08-07-2025,4900000,980000,3920000,60,11.53,87.8,REJECT,60_Days_Past_Due
EQF-2025-03012,CUST-03012,EQ-012,08-07-2025,7252000,725200,6526800,48,8.65,96.9,REJECT,Default
EQF-2025-03013,CUST-03013,EQ-011,08-07-2025,14395000,1439500,12955500,48,10.24,54.9,STRUCTURED_LEASE,Performing
EQF-2025-03014,CUST-03014,EQ-011,08-07-2025,14864000,2229600,12634400,36,8.25,61.1,STRUCTURED_LEASE,Performing
EQF-2025-03015,CUST-03015,EQ-008,08-07-2025,6524000,1304800,5219200,36,8.96,63.9,STRUCTURED_LEASE,Performing
EQF-2025-03016,CUST-03016,EQ-011,08-07-2025,12827000,1282700,11544300,24,11.89,60.9,STRUCTURED_LEASE,Performing
EQF-2025-03017,CUST-03017,EQ-013,08-07-2025,3999000,799800,3199200,36,9.91,51.1,STRUCTURED_LEASE,Performing
EQF-2025-03018,CUST-03018,EQ-001,08-07-2025,7270000,1817500,5452500,48,11.61,80.7,REJECT,Performing
EQF-2025-03019,CUST-03019,EQ-009,08-07-2025,1910000,477500,1432500,60,9.35,66.5,REQUIRE_COLLATERAL,Performing
EQF-2025-03020,CUST-03020,EQ-013,08-07-2025,1742000,261300,1480700,60,11.33,96.7,REJECT,60_Days_Past_Due
EQF-2025-03021,CUST-03021,EQ-012,08-07-2025,13221000,3305250,9915750,36,9.58,68.1,REQUIRE_COLLATERAL,30_Days_Past_Due
EQF-2025-03022,CUST-03022,EQ-012,08-07-2025,12043000,1204300,10838700,36,9.7,85.1,REJECT,Performing
EQF-2025-03023,CUST-03023,EQ-003,08-07-2025,3724000,372400,3351600,36,9.54,73,REQUIRE_COLLATERAL,Performing
EQF-2025-03024,CUST-03024,EQ-011,08-07-2025,5437000,815550,4621450,36,10.04,64.2,STRUCTURED_LEASE,Performing
EQF-2025-03025,CUST-03025,EQ-009,09-07-2025,5980000,1196000,4784000,60,9.11,70.5,REQUIRE_COLLATERAL,Performing
EQF-2025-03026,CUST-03026,EQ-001,09-07-2025,12494000,1249400,11244600,24,7.42,78.4,REQUIRE_COLLATERAL,Performing
EQF-2025-03027,CUST-03027,EQ-015,09-07-2025,5275000,1318750,3956250,60,9.45,86.3,REJECT,Performing
EQF-2025-03028,CUST-03028,EQ-010,09-07-2025,2612000,261200,2350800,48,9.7,74.9,REQUIRE_COLLATERAL,Performing
EQF-2025-03029,CUST-03029,EQ-003,09-07-2025,3801000,570150,3230850,36,11.95,53.3,STRUCTURED_LEASE,Performing
EQF-2025-03030,CUST-03030,EQ-008,09-07-2025,2662000,665500,1996500,36,7,44.3,STRUCTURED_LEASE,Performing
EQF-2025-03031,CUST-03031,EQ-006,09-07-2025,6448000,1612000,4836000,48,11.93,65.3,REQUIRE_COLLATERAL,Performing
EQF-2025-03032,CUST-03032,EQ-001,09-07-2025,10992000,2748000,8244000,36,11.07,79,REQUIRE_COLLATERAL,Performing
EQF-2025-03033,CUST-03033,EQ-014,09-07-2025,1764000,264600,1499400,36,10.53,83.7,REJECT,Performing
EQF-2025-03034,CUST-03034,EQ-005,09-07-2025,6863000,1029450,5833550,36,9.73,51.7,STRUCTURED_LEASE,Performing
EQF-2025-03035,CUST-03035,EQ-001,09-07-2025,4752000,950400,3801600,24,7.97,74.6,REQUIRE_COLLATERAL,Performing
EQF-2025-03036,CUST-03036,EQ-011,09-07-2025,13090000,2618000,10472000,48,12.43,45.8,STRUCTURED_LEASE,Performing
EQF-2025-03037,CUST-03037,EQ-011,09-07-2025,6881000,1376200,5504800,36,11.35,72.5,REQUIRE_COLLATERAL,Performing
EQF-2025-03038,CUST-03038,EQ-002,09-07-2025,4382000,657300,3724700,48,9.88,34.7,AUTO_APPROVE,Performing
EQF-2025-03039,CUST-03039,EQ-005,09-07-2025,7966000,1991500,5974500,48,9.93,43.4,STRUCTURED_LEASE,Performing
EQF-2025-03040,CUST-03040,EQ-010,09-07-2025,5389000,1347250,4041750,36,9.34,53.8,STRUCTURED_LEASE,Performing
EQF-2025-03041,CUST-03041,EQ-006,10-07-2025,5020000,502000,4518000,48,10.39,57.9,STRUCTURED_LEASE,Performing
EQF-2025-03042,CUST-03042,EQ-002,10-07-2025,3208000,641600,2566400,36,9.43,68.7,REQUIRE_COLLATERAL,60_Days_Past_Due
EQF-2025-03043,CUST-03043,EQ-005,10-07-2025,2603000,650750,1952250,48,9.96,46.7,STRUCTURED_LEASE,Performing
EQF-2025-03044,CUST-03044,EQ-001,10-07-2025,10493000,2623250,7869750,24,10.16,72.1,REQUIRE_COLLATERAL,Performing
EQF-2025-03045,CUST-03045,EQ-014,10-07-2025,4023000,1005750,3017250,36,13.15,92.4,REJECT,Performing
EQF-2025-03046,CUST-03046,EQ-003,10-07-2025,4684000,1171000,3513000,36,8.13,43.3,STRUCTURED_LEASE,Performing
EQF-2025-03047,CUST-03047,EQ-012,10-07-2025,13359000,2003850,11355150,48,9.74,55.6,STRUCTURED_LEASE,Performing
EQF-2025-03048,CUST-03048,EQ-011,10-07-2025,9610000,1922000,7688000,24,11.34,75,REQUIRE_COLLATERAL,60_Days_Past_Due
EQF-2025-03049,CUST-03049,EQ-001,10-07-2025,11909000,2977250,8931750,36,10.74,66.8,REQUIRE_COLLATERAL,60_Days_Past_Due
EQF-2025-03050,CUST-03050,EQ-011,10-07-2025,12809000,3202250,9606750,36,10.52,68.2,REQUIRE_COLLATERAL,Performing
EQF-2025-03051,CUST-03051,EQ-009,10-07-2025,4954000,1238500,3715500,24,14.02,46,STRUCTURED_LEASE,Performing
EQF-2025-03052,CUST-03052,EQ-010,10-07-2025,3481000,870250,2610750,48,11.13,80.9,REJECT,Performing
EQF-2025-03053,CUST-03053,EQ-001,10-07-2025,8817000,881700,7935300,48,8.56,38.3,AUTO_APPROVE,Performing
EQF-2025-03054,CUST-03054,EQ-012,10-07-2025,13267000,3316750,9950250,60,8.39,52.2,STRUCTURED_LEASE,Performing
EQF-2025-03055,CUST-03055,EQ-013,10-07-2025,3467000,866750,2600250,24,9.44,65.7,REQUIRE_COLLATERAL,Performing
EQF-2025-03056,CUST-03056,EQ-002,10-07-2025,4567000,1141750,3425250,36,8.85,59.4,STRUCTURED_LEASE,Performing
EQF-2025-03057,CUST-03057,EQ-008,11-07-2025,4075000,407500,3667500,48,9.62,54.4,STRUCTURED_LEASE,Performing
EQF-2025-03058,CUST-03058,EQ-005,11-07-2025,8250000,1237500,7012500,48,10.01,35.4,AUTO_APPROVE,Performing
EQF-2025-03059,CUST-03059,EQ-006,11-07-2025,4329000,432900,3896100,36,9.91,72.3,REQUIRE_COLLATERAL,Performing
EQF-2025-03060,CUST-03060,EQ-007,11-07-2025,4199000,1049750,3149250,48,7,84.7,REJECT,Performing
EQF-2025-03061,CUST-03061,EQ-011,11-07-2025,4208000,631200,3576800,48,8.37,83.7,REJECT,Performing
EQF-2025-03062,CUST-03062,EQ-005,11-07-2025,2391000,597750,1793250,24,10.57,51.8,STRUCTURED_LEASE,Performing
EQF-2025-03063,CUST-03063,EQ-008,11-07-2025,9147000,1372050,7774950,48,11.97,62.7,STRUCTURED_LEASE,Performing
EQF-2025-03064,CUST-03064,EQ-010,11-07-2025,10728000,2682000,8046000,36,8.89,69.7,REQUIRE_COLLATERAL,Performing
EQF-2025-03065,CUST-03065,EQ-004,11-07-2025,5220000,1305000,3915000,60,8.9,74.6,REQUIRE_COLLATERAL,60_Days_Past_Due
EQF-2025-03066,CUST-03066,EQ-011,11-07-2025,4409000,661350,3747650,48,9.37,72.3,REQUIRE_COLLATERAL,Performing
EQF-2025-03067,CUST-03067,EQ-009,11-07-2025,4026000,603900,3422100,24,12.09,79.4,REQUIRE_COLLATERAL,Performing
EQF-2025-03068,CUST-03068,EQ-002,11-07-2025,891000,222750,668250,36,9.58,52,STRUCTURED_LEASE,Performing
EQF-2025-03069,CUST-03069,EQ-001,11-07-2025,6116000,611600,5504400,60,7,88.9,REJECT,Performing
EQF-2025-03070,CUST-03070,EQ-014,11-07-2025,4059000,405900,3653100,48,12.18,66.3,REQUIRE_COLLATERAL,Default
EQF-2025-03071,CUST-03071,EQ-014,11-07-2025,4761000,476100,4284900,36,10.54,64.8,STRUCTURED_LEASE,Performing
EQF-2025-03072,CUST-03072,EQ-008,11-07-2025,3243000,324300,2918700,48,7.56,47.6,STRUCTURED_LEASE,Performing
EQF-2025-03073,CUST-03073,EQ-011,12-07-2025,10137000,1520550,8616450,48,8.73,63.9,STRUCTURED_LEASE,Performing
EQF-2025-03074,CUST-03074,EQ-001,12-07-2025,6793000,1018950,5774050,24,8.31,82.2,REJECT,Default
EQF-2025-03075,CUST-03075,EQ-008,12-07-2025,3682000,368200,3313800,36,9.19,62.5,STRUCTURED_LEASE,Performing
EQF-2025-03076,CUST-03076,EQ-015,12-07-2025,1939000,387800,1551200,48,11.73,75.6,REQUIRE_COLLATERAL,Performing
EQF-2025-03077,CUST-03077,EQ-007,12-07-2025,3804000,760800,3043200,36,7,34.4,AUTO_APPROVE,Performing
EQF-2025-03078,CUST-03078,EQ-005,12-07-2025,1956000,391200,1564800,36,8.98,53,STRUCTURED_LEASE,Performing
EQF-2025-03079,CUST-03079,EQ-006,12-07-2025,4540000,1135000,3405000,48,9.67,49.6,STRUCTURED_LEASE,Performing
EQF-2025-03080,CUST-03080,EQ-015,12-07-2025,1503000,150300,1352700,36,9.4,73.4,REQUIRE_COLLATERAL,Performing
EQF-2025-03081,CUST-03081,EQ-013,12-07-2025,2236000,559000,1677000,36,8.3,74.1,REQUIRE_COLLATERAL,Performing
EQF-2025-03082,CUST-03082,EQ-007,12-07-2025,1792000,268800,1523200,36,11.28,72.7,REQUIRE_COLLATERAL,Performing
EQF-2025-03083,CUST-03083,EQ-006,12-07-2025,7681000,1152150,6528850,48,9.26,52.6,STRUCTURED_LEASE,Performing
EQF-2025-03084,CUST-03084,EQ-008,12-07-2025,8518000,1703600,6814400,48,9.07,85.1,REJECT,60_Days_Past_Due
EQF-2025-03085,CUST-03085,EQ-013,12-07-2025,4500000,900000,3600000,48,10.02,63.6,STRUCTURED_LEASE,Performing
EQF-2025-03086,CUST-03086,EQ-013,12-07-2025,2657000,398550,2258450,36,9.08,58.4,STRUCTURED_LEASE,Performing
EQF-2025-03087,CUST-03087,EQ-012,12-07-2025,7448000,1489600,5958400,48,8.67,36.1,AUTO_APPROVE,Performing
EQF-2025-03088,CUST-03088,EQ-006,12-07-2025,4164000,832800,3331200,60,8.11,87.2,REJECT,Default
EQF-2025-03089,CUST-03089,EQ-008,13-07-2025,2658000,398700,2259300,36,12.79,61.8,STRUCTURED_LEASE,Performing
EQF-2025-03090,CUST-03090,EQ-011,13-07-2025,11972000,2993000,8979000,36,10.69,74.6,REQUIRE_COLLATERAL,60_Days_Past_Due
EQF-2025-03091,CUST-03091,EQ-010,13-07-2025,5473000,1094600,4378400,48,8.93,74.2,REQUIRE_COLLATERAL,Performing
EQF-2025-03092,CUST-03092,EQ-007,13-07-2025,2429000,607250,1821750,36,11.41,44.7,STRUCTURED_LEASE,Performing
EQF-2025-03093,CUST-03093,EQ-001,13-07-2025,10580000,2116000,8464000,36,10.29,59.2,STRUCTURED_LEASE,Performing
EQF-2025-03094,CUST-03094,EQ-014,13-07-2025,2858000,285800,2572200,24,9.56,38,AUTO_APPROVE,Performing
EQF-2025-03095,CUST-03095,EQ-009,13-07-2025,8366000,2091500,6274500,36,7.96,79.4,REQUIRE_COLLATERAL,30_Days_Past_Due
EQF-2025-03096,CUST-03096,EQ-013,13-07-2025,2554000,638500,1915500,36,8.26,23.6,AUTO_APPROVE,Performing
EQF-2025-03097,CUST-03097,EQ-015,13-07-2025,3992000,798400,3193600,24,10.95,66,REQUIRE_COLLATERAL,Performing
EQF-2025-03098,CUST-03098,EQ-005,13-07-2025,3682000,920500,2761500,60,10.63,60.2,STRUCTURED_LEASE,Performing
EQF-2025-03099,CUST-03099,EQ-006,13-07-2025,8434000,843400,7590600,48,7.44,71.1,REQUIRE_COLLATERAL,Performing
EQF-2025-03100,CUST-03100,EQ-001,13-07-2025,8896000,1334400,7561600,48,8.89,81.8,REJECT,60_Days_Past_Due
EQF-2025-03101,CUST-03101,EQ-006,13-07-2025,5939000,593900,5345100,36,10.52,58.5,STRUCTURED_LEASE,Performing
EQF-2025-03102,CUST-03102,EQ-013,13-07-2025,1682000,252300,1429700,48,11.17,41.3,STRUCTURED_LEASE,Performing
EQF-2025-03103,CUST-03103,EQ-007,13-07-2025,4612000,461200,4150800,36,10.27,48.3,STRUCTURED_LEASE,Performing
EQF-2025-03104,CUST-03104,EQ-011,13-07-2025,6961000,696100,6264900,48,8.82,58.1,STRUCTURED_LEASE,30_Days_Past_Due
EQF-2025-03105,CUST-03105,EQ-011,14-07-2025,8935000,2233750,6701250,48,9.85,74.3,REQUIRE_COLLATERAL,Default
EQF-2025-03106,CUST-03106,EQ-001,14-07-2025,13714000,1371400,12342600,48,9.18,58,STRUCTURED_LEASE,60_Days_Past_Due
EQF-2025-03107,CUST-03107,EQ-014,14-07-2025,4888000,977600,3910400,36,10.07,74.7,REQUIRE_COLLATERAL,Performing
EQF-2025-03108,CUST-03108,EQ-006,14-07-2025,4472000,894400,3577600,48,11.72,64.1,STRUCTURED_LEASE,Performing
EQF-2025-03109,CUST-03109,EQ-010,14-07-2025,9596000,1919200,7676800,36,8.33,54.5,STRUCTURED_LEASE,Performing
EQF-2025-03110,CUST-03110,EQ-008,14-07-2025,2953000,590600,2362400,24,9.92,57,STRUCTURED_LEASE,Performing
EQF-2025-03111,CUST-03111,EQ-008,14-07-2025,9704000,2426000,7278000,24,9.35,48,STRUCTURED_LEASE,Performing
EQF-2025-03112,CUST-03112,EQ-005,14-07-2025,5907000,1181400,4725600,60,9.11,57,STRUCTURED_LEASE,Performing
EQF-2025-03113,CUST-03113,EQ-014,14-07-2025,3057000,305700,2751300,36,9.29,87.1,REJECT,Default
EQF-2025-03114,CUST-03114,EQ-009,14-07-2025,7730000,1546000,6184000,48,11.47,78.3,REQUIRE_COLLATERAL,Performing
EQF-2025-03115,CUST-03115,EQ-009,14-07-2025,7417000,1854250,5562750,36,10.37,80.1,REJECT,Default
EQF-2025-03116,CUST-03116,EQ-015,14-07-2025,2344000,351600,1992400,36,8.78,57,STRUCTURED_LEASE,Performing
EQF-2025-03117,CUST-03117,EQ-014,14-07-2025,4208000,420800,3787200,48,10.47,66,REQUIRE_COLLATERAL,Performing
EQF-2025-03118,CUST-03118,EQ-009,14-07-2025,2196000,219600,1976400,36,8.66,57.8,STRUCTURED_LEASE,Performing
EQF-2025-03119,CUST-03119,EQ-009,14-07-2025,7259000,1814750,5444250,48,7,56,STRUCTURED_LEASE,Performing
EQF-2025-03120,CUST-03120,EQ-009,14-07-2025,6228000,934200,5293800,48,7,35,AUTO_APPROVE,Performing
EQF-2025-03121,CUST-03121,EQ-011,15-07-2025,4967000,993400,3973600,48,10.25,75.1,REQUIRE_COLLATERAL,Performing
EQF-2025-03122,CUST-03122,EQ-009,15-07-2025,6282000,942300,5339700,48,9.07,81,REJECT,Performing
EQF-2025-03123,CUST-03123,EQ-009,15-07-2025,5564000,556400,5007600,24,11,64.3,STRUCTURED_LEASE,Performing
EQF-2025-03124,CUST-03124,EQ-010,15-07-2025,7554000,755400,6798600,36,10.08,60.8,STRUCTURED_LEASE,30_Days_Past_Due
EQF-2025-03125,CUST-03125,EQ-003,15-07-2025,2305000,230500,2074500,24,9.89,49.7,STRUCTURED_LEASE,Performing
EQF-2025-03126,CUST-03126,EQ-004,15-07-2025,4765000,714750,4050250,36,8.82,62.3,STRUCTURED_LEASE,30_Days_Past_Due
EQF-2025-03127,CUST-03127,EQ-003,15-07-2025,4098000,819600,3278400,60,10.28,49.8,STRUCTURED_LEASE,Performing
EQF-2025-03128,CUST-03128,EQ-009,15-07-2025,3298000,329800,2968200,48,11.83,57.1,STRUCTURED_LEASE,Performing
EQF-2025-03129,CUST-03129,EQ-007,15-07-2025,3121000,780250,2340750,48,7,49.3,STRUCTURED_LEASE,Performing
EQF-2025-03130,CUST-03130,EQ-003,15-07-2025,3840000,768000,3072000,48,9.28,75,REQUIRE_COLLATERAL,Performing
EQF-2025-03131,CUST-03131,EQ-003,15-07-2025,1503000,150300,1352700,36,11.52,60,STRUCTURED_LEASE,Performing
EQF-2025-03132,CUST-03132,EQ-003,15-07-2025,3459000,691800,2767200,48,7.78,30.7,AUTO_APPROVE,Performing
EQF-2025-03133,CUST-03133,EQ-002,15-07-2025,3865000,966250,2898750,48,9.7,49.5,STRUCTURED_LEASE,Performing
EQF-2025-03134,CUST-03134,EQ-004,15-07-2025,8316000,1247400,7068600,24,8.48,54.1,STRUCTURED_LEASE,Performing
EQF-2025-03135,CUST-03135,EQ-009,15-07-2025,4089000,408900,3680100,48,9.1,71,REQUIRE_COLLATERAL,Performing
EQF-2025-03136,CUST-03136,EQ-008,15-07-2025,6316000,1579000,4737000,48,7,88.9,REJECT,Performing
EQF-2025-03137,CUST-03137,EQ-013,16-07-2025,2454000,245400,2208600,24,10.98,41.7,STRUCTURED_LEASE,30_Days_Past_Due
EQF-2025-03138,CUST-03138,EQ-003,16-07-2025,4271000,427100,3843900,48,9.73,81.5,REJECT,Default
EQF-2025-03139,CUST-03139,EQ-008,16-07-2025,3610000,541500,3068500,36,7.33,62.2,STRUCTURED_LEASE,Performing
EQF-2025-03140,CUST-03140,EQ-006,16-07-2025,8241000,1236150,7004850,36,10.13,57.7,STRUCTURED_LEASE,Performing
EQF-2025-03141,CUST-03141,EQ-001,16-07-2025,10983000,2196600,8786400,48,9.81,68.9,REQUIRE_COLLATERAL,30_Days_Past_Due
EQF-2025-03142,CUST-03142,EQ-015,16-07-2025,5412000,1353000,4059000,60,8.47,62.3,STRUCTURED_LEASE,Performing
EQF-2025-03143,CUST-03143,EQ-008,16-07-2025,6123000,1530750,4592250,48,12.45,78.3,REQUIRE_COLLATERAL,Performing
EQF-2025-03144,CUST-03144,EQ-010,16-07-2025,5324000,798600,4525400,48,10.27,87.3,REJECT,Performing
EQF-2025-03145,CUST-03145,EQ-012,16-07-2025,13908000,1390800,12517200,60,11.44,80,REJECT,Default
EQF-2025-03146,CUST-03146,EQ-011,16-07-2025,5088000,1017600,4070400,60,9.26,83.5,REJECT,60_Days_Past_Due
EQF-2025-03147,CUST-03147,EQ-007,16-07-2025,1409000,211350,1197650,24,7.06,39.9,AUTO_APPROVE,Performing
EQF-2025-03148,CUST-03148,EQ-003,16-07-2025,2338000,467600,1870400,36,7,79.2,REQUIRE_COLLATERAL,Performing
EQF-2025-03149,CUST-03149,EQ-014,16-07-2025,4847000,969400,3877600,24,7.98,53.7,STRUCTURED_LEASE,Performing
EQF-2025-03150,CUST-03150,EQ-010,16-07-2025,7881000,1970250,5910750,48,11.52,42.2,STRUCTURED_LEASE,Performing
EQF-2025-03151,CUST-03151,EQ-004,16-07-2025,7211000,1442200,5768800,60,8.74,70,REQUIRE_COLLATERAL,30_Days_Past_Due
EQF-2025-03152,CUST-03152,EQ-006,16-07-2025,6437000,1609250,4827750,36,11.06,75.3,REQUIRE_COLLATERAL,Performing
EQF-2025-03153,CUST-03153,EQ-003,17-07-2025,2786000,278600,2507400,48,7.75,57.7,STRUCTURED_LEASE,Performing
EQF-2025-03154,CUST-03154,EQ-001,17-07-2025,12339000,1233900,11105100,48,8.51,68.2,REQUIRE_COLLATERAL,30_Days_Past_Due
EQF-2025-03155,CUST-03155,EQ-001,17-07-2025,8326000,1248900,7077100,36,8.72,74.4,REQUIRE_COLLATERAL,Performing
EQF-2025-03156,CUST-03156,EQ-010,17-07-2025,9524000,952400,8571600,36,9.84,70.2,REQUIRE_COLLATERAL,30_Days_Past_Due
EQF-2025-03157,CUST-03157,EQ-015,17-07-2025,2190000,547500,1642500,36,7.47,39.1,AUTO_APPROVE,Performing
EQF-2025-03158,CUST-03158,EQ-005,17-07-2025,3443000,688600,2754400,36,8.31,51.5,STRUCTURED_LEASE,Performing
EQF-2025-03159,CUST-03159,EQ-014,17-07-2025,3185000,637000,2548000,48,9.15,63.4,STRUCTURED_LEASE,60_Days_Past_Due
EQF-2025-03160,CUST-03160,EQ-001,17-07-2025,8738000,873800,7864200,36,7.49,79.2,REQUIRE_COLLATERAL,Performing
EQF-2025-03161,CUST-03161,EQ-001,17-07-2025,11129000,2782250,8346750,48,7,51.3,STRUCTURED_LEASE,Performing
EQF-2025-03162,CUST-03162,EQ-009,17-07-2025,4050000,810000,3240000,24,9.54,58.5,STRUCTURED_LEASE,Performing
EQF-2025-03163,CUST-03163,EQ-001,17-07-2025,6536000,653600,5882400,48,7.51,86.9,REJECT,Performing
EQF-2025-03164,CUST-03164,EQ-004,17-07-2025,6493000,1623250,4869750,24,11.32,92.9,REJECT,Performing
EQF-2025-03165,CUST-03165,EQ-006,17-07-2025,5427000,1356750,4070250,60,11.36,50.7,STRUCTURED_LEASE,Performing
EQF-2025-03166,CUST-03166,EQ-008,17-07-2025,3712000,742400,2969600,36,8.62,57.3,STRUCTURED_LEASE,Performing
EQF-2025-03167,CUST-03167,EQ-007,17-07-2025,3695000,554250,3140750,60,10.4,92,REJECT,Performing
EQF-2025-03168,CUST-03168,EQ-006,17-07-2025,3735000,560250,3174750,48,9.6,46.8,STRUCTURED_LEASE,60_Days_Past_Due
EQF-2025-03169,CUST-03169,EQ-014,18-07-2025,2691000,672750,2018250,48,11.1,42.5,STRUCTURED_LEASE,Performing
EQF-2025-03170,CUST-03170,EQ-001,18-07-2025,7072000,1768000,5304000,36,8.81,72.4,REQUIRE_COLLATERAL,30_Days_Past_Due
EQF-2025-03171,CUST-03171,EQ-013,18-07-2025,4739000,473900,4265100,36,10.27,69.4,REQUIRE_COLLATERAL,30_Days_Past_Due
EQF-2025-03172,CUST-03172,EQ-001,18-07-2025,11517000,2879250,8637750,36,9.97,64.8,STRUCTURED_LEASE,Performing
EQF-2025-03173,CUST-03173,EQ-006,18-07-2025,3337000,333700,3003300,24,9.89,63.3,STRUCTURED_LEASE,30_Days_Past_Due
EQF-2025-03174,CUST-03174,EQ-009,18-07-2025,6015000,601500,5413500,60,8.58,69.8,REQUIRE_COLLATERAL,30_Days_Past_Due
EQF-2025-03175,CUST-03175,EQ-006,18-07-2025,7440000,744000,6696000,36,11.28,83.7,REJECT,Performing
EQF-2025-03176,CUST-03176,EQ-009,18-07-2025,4311000,1077750,3233250,60,8.89,75.5,REQUIRE_COLLATERAL,Default
EQF-2025-03177,CUST-03177,EQ-003,18-07-2025,4354000,1088500,3265500,48,8.88,75.6,REQUIRE_COLLATERAL,Performing
EQF-2025-03178,CUST-03178,EQ-015,18-07-2025,1603000,160300,1442700,24,8.42,77.4,REQUIRE_COLLATERAL,Default
EQF-2025-03179,CUST-03179,EQ-003,18-07-2025,4327000,865400,3461600,48,8.51,43.8,STRUCTURED_LEASE,Performing
EQF-2025-03180,CUST-03180,EQ-014,18-07-2025,3253000,813250,2439750,36,9.14,68.1,REQUIRE_COLLATERAL,Performing
EQF-2025-03181,CUST-03181,EQ-009,18-07-2025,3061000,459150,2601850,36,10.17,43.8,STRUCTURED_LEASE,Performing
EQF-2025-03182,CUST-03182,EQ-011,18-07-2025,8479000,1695800,6783200,36,10.68,55,STRUCTURED_LEASE,Performing
EQF-2025-03183,CUST-03183,EQ-012,18-07-2025,14868000,2230200,12637800,60,9.69,79.5,REQUIRE_COLLATERAL,Performing
EQF-2025-03184,CUST-03184,EQ-005,18-07-2025,6985000,1746250,5238750,36,11.62,62.9,STRUCTURED_LEASE,Performing
EQF-2025-03185,CUST-03185,EQ-004,19-07-2025,7388000,1477600,5910400,48,9.68,65.8,REQUIRE_COLLATERAL,60_Days_Past_Due
EQF-2025-03186,CUST-03186,EQ-004,19-07-2025,3479000,869750,2609250,36,7,41.8,STRUCTURED_LEASE,Performing
EQF-2025-03187,CUST-03187,EQ-001,19-07-2025,8596000,2149000,6447000,48,7.77,33,AUTO_APPROVE,Performing
EQF-2025-03188,CUST-03188,EQ-001,19-07-2025,6894000,1378800,5515200,36,10.55,56,STRUCTURED_LEASE,Performing
EQF-2025-03189,CUST-03189,EQ-003,19-07-2025,1470000,367500,1102500,36,9.01,61.8,STRUCTURED_LEASE,Performing
EQF-2025-03190,CUST-03190,EQ-013,19-07-2025,3260000,652000,2608000,36,8.91,45.1,STRUCTURED_LEASE,Performing
EQF-2025-03191,CUST-03191,EQ-011,19-07-2025,13781000,3445250,10335750,36,8.05,53.9,STRUCTURED_LEASE,Performing
EQF-2025-03192,CUST-03192,EQ-015,19-07-2025,4313000,431300,3881700,48,8.9,71.3,REQUIRE_COLLATERAL,Performing
EQF-2025-03193,CUST-03193,EQ-015,19-07-2025,2098000,314700,1783300,36,8.92,44.8,STRUCTURED_LEASE,Performing
EQF-2025-03194,CUST-03194,EQ-011,19-07-2025,10309000,1030900,9278100,60,10.24,56.4,STRUCTURED_LEASE,Performing
EQF-2025-03195,CUST-03195,EQ-001,19-07-2025,14376000,3594000,10782000,24,9.13,62,STRUCTURED_LEASE,Performing
EQF-2025-03196,CUST-03196,EQ-004,19-07-2025,8645000,2161250,6483750,36,11.41,67.8,REQUIRE_COLLATERAL,Performing
EQF-2025-03197,CUST-03197,EQ-007,19-07-2025,4385000,1096250,3288750,24,8.52,72,REQUIRE_COLLATERAL,30_Days_Past_Due
EQF-2025-03198,CUST-03198,EQ-002,19-07-2025,5834000,583400,5250600,24,9.81,49.3,STRUCTURED_LEASE,Performing
EQF-2025-03199,CUST-03199,EQ-005,19-07-2025,7092000,1773000,5319000,60,7.02,57.3,STRUCTURED_LEASE,Performing
EQF-2025-03200,CUST-03200,EQ-012,19-07-2025,5503000,1100600,4402400,48,10.49,89.7,REJECT,Default
EQF-2025-03201,CUST-03201,EQ-008,20-07-2025,5455000,818250,4636750,48,7.37,55.9,STRUCTURED_LEASE,Performing
EQF-2025-03202,CUST-03202,EQ-008,20-07-2025,10704000,2676000,8028000,60,10.36,93.3,REJECT,Performing
EQF-2025-03203,CUST-03203,EQ-006,20-07-2025,4928000,1232000,3696000,48,7,88.7,REJECT,Performing
EQF-2025-03204,CUST-03204,EQ-007,20-07-2025,1381000,207150,1173850,48,7.95,81.9,REJECT,Performing
EQF-2025-03205,CUST-03205,EQ-003,20-07-2025,2943000,441450,2501550,48,10.76,71.2,REQUIRE_COLLATERAL,Performing
EQF-2025-03206,CUST-03206,EQ-014,20-07-2025,3849000,577350,3271650,36,11.85,87.8,REJECT,60_Days_Past_Due
EQF-2025-03207,CUST-03207,EQ-002,20-07-2025,5987000,598700,5388300,48,7,75.6,REQUIRE_COLLATERAL,30_Days_Past_Due
EQF-2025-03208,CUST-03208,EQ-013,20-07-2025,2431000,243100,2187900,48,7.87,82.9,REJECT,60_Days_Past_Due
EQF-2025-03209,CUST-03209,EQ-011,20-07-2025,9655000,2413750,7241250,24,12.24,81.1,REJECT,Performing
EQF-2025-03210,CUST-03210,EQ-008,20-07-2025,9977000,1496550,8480450,60,9.71,62.9,STRUCTURED_LEASE,30_Days_Past_Due
EQF-2025-03211,CUST-03211,EQ-005,20-07-2025,3987000,996750,2990250,36,7.95,43.2,STRUCTURED_LEASE,30_Days_Past_Due
EQF-2025-03212,CUST-03212,EQ-014,20-07-2025,1615000,403750,1211250,60,11.72,60.8,STRUCTURED_LEASE,Performing
EQF-2025-03213,CUST-03213,EQ-006,20-07-2025,8143000,2035750,6107250,36,10.38,57.7,STRUCTURED_LEASE,Performing
EQF-2025-03214,CUST-03214,EQ-013,20-07-2025,3056000,305600,2750400,36,9.67,59.8,STRUCTURED_LEASE,Performing
EQF-2025-03215,CUST-03215,EQ-005,20-07-2025,5019000,752850,4266150,24,7,43.6,STRUCTURED_LEASE,Performing
EQF-2025-03216,CUST-03216,EQ-009,20-07-2025,5848000,1462000,4386000,60,12.64,76.5,REQUIRE_COLLATERAL,Default
EQF-2025-03217,CUST-03217,EQ-009,21-07-2025,1525000,152500,1372500,36,9.89,42.3,STRUCTURED_LEASE,60_Days_Past_Due
EQF-2025-03218,CUST-03218,EQ-009,21-07-2025,8018000,1603600,6414400,48,9.04,49.3,STRUCTURED_LEASE,Performing
EQF-2025-03219,CUST-03219,EQ-014,21-07-2025,2574000,514800,2059200,48,11.69,75,REQUIRE_COLLATERAL,Performing
EQF-2025-03220,CUST-03220,EQ-013,21-07-2025,2708000,677000,2031000,36,8.12,83.5,REJECT,Performing
EQF-2025-03221,CUST-03221,EQ-010,21-07-2025,3980000,995000,2985000,60,7.86,57.6,STRUCTURED_LEASE,Performing
EQF-2025-03222,CUST-03222,EQ-006,21-07-2025,4147000,622050,3524950,24,8.04,49.5,STRUCTURED_LEASE,Performing
EQF-2025-03223,CUST-03223,EQ-009,21-07-2025,7128000,1069200,6058800,48,8.93,69.7,REQUIRE_COLLATERAL,60_Days_Past_Due
EQF-2025-03224,CUST-03224,EQ-009,21-07-2025,7100000,1775000,5325000,36,9.54,60.9,STRUCTURED_LEASE,Performing
EQF-2025-03225,CUST-03225,EQ-005,21-07-2025,8051000,805100,7245900,36,10.46,58.4,STRUCTURED_LEASE,Performing
EQF-2025-03226,CUST-03226,EQ-015,21-07-2025,2897000,724250,2172750,36,7.62,68.8,REQUIRE_COLLATERAL,Performing
EQF-2025-03227,CUST-03227,EQ-005,21-07-2025,6461000,969150,5491850,48,9.95,58.6,STRUCTURED_LEASE,30_Days_Past_Due
EQF-2025-03228,CUST-03228,EQ-012,21-07-2025,9580000,1437000,8143000,60,8.6,81.9,REJECT,Default
EQF-2025-03229,CUST-03229,EQ-009,21-07-2025,7128000,712800,6415200,24,9.34,35.1,AUTO_APPROVE,Performing
EQF-2025-03230,CUST-03230,EQ-009,21-07-2025,6488000,1622000,4866000,36,11.31,68.1,REQUIRE_COLLATERAL,Performing
EQF-2025-03231,CUST-03231,EQ-004,21-07-2025,5627000,844050,4782950,60,10.24,69.5,REQUIRE_COLLATERAL,Performing
EQF-2025-03232,CUST-03232,EQ-008,21-07-2025,5362000,1340500,4021500,24,10.36,42.9,STRUCTURED_LEASE,Performing
EQF-2025-03233,CUST-03233,EQ-005,22-07-2025,3267000,490050,2776950,48,8.58,56.5,STRUCTURED_LEASE,Performing
EQF-2025-03234,CUST-03234,EQ-009,22-07-2025,5536000,1107200,4428800,48,12.39,86.5,REJECT,Performing
EQF-2025-03235,CUST-03235,EQ-012,22-07-2025,14602000,2920400,11681600,36,10.51,66,REQUIRE_COLLATERAL,Default
EQF-2025-03236,CUST-03236,EQ-005,22-07-2025,2900000,580000,2320000,48,8.86,97.4,REJECT,Default
EQF-2025-03237,CUST-03237,EQ-006,22-07-2025,2167000,325050,1841950,60,11.21,88.8,REJECT,Performing
EQF-2025-03238,CUST-03238,EQ-007,22-07-2025,1421000,142100,1278900,36,10.35,54.7,STRUCTURED_LEASE,Performing
EQF-2025-03239,CUST-03239,EQ-010,22-07-2025,9156000,1831200,7324800,48,7.61,62.8,STRUCTURED_LEASE,Performing
EQF-2025-03240,CUST-03240,EQ-008,22-07-2025,5476000,821400,4654600,48,9.8,81.6,REJECT,Performing
EQF-2025-03241,CUST-03241,EQ-001,22-07-2025,6468000,1617000,4851000,36,8.05,53.3,STRUCTURED_LEASE,Performing
EQF-2025-03242,CUST-03242,EQ-011,22-07-2025,7881000,1576200,6304800,24,7,70.1,REQUIRE_COLLATERAL,Performing
EQF-2025-03243,CUST-03243,EQ-010,22-07-2025,7985000,798500,7186500,48,8.85,85,REJECT,Default
EQF-2025-03244,CUST-03244,EQ-013,22-07-2025,3278000,327800,2950200,36,11.2,88.1,REJECT,Default
EQF-2025-03245,CUST-03245,EQ-003,22-07-2025,4026000,402600,3623400,36,11.71,38.7,AUTO_APPROVE,Performing
EQF-2025-03246,CUST-03246,EQ-005,22-07-2025,3874000,968500,2905500,60,8.73,75.6,REQUIRE_COLLATERAL,30_Days_Past_Due
EQF-2025-03247,CUST-03247,EQ-010,22-07-2025,6342000,1585500,4756500,48,9.07,71.4,REQUIRE_COLLATERAL,Performing
EQF-2025-03248,CUST-03248,EQ-011,22-07-2025,5122000,512200,4609800,60,11.59,62.8,STRUCTURED_LEASE,Performing
EQF-2025-03249,CUST-03249,EQ-002,23-07-2025,1180000,118000,1062000,36,10.51,52.7,STRUCTURED_LEASE,Performing
EQF-2025-03250,CUST-03250,EQ-004,23-07-2025,6429000,642900,5786100,48,10.23,66.4,REQUIRE_COLLATERAL,Default
EQF-2025-03251,CUST-03251,EQ-010,23-07-2025,5064000,1266000,3798000,48,9.71,50.2,STRUCTURED_LEASE,Performing
EQF-2025-03252,CUST-03252,EQ-005,23-07-2025,5790000,1447500,4342500,60,10.59,69.7,REQUIRE_COLLATERAL,Performing
EQF-2025-03253,CUST-03253,EQ-008,23-07-2025,2866000,429900,2436100,60,9.46,68.8,REQUIRE_COLLATERAL,Performing
EQF-2025-03254,CUST-03254,EQ-009,23-07-2025,2352000,470400,1881600,60,11.79,82.1,REJECT,Performing
EQF-2025-03255,CUST-03255,EQ-012,23-07-2025,13517000,3379250,10137750,60,9.32,54.3,STRUCTURED_LEASE,Performing
EQF-2025-03256,CUST-03256,EQ-006,23-07-2025,5464000,546400,4917600,24,9.3,78.3,REQUIRE_COLLATERAL,Performing
EQF-2025-03257,CUST-03257,EQ-014,23-07-2025,3906000,781200,3124800,48,7,61.5,STRUCTURED_LEASE,Performing
EQF-2025-03258,CUST-03258,EQ-006,23-07-2025,7394000,1848500,5545500,36,11.09,52.7,STRUCTURED_LEASE,Performing
EQF-2025-03259,CUST-03259,EQ-001,23-07-2025,9102000,1820400,7281600,48,8.06,52.9,STRUCTURED_LEASE,Performing
EQF-2025-03260,CUST-03260,EQ-007,23-07-2025,4758000,713700,4044300,60,7,61.1,STRUCTURED_LEASE,Performing
EQF-2025-03261,CUST-03261,EQ-005,23-07-2025,5172000,1293000,3879000,24,9.23,66.7,REQUIRE_COLLATERAL,Performing
EQF-2025-03262,CUST-03262,EQ-010,23-07-2025,4393000,439300,3953700,48,8.99,43.8,STRUCTURED_LEASE,30_Days_Past_Due
EQF-2025-03263,CUST-03263,EQ-012,23-07-2025,7714000,771400,6942600,48,10.17,62.5,STRUCTURED_LEASE,Performing
EQF-2025-03264,CUST-03264,EQ-009,23-07-2025,4932000,739800,4192200,36,10.47,54.2,STRUCTURED_LEASE,Performing
EQF-2025-03265,CUST-03265,EQ-003,24-07-2025,2404000,360600,2043400,36,8.26,63.3,STRUCTURED_LEASE,Performing
EQF-2025-03266,CUST-03266,EQ-009,24-07-2025,3849000,577350,3271650,24,13.58,80.2,REJECT,Performing
EQF-2025-03267,CUST-03267,EQ-008,24-07-2025,5368000,805200,4562800,24,9.2,46.3,STRUCTURED_LEASE,30_Days_Past_Due
EQF-2025-03268,CUST-03268,EQ-008,24-07-2025,3544000,531600,3012400,48,7,62.9,STRUCTURED_LEASE,30_Days_Past_Due
EQF-2025-03269,CUST-03269,EQ-004,24-07-2025,3219000,804750,2414250,48,11.87,85.1,REJECT,Performing
EQF-2025-03270,CUST-03270,EQ-003,24-07-2025,1377000,344250,1032750,24,10.59,66.3,REQUIRE_COLLATERAL,Performing
EQF-2025-03271,CUST-03271,EQ-012,24-07-2025,5221000,1044200,4176800,60,10.11,49.6,STRUCTURED_LEASE,Performing
EQF-2025-03272,CUST-03272,EQ-006,24-07-2025,3906000,585900,3320100,48,8.85,83.3,REJECT,60_Days_Past_Due
EQF-2025-03273,CUST-03273,EQ-014,24-07-2025,3457000,345700,3111300,48,9.57,39.3,AUTO_APPROVE,Performing
EQF-2025-03274,CUST-03274,EQ-004,24-07-2025,4099000,409900,3689100,36,7,51.8,STRUCTURED_LEASE,Performing
EQF-2025-03275,CUST-03275,EQ-013,24-07-2025,4574000,686100,3887900,48,9.09,84.1,REJECT,60_Days_Past_Due
EQF-2025-03276,CUST-03276,EQ-013,24-07-2025,4272000,640800,3631200,36,13.19,69.6,REQUIRE_COLLATERAL,30_Days_Past_Due
EQF-2025-03277,CUST-03277,EQ-013,24-07-2025,3178000,476700,2701300,48,8.07,66.4,REQUIRE_COLLATERAL,Performing
EQF-2025-03278,CUST-03278,EQ-010,24-07-2025,8656000,1298400,7357600,48,9.77,62.8,STRUCTURED_LEASE,30_Days_Past_Due
EQF-2025-03279,CUST-03279,EQ-001,24-07-2025,8030000,1204500,6825500,24,7,77.2,REQUIRE_COLLATERAL,60_Days_Past_Due
EQF-2025-03280,CUST-03280,EQ-003,24-07-2025,1340000,134000,1206000,60,8.72,52.3,STRUCTURED_LEASE,Performing
EQF-2025-03281,CUST-03281,EQ-010,25-07-2025,10187000,2037400,8149600,36,7.6,63.2,STRUCTURED_LEASE,Performing
EQF-2025-03282,CUST-03282,EQ-005,25-07-2025,2395000,359250,2035750,36,10.14,69.5,REQUIRE_COLLATERAL,Performing
EQF-2025-03283,CUST-03283,EQ-007,25-07-2025,5729000,859350,4869650,60,9.82,73.5,REQUIRE_COLLATERAL,Performing
EQF-2025-03284,CUST-03284,EQ-002,25-07-2025,3774000,566100,3207900,36,7.55,40.7,STRUCTURED_LEASE,Performing
EQF-2025-03285,CUST-03285,EQ-004,25-07-2025,5097000,1274250,3822750,48,9.63,66.7,REQUIRE_COLLATERAL,30_Days_Past_Due
EQF-2025-03286,CUST-03286,EQ-009,25-07-2025,4969000,496900,4472100,48,9.69,48.9,STRUCTURED_LEASE,Performing
EQF-2025-03287,CUST-03287,EQ-012,25-07-2025,9518000,951800,8566200,36,9.76,68.5,REQUIRE_COLLATERAL,Performing
EQF-2025-03288,CUST-03288,EQ-014,25-07-2025,1288000,257600,1030400,60,10.78,71.2,REQUIRE_COLLATERAL,Performing
EQF-2025-03289,CUST-03289,EQ-007,25-07-2025,2648000,662000,1986000,36,11.85,75.8,REQUIRE_COLLATERAL,Performing
EQF-2025-03290,CUST-03290,EQ-005,25-07-2025,6679000,1669750,5009250,36,8.58,47.7,STRUCTURED_LEASE,Performing
EQF-2025-03291,CUST-03291,EQ-005,25-07-2025,5070000,1267500,3802500,60,9.04,67.1,REQUIRE_COLLATERAL,Performing
EQF-2025-03292,CUST-03292,EQ-002,25-07-2025,2070000,414000,1656000,48,9.24,46.5,STRUCTURED_LEASE,Performing
EQF-2025-03293,CUST-03293,EQ-011,25-07-2025,7686000,1537200,6148800,48,7.55,49.7,STRUCTURED_LEASE,Performing
EQF-2025-03294,CUST-03294,EQ-008,25-07-2025,9836000,1967200,7868800,48,7.99,86.6,REJECT,Default
EQF-2025-03295,CUST-03295,EQ-015,25-07-2025,3533000,883250,2649750,36,10.34,71.2,REQUIRE_COLLATERAL,Performing
EQF-2025-03296,CUST-03296,EQ-005,25-07-2025,5198000,519800,4678200,36,12.39,51.8,STRUCTURED_LEASE,Performing
EQF-2025-03297,CUST-03297,EQ-004,26-07-2025,10672000,2668000,8004000,24,7.94,56.6,STRUCTURED_LEASE,Performing
EQF-2025-03298,CUST-03298,EQ-006,26-07-2025,3746000,749200,2996800,60,12.94,76.3,REQUIRE_COLLATERAL,Performing
EQF-2025-03299,CUST-03299,EQ-012,26-07-2025,9275000,2318750,6956250,36,8.65,57.8,STRUCTURED_LEASE,Performing
EQF-2025-03300,CUST-03300,EQ-013,26-07-2025,4285000,642750,3642250,36,11.32,64.5,STRUCTURED_LEASE,Performing
EQF-2025-03301,CUST-03301,EQ-012,26-07-2025,12348000,3087000,9261000,36,10.14,83.6,REJECT,60_Days_Past_Due
EQF-2025-03302,CUST-03302,EQ-007,26-07-2025,2182000,545500,1636500,36,9.79,64.5,STRUCTURED_LEASE,Performing
EQF-2025-03303,CUST-03303,EQ-010,26-07-2025,3784000,378400,3405600,48,8.86,58.8,STRUCTURED_LEASE,Performing
EQF-2025-03304,CUST-03304,EQ-011,26-07-2025,11708000,1170800,10537200,60,9.52,69.3,REQUIRE_COLLATERAL,Performing
EQF-2025-03305,CUST-03305,EQ-006,26-07-2025,3304000,330400,2973600,36,8.43,42.8,STRUCTURED_LEASE,Performing
EQF-2025-03306,CUST-03306,EQ-001,26-07-2025,14149000,2122350,12026650,36,10.92,74.8,REQUIRE_COLLATERAL,30_Days_Past_Due
EQF-2025-03307,CUST-03307,EQ-011,26-07-2025,5422000,542200,4879800,48,11.18,43.1,STRUCTURED_LEASE,Performing
EQF-2025-03308,CUST-03308,EQ-009,26-07-2025,3728000,559200,3168800,36,8.52,70.8,REQUIRE_COLLATERAL,Performing
EQF-2025-03309,CUST-03309,EQ-011,26-07-2025,4603000,920600,3682400,60,7.04,77.3,REQUIRE_COLLATERAL,Performing
EQF-2025-03310,CUST-03310,EQ-008,26-07-2025,8478000,847800,7630200,48,9.01,38.4,AUTO_APPROVE,Performing
EQF-2025-03311,CUST-03311,EQ-003,26-07-2025,4587000,1146750,3440250,36,12.48,53.7,STRUCTURED_LEASE,Performing
EQF-2025-03312,CUST-03312,EQ-003,26-07-2025,3616000,904000,2712000,60,9.85,66.1,REQUIRE_COLLATERAL,Performing
EQF-2025-03313,CUST-03313,EQ-013,27-07-2025,4763000,714450,4048550,36,11.23,73.8,REQUIRE_COLLATERAL,Performing
EQF-2025-03314,CUST-03314,EQ-006,27-07-2025,2400000,240000,2160000,36,8.11,61,STRUCTURED_LEASE,Performing
EQF-2025-03315,CUST-03315,EQ-006,27-07-2025,2114000,528500,1585500,36,8.77,57.2,STRUCTURED_LEASE,60_Days_Past_Due
EQF-2025-03316,CUST-03316,EQ-014,27-07-2025,4386000,877200,3508800,60,9.03,56.3,STRUCTURED_LEASE,Performing
EQF-2025-03317,CUST-03317,EQ-004,27-07-2025,9772000,977200,8794800,48,7.74,75.4,REQUIRE_COLLATERAL,30_Days_Past_Due
EQF-2025-03318,CUST-03318,EQ-009,27-07-2025,7317000,1463400,5853600,36,9.75,63.8,STRUCTURED_LEASE,Performing
EQF-2025-03319,CUST-03319,EQ-003,27-07-2025,4236000,1059000,3177000,48,8.27,71.5,REQUIRE_COLLATERAL,Performing
EQF-2025-03320,CUST-03320,EQ-003,27-07-2025,2576000,257600,2318400,48,10.92,76.4,REQUIRE_COLLATERAL,Performing
EQF-2025-03321,CUST-03321,EQ-010,27-07-2025,4348000,652200,3695800,36,9.63,67.4,REQUIRE_COLLATERAL,Performing
EQF-2025-03322,CUST-03322,EQ-009,27-07-2025,8002000,2000500,6001500,48,11.72,47.7,STRUCTURED_LEASE,30_Days_Past_Due
EQF-2025-03323,CUST-03323,EQ-013,27-07-2025,2367000,473400,1893600,48,7,64.7,STRUCTURED_LEASE,Performing
EQF-2025-03324,CUST-03324,EQ-010,27-07-2025,5886000,588600,5297400,48,8.7,67.7,REQUIRE_COLLATERAL,Default
EQF-2025-03325,CUST-03325,EQ-014,27-07-2025,3858000,771600,3086400,24,8.89,75.1,REQUIRE_COLLATERAL,Performing
EQF-2025-03326,CUST-03326,EQ-003,27-07-2025,2315000,463000,1852000,24,10.19,59.1,STRUCTURED_LEASE,Performing
EQF-2025-03327,CUST-03327,EQ-003,27-07-2025,4313000,646950,3666050,48,8.87,66.4,REQUIRE_COLLATERAL,Performing
EQF-2025-03328,CUST-03328,EQ-008,27-07-2025,3095000,464250,2630750,48,12.08,99,REJECT,Default
EQF-2025-03329,CUST-03329,EQ-006,28-07-2025,7038000,1759500,5278500,48,9.22,52.5,STRUCTURED_LEASE,Performing
EQF-2025-03330,CUST-03330,EQ-014,28-07-2025,3487000,523050,2963950,48,8.14,77.8,REQUIRE_COLLATERAL,Performing
EQF-2025-03331,CUST-03331,EQ-008,28-07-2025,7370000,1105500,6264500,48,9.26,44.4,STRUCTURED_LEASE,Performing
EQF-2025-03332,CUST-03332,EQ-003,28-07-2025,2942000,735500,2206500,60,9.01,49.7,STRUCTURED_LEASE,Performing
EQF-2025-03333,CUST-03333,EQ-009,28-07-2025,3439000,859750,2579250,36,10.89,67.7,REQUIRE_COLLATERAL,Performing
EQF-2025-03334,CUST-03334,EQ-009,28-07-2025,4748000,1187000,3561000,36,8.88,52.3,STRUCTURED_LEASE,Performing
EQF-2025-03335,CUST-03335,EQ-002,28-07-2025,3140000,785000,2355000,36,7.22,58.5,STRUCTURED_LEASE,Performing
EQF-2025-03336,CUST-03336,EQ-003,28-07-2025,3418000,683600,2734400,36,9.77,83.7,REJECT,Performing
EQF-2025-03337,CUST-03337,EQ-015,28-07-2025,2264000,452800,1811200,48,8.52,47.2,STRUCTURED_LEASE,Performing
EQF-2025-03338,CUST-03338,EQ-003,28-07-2025,1495000,373750,1121250,60,7.77,74.1,REQUIRE_COLLATERAL,Performing
EQF-2025-03339,CUST-03339,EQ-004,28-07-2025,3733000,933250,2799750,36,9.53,64.2,STRUCTURED_LEASE,Performing
EQF-2025-03340,CUST-03340,EQ-013,28-07-2025,3857000,385700,3471300,60,9.3,74.6,REQUIRE_COLLATERAL,Performing
EQF-2025-03341,CUST-03341,EQ-015,28-07-2025,917000,91700,825300,48,9.17,67,REQUIRE_COLLATERAL,Performing
EQF-2025-03342,CUST-03342,EQ-010,28-07-2025,9780000,978000,8802000,48,9.89,50.7,STRUCTURED_LEASE,Performing
EQF-2025-03343,CUST-03343,EQ-010,28-07-2025,8402000,1260300,7141700,48,8.63,60.3,STRUCTURED_LEASE,Performing
EQF-2025-03344,CUST-03344,EQ-005,28-07-2025,6877000,1375400,5501600,36,9.67,69.9,REQUIRE_COLLATERAL,30_Days_Past_Due
EQF-2025-03345,CUST-03345,EQ-004,29-07-2025,9606000,1921200,7684800,36,8.62,68.6,REQUIRE_COLLATERAL,Performing
EQF-2025-03346,CUST-03346,EQ-014,29-07-2025,1666000,166600,1499400,48,10.73,48,STRUCTURED_LEASE,Performing
EQF-2025-03347,CUST-03347,EQ-001,29-07-2025,13047000,1304700,11742300,60,9.46,65.7,REQUIRE_COLLATERAL,Performing
EQF-2025-03348,CUST-03348,EQ-005,29-07-2025,5032000,1006400,4025600,48,12.12,53.1,STRUCTURED_LEASE,Performing
EQF-2025-03349,CUST-03349,EQ-001,29-07-2025,13741000,2061150,11679850,36,8.76,63.1,REQUIRE_COLLATERAL,Performing
EQF-2025-03350,CUST-03350,EQ-005,29-07-2025,7706000,770600,6935400,24,10.04,66.6,REQUIRE_COLLATERAL,Performing
EQF-2025-03351,CUST-03351,EQ-005,29-07-2025,1669000,417250,1251750,60,11.19,82.9,REJECT,Default
EQF-2025-03352,CUST-03352,EQ-012,29-07-2025,8212000,821200,7390800,36,10.3,70.1,REQUIRE_COLLATERAL,Performing
EQF-2025-03353,CUST-03353,EQ-002,29-07-2025,3537000,707400,2829600,60,9.71,84.3,REJECT,Performing
EQF-2025-03354,CUST-03354,EQ-004,29-07-2025,8266000,1653200,6612800,48,10,73.8,REQUIRE_COLLATERAL,30_Days_Past_Due
EQF-2025-03355,CUST-03355,EQ-006,29-07-2025,3503000,350300,3152700,48,10.26,65.8,REQUIRE_COLLATERAL,Performing
EQF-2025-03356,CUST-03356,EQ-005,29-07-2025,3265000,326500,2938500,48,9.95,52.2,STRUCTURED_LEASE,Performing
EQF-2025-03357,CUST-03357,EQ-014,29-07-2025,2649000,662250,1986750,36,9.48,72.4,REQUIRE_COLLATERAL,Performing
EQF-2025-03358,CUST-03358,EQ-012,29-07-2025,9510000,2377500,7132500,48,10.61,54.1,STRUCTURED_LEASE,Performing
EQF-2025-03359,CUST-03359,EQ-013,29-07-2025,4814000,722100,4091900,48,9.37,49.5,STRUCTURED_LEASE,Performing
EQF-2025-03360,CUST-03360,EQ-014,29-07-2025,4096000,614400,3481600,48,8.02,80,REJECT,Default
EQF-2025-03361,CUST-03361,EQ-003,30-07-2025,2831000,707750,2123250,48,12.59,77.5,REQUIRE_COLLATERAL,30_Days_Past_Due
EQF-2025-03362,CUST-03362,EQ-001,30-07-2025,4598000,689700,3908300,36,10.82,59.6,STRUCTURED_LEASE,Performing
EQF-2025-03363,CUST-03363,EQ-014,30-07-2025,1840000,276000,1564000,48,8.13,66.2,REQUIRE_COLLATERAL,Performing
EQF-2025-03364,CUST-03364,EQ-011,30-07-2025,9015000,901500,8113500,24,9.13,38.4,AUTO_APPROVE,Performing
EQF-2025-03365,CUST-03365,EQ-007,30-07-2025,5032000,1258000,3774000,24,8.65,56.6,STRUCTURED_LEASE,30_Days_Past_Due
EQF-2025-03366,CUST-03366,EQ-008,30-07-2025,5736000,573600,5162400,48,8.75,73.1,REQUIRE_COLLATERAL,Performing
EQF-2025-03367,CUST-03367,EQ-001,30-07-2025,9923000,992300,8930700,24,10.8,79.5,REQUIRE_COLLATERAL,30_Days_Past_Due
EQF-2025-03368,CUST-03368,EQ-001,30-07-2025,13810000,2071500,11738500,48,9,84.9,REJECT,60_Days_Past_Due
EQF-2025-03369,CUST-03369,EQ-006,30-07-2025,7897000,789700,7107300,36,12.37,70.5,REQUIRE_COLLATERAL,60_Days_Past_Due
EQF-2025-03370,CUST-03370,EQ-003,30-07-2025,2020000,404000,1616000,36,7,55.8,STRUCTURED_LEASE,60_Days_Past_Due
EQF-2025-03371,CUST-03371,EQ-009,30-07-2025,1805000,270750,1534250,24,9.46,48,STRUCTURED_LEASE,Performing
EQF-2025-03372,CUST-03372,EQ-010,30-07-2025,5096000,1019200,4076800,36,7.5,43.8,STRUCTURED_LEASE,Performing
EQF-2025-03373,CUST-03373,EQ-001,30-07-2025,11654000,1748100,9905900,48,9.99,72.3,REQUIRE_COLLATERAL,Performing
EQF-2025-03374,CUST-03374,EQ-014,30-07-2025,4814000,481400,4332600,48,10.17,54.4,STRUCTURED_LEASE,Performing
EQF-2025-03375,CUST-03375,EQ-013,30-07-2025,1493000,223950,1269050,60,10.85,76.4,REQUIRE_COLLATERAL,60_Days_Past_Due
EQF-2025-03376,CUST-03376,EQ-013,30-07-2025,1308000,261600,1046400,24,7.66,82.9,REJECT,Performing
EQF-2025-03377,CUST-03377,EQ-014,31-07-2025,4560000,684000,3876000,48,10.15,59.1,STRUCTURED_LEASE,Performing
EQF-2025-03378,CUST-03378,EQ-006,31-07-2025,6737000,1347400,5389600,48,8.19,59.1,STRUCTURED_LEASE,Performing
EQF-2025-03379,CUST-03379,EQ-009,31-07-2025,8446000,2111500,6334500,36,9.64,65.5,REQUIRE_COLLATERAL,Performing
EQF-2025-03380,CUST-03380,EQ-014,31-07-2025,2708000,270800,2437200,48,8.84,56.7,STRUCTURED_LEASE,30_Days_Past_Due
EQF-2025-03381,CUST-03381,EQ-012,31-07-2025,8577000,1715400,6861600,48,7.6,91.2,REJECT,60_Days_Past_Due
EQF-2025-03382,CUST-03382,EQ-012,31-07-2025,5895000,1473750,4421250,36,10.58,67.9,REQUIRE_COLLATERAL,Performing
EQF-2025-03383,CUST-03383,EQ-005,31-07-2025,2311000,231100,2079900,48,9.11,46,STRUCTURED_LEASE,Performing
EQF-2025-03384,CUST-03384,EQ-011,31-07-2025,10366000,2591500,7774500,36,10.79,68.2,REQUIRE_COLLATERAL,Default
EQF-2025-03385,CUST-03385,EQ-006,31-07-2025,4050000,810000,3240000,36,10.89,51.4,STRUCTURED_LEASE,Performing
EQF-2025-03386,CUST-03386,EQ-002,31-07-2025,1218000,121800,1096200,36,11.47,27.5,AUTO_APPROVE,30_Days_Past_Due
EQF-2025-03387,CUST-03387,EQ-009,31-07-2025,7709000,1927250,5781750,60,8.74,45.1,STRUCTURED_LEASE,30_Days_Past_Due
EQF-2025-03388,CUST-03388,EQ-010,31-07-2025,4186000,837200,3348800,36,8.11,64.6,STRUCTURED_LEASE,Performing
EQF-2025-03389,CUST-03389,EQ-005,31-07-2025,6740000,1685000,5055000,36,11.3,90.4,REJECT,Default
EQF-2025-03390,CUST-03390,EQ-003,31-07-2025,2272000,227200,2044800,48,9.65,58.9,STRUCTURED_LEASE,Performing
EQF-2025-03391,CUST-03391,EQ-011,31-07-2025,12942000,1294200,11647800,48,11.52,98.7,REJECT,Default
EQF-2025-03392,CUST-03392,EQ-002,31-07-2025,1416000,141600,1274400,48,7.73,79.4,REQUIRE_COLLATERAL,Performing
EQF-2025-03393,CUST-03393,EQ-015,01-08-2025,4732000,946400,3785600,24,10.53,69,REQUIRE_COLLATERAL,Performing
EQF-2025-03394,CUST-03394,EQ-001,01-08-2025,5079000,1269750,3809250,48,9.56,69.6,REQUIRE_COLLATERAL,Performing
EQF-2025-03395,CUST-03395,EQ-015,01-08-2025,3124000,781000,2343000,36,9.44,61.4,STRUCTURED_LEASE,Performing
EQF-2025-03396,CUST-03396,EQ-015,01-08-2025,4617000,923400,3693600,48,9.02,77.9,REQUIRE_COLLATERAL,Performing
EQF-2025-03397,CUST-03397,EQ-014,01-08-2025,1858000,185800,1672200,48,7.83,52.5,STRUCTURED_LEASE,Performing
EQF-2025-03398,CUST-03398,EQ-003,01-08-2025,2286000,342900,1943100,48,10.5,50.7,STRUCTURED_LEASE,Performing
EQF-2025-03399,CUST-03399,EQ-009,01-08-2025,7553000,755300,6797700,48,8.91,72.3,REQUIRE_COLLATERAL,60_Days_Past_Due
EQF-2025-03400,CUST-03400,EQ-004,01-08-2025,10024000,1503600,8520400,48,9.82,48.4,STRUCTURED_LEASE,Performing
EQF-2025-03401,CUST-03401,EQ-005,01-08-2025,1815000,181500,1633500,48,12.4,81.3,REJECT,60_Days_Past_Due
EQF-2025-03402,CUST-03402,EQ-009,01-08-2025,2677000,535400,2141600,36,8.69,64.7,REQUIRE_COLLATERAL,60_Days_Past_Due
EQF-2025-03403,CUST-03403,EQ-002,01-08-2025,1411000,211650,1199350,24,9.05,42.2,STRUCTURED_LEASE,30_Days_Past_Due
EQF-2025-03404,CUST-03404,EQ-011,01-08-2025,5977000,1195400,4781600,60,9.26,58.6,STRUCTURED_LEASE,Performing
EQF-2025-03405,CUST-03405,EQ-013,01-08-2025,4887000,733050,4153950,36,8.91,67.4,REQUIRE_COLLATERAL,30_Days_Past_Due
EQF-2025-03406,CUST-03406,EQ-013,01-08-2025,3296000,824000,2472000,48,8.96,40.2,STRUCTURED_LEASE,Performing
EQF-2025-03407,CUST-03407,EQ-002,01-08-2025,3234000,485100,2748900,48,10.55,57,STRUCTURED_LEASE,Performing
EQF-2025-03408,CUST-03408,EQ-002,01-08-2025,5919000,887850,5031150,24,11.49,36.2,AUTO_APPROVE,Performing
EQF-2025-03409,CUST-03409,EQ-005,02-08-2025,5399000,809850,4589150,60,9.69,61.8,STRUCTURED_LEASE,Performing
EQF-2025-03410,CUST-03410,EQ-005,02-08-2025,6128000,1532000,4596000,48,10.61,44.5,STRUCTURED_LEASE,Performing
EQF-2025-03411,CUST-03411,EQ-012,02-08-2025,7660000,1532000,6128000,48,9.24,64.7,STRUCTURED_LEASE,Performing
EQF-2025-03412,CUST-03412,EQ-006,02-08-2025,4175000,1043750,3131250,24,9.2,78,REQUIRE_COLLATERAL,Performing
EQF-2025-03413,CUST-03413,EQ-006,02-08-2025,5661000,849150,4811850,48,8.9,48,STRUCTURED_LEASE,Performing
EQF-2025-03414,CUST-03414,EQ-011,02-08-2025,4768000,476800,4291200,24,8.35,53.5,STRUCTURED_LEASE,Performing
EQF-2025-03415,CUST-03415,EQ-014,02-08-2025,2172000,543000,1629000,48,11.35,41.2,STRUCTURED_LEASE,Performing
EQF-2025-03416,CUST-03416,EQ-008,02-08-2025,4173000,417300,3755700,48,8.75,59.7,STRUCTURED_LEASE,Performing
EQF-2025-03417,CUST-03417,EQ-012,02-08-2025,4175000,1043750,3131250,24,10.42,48.6,STRUCTURED_LEASE,Performing
EQF-2025-03418,CUST-03418,EQ-013,02-08-2025,3240000,810000,2430000,48,8.24,81.2,REJECT,Performing
EQF-2025-03419,CUST-03419,EQ-009,02-08-2025,5427000,814050,4612950,36,9.57,52.8,STRUCTURED_LEASE,30_Days_Past_Due
EQF-2025-03420,CUST-03420,EQ-005,02-08-2025,4188000,837600,3350400,48,9.5,63.8,STRUCTURED_LEASE,Performing
EQF-2025-03421,CUST-03421,EQ-013,02-08-2025,2221000,444200,1776800,48,8.26,69.9,REQUIRE_COLLATERAL,Performing
EQF-2025-03422,CUST-03422,EQ-008,02-08-2025,8043000,1206450,6836550,36,8.98,43.4,STRUCTURED_LEASE,Performing
EQF-2025-03423,CUST-03423,EQ-013,02-08-2025,1712000,428000,1284000,36,7.9,80.4,REJECT,Performing
EQF-2025-03424,CUST-03424,EQ-006,02-08-2025,5130000,1026000,4104000,60,9.53,64.6,STRUCTURED_LEASE,Performing
EQF-2025-03425,CUST-03425,EQ-003,03-08-2025,4119000,823800,3295200,36,7,68.4,REQUIRE_COLLATERAL,Performing
EQF-2025-03426,CUST-03426,EQ-004,03-08-2025,3897000,779400,3117600,36,9.41,62.4,STRUCTURED_LEASE,Performing
EQF-2025-03427,CUST-03427,EQ-010,03-08-2025,8903000,1335450,7567550,24,10.48,53,STRUCTURED_LEASE,Performing
EQF-2025-03428,CUST-03428,EQ-010,03-08-2025,8967000,896700,8070300,36,9.48,67.1,REQUIRE_COLLATERAL,Performing
EQF-2025-03429,CUST-03429,EQ-007,03-08-2025,1112000,111200,1000800,48,8.45,70.9,REQUIRE_COLLATERAL,30_Days_Past_Due
EQF-2025-03430,CUST-03430,EQ-008,03-08-2025,2660000,266000,2394000,48,8.53,76.4,REQUIRE_COLLATERAL,Performing
EQF-2025-03431,CUST-03431,EQ-008,03-08-2025,10778000,1077800,9700200,36,11.31,59.6,STRUCTURED_LEASE,30_Days_Past_Due
EQF-2025-03432,CUST-03432,EQ-015,03-08-2025,1806000,180600,1625400,36,9.74,55.1,STRUCTURED_LEASE,Performing
EQF-2025-03433,CUST-03433,EQ-014,03-08-2025,4324000,864800,3459200,36,10.77,80,REJECT,Default
EQF-2025-03434,CUST-03434,EQ-012,03-08-2025,10180000,2036000,8144000,60,10.91,54.1,STRUCTURED_LEASE,Performing
EQF-2025-03435,CUST-03435,EQ-013,03-08-2025,2205000,551250,1653750,48,8.83,46.2,STRUCTURED_LEASE,Performing
EQF-2025-03436,CUST-03436,EQ-011,03-08-2025,5430000,1086000,4344000,48,8,69.8,REQUIRE_COLLATERAL,Performing
EQF-2025-03437,CUST-03437,EQ-009,03-08-2025,4977000,746550,4230450,48,10.47,86.2,REJECT,Performing
EQF-2025-03438,CUST-03438,EQ-008,03-08-2025,5963000,1490750,4472250,60,8.21,70.1,REQUIRE_COLLATERAL,Performing
EQF-2025-03439,CUST-03439,EQ-015,03-08-2025,4434000,886800,3547200,60,8.61,92.1,REJECT,60_Days_Past_Due
EQF-2025-03440,CUST-03440,EQ-007,03-08-2025,5502000,1375500,4126500,24,9.66,56.9,STRUCTURED_LEASE,Performing
EQF-2025-03441,CUST-03441,EQ-001,04-08-2025,12858000,3214500,9643500,60,9.12,62.4,STRUCTURED_LEASE,Performing
EQF-2025-03442,CUST-03442,EQ-008,04-08-2025,4833000,483300,4349700,60,7,74.4,REQUIRE_COLLATERAL,Performing
EQF-2025-03443,CUST-03443,EQ-009,04-08-2025,7653000,1913250,5739750,36,7.65,56.8,STRUCTURED_LEASE,60_Days_Past_Due
EQF-2025-03444,CUST-03444,EQ-015,04-08-2025,5134000,1026800,4107200,48,11.01,53.8,STRUCTURED_LEASE,Performing
EQF-2025-03445,CUST-03445,EQ-002,04-08-2025,5632000,563200,5068800,48,9.38,68.1,REQUIRE_COLLATERAL,Performing
EQF-2025-03446,CUST-03446,EQ-004,04-08-2025,6399000,1279800,5119200,48,10.6,58,STRUCTURED_LEASE,30_Days_Past_Due
EQF-2025-03447,CUST-03447,EQ-014,04-08-2025,4121000,412100,3708900,36,8.28,26.9,AUTO_APPROVE,Performing
EQF-2025-03448,CUST-03448,EQ-013,04-08-2025,3448000,689600,2758400,48,7.83,53.3,STRUCTURED_LEASE,Performing
EQF-2025-03449,CUST-03449,EQ-004,04-08-2025,5139000,513900,4625100,24,10.58,67.6,REQUIRE_COLLATERAL,Performing
EQF-2025-03450,CUST-03450,EQ-005,04-08-2025,8461000,846100,7614900,48,11.44,68.6,REQUIRE_COLLATERAL,Performing
EQF-2025-03451,CUST-03451,EQ-004,04-08-2025,2826000,423900,2402100,60,8.19,63,STRUCTURED_LEASE,Performing
EQF-2025-03452,CUST-03452,EQ-013,04-08-2025,1817000,363400,1453600,48,11.03,64.5,STRUCTURED_LEASE,Performing
EQF-2025-03453,CUST-03453,EQ-013,04-08-2025,4592000,1148000,3444000,48,8.04,83,REJECT,60_Days_Past_Due
EQF-2025-03454,CUST-03454,EQ-011,04-08-2025,4666000,466600,4199400,48,7.04,52.6,STRUCTURED_LEASE,Performing
EQF-2025-03455,CUST-03455,EQ-015,04-08-2025,5411000,1082200,4328800,36,10.38,75.8,REQUIRE_COLLATERAL,Performing
EQF-2025-03456,CUST-03456,EQ-006,04-08-2025,6507000,650700,5856300,48,8.07,73.5,REQUIRE_COLLATERAL,Performing
EQF-2025-03457,CUST-03457,EQ-010,05-08-2025,2812000,421800,2390200,48,7.68,54.7,STRUCTURED_LEASE,30_Days_Past_Due
EQF-2025-03458,CUST-03458,EQ-014,05-08-2025,2831000,424650,2406350,24,7.72,33.1,AUTO_APPROVE,Performing
EQF-2025-03459,CUST-03459,EQ-014,05-08-2025,4067000,610050,3456950,24,8.98,62.4,STRUCTURED_LEASE,Performing
EQF-2025-03460,CUST-03460,EQ-008,05-08-2025,7456000,1118400,6337600,48,7,47.9,STRUCTURED_LEASE,Performing
EQF-2025-03461,CUST-03461,EQ-011,05-08-2025,14295000,3573750,10721250,36,10.39,69.8,REQUIRE_COLLATERAL,Performing
EQF-2025-03462,CUST-03462,EQ-009,05-08-2025,7574000,1893500,5680500,60,10.22,68.4,REQUIRE_COLLATERAL,Performing
EQF-2025-03463,CUST-03463,EQ-010,05-08-2025,5328000,532800,4795200,36,10.22,58.2,STRUCTURED_LEASE,Performing
EQF-2025-03464,CUST-03464,EQ-004,05-08-2025,3219000,643800,2575200,24,11.31,75.5,REQUIRE_COLLATERAL,Performing
EQF-2025-03465,CUST-03465,EQ-006,05-08-2025,8110000,1216500,6893500,48,10.96,81,REJECT,Performing
EQF-2025-03466,CUST-03466,EQ-003,05-08-2025,3166000,474900,2691100,48,8.14,52.8,STRUCTURED_LEASE,Performing
EQF-2025-03467,CUST-03467,EQ-010,05-08-2025,3132000,783000,2349000,48,10.51,61.6,STRUCTURED_LEASE,30_Days_Past_Due
EQF-2025-03468,CUST-03468,EQ-014,05-08-2025,4303000,1075750,3227250,48,11.17,57.4,STRUCTURED_LEASE,30_Days_Past_Due
EQF-2025-03469,CUST-03469,EQ-003,05-08-2025,4500000,675000,3825000,48,10.72,89.2,REJECT,60_Days_Past_Due
EQF-2025-03470,CUST-03470,EQ-006,05-08-2025,5976000,1195200,4780800,48,10.83,51.4,STRUCTURED_LEASE,Performing
EQF-2025-03471,CUST-03471,EQ-009,05-08-2025,4633000,463300,4169700,24,9.27,30.2,AUTO_APPROVE,Performing
EQF-2025-03472,CUST-03472,EQ-014,05-08-2025,3716000,371600,3344400,36,8.53,55.9,STRUCTURED_LEASE,Performing
EQF-2025-03473,CUST-03473,EQ-010,06-08-2025,8507000,850700,7656300,36,9.15,54.1,STRUCTURED_LEASE,Performing
EQF-2025-03474,CUST-03474,EQ-014,06-08-2025,4594000,459400,4134600,24,8.45,46,STRUCTURED_LEASE,Performing
EQF-2025-03475,CUST-03475,EQ-003,06-08-2025,4832000,966400,3865600,36,11.01,65.5,REQUIRE_COLLATERAL,Performing
EQF-2025-03476,CUST-03476,EQ-014,06-08-2025,3154000,630800,2523200,36,9.78,67.3,REQUIRE_COLLATERAL,Performing
EQF-2025-03477,CUST-03477,EQ-007,06-08-2025,4952000,990400,3961600,60,10.74,65.7,REQUIRE_COLLATERAL,Performing
EQF-2025-03478,CUST-03478,EQ-004,06-08-2025,10698000,2674500,8023500,36,7.33,78.1,REQUIRE_COLLATERAL,30_Days_Past_Due
EQF-2025-03479,CUST-03479,EQ-010,06-08-2025,3786000,567900,3218100,36,8.83,55.5,STRUCTURED_LEASE,30_Days_Past_Due
EQF-2025-03480,CUST-03480,EQ-011,06-08-2025,4201000,840200,3360800,48,7.96,93.6,REJECT,Performing
EQF-2025-03481,CUST-03481,EQ-006,06-08-2025,7583000,758300,6824700,36,7.06,65.7,REQUIRE_COLLATERAL,Performing
EQF-2025-03482,CUST-03482,EQ-010,06-08-2025,4160000,832000,3328000,36,9.95,39.3,AUTO_APPROVE,Performing
EQF-2025-03483,CUST-03483,EQ-012,06-08-2025,4467000,670050,3796950,36,7.9,57.8,STRUCTURED_LEASE,30_Days_Past_Due
EQF-2025-03484,CUST-03484,EQ-015,06-08-2025,1632000,408000,1224000,36,8.94,76.5,REQUIRE_COLLATERAL,Performing
EQF-2025-03485,CUST-03485,EQ-008,06-08-2025,5765000,576500,5188500,36,8.04,75.8,REQUIRE_COLLATERAL,Performing
EQF-2025-03486,CUST-03486,EQ-010,06-08-2025,4364000,1091000,3273000,36,8.89,32,AUTO_APPROVE,Performing
EQF-2025-03487,CUST-03487,EQ-001,06-08-2025,7358000,1471600,5886400,60,10.38,83.1,REJECT,Performing
EQF-2025-03488,CUST-03488,EQ-005,06-08-2025,8327000,832700,7494300,36,8.06,65.3,REQUIRE_COLLATERAL,30_Days_Past_Due
EQF-2025-03489,CUST-03489,EQ-006,07-08-2025,6431000,643100,5787900,36,8.82,48.9,STRUCTURED_LEASE,Performing
EQF-2025-03490,CUST-03490,EQ-012,07-08-2025,11834000,2366800,9467200,48,10.29,79.9,REQUIRE_COLLATERAL,30_Days_Past_Due
EQF-2025-03491,CUST-03491,EQ-009,07-08-2025,2163000,432600,1730400,36,10.52,58.5,STRUCTURED_LEASE,Performing
EQF-2025-03492,CUST-03492,EQ-010,07-08-2025,8723000,1308450,7414550,36,8.91,55.7,STRUCTURED_LEASE,Performing
EQF-2025-03493,CUST-03493,EQ-007,07-08-2025,4645000,929000,3716000,48,9.94,87.3,REJECT,60_Days_Past_Due
EQF-2025-03494,CUST-03494,EQ-015,07-08-2025,4231000,846200,3384800,60,10.73,72,REQUIRE_COLLATERAL,30_Days_Past_Due
EQF-2025-03495,CUST-03495,EQ-014,07-08-2025,2068000,413600,1654400,48,7.91,57.3,STRUCTURED_LEASE,Performing
EQF-2025-03496,CUST-03496,EQ-006,07-08-2025,4461000,446100,4014900,36,8.43,67.9,REQUIRE_COLLATERAL,Performing
EQF-2025-03497,CUST-03497,EQ-007,07-08-2025,5201000,780150,4420850,60,8.94,62.8,STRUCTURED_LEASE,Performing
EQF-2025-03498,CUST-03498,EQ-015,07-08-2025,4285000,428500,3856500,36,10.17,46.6,STRUCTURED_LEASE,Performing
EQF-2025-03499,CUST-03499,EQ-005,07-08-2025,6629000,1325800,5303200,36,9.78,78.6,REQUIRE_COLLATERAL,60_Days_Past_Due
EQF-2025-03500,CUST-03500,EQ-003,07-08-2025,3432000,514800,2917200,36,9.6,60.2,STRUCTURED_LEASE,Performing
EQF-2025-03501,CUST-03501,EQ-011,07-08-2025,8945000,1789000,7156000,48,7.96,67.9,REQUIRE_COLLATERAL,Performing
EQF-2025-03502,CUST-03502,EQ-013,07-08-2025,4084000,408400,3675600,24,10.81,67.2,REQUIRE_COLLATERAL,Performing
EQF-2025-03503,CUST-03503,EQ-007,07-08-2025,1153000,115300,1037700,48,8.75,77,REQUIRE_COLLATERAL,Performing
EQF-2025-03504,CUST-03504,EQ-009,07-08-2025,6212000,1242400,4969600,60,9.1,67,REQUIRE_COLLATERAL,Performing
EQF-2025-03505,CUST-03505,EQ-007,08-08-2025,5985000,897750,5087250,36,9.79,74.1,REQUIRE_COLLATERAL,Performing
EQF-2025-03506,CUST-03506,EQ-004,08-08-2025,9132000,913200,8218800,48,12.46,70.1,REQUIRE_COLLATERAL,60_Days_Past_Due
EQF-2025-03507,CUST-03507,EQ-015,08-08-2025,2311000,462200,1848800,36,8.54,78.7,REQUIRE_COLLATERAL,30_Days_Past_Due
EQF-2025-03508,CUST-03508,EQ-008,08-08-2025,4861000,1215250,3645750,36,8.46,74.9,REQUIRE_COLLATERAL,Performing
EQF-2025-03509,CUST-03509,EQ-014,08-08-2025,3735000,747000,2988000,36,8.94,79,REQUIRE_COLLATERAL,Performing
EQF-2025-03510,CUST-03510,EQ-005,08-08-2025,7771000,1554200,6216800,48,11.24,91.9,REJECT,Performing
EQF-2025-03511,CUST-03511,EQ-001,08-08-2025,10357000,1553550,8803450,36,9.72,54.5,STRUCTURED_LEASE,Performing
EQF-2025-03512,CUST-03512,EQ-009,08-08-2025,5192000,1038400,4153600,48,10.06,96.3,REJECT,Performing
EQF-2025-03513,CUST-03513,EQ-007,08-08-2025,1634000,408500,1225500,60,10.71,73.6,REQUIRE_COLLATERAL,Performing
EQF-2025-03514,CUST-03514,EQ-013,08-08-2025,3919000,783800,3135200,60,11.19,69.9,REQUIRE_COLLATERAL,Default
EQF-2025-03515,CUST-03515,EQ-015,08-08-2025,4452000,1113000,3339000,36,8.5,28.1,AUTO_APPROVE,Performing
EQF-2025-03516,CUST-03516,EQ-015,08-08-2025,5828000,582800,5245200,24,10.28,61,STRUCTURED_LEASE,Performing
EQF-2025-03517,CUST-03517,EQ-006,08-08-2025,3601000,720200,2880800,36,11.23,57.8,STRUCTURED_LEASE,Performing
EQF-2025-03518,CUST-03518,EQ-011,08-08-2025,12321000,1848150,10472850,48,9.81,67.9,REQUIRE_COLLATERAL,30_Days_Past_Due
EQF-2025-03519,CUST-03519,EQ-009,08-08-2025,4538000,907600,3630400,60,8.27,67.9,REQUIRE_COLLATERAL,Performing
EQF-2025-03520,CUST-03520,EQ-006,08-08-2025,5409000,1352250,4056750,48,7.98,71.1,REQUIRE_COLLATERAL,Performing
EQF-2025-03521,CUST-03521,EQ-009,09-08-2025,7215000,1803750,5411250,48,10.18,65.9,REQUIRE_COLLATERAL,Performing
EQF-2025-03522,CUST-03522,EQ-010,09-08-2025,4387000,658050,3728950,24,7.77,65.8,REQUIRE_COLLATERAL,30_Days_Past_Due
EQF-2025-03523,CUST-03523,EQ-011,09-08-2025,7772000,1943000,5829000,48,8.28,54.2,STRUCTURED_LEASE,Performing
EQF-2025-03524,CUST-03524,EQ-005,09-08-2025,6913000,1382600,5530400,36,8.77,67.7,REQUIRE_COLLATERAL,Performing
EQF-2025-03525,CUST-03525,EQ-009,09-08-2025,5493000,1373250,4119750,24,9.92,52.8,STRUCTURED_LEASE,Performing
EQF-2025-03526,CUST-03526,EQ-005,09-08-2025,2147000,429400,1717600,60,10.38,82.6,REJECT,60_Days_Past_Due
EQF-2025-03527,CUST-03527,EQ-002,09-08-2025,3037000,607400,2429600,48,8.43,59.1,STRUCTURED_LEASE,30_Days_Past_Due
EQF-2025-03528,CUST-03528,EQ-013,09-08-2025,3429000,857250,2571750,24,7.55,27.7,AUTO_APPROVE,Performing
EQF-2025-03529,CUST-03529,EQ-015,09-08-2025,5529000,829350,4699650,36,10.72,34.4,AUTO_APPROVE,Performing
EQF-2025-03530,CUST-03530,EQ-011,09-08-2025,6073000,607300,5465700,24,10.51,83.3,REJECT,Performing
EQF-2025-03531,CUST-03531,EQ-012,09-08-2025,12865000,1929750,10935250,48,10.2,62,STRUCTURED_LEASE,Performing
EQF-2025-03532,CUST-03532,EQ-003,09-08-2025,1696000,169600,1526400,36,10.06,94.9,REJECT,Performing
EQF-2025-03533,CUST-03533,EQ-001,09-08-2025,6665000,999750,5665250,60,8.9,91.6,REJECT,Performing
EQF-2025-03534,CUST-03534,EQ-012,09-08-2025,6677000,1335400,5341600,36,9.23,59.5,STRUCTURED_LEASE,Performing
EQF-2025-03535,CUST-03535,EQ-005,09-08-2025,7642000,1528400,6113600,36,9.61,55.7,STRUCTURED_LEASE,Performing
EQF-2025-03536,CUST-03536,EQ-006,09-08-2025,2893000,723250,2169750,24,8.24,52.4,STRUCTURED_LEASE,Performing
EQF-2025-03537,CUST-03537,EQ-001,10-08-2025,12657000,1265700,11391300,36,10.08,66.7,REQUIRE_COLLATERAL,Performing
EQF-2025-03538,CUST-03538,EQ-011,10-08-2025,9080000,908000,8172000,48,9.68,91.7,REJECT,Performing
EQF-2025-03539,CUST-03539,EQ-003,10-08-2025,4997000,1249250,3747750,48,9.3,93.4,REJECT,Performing
EQF-2025-03540,CUST-03540,EQ-006,10-08-2025,7374000,1106100,6267900,36,10.87,81.6,REJECT,Default
EQF-2025-03541,CUST-03541,EQ-006,10-08-2025,6678000,1669500,5008500,48,9.35,63.3,STRUCTURED_LEASE,Performing
EQF-2025-03542,CUST-03542,EQ-013,10-08-2025,4509000,676350,3832650,48,10.49,60.3,STRUCTURED_LEASE,Performing
EQF-2025-03543,CUST-03543,EQ-006,10-08-2025,5938000,1484500,4453500,36,7.72,54.2,STRUCTURED_LEASE,30_Days_Past_Due
EQF-2025-03544,CUST-03544,EQ-012,10-08-2025,13280000,1328000,11952000,24,10.76,67.6,REQUIRE_COLLATERAL,Performing
EQF-2025-03545,CUST-03545,EQ-002,10-08-2025,2158000,215800,1942200,36,10.41,44.5,STRUCTURED_LEASE,Performing
EQF-2025-03546,CUST-03546,EQ-005,10-08-2025,2184000,327600,1856400,48,12.74,52.4,STRUCTURED_LEASE,Performing
EQF-2025-03547,CUST-03547,EQ-005,10-08-2025,5812000,581200,5230800,24,11.9,43.2,STRUCTURED_LEASE,Performing
EQF-2025-03548,CUST-03548,EQ-010,10-08-2025,6195000,619500,5575500,36,10.9,49,STRUCTURED_LEASE,Performing
EQF-2025-03549,CUST-03549,EQ-001,10-08-2025,8691000,869100,7821900,48,8.69,56.8,STRUCTURED_LEASE,Performing
EQF-2025-03550,CUST-03550,EQ-008,10-08-2025,6977000,697700,6279300,60,8.17,60.1,STRUCTURED_LEASE,Performing
EQF-2025-03551,CUST-03551,EQ-013,10-08-2025,2573000,514600,2058400,36,8.41,68.1,REQUIRE_COLLATERAL,30_Days_Past_Due
EQF-2025-03552,CUST-03552,EQ-009,10-08-2025,5882000,1470500,4411500,36,10.26,60.8,STRUCTURED_LEASE,30_Days_Past_Due
EQF-2025-03553,CUST-03553,EQ-008,11-08-2025,2760000,690000,2070000,48,11.44,77.4,REQUIRE_COLLATERAL,60_Days_Past_Due
EQF-2025-03554,CUST-03554,EQ-008,11-08-2025,10744000,2148800,8595200,36,7.68,48,STRUCTURED_LEASE,Performing
EQF-2025-03555,CUST-03555,EQ-006,11-08-2025,7973000,797300,7175700,36,8.23,54,STRUCTURED_LEASE,Performing
EQF-2025-03556,CUST-03556,EQ-010,11-08-2025,10450000,2612500,7837500,48,9.55,70,REQUIRE_COLLATERAL,Performing
EQF-2025-03557,CUST-03557,EQ-001,11-08-2025,8015000,2003750,6011250,60,7.8,56.1,STRUCTURED_LEASE,Performing
EQF-2025-03558,CUST-03558,EQ-004,11-08-2025,7021000,1755250,5265750,48,8.87,51.4,STRUCTURED_LEASE,Performing
EQF-2025-03559,CUST-03559,EQ-005,11-08-2025,8179000,1226850,6952150,36,11.37,71.6,REQUIRE_COLLATERAL,Performing
EQF-2025-03560,CUST-03560,EQ-010,11-08-2025,10170000,2034000,8136000,48,10.58,74.6,REQUIRE_COLLATERAL,Performing
EQF-2025-03561,CUST-03561,EQ-012,11-08-2025,12693000,1903950,10789050,36,10.74,70.8,REQUIRE_COLLATERAL,30_Days_Past_Due
EQF-2025-03562,CUST-03562,EQ-013,11-08-2025,2748000,412200,2335800,36,8.02,67.6,REQUIRE_COLLATERAL,Performing
EQF-2025-03563,CUST-03563,EQ-006,11-08-2025,5450000,1090000,4360000,60,7,43.4,STRUCTURED_LEASE,Performing
EQF-2025-03564,CUST-03564,EQ-001,11-08-2025,12722000,3180500,9541500,60,8.86,73.5,REQUIRE_COLLATERAL,Performing
EQF-2025-03565,CUST-03565,EQ-008,11-08-2025,4821000,723150,4097850,36,7,43.1,STRUCTURED_LEASE,Performing
EQF-2025-03566,CUST-03566,EQ-003,11-08-2025,3581000,895250,2685750,24,10.18,71.2,REQUIRE_COLLATERAL,Performing
EQF-2025-03567,CUST-03567,EQ-010,11-08-2025,9537000,1430550,8106450,36,10.62,47,STRUCTURED_LEASE,Performing
EQF-2025-03568,CUST-03568,EQ-013,11-08-2025,3888000,972000,2916000,48,8.32,63.1,STRUCTURED_LEASE,Performing
EQF-2025-03569,CUST-03569,EQ-014,12-08-2025,3022000,302200,2719800,60,10.37,65.7,REQUIRE_COLLATERAL,Performing
EQF-2025-03570,CUST-03570,EQ-002,12-08-2025,3840000,384000,3456000,24,10.37,51.6,STRUCTURED_LEASE,Performing
EQF-2025-03571,CUST-03571,EQ-011,12-08-2025,14875000,1487500,13387500,36,7.82,76.8,REQUIRE_COLLATERAL,Performing
EQF-2025-03572,CUST-03572,EQ-004,12-08-2025,7617000,1523400,6093600,36,8.9,69.3,REQUIRE_COLLATERAL,Performing
EQF-2025-03573,CUST-03573,EQ-014,12-08-2025,4185000,418500,3766500,24,8.8,58.1,STRUCTURED_LEASE,Performing
EQF-2025-03574,CUST-03574,EQ-002,12-08-2025,4578000,686700,3891300,48,10.9,47.8,STRUCTURED_LEASE,Performing
EQF-2025-03575,CUST-03575,EQ-015,12-08-2025,4448000,1112000,3336000,48,10.6,44.6,STRUCTURED_LEASE,Performing
EQF-2025-03576,CUST-03576,EQ-011,12-08-2025,11880000,2970000,8910000,36,10.36,60,STRUCTURED_LEASE,30_Days_Past_Due
EQF-2025-03577,CUST-03577,EQ-006,12-08-2025,4681000,1170250,3510750,36,8.66,37,AUTO_APPROVE,Performing
EQF-2025-03578,CUST-03578,EQ-004,12-08-2025,6530000,1632500,4897500,24,11.55,85.2,REJECT,Default
EQF-2025-03579,CUST-03579,EQ-013,12-08-2025,2978000,446700,2531300,36,9.77,59.8,STRUCTURED_LEASE,Performing
EQF-2025-03580,CUST-03580,EQ-008,12-08-2025,2783000,695750,2087250,36,10.24,47.4,STRUCTURED_LEASE,Performing
EQF-2025-03581,CUST-03581,EQ-004,12-08-2025,4549000,682350,3866650,48,12.1,70.6,REQUIRE_COLLATERAL,Performing
EQF-2025-03582,CUST-03582,EQ-003,12-08-2025,1787000,268050,1518950,36,10.49,75.1,REQUIRE_COLLATERAL,30_Days_Past_Due
EQF-2025-03583,CUST-03583,EQ-011,12-08-2025,13751000,3437750,10313250,36,9.32,54.9,STRUCTURED_LEASE,Performing
EQF-2025-03584,CUST-03584,EQ-002,12-08-2025,2230000,557500,1672500,48,8.75,40.2,STRUCTURED_LEASE,Performing
EQF-2025-03585,CUST-03585,EQ-011,13-08-2025,5523000,1380750,4142250,36,7,79.1,REQUIRE_COLLATERAL,Performing
EQF-2025-03586,CUST-03586,EQ-012,13-08-2025,5317000,797550,4519450,48,7.15,71.3,REQUIRE_COLLATERAL,Performing
EQF-2025-03587,CUST-03587,EQ-010,13-08-2025,8450000,1690000,6760000,48,10.78,85.1,REJECT,Performing
EQF-2025-03588,CUST-03588,EQ-013,13-08-2025,1223000,183450,1039550,48,7,59.9,STRUCTURED_LEASE,Performing
EQF-2025-03589,CUST-03589,EQ-006,13-08-2025,4799000,959800,3839200,24,11.02,55.3,STRUCTURED_LEASE,Performing
EQF-2025-03590,CUST-03590,EQ-006,13-08-2025,2332000,583000,1749000,48,10.71,43.2,STRUCTURED_LEASE,Performing
EQF-2025-03591,CUST-03591,EQ-007,13-08-2025,5218000,782700,4435300,24,8.2,72.2,REQUIRE_COLLATERAL,Performing
EQF-2025-03592,CUST-03592,EQ-006,13-08-2025,8209000,2052250,6156750,60,9.77,65.7,REQUIRE_COLLATERAL,Performing
EQF-2025-03593,CUST-03593,EQ-008,13-08-2025,10649000,2129800,8519200,48,10.36,58.4,STRUCTURED_LEASE,Performing
EQF-2025-03594,CUST-03594,EQ-010,13-08-2025,6257000,1251400,5005600,36,9.64,75.5,REQUIRE_COLLATERAL,Performing
EQF-2025-03595,CUST-03595,EQ-008,13-08-2025,7978000,1196700,6781300,36,11.35,59.4,STRUCTURED_LEASE,Performing
EQF-2025-03596,CUST-03596,EQ-004,13-08-2025,7597000,1139550,6457450,60,7.41,59.8,STRUCTURED_LEASE,Performing
EQF-2025-03597,CUST-03597,EQ-009,13-08-2025,3950000,592500,3357500,60,10.26,60.4,STRUCTURED_LEASE,Performing
EQF-2025-03598,CUST-03598,EQ-008,13-08-2025,6275000,941250,5333750,60,8.59,91.1,REJECT,Performing
EQF-2025-03599,CUST-03599,EQ-012,13-08-2025,4708000,470800,4237200,48,7,64.8,STRUCTURED_LEASE,Performing
EQF-2025-03600,CUST-03600,EQ-013,13-08-2025,4224000,422400,3801600,48,7.76,49.9,STRUCTURED_LEASE,Performing
EQF-2025-03601,CUST-03601,EQ-006,14-08-2025,3186000,796500,2389500,48,8.71,53.8,STRUCTURED_LEASE,Performing
EQF-2025-03602,CUST-03602,EQ-010,14-08-2025,6414000,1282800,5131200,24,9.53,50,STRUCTURED_LEASE,Performing
EQF-2025-03603,CUST-03603,EQ-006,14-08-2025,4864000,972800,3891200,24,8.15,63.3,REQUIRE_COLLATERAL,Performing
EQF-2025-03604,CUST-03604,EQ-001,14-08-2025,10168000,2542000,7626000,48,8.74,45.3,STRUCTURED_LEASE,Performing
EQF-2025-03605,CUST-03605,EQ-005,14-08-2025,7225000,1806250,5418750,36,8.91,40.1,STRUCTURED_LEASE,Performing
EQF-2025-03606,CUST-03606,EQ-009,14-08-2025,6343000,1585750,4757250,48,8.18,65.4,REQUIRE_COLLATERAL,Performing
EQF-2025-03607,CUST-03607,EQ-014,14-08-2025,3720000,372000,3348000,36,8.65,61.3,STRUCTURED_LEASE,Performing
EQF-2025-03608,CUST-03608,EQ-001,14-08-2025,9794000,2448500,7345500,48,10.36,36.5,AUTO_APPROVE,Performing
EQF-2025-03609,CUST-03609,EQ-002,14-08-2025,1299000,259800,1039200,36,11.97,58.8,STRUCTURED_LEASE,Performing
EQF-2025-03610,CUST-03610,EQ-007,14-08-2025,2890000,722500,2167500,36,9.81,58.6,STRUCTURED_LEASE,Performing
EQF-2025-03611,CUST-03611,EQ-008,14-08-2025,10637000,1595550,9041450,36,9.7,74.4,REQUIRE_COLLATERAL,Performing
EQF-2025-03612,CUST-03612,EQ-006,14-08-2025,8469000,1693800,6775200,36,9.38,52.6,STRUCTURED_LEASE,Performing
EQF-2025-03613,CUST-03613,EQ-012,14-08-2025,12035000,2407000,9628000,60,8.91,74.5,REQUIRE_COLLATERAL,Performing
EQF-2025-03614,CUST-03614,EQ-013,14-08-2025,2065000,413000,1652000,48,10.36,89.1,REJECT,Default
EQF-2025-03615,CUST-03615,EQ-012,14-08-2025,5121000,512100,4608900,60,10.97,64.2,STRUCTURED_LEASE,Performing
EQF-2025-03616,CUST-03616,EQ-006,14-08-2025,4403000,440300,3962700,36,7.76,81.1,REJECT,Performing
EQF-2025-03617,CUST-03617,EQ-008,15-08-2025,9781000,1956200,7824800,36,11.06,71.6,REQUIRE_COLLATERAL,Performing
EQF-2025-03618,CUST-03618,EQ-013,15-08-2025,3943000,591450,3351550,24,11.94,70.4,REQUIRE_COLLATERAL,Default
EQF-2025-03619,CUST-03619,EQ-013,15-08-2025,4559000,911800,3647200,24,7.99,62.8,REQUIRE_COLLATERAL,Performing
EQF-2025-03620,CUST-03620,EQ-009,15-08-2025,5810000,581000,5229000,24,10.88,57.4,STRUCTURED_LEASE,Performing
EQF-2025-03621,CUST-03621,EQ-003,15-08-2025,1695000,254250,1440750,24,11.95,63,STRUCTURED_LEASE,Performing
EQF-2025-03622,CUST-03622,EQ-005,15-08-2025,2304000,460800,1843200,60,10.57,99,REJECT,60_Days_Past_Due
EQF-2025-03623,CUST-03623,EQ-006,15-08-2025,1836000,183600,1652400,60,9.24,60.2,STRUCTURED_LEASE,Performing
EQF-2025-03624,CUST-03624,EQ-015,15-08-2025,3749000,562350,3186650,60,10.67,55.7,STRUCTURED_LEASE,Performing
EQF-2025-03625,CUST-03625,EQ-005,15-08-2025,3200000,800000,2400000,60,8.28,61.7,STRUCTURED_LEASE,Performing
EQF-2025-03626,CUST-03626,EQ-011,15-08-2025,12078000,3019500,9058500,36,9.03,56.1,STRUCTURED_LEASE,Performing
EQF-2025-03627,CUST-03627,EQ-009,15-08-2025,6304000,1260800,5043200,48,8.4,55.7,STRUCTURED_LEASE,30_Days_Past_Due
EQF-2025-03628,CUST-03628,EQ-002,15-08-2025,2454000,613500,1840500,24,7.48,51,STRUCTURED_LEASE,Performing
EQF-2025-03629,CUST-03629,EQ-003,15-08-2025,1872000,187200,1684800,24,9.56,70.4,REQUIRE_COLLATERAL,Performing
EQF-2025-03630,CUST-03630,EQ-010,15-08-2025,3370000,505500,2864500,48,9.96,72.6,REQUIRE_COLLATERAL,Performing
EQF-2025-03631,CUST-03631,EQ-013,15-08-2025,4002000,800400,3201600,60,10.49,90,REJECT,60_Days_Past_Due
EQF-2025-03632,CUST-03632,EQ-009,15-08-2025,4653000,697950,3955050,48,7,51.9,STRUCTURED_LEASE,Performing
EQF-2025-03633,CUST-03633,EQ-008,16-08-2025,5250000,787500,4462500,48,9.77,54,STRUCTURED_LEASE,Performing
EQF-2025-03634,CUST-03634,EQ-012,16-08-2025,13423000,2013450,11409550,36,9.62,47,STRUCTURED_LEASE,Performing
EQF-2025-03635,CUST-03635,EQ-006,16-08-2025,5655000,565500,5089500,36,7.86,65.1,REQUIRE_COLLATERAL,Performing
EQF-2025-03636,CUST-03636,EQ-008,16-08-2025,6903000,1380600,5522400,36,8.83,68.9,REQUIRE_COLLATERAL,30_Days_Past_Due
EQF-2025-03637,CUST-03637,EQ-002,16-08-2025,4666000,1166500,3499500,60,10.63,68.8,REQUIRE_COLLATERAL,Performing
EQF-2025-03638,CUST-03638,EQ-006,16-08-2025,7209000,1081350,6127650,60,9.65,79.3,REQUIRE_COLLATERAL,Performing
EQF-2025-03639,CUST-03639,EQ-001,16-08-2025,11547000,1732050,9814950,48,9.47,92.5,REJECT,60_Days_Past_Due
EQF-2025-03640,CUST-03640,EQ-009,16-08-2025,4580000,687000,3893000,24,10.84,59.6,STRUCTURED_LEASE,Performing
EQF-2025-03641,CUST-03641,EQ-009,16-08-2025,4155000,415500,3739500,36,12.97,72.4,REQUIRE_COLLATERAL,30_Days_Past_Due
EQF-2025-03642,CUST-03642,EQ-002,16-08-2025,4813000,1203250,3609750,36,9.14,65.5,REQUIRE_COLLATERAL,Performing
EQF-2025-03643,CUST-03643,EQ-010,16-08-2025,6902000,1035300,5866700,60,9.87,82.9,REJECT,Default
EQF-2025-03644,CUST-03644,EQ-010,16-08-2025,8487000,848700,7638300,36,8.16,57.1,STRUCTURED_LEASE,Performing
EQF-2025-03645,CUST-03645,EQ-013,16-08-2025,4584000,458400,4125600,36,12.72,38.6,AUTO_APPROVE,Performing
EQF-2025-03646,CUST-03646,EQ-006,16-08-2025,7911000,1186650,6724350,36,8.69,49.8,STRUCTURED_LEASE,Performing
EQF-2025-03647,CUST-03647,EQ-008,16-08-2025,4861000,729150,4131850,60,7,67.4,REQUIRE_COLLATERAL,Performing
EQF-2025-03648,CUST-03648,EQ-001,16-08-2025,6067000,606700,5460300,48,10.43,71.9,REQUIRE_COLLATERAL,Performing
EQF-2025-03649,CUST-03649,EQ-004,17-08-2025,4721000,472100,4248900,48,7.08,55.2,STRUCTURED_LEASE,Performing
EQF-2025-03650,CUST-03650,EQ-015,17-08-2025,4707000,706050,4000950,36,11.44,64.6,STRUCTURED_LEASE,60_Days_Past_Due
EQF-2025-03651,CUST-03651,EQ-013,17-08-2025,2606000,260600,2345400,36,10.38,73.2,REQUIRE_COLLATERAL,Performing
EQF-2025-03652,CUST-03652,EQ-011,17-08-2025,5907000,590700,5316300,36,7.96,63.5,STRUCTURED_LEASE,Performing
EQF-2025-03653,CUST-03653,EQ-003,17-08-2025,1574000,236100,1337900,48,10.51,81.2,REJECT,Performing
EQF-2025-03654,CUST-03654,EQ-005,17-08-2025,3791000,568650,3222350,60,9,62.9,STRUCTURED_LEASE,Performing
EQF-2025-03655,CUST-03655,EQ-005,17-08-2025,2453000,490600,1962400,36,10.14,75.1,REQUIRE_COLLATERAL,30_Days_Past_Due
EQF-2025-03656,CUST-03656,EQ-009,17-08-2025,2595000,648750,1946250,36,7.58,34.5,AUTO_APPROVE,Performing
EQF-2025-03657,CUST-03657,EQ-001,17-08-2025,11523000,1728450,9794550,48,7.49,65.9,REQUIRE_COLLATERAL,Performing
EQF-2025-03658,CUST-03658,EQ-010,17-08-2025,2668000,400200,2267800,48,9.98,96.1,REJECT,60_Days_Past_Due
EQF-2025-03659,CUST-03659,EQ-010,17-08-2025,3499000,524850,2974150,24,12.33,84.3,REJECT,Performing
EQF-2025-03660,CUST-03660,EQ-002,17-08-2025,5191000,1297750,3893250,36,8.53,89.5,REJECT,Performing
EQF-2025-03661,CUST-03661,EQ-004,17-08-2025,9682000,1936400,7745600,48,8.42,64.3,STRUCTURED_LEASE,Performing
EQF-2025-03662,CUST-03662,EQ-008,17-08-2025,5299000,529900,4769100,48,8.99,90.6,REJECT,Performing
EQF-2025-03663,CUST-03663,EQ-006,17-08-2025,2116000,529000,1587000,60,7.51,67.8,REQUIRE_COLLATERAL,Performing
EQF-2025-03664,CUST-03664,EQ-006,17-08-2025,6435000,965250,5469750,60,10.33,67.3,REQUIRE_COLLATERAL,30_Days_Past_Due
EQF-2025-03665,CUST-03665,EQ-010,18-08-2025,5561000,834150,4726850,24,10.85,72.3,REQUIRE_COLLATERAL,Performing
EQF-2025-03666,CUST-03666,EQ-001,18-08-2025,4500000,900000,3600000,48,10.22,52.1,STRUCTURED_LEASE,Performing
EQF-2025-03667,CUST-03667,EQ-014,18-08-2025,1800000,360000,1440000,36,9.25,45.2,STRUCTURED_LEASE,Performing
EQF-2025-03668,CUST-03668,EQ-009,18-08-2025,2461000,492200,1968800,48,7.96,78,REQUIRE_COLLATERAL,Performing
EQF-2025-03669,CUST-03669,EQ-005,18-08-2025,5624000,562400,5061600,48,12.59,73.2,REQUIRE_COLLATERAL,Performing
EQF-2025-03670,CUST-03670,EQ-001,18-08-2025,13879000,3469750,10409250,48,8.21,63.6,STRUCTURED_LEASE,Performing
EQF-2025-03671,CUST-03671,EQ-006,18-08-2025,7052000,1763000,5289000,60,8.18,52.3,STRUCTURED_LEASE,Performing
EQF-2025-03672,CUST-03672,EQ-006,18-08-2025,5326000,1065200,4260800,48,7,60.1,STRUCTURED_LEASE,Performing
EQF-2025-03673,CUST-03673,EQ-013,18-08-2025,2804000,280400,2523600,60,7.37,59.1,STRUCTURED_LEASE,Performing
EQF-2025-03674,CUST-03674,EQ-005,18-08-2025,5831000,1457750,4373250,36,10.02,83.9,REJECT,60_Days_Past_Due
EQF-2025-03675,CUST-03675,EQ-010,18-08-2025,6272000,940800,5331200,36,8.86,57.4,STRUCTURED_LEASE,Performing
EQF-2025-03676,CUST-03676,EQ-012,18-08-2025,6707000,1006050,5700950,48,8.2,83.6,REJECT,Performing
EQF-2025-03677,CUST-03677,EQ-006,18-08-2025,6254000,938100,5315900,60,8.3,71.7,REQUIRE_COLLATERAL,Performing
EQF-2025-03678,CUST-03678,EQ-001,18-08-2025,13606000,3401500,10204500,36,8.73,64.7,STRUCTURED_LEASE,Performing
EQF-2025-03679,CUST-03679,EQ-014,18-08-2025,2617000,523400,2093600,24,8.5,99,REJECT,60_Days_Past_Due
EQF-2025-03680,CUST-03680,EQ-001,18-08-2025,13257000,1988550,11268450,36,11.6,99,REJECT,Default
EQF-2025-03681,CUST-03681,EQ-014,19-08-2025,2838000,567600,2270400,48,8.94,87.6,REJECT,Performing
EQF-2025-03682,CUST-03682,EQ-005,19-08-2025,4309000,430900,3878100,48,9.72,81.9,REJECT,Performing
EQF-2025-03683,CUST-03683,EQ-013,19-08-2025,1308000,196200,1111800,48,9.59,73.2,REQUIRE_COLLATERAL,Performing
EQF-2025-03684,CUST-03684,EQ-005,19-08-2025,6367000,636700,5730300,60,9.64,73.4,REQUIRE_COLLATERAL,Performing
EQF-2025-03685,CUST-03685,EQ-013,19-08-2025,4269000,853800,3415200,48,8.94,64,STRUCTURED_LEASE,Performing
EQF-2025-03686,CUST-03686,EQ-008,19-08-2025,8140000,2035000,6105000,36,8.79,37.5,AUTO_APPROVE,Performing
EQF-2025-03687,CUST-03687,EQ-015,19-08-2025,1587000,317400,1269600,48,10.46,72.5,REQUIRE_COLLATERAL,Performing
EQF-2025-03688,CUST-03688,EQ-011,19-08-2025,5136000,770400,4365600,48,9.83,63.8,STRUCTURED_LEASE,Performing
EQF-2025-03689,CUST-03689,EQ-005,19-08-2025,5510000,826500,4683500,60,8.36,50.2,STRUCTURED_LEASE,Performing
EQF-2025-03690,CUST-03690,EQ-006,19-08-2025,4311000,862200,3448800,24,7,40.7,STRUCTURED_LEASE,Performing
EQF-2025-03691,CUST-03691,EQ-013,19-08-2025,2831000,424650,2406350,36,8.59,73.7,REQUIRE_COLLATERAL,Performing
EQF-2025-03692,CUST-03692,EQ-008,19-08-2025,10726000,1608900,9117100,36,7.46,47.7,STRUCTURED_LEASE,Performing
EQF-2025-03693,CUST-03693,EQ-003,19-08-2025,3951000,395100,3555900,48,8.12,35.1,AUTO_APPROVE,Performing
EQF-2025-03694,CUST-03694,EQ-006,19-08-2025,4383000,1095750,3287250,24,7.52,41.9,STRUCTURED_LEASE,Performing
EQF-2025-03695,CUST-03695,EQ-001,19-08-2025,4210000,842000,3368000,48,11.24,54.8,STRUCTURED_LEASE,Performing
EQF-2025-03696,CUST-03696,EQ-005,19-08-2025,1739000,173900,1565100,48,11.23,85.7,REJECT,Performing
EQF-2025-03697,CUST-03697,EQ-007,20-08-2025,4361000,654150,3706850,36,10.64,55.8,STRUCTURED_LEASE,Performing
EQF-2025-03698,CUST-03698,EQ-003,20-08-2025,4383000,438300,3944700,48,9,77.7,REQUIRE_COLLATERAL,Performing
EQF-2025-03699,CUST-03699,EQ-007,20-08-2025,4480000,1120000,3360000,60,8.5,78.9,REQUIRE_COLLATERAL,Performing
EQF-2025-03700,CUST-03700,EQ-011,20-08-2025,8465000,1693000,6772000,48,7.26,62.7,STRUCTURED_LEASE,60_Days_Past_Due
EQF-2025-03701,CUST-03701,EQ-010,20-08-2025,2765000,691250,2073750,36,10.87,61.8,STRUCTURED_LEASE,Performing
EQF-2025-03702,CUST-03702,EQ-014,20-08-2025,4876000,1219000,3657000,36,10.8,60,STRUCTURED_LEASE,Performing
EQF-2025-03703,CUST-03703,EQ-011,20-08-2025,14850000,1485000,13365000,48,10.24,77.5,REQUIRE_COLLATERAL,30_Days_Past_Due
EQF-2025-03704,CUST-03704,EQ-013,20-08-2025,3288000,328800,2959200,36,7.84,25.7,AUTO_APPROVE,Performing
EQF-2025-03705,CUST-03705,EQ-015,20-08-2025,1167000,291750,875250,48,8.99,42,STRUCTURED_LEASE,Performing
EQF-2025-03706,CUST-03706,EQ-007,20-08-2025,3613000,541950,3071050,60,9.32,71.5,REQUIRE_COLLATERAL,Performing
EQF-2025-03707,CUST-03707,EQ-013,20-08-2025,4591000,918200,3672800,48,7,64.2,STRUCTURED_LEASE,Performing
EQF-2025-03708,CUST-03708,EQ-012,20-08-2025,11480000,1722000,9758000,36,11.64,61.7,STRUCTURED_LEASE,Performing
EQF-2025-03709,CUST-03709,EQ-001,20-08-2025,11920000,1788000,10132000,36,7.47,48.8,STRUCTURED_LEASE,30_Days_Past_Due
EQF-2025-03710,CUST-03710,EQ-007,20-08-2025,1242000,248400,993600,60,8.33,52.2,STRUCTURED_LEASE,Performing
EQF-2025-03711,CUST-03711,EQ-009,20-08-2025,2246000,224600,2021400,60,7,56.6,STRUCTURED_LEASE,Performing
EQF-2025-03712,CUST-03712,EQ-003,20-08-2025,1684000,252600,1431400,36,9.19,79.7,REQUIRE_COLLATERAL,Performing
EQF-2025-03713,CUST-03713,EQ-003,21-08-2025,4637000,463700,4173300,36,9.13,39.3,AUTO_APPROVE,Performing
EQF-2025-03714,CUST-03714,EQ-010,21-08-2025,6970000,1394000,5576000,48,10.97,71.4,REQUIRE_COLLATERAL,30_Days_Past_Due
EQF-2025-03715,CUST-03715,EQ-007,21-08-2025,4916000,737400,4178600,36,8.08,40.2,STRUCTURED_LEASE,Performing
EQF-2025-03716,CUST-03716,EQ-001,21-08-2025,5268000,526800,4741200,24,7.87,62,STRUCTURED_LEASE,Performing
EQF-2025-03717,CUST-03717,EQ-011,21-08-2025,14204000,1420400,12783600,36,9.62,47.6,STRUCTURED_LEASE,Performing
EQF-2025-03718,CUST-03718,EQ-006,21-08-2025,7248000,1087200,6160800,36,7,81.1,REJECT,Default
EQF-2025-03719,CUST-03719,EQ-001,21-08-2025,6472000,1294400,5177600,36,11.5,75.7,REQUIRE_COLLATERAL,Performing
EQF-2025-03720,CUST-03720,EQ-001,21-08-2025,13616000,3404000,10212000,36,7.52,69.2,REQUIRE_COLLATERAL,Performing
EQF-2025-03721,CUST-03721,EQ-011,21-08-2025,6898000,689800,6208200,24,12.23,70.9,REQUIRE_COLLATERAL,Performing
EQF-2025-03722,CUST-03722,EQ-013,21-08-2025,1980000,396000,1584000,48,8.31,70.1,REQUIRE_COLLATERAL,Performing
EQF-2025-03723,CUST-03723,EQ-007,21-08-2025,2174000,326100,1847900,48,7.36,41.6,STRUCTURED_LEASE,Performing
EQF-2025-03724,CUST-03724,EQ-009,21-08-2025,7870000,787000,7083000,36,10.37,55.3,STRUCTURED_LEASE,Performing
EQF-2025-03725,CUST-03725,EQ-001,21-08-2025,14072000,1407200,12664800,60,10.29,44.5,STRUCTURED_LEASE,Performing
EQF-2025-03726,CUST-03726,EQ-015,21-08-2025,2511000,251100,2259900,36,10.32,66.2,REQUIRE_COLLATERAL,Performing
EQF-2025-03727,CUST-03727,EQ-005,21-08-2025,6438000,1287600,5150400,24,9.65,55.5,STRUCTURED_LEASE,Performing
EQF-2025-03728,CUST-03728,EQ-006,21-08-2025,6230000,623000,5607000,36,12.86,82.2,REJECT,Performing
EQF-2025-03729,CUST-03729,EQ-006,22-08-2025,7146000,714600,6431400,48,7.48,33.7,AUTO_APPROVE,Performing
EQF-2025-03730,CUST-03730,EQ-008,22-08-2025,5020000,753000,4267000,36,11.54,65.7,REQUIRE_COLLATERAL,60_Days_Past_Due
EQF-2025-03731,CUST-03731,EQ-005,22-08-2025,5071000,507100,4563900,24,7.09,51.7,STRUCTURED_LEASE,Performing
EQF-2025-03732,CUST-03732,EQ-002,22-08-2025,4272000,854400,3417600,48,11.98,81.1,REJECT,60_Days_Past_Due
EQF-2025-03733,CUST-03733,EQ-011,22-08-2025,4289000,643350,3645650,48,10.03,35.3,AUTO_APPROVE,Performing
EQF-2025-03734,CUST-03734,EQ-010,22-08-2025,5702000,1425500,4276500,48,11.84,66.4,REQUIRE_COLLATERAL,Performing
EQF-2025-03735,CUST-03735,EQ-009,22-08-2025,6371000,955650,5415350,48,10.84,77.4,REQUIRE_COLLATERAL,30_Days_Past_Due
EQF-2025-03736,CUST-03736,EQ-008,22-08-2025,4647000,464700,4182300,60,7,77.5,REQUIRE_COLLATERAL,60_Days_Past_Due
EQF-2025-03737,CUST-03737,EQ-013,22-08-2025,4839000,1209750,3629250,24,8.99,60.6,STRUCTURED_LEASE,Performing
EQF-2025-03738,CUST-03738,EQ-014,22-08-2025,1315000,197250,1117750,24,7.62,59.4,STRUCTURED_LEASE,Performing
EQF-2025-03739,CUST-03739,EQ-013,22-08-2025,4841000,484100,4356900,60,11.74,77.4,REQUIRE_COLLATERAL,60_Days_Past_Due
EQF-2025-03740,CUST-03740,EQ-004,22-08-2025,4342000,651300,3690700,48,10.7,90.7,REJECT,Performing
EQF-2025-03741,CUST-03741,EQ-007,22-08-2025,1054000,210800,843200,48,9.73,60.2,STRUCTURED_LEASE,Performing
EQF-2025-03742,CUST-03742,EQ-014,22-08-2025,2311000,231100,2079900,24,8.88,57.1,STRUCTURED_LEASE,Performing
EQF-2025-03743,CUST-03743,EQ-003,22-08-2025,4188000,837600,3350400,24,10.14,25.7,AUTO_APPROVE,Performing
EQF-2025-03744,CUST-03744,EQ-009,22-08-2025,6767000,676700,6090300,36,8.06,67.7,REQUIRE_COLLATERAL,60_Days_Past_Due
EQF-2025-03745,CUST-03745,EQ-006,23-08-2025,2962000,592400,2369600,36,9.92,92.7,REJECT,Performing
EQF-2025-03746,CUST-03746,EQ-006,23-08-2025,2878000,719500,2158500,24,9.32,58.1,STRUCTURED_LEASE,Performing
EQF-2025-03747,CUST-03747,EQ-013,23-08-2025,3642000,728400,2913600,36,8.27,39.9,AUTO_APPROVE,Performing
EQF-2025-03748,CUST-03748,EQ-011,23-08-2025,9039000,1355850,7683150,48,10.54,57.1,STRUCTURED_LEASE,Performing
EQF-2025-03749,CUST-03749,EQ-001,23-08-2025,12715000,1271500,11443500,24,12.33,47.7,STRUCTURED_LEASE,30_Days_Past_Due
EQF-2025-03750,CUST-03750,EQ-002,23-08-2025,925000,138750,786250,24,7.36,51.6,STRUCTURED_LEASE,Performing
EQF-2025-03751,CUST-03751,EQ-015,23-08-2025,3974000,794800,3179200,36,10.92,81,REJECT,Default
EQF-2025-03752,CUST-03752,EQ-002,23-08-2025,4599000,459900,4139100,24,8.29,59,REQUIRE_COLLATERAL,Performing
EQF-2025-03753,CUST-03753,EQ-011,23-08-2025,14927000,2985400,11941600,24,10.38,73.8,REQUIRE_COLLATERAL,30_Days_Past_Due
EQF-2025-03754,CUST-03754,EQ-014,23-08-2025,3779000,944750,2834250,36,8.57,62.8,STRUCTURED_LEASE,Performing
EQF-2025-03755,CUST-03755,EQ-011,23-08-2025,6550000,1637500,4912500,36,9.05,50.8,STRUCTURED_LEASE,30_Days_Past_Due
EQF-2025-03756,CUST-03756,EQ-006,23-08-2025,2257000,564250,1692750,48,9.2,68.8,REQUIRE_COLLATERAL,Performing
EQF-2025-03757,CUST-03757,EQ-009,23-08-2025,5986000,1197200,4788800,24,11.54,99,REJECT,Performing
EQF-2025-03758,CUST-03758,EQ-001,23-08-2025,9755000,1951000,7804000,48,9.36,59.8,STRUCTURED_LEASE,Performing
EQF-2025-03759,CUST-03759,EQ-001,23-08-2025,13891000,3472750,10418250,60,8.99,51.8,STRUCTURED_LEASE,30_Days_Past_Due
EQF-2025-03760,CUST-03760,EQ-014,23-08-2025,3961000,792200,3168800,48,9.38,83.9,REJECT,Default
EQF-2025-03761,CUST-03761,EQ-009,24-08-2025,5068000,760200,4307800,24,12.34,52.6,STRUCTURED_LEASE,Performing
EQF-2025-03762,CUST-03762,EQ-014,24-08-2025,2734000,546800,2187200,36,10.34,89.6,REJECT,60_Days_Past_Due
EQF-2025-03763,CUST-03763,EQ-010,24-08-2025,5937000,890550,5046450,48,8.58,73,REQUIRE_COLLATERAL,30_Days_Past_Due
EQF-2025-03764,CUST-03764,EQ-012,24-08-2025,6489000,1622250,4866750,60,11.75,90.8,REJECT,Performing
EQF-2025-03765,CUST-03765,EQ-004,24-08-2025,2647000,529400,2117600,60,9.77,67.7,REQUIRE_COLLATERAL,Performing
EQF-2025-03766,CUST-03766,EQ-011,24-08-2025,10324000,2581000,7743000,36,8.21,34.2,AUTO_APPROVE,Performing
EQF-2025-03767,CUST-03767,EQ-008,24-08-2025,4306000,430600,3875400,48,10.09,55,STRUCTURED_LEASE,Performing
EQF-2025-03768,CUST-03768,EQ-011,24-08-2025,6292000,1258400,5033600,60,9.27,56.1,STRUCTURED_LEASE,Performing
EQF-2025-03769,CUST-03769,EQ-005,24-08-2025,2378000,475600,1902400,48,7,78.8,REQUIRE_COLLATERAL,Performing
EQF-2025-03770,CUST-03770,EQ-005,24-08-2025,2827000,706750,2120250,36,10,45.9,STRUCTURED_LEASE,Performing
EQF-2025-03771,CUST-03771,EQ-004,24-08-2025,2770000,692500,2077500,36,7.89,57.4,STRUCTURED_LEASE,Performing
EQF-2025-03772,CUST-03772,EQ-015,24-08-2025,4306000,1076500,3229500,24,7.59,72.8,REQUIRE_COLLATERAL,Performing
EQF-2025-03773,CUST-03773,EQ-011,24-08-2025,8415000,841500,7573500,36,7,41.3,STRUCTURED_LEASE,Performing
EQF-2025-03774,CUST-03774,EQ-003,24-08-2025,3334000,333400,3000600,48,9.69,65.7,REQUIRE_COLLATERAL,Performing
EQF-2025-03775,CUST-03775,EQ-003,24-08-2025,3620000,905000,2715000,60,9.28,71.9,REQUIRE_COLLATERAL,Performing
EQF-2025-03776,CUST-03776,EQ-007,24-08-2025,5857000,1171400,4685600,60,10.92,65.6,REQUIRE_COLLATERAL,Performing
EQF-2025-03777,CUST-03777,EQ-014,25-08-2025,1459000,291800,1167200,36,8.3,58.7,STRUCTURED_LEASE,Performing
EQF-2025-03778,CUST-03778,EQ-010,25-08-2025,6052000,1513000,4539000,48,8.78,48.6,STRUCTURED_LEASE,Performing
EQF-2025-03779,CUST-03779,EQ-013,25-08-2025,2134000,320100,1813900,36,12.47,43.8,STRUCTURED_LEASE,Performing
EQF-2025-03780,CUST-03780,EQ-007,25-08-2025,3279000,327900,2951100,48,7,63.8,STRUCTURED_LEASE,Performing
EQF-2025-03781,CUST-03781,EQ-011,25-08-2025,14125000,1412500,12712500,48,11.32,82.1,REJECT,Default
EQF-2025-03782,CUST-03782,EQ-001,25-08-2025,11964000,1794600,10169400,36,8.33,72.3,REQUIRE_COLLATERAL,Performing
EQF-2025-03783,CUST-03783,EQ-006,25-08-2025,6134000,1533500,4600500,36,14.17,72.3,REQUIRE_COLLATERAL,30_Days_Past_Due
EQF-2025-03784,CUST-03784,EQ-003,25-08-2025,2877000,575400,2301600,24,10.58,43,STRUCTURED_LEASE,60_Days_Past_Due
EQF-2025-03785,CUST-03785,EQ-003,25-08-2025,3750000,750000,3000000,24,8.56,74.4,REQUIRE_COLLATERAL,Performing
EQF-2025-03786,CUST-03786,EQ-009,25-08-2025,1727000,172700,1554300,60,7.41,89,REJECT,Performing
EQF-2025-03787,CUST-03787,EQ-010,25-08-2025,7483000,1122450,6360550,24,10.11,65,REQUIRE_COLLATERAL,Performing
EQF-2025-03788,CUST-03788,EQ-010,25-08-2025,7207000,1441400,5765600,24,7,58.6,STRUCTURED_LEASE,Performing
EQF-2025-03789,CUST-03789,EQ-005,25-08-2025,3926000,392600,3533400,36,10.53,61.3,STRUCTURED_LEASE,Performing
EQF-2025-03790,CUST-03790,EQ-015,25-08-2025,1848000,369600,1478400,60,7.41,89.2,REJECT,60_Days_Past_Due
EQF-2025-03791,CUST-03791,EQ-009,25-08-2025,7153000,1430600,5722400,36,8.05,42.3,STRUCTURED_LEASE,Performing
EQF-2025-03792,CUST-03792,EQ-006,25-08-2025,1877000,375400,1501600,36,7,55.6,STRUCTURED_LEASE,Performing
EQF-2025-03793,CUST-03793,EQ-008,26-08-2025,3092000,309200,2782800,48,9.7,30.8,AUTO_APPROVE,Performing
EQF-2025-03794,CUST-03794,EQ-014,26-08-2025,2874000,431100,2442900,36,9.92,62,STRUCTURED_LEASE,Performing
EQF-2025-03795,CUST-03795,EQ-006,26-08-2025,3268000,817000,2451000,36,9.54,76.1,REQUIRE_COLLATERAL,Performing
EQF-2025-03796,CUST-03796,EQ-014,26-08-2025,4033000,604950,3428050,48,7,57.1,STRUCTURED_LEASE,Performing
EQF-2025-03797,CUST-03797,EQ-010,26-08-2025,7891000,1578200,6312800,36,11.65,53.9,STRUCTURED_LEASE,Performing
EQF-2025-03798,CUST-03798,EQ-005,26-08-2025,6908000,1036200,5871800,60,9.26,83.3,REJECT,Performing
EQF-2025-03799,CUST-03799,EQ-009,26-08-2025,3773000,754600,3018400,48,8.72,50.5,STRUCTURED_LEASE,30_Days_Past_Due
EQF-2025-03800,CUST-03800,EQ-010,26-08-2025,8794000,879400,7914600,48,10.7,64.7,STRUCTURED_LEASE,Performing
EQF-2025-03801,CUST-03801,EQ-011,26-08-2025,13485000,1348500,12136500,36,8.84,43.8,STRUCTURED_LEASE,Performing
EQF-2025-03802,CUST-03802,EQ-007,26-08-2025,2595000,259500,2335500,48,10.16,82.5,REJECT,Default
EQF-2025-03803,CUST-03803,EQ-014,26-08-2025,2492000,498400,1993600,48,8.33,49.4,STRUCTURED_LEASE,Performing
EQF-2025-03804,CUST-03804,EQ-015,26-08-2025,5480000,822000,4658000,36,10.72,58.2,STRUCTURED_LEASE,Performing
EQF-2025-03805,CUST-03805,EQ-012,26-08-2025,4548000,1137000,3411000,36,10.69,46.3,STRUCTURED_LEASE,Performing
EQF-2025-03806,CUST-03806,EQ-015,26-08-2025,2621000,655250,1965750,36,8.82,32.8,AUTO_APPROVE,Performing
EQF-2025-03807,CUST-03807,EQ-012,26-08-2025,5305000,530500,4774500,48,9.73,69.8,REQUIRE_COLLATERAL,30_Days_Past_Due
EQF-2025-03808,CUST-03808,EQ-011,26-08-2025,4319000,1079750,3239250,60,9.46,61.9,STRUCTURED_LEASE,Performing
EQF-2025-03809,CUST-03809,EQ-005,27-08-2025,2290000,458000,1832000,48,9.31,68.8,REQUIRE_COLLATERAL,Performing
EQF-2025-03810,CUST-03810,EQ-009,27-08-2025,4519000,677850,3841150,48,7.72,64.9,STRUCTURED_LEASE,Performing
EQF-2025-03811,CUST-03811,EQ-013,27-08-2025,3810000,952500,2857500,36,7.93,72.5,REQUIRE_COLLATERAL,30_Days_Past_Due
EQF-2025-03812,CUST-03812,EQ-010,27-08-2025,4959000,1239750,3719250,48,8.92,50.9,STRUCTURED_LEASE,Performing
EQF-2025-03813,CUST-03813,EQ-006,27-08-2025,7448000,1117200,6330800,60,9.6,62.8,STRUCTURED_LEASE,Performing
EQF-2025-03814,CUST-03814,EQ-010,27-08-2025,6220000,1555000,4665000,36,8.17,65.4,REQUIRE_COLLATERAL,Performing
EQF-2025-03815,CUST-03815,EQ-011,27-08-2025,14651000,2197650,12453350,36,9.52,71.8,REQUIRE_COLLATERAL,Performing
EQF-2025-03816,CUST-03816,EQ-008,27-08-2025,10610000,2122000,8488000,24,7,16.9,AUTO_APPROVE,Performing
EQF-2025-03817,CUST-03817,EQ-001,27-08-2025,12506000,2501200,10004800,36,9.5,69.9,REQUIRE_COLLATERAL,30_Days_Past_Due
EQF-2025-03818,CUST-03818,EQ-013,27-08-2025,4743000,948600,3794400,48,9.62,58.3,STRUCTURED_LEASE,Performing
EQF-2025-03819,CUST-03819,EQ-003,27-08-2025,3887000,388700,3498300,60,10.73,67.4,REQUIRE_COLLATERAL,Performing
EQF-2025-03820,CUST-03820,EQ-004,27-08-2025,10112000,2022400,8089600,36,11.63,69.3,REQUIRE_COLLATERAL,Performing
EQF-2025-03821,CUST-03821,EQ-012,27-08-2025,6601000,1650250,4950750,36,10.53,55.3,STRUCTURED_LEASE,Performing
EQF-2025-03822,CUST-03822,EQ-001,27-08-2025,7800000,780000,7020000,36,12.2,72.9,REQUIRE_COLLATERAL,Performing
EQF-2025-03823,CUST-03823,EQ-013,27-08-2025,4061000,406100,3654900,60,9.46,71.8,REQUIRE_COLLATERAL,Performing
EQF-2025-03824,CUST-03824,EQ-011,27-08-2025,8670000,867000,7803000,36,9.57,44,STRUCTURED_LEASE,Performing
EQF-2025-03825,CUST-03825,EQ-009,28-08-2025,7361000,1472200,5888800,36,10.71,63.8,STRUCTURED_LEASE,Performing
EQF-2025-03826,CUST-03826,EQ-006,28-08-2025,7643000,764300,6878700,36,9.34,87.1,REJECT,Default
EQF-2025-03827,CUST-03827,EQ-008,28-08-2025,5048000,1009600,4038400,36,9,75.6,REQUIRE_COLLATERAL,30_Days_Past_Due
EQF-2025-03828,CUST-03828,EQ-008,28-08-2025,9499000,1899800,7599200,48,11.56,57.6,STRUCTURED_LEASE,Performing
EQF-2025-03829,CUST-03829,EQ-013,28-08-2025,1786000,178600,1607400,36,10.59,77.7,REQUIRE_COLLATERAL,Performing
EQF-2025-03830,CUST-03830,EQ-006,28-08-2025,3839000,383900,3455100,48,10.49,49.8,STRUCTURED_LEASE,Performing
EQF-2025-03831,CUST-03831,EQ-012,28-08-2025,9698000,2424500,7273500,48,8.2,58.6,STRUCTURED_LEASE,Performing
EQF-2025-03832,CUST-03832,EQ-003,28-08-2025,2060000,206000,1854000,36,10.92,55.2,STRUCTURED_LEASE,Performing
EQF-2025-03833,CUST-03833,EQ-013,28-08-2025,3401000,680200,2720800,36,9.62,63.2,STRUCTURED_LEASE,Performing
EQF-2025-03834,CUST-03834,EQ-012,28-08-2025,10366000,2591500,7774500,60,8.02,49.4,STRUCTURED_LEASE,30_Days_Past_Due
EQF-2025-03835,CUST-03835,EQ-010,28-08-2025,4259000,1064750,3194250,48,10.55,36.7,AUTO_APPROVE,Performing
EQF-2025-03836,CUST-03836,EQ-001,28-08-2025,12752000,2550400,10201600,48,7.7,43,STRUCTURED_LEASE,Performing
EQF-2025-03837,CUST-03837,EQ-015,28-08-2025,4085000,408500,3676500,48,7,46.1,STRUCTURED_LEASE,Performing
EQF-2025-03838,CUST-03838,EQ-006,28-08-2025,3724000,372400,3351600,60,7,45.9,STRUCTURED_LEASE,Performing
EQF-2025-03839,CUST-03839,EQ-015,28-08-2025,2007000,301050,1705950,36,9.13,63.3,STRUCTURED_LEASE,Performing
EQF-2025-03840,CUST-03840,EQ-014,28-08-2025,4539000,453900,4085100,36,11.81,56.4,STRUCTURED_LEASE,Performing
EQF-2025-03841,CUST-03841,EQ-010,29-08-2025,9604000,1440600,8163400,36,9.97,86.4,REJECT,60_Days_Past_Due
EQF-2025-03842,CUST-03842,EQ-009,29-08-2025,3108000,777000,2331000,36,9.35,79.3,REQUIRE_COLLATERAL,Performing
EQF-2025-03843,CUST-03843,EQ-008,29-08-2025,2803000,700750,2102250,36,11.48,69.6,REQUIRE_COLLATERAL,Performing
EQF-2025-03844,CUST-03844,EQ-001,29-08-2025,12850000,3212500,9637500,60,10.27,54,STRUCTURED_LEASE,Performing
EQF-2025-03845,CUST-03845,EQ-006,29-08-2025,5809000,871350,4937650,60,11.04,69.9,REQUIRE_COLLATERAL,Performing
EQF-2025-03846,CUST-03846,EQ-003,29-08-2025,1583000,316600,1266400,36,10.96,84.7,REJECT,Performing
EQF-2025-03847,CUST-03847,EQ-007,29-08-2025,3854000,770800,3083200,36,9.03,51,STRUCTURED_LEASE,Performing
EQF-2025-03848,CUST-03848,EQ-008,29-08-2025,6344000,1586000,4758000,24,9.15,87.1,REJECT,Default
EQF-2025-03849,CUST-03849,EQ-013,29-08-2025,4143000,621450,3521550,60,8.25,89.9,REJECT,Performing
EQF-2025-03850,CUST-03850,EQ-005,29-08-2025,2964000,444600,2519400,36,10.75,77,REQUIRE_COLLATERAL,Performing
EQF-2025-03851,CUST-03851,EQ-011,29-08-2025,8985000,2246250,6738750,48,7.66,63.8,STRUCTURED_LEASE,Performing
EQF-2025-03852,CUST-03852,EQ-006,29-08-2025,2594000,259400,2334600,60,8.17,43.2,STRUCTURED_LEASE,Performing
EQF-2025-03853,CUST-03853,EQ-008,29-08-2025,10639000,2659750,7979250,36,9.39,44.2,STRUCTURED_LEASE,Performing
EQF-2025-03854,CUST-03854,EQ-015,29-08-2025,4849000,727350,4121650,48,9.66,64.6,STRUCTURED_LEASE,Performing
EQF-2025-03855,CUST-03855,EQ-014,29-08-2025,4000000,400000,3600000,36,10.38,72.5,REQUIRE_COLLATERAL,Performing
EQF-2025-03856,CUST-03856,EQ-006,29-08-2025,6331000,1266200,5064800,48,9.44,74.1,REQUIRE_COLLATERAL,30_Days_Past_Due
EQF-2025-03857,CUST-03857,EQ-011,30-08-2025,8657000,865700,7791300,36,8.95,65.7,REQUIRE_COLLATERAL,Performing
EQF-2025-03858,CUST-03858,EQ-010,30-08-2025,10348000,2069600,8278400,36,10.58,96.7,REJECT,Performing
EQF-2025-03859,CUST-03859,EQ-011,30-08-2025,4802000,720300,4081700,60,10.87,75.1,REQUIRE_COLLATERAL,Default
EQF-2025-03860,CUST-03860,EQ-013,30-08-2025,4252000,1063000,3189000,48,7,61.9,STRUCTURED_LEASE,30_Days_Past_Due
EQF-2025-03861,CUST-03861,EQ-003,30-08-2025,2018000,504500,1513500,36,11.1,80.1,REJECT,Performing
EQF-2025-03862,CUST-03862,EQ-004,30-08-2025,5254000,1313500,3940500,36,9.01,62.9,STRUCTURED_LEASE,Performing
EQF-2025-03863,CUST-03863,EQ-012,30-08-2025,9714000,2428500,7285500,24,11.9,73.2,REQUIRE_COLLATERAL,Performing
EQF-2025-03864,CUST-03864,EQ-011,30-08-2025,12609000,3152250,9456750,48,8.52,68.8,REQUIRE_COLLATERAL,Performing
EQF-2025-03865,CUST-03865,EQ-009,30-08-2025,7370000,1105500,6264500,36,8.01,45.4,STRUCTURED_LEASE,Performing
EQF-2025-03866,CUST-03866,EQ-011,30-08-2025,10421000,1563150,8857850,48,10.47,61.3,STRUCTURED_LEASE,Performing
EQF-2025-03867,CUST-03867,EQ-012,30-08-2025,8433000,2108250,6324750,36,12.7,43.8,STRUCTURED_LEASE,Performing
EQF-2025-03868,CUST-03868,EQ-014,30-08-2025,4797000,479700,4317300,36,7.07,58,STRUCTURED_LEASE,Performing
EQF-2025-03869,CUST-03869,EQ-014,30-08-2025,2137000,534250,1602750,48,10.76,65.7,REQUIRE_COLLATERAL,60_Days_Past_Due
EQF-2025-03870,CUST-03870,EQ-009,30-08-2025,7122000,1424400,5697600,36,10.34,39,AUTO_APPROVE,Performing
EQF-2025-03871,CUST-03871,EQ-012,30-08-2025,10733000,2146600,8586400,60,9.45,76.9,REQUIRE_COLLATERAL,Performing
EQF-2025-03872,CUST-03872,EQ-005,30-08-2025,4138000,827600,3310400,48,12.61,86.2,REJECT,60_Days_Past_Due
EQF-2025-03873,CUST-03873,EQ-005,31-08-2025,1510000,302000,1208000,36,7,61.8,STRUCTURED_LEASE,Performing
EQF-2025-03874,CUST-03874,EQ-003,31-08-2025,2897000,724250,2172750,48,11.17,68.4,REQUIRE_COLLATERAL,Performing
EQF-2025-03875,CUST-03875,EQ-009,31-08-2025,3437000,687400,2749600,24,10.96,52.5,STRUCTURED_LEASE,Performing
EQF-2025-03876,CUST-03876,EQ-012,31-08-2025,5148000,514800,4633200,36,11.3,79.7,REQUIRE_COLLATERAL,Performing
EQF-2025-03877,CUST-03877,EQ-006,31-08-2025,2026000,506500,1519500,36,11.11,31,AUTO_APPROVE,Performing
EQF-2025-03878,CUST-03878,EQ-002,31-08-2025,2607000,521400,2085600,48,9.85,67.6,REQUIRE_COLLATERAL,60_Days_Past_Due
EQF-2025-03879,CUST-03879,EQ-010,31-08-2025,7725000,1931250,5793750,24,9.04,68.6,REQUIRE_COLLATERAL,Performing
EQF-2025-03880,CUST-03880,EQ-006,31-08-2025,7363000,1840750,5522250,36,8.58,57.1,STRUCTURED_LEASE,Performing
EQF-2025-03881,CUST-03881,EQ-010,31-08-2025,4060000,1015000,3045000,36,10.38,45.6,STRUCTURED_LEASE,Performing
EQF-2025-03882,CUST-03882,EQ-014,31-08-2025,2814000,422100,2391900,24,9.49,29.9,AUTO_APPROVE,Performing
EQF-2025-03883,CUST-03883,EQ-002,31-08-2025,2838000,567600,2270400,24,9.18,93.5,REJECT,Default
EQF-2025-03884,CUST-03884,EQ-006,31-08-2025,5094000,764100,4329900,36,8.67,53.2,STRUCTURED_LEASE,Performing
EQF-2025-03885,CUST-03885,EQ-015,31-08-2025,5010000,501000,4509000,36,8.89,29.1,AUTO_APPROVE,Performing
EQF-2025-03886,CUST-03886,EQ-015,31-08-2025,3679000,367900,3311100,24,10.67,70.1,REQUIRE_COLLATERAL,60_Days_Past_Due
EQF-2025-03887,CUST-03887,EQ-015,31-08-2025,5203000,780450,4422550,36,9.53,69.8,REQUIRE_COLLATERAL,30_Days_Past_Due
EQF-2025-03888,CUST-03888,EQ-008,31-08-2025,6908000,1381600,5526400,48,11.31,84.2,REJECT,60_Days_Past_Due
EQF-2025-03889,CUST-03889,EQ-010,01-09-2025,7633000,1908250,5724750,48,7.47,63.7,STRUCTURED_LEASE,Performing
EQF-2025-03890,CUST-03890,EQ-001,01-09-2025,8811000,881100,7929900,36,10.43,81.1,REJECT,60_Days_Past_Due
EQF-2025-03891,CUST-03891,EQ-014,01-09-2025,4328000,432800,3895200,60,7.99,53.2,STRUCTURED_LEASE,Performing
EQF-2025-03892,CUST-03892,EQ-008,01-09-2025,10353000,1035300,9317700,24,11.31,65.2,REQUIRE_COLLATERAL,Performing
EQF-2025-03893,CUST-03893,EQ-003,01-09-2025,3629000,725800,2903200,36,11.35,99,REJECT,Performing
EQF-2025-03894,CUST-03894,EQ-011,01-09-2025,13029000,1954350,11074650,48,7.38,60.1,STRUCTURED_LEASE,Performing
EQF-2025-03895,CUST-03895,EQ-003,01-09-2025,1424000,213600,1210400,48,8.35,72.6,REQUIRE_COLLATERAL,Performing
EQF-2025-03896,CUST-03896,EQ-014,01-09-2025,4643000,928600,3714400,60,8.42,60,STRUCTURED_LEASE,Performing
EQF-2025-03897,CUST-03897,EQ-009,01-09-2025,2822000,282200,2539800,60,11.39,82.1,REJECT,Default
EQF-2025-03898,CUST-03898,EQ-013,01-09-2025,2175000,435000,1740000,36,8.61,67.1,REQUIRE_COLLATERAL,Performing
EQF-2025-03899,CUST-03899,EQ-004,01-09-2025,2953000,590600,2362400,60,10.54,63.1,STRUCTURED_LEASE,Performing
EQF-2025-03900,CUST-03900,EQ-003,01-09-2025,4869000,730350,4138650,60,8.51,56,STRUCTURED_LEASE,Performing
EQF-2025-03901,CUST-03901,EQ-012,01-09-2025,13372000,2674400,10697600,36,11.11,65,REQUIRE_COLLATERAL,Performing
EQF-2025-03902,CUST-03902,EQ-011,01-09-2025,14045000,2809000,11236000,60,11.26,81.9,REJECT,Performing
EQF-2025-03903,CUST-03903,EQ-015,01-09-2025,5206000,520600,4685400,24,12,91.7,REJECT,Default
EQF-2025-03904,CUST-03904,EQ-012,01-09-2025,9275000,2318750,6956250,48,9.24,41.6,STRUCTURED_LEASE,Performing
EQF-2025-03905,CUST-03905,EQ-003,02-09-2025,4712000,471200,4240800,36,9.5,31.2,AUTO_APPROVE,Performing
EQF-2025-03906,CUST-03906,EQ-010,02-09-2025,10741000,1611150,9129850,24,9.29,61.2,STRUCTURED_LEASE,Performing
EQF-2025-03907,CUST-03907,EQ-008,02-09-2025,6772000,1693000,5079000,48,9.54,57.2,STRUCTURED_LEASE,Performing
EQF-2025-03908,CUST-03908,EQ-001,02-09-2025,5932000,593200,5338800,36,8.86,33.1,AUTO_APPROVE,Performing
EQF-2025-03909,CUST-03909,EQ-010,02-09-2025,8098000,1619600,6478400,48,11.09,89.4,REJECT,60_Days_Past_Due
EQF-2025-03910,CUST-03910,EQ-001,02-09-2025,14730000,2946000,11784000,48,8.36,52.2,STRUCTURED_LEASE,Performing
EQF-2025-03911,CUST-03911,EQ-006,02-09-2025,7605000,1901250,5703750,36,9.28,67.9,REQUIRE_COLLATERAL,Performing
EQF-2025-03912,CUST-03912,EQ-012,02-09-2025,13480000,3370000,10110000,36,9.79,80.1,REJECT,Performing
EQF-2025-03913,CUST-03913,EQ-006,02-09-2025,8037000,1607400,6429600,48,10.24,79.1,REQUIRE_COLLATERAL,Performing
EQF-2025-03914,CUST-03914,EQ-007,02-09-2025,5449000,817350,4631650,48,7.71,88.9,REJECT,60_Days_Past_Due
EQF-2025-03915,CUST-03915,EQ-007,02-09-2025,4837000,483700,4353300,48,9.13,50.7,STRUCTURED_LEASE,Performing
EQF-2025-03916,CUST-03916,EQ-001,02-09-2025,11901000,2380200,9520800,48,9.53,78,REQUIRE_COLLATERAL,60_Days_Past_Due
EQF-2025-03917,CUST-03917,EQ-014,02-09-2025,2206000,220600,1985400,48,10.7,62.7,STRUCTURED_LEASE,Performing
EQF-2025-03918,CUST-03918,EQ-011,02-09-2025,10835000,1083500,9751500,36,9.18,83.8,REJECT,Default
EQF-2025-03919,CUST-03919,EQ-014,02-09-2025,3182000,318200,2863800,36,9.35,37.6,AUTO_APPROVE,Performing
EQF-2025-03920,CUST-03920,EQ-013,02-09-2025,4475000,447500,4027500,60,9.71,72.2,REQUIRE_COLLATERAL,Performing
EQF-2025-03921,CUST-03921,EQ-007,03-09-2025,3357000,503550,2853450,48,11.07,46.6,STRUCTURED_LEASE,Performing
EQF-2025-03922,CUST-03922,EQ-001,03-09-2025,5405000,810750,4594250,36,7,58.5,STRUCTURED_LEASE,Performing
EQF-2025-03923,CUST-03923,EQ-014,03-09-2025,1219000,182850,1036150,36,9.66,71.2,REQUIRE_COLLATERAL,Performing
EQF-2025-03924,CUST-03924,EQ-011,03-09-2025,11457000,2291400,9165600,36,11.25,84.8,REJECT,Performing
EQF-2025-03925,CUST-03925,EQ-015,03-09-2025,3660000,732000,2928000,48,8.26,56.8,STRUCTURED_LEASE,Performing
EQF-2025-03926,CUST-03926,EQ-006,03-09-2025,3817000,763400,3053600,36,8.37,66.3,REQUIRE_COLLATERAL,Performing
EQF-2025-03927,CUST-03927,EQ-008,03-09-2025,3936000,590400,3345600,48,11.34,74.8,REQUIRE_COLLATERAL,Performing
EQF-2025-03928,CUST-03928,EQ-014,03-09-2025,2974000,297400,2676600,36,8.98,64.8,STRUCTURED_LEASE,Performing
EQF-2025-03929,CUST-03929,EQ-003,03-09-2025,1581000,237150,1343850,36,9.02,66.3,REQUIRE_COLLATERAL,Performing
EQF-2025-03930,CUST-03930,EQ-009,03-09-2025,3853000,770600,3082400,60,9.92,68.8,REQUIRE_COLLATERAL,Performing
EQF-2025-03931,CUST-03931,EQ-007,03-09-2025,2772000,693000,2079000,36,7,81.8,REJECT,Performing
EQF-2025-03932,CUST-03932,EQ-009,03-09-2025,4759000,951800,3807200,60,7,67.5,REQUIRE_COLLATERAL,Performing
EQF-2025-03933,CUST-03933,EQ-010,03-09-2025,6466000,646600,5819400,36,10.37,43.7,STRUCTURED_LEASE,Performing
EQF-2025-03934,CUST-03934,EQ-005,03-09-2025,3299000,494850,2804150,36,9.13,84.9,REJECT,Performing
EQF-2025-03935,CUST-03935,EQ-012,03-09-2025,13352000,3338000,10014000,36,9.26,51.4,STRUCTURED_LEASE,Performing
EQF-2025-03936,CUST-03936,EQ-010,03-09-2025,5522000,1380500,4141500,48,8.51,59.1,STRUCTURED_LEASE,Performing
EQF-2025-03937,CUST-03937,EQ-001,04-09-2025,6525000,652500,5872500,48,9.09,58.7,STRUCTURED_LEASE,60_Days_Past_Due
EQF-2025-03938,CUST-03938,EQ-009,04-09-2025,2731000,409650,2321350,36,11.29,60.4,STRUCTURED_LEASE,Performing
EQF-2025-03939,CUST-03939,EQ-006,04-09-2025,3758000,939500,2818500,36,9.7,70.5,REQUIRE_COLLATERAL,60_Days_Past_Due
EQF-2025-03940,CUST-03940,EQ-012,04-09-2025,4743000,948600,3794400,48,11.09,75.9,REQUIRE_COLLATERAL,Performing
EQF-2025-03941,CUST-03941,EQ-014,04-09-2025,1325000,132500,1192500,36,9.27,73.7,REQUIRE_COLLATERAL,Performing
EQF-2025-03942,CUST-03942,EQ-002,04-09-2025,3947000,986750,2960250,36,9.53,67.4,REQUIRE_COLLATERAL,Performing
EQF-2025-03943,CUST-03943,EQ-005,04-09-2025,5834000,583400,5250600,36,9.99,43.5,STRUCTURED_LEASE,Performing
EQF-2025-03944,CUST-03944,EQ-012,04-09-2025,9825000,1473750,8351250,48,10.29,88.4,REJECT,60_Days_Past_Due
EQF-2025-03945,CUST-03945,EQ-009,04-09-2025,6836000,1025400,5810600,36,8.23,72,REQUIRE_COLLATERAL,Performing
EQF-2025-03946,CUST-03946,EQ-006,04-09-2025,1774000,266100,1507900,36,9.46,80.9,REJECT,60_Days_Past_Due
EQF-2025-03947,CUST-03947,EQ-003,04-09-2025,4757000,951400,3805600,36,8.49,70.5,REQUIRE_COLLATERAL,Performing
EQF-2025-03948,CUST-03948,EQ-010,04-09-2025,3308000,827000,2481000,24,11.76,67.9,REQUIRE_COLLATERAL,Performing
EQF-2025-03949,CUST-03949,EQ-005,04-09-2025,6218000,932700,5285300,48,7,40.8,STRUCTURED_LEASE,Performing
EQF-2025-03950,CUST-03950,EQ-009,04-09-2025,2434000,486800,1947200,48,10.38,48.8,STRUCTURED_LEASE,Performing
EQF-2025-03951,CUST-03951,EQ-006,04-09-2025,7659000,1148850,6510150,24,8.34,84,REJECT,Performing
EQF-2025-03952,CUST-03952,EQ-014,04-09-2025,3141000,471150,2669850,24,7.8,72.4,REQUIRE_COLLATERAL,60_Days_Past_Due
EQF-2025-03953,CUST-03953,EQ-002,05-09-2025,1228000,307000,921000,24,9.05,60,STRUCTURED_LEASE,Performing
EQF-2025-03954,CUST-03954,EQ-005,05-09-2025,5817000,1163400,4653600,48,11.44,59.5,STRUCTURED_LEASE,Performing
EQF-2025-03955,CUST-03955,EQ-005,05-09-2025,1564000,234600,1329400,24,8.54,74.6,REQUIRE_COLLATERAL,Performing
EQF-2025-03956,CUST-03956,EQ-015,05-09-2025,4835000,967000,3868000,60,7,70,REQUIRE_COLLATERAL,Performing
EQF-2025-03957,CUST-03957,EQ-007,05-09-2025,4183000,836600,3346400,36,8.08,44.5,STRUCTURED_LEASE,Performing
EQF-2025-03958,CUST-03958,EQ-001,05-09-2025,6339000,950850,5388150,36,9.69,56.5,STRUCTURED_LEASE,Performing
EQF-2025-03959,CUST-03959,EQ-009,05-09-2025,4123000,618450,3504550,24,7.07,53.8,STRUCTURED_LEASE,Performing
EQF-2025-03960,CUST-03960,EQ-005,05-09-2025,1555000,155500,1399500,48,10.58,99,REJECT,60_Days_Past_Due
EQF-2025-03961,CUST-03961,EQ-010,05-09-2025,8396000,2099000,6297000,48,7.13,48.3,STRUCTURED_LEASE,30_Days_Past_Due
EQF-2025-03962,CUST-03962,EQ-001,05-09-2025,7549000,1132350,6416650,36,8.78,79.3,REQUIRE_COLLATERAL,30_Days_Past_Due
EQF-2025-03963,CUST-03963,EQ-006,05-09-2025,5501000,550100,4950900,36,10.73,53.7,STRUCTURED_LEASE,Performing
EQF-2025-03964,CUST-03964,EQ-004,05-09-2025,10632000,2658000,7974000,36,8.75,64.4,STRUCTURED_LEASE,Performing
EQF-2025-03965,CUST-03965,EQ-009,05-09-2025,3596000,539400,3056600,36,7.49,56.2,STRUCTURED_LEASE,Performing
EQF-2025-03966,CUST-03966,EQ-003,05-09-2025,4963000,992600,3970400,36,9.36,61.6,STRUCTURED_LEASE,Performing
EQF-2025-03967,CUST-03967,EQ-011,05-09-2025,10960000,2740000,8220000,36,8.76,41,STRUCTURED_LEASE,Performing
EQF-2025-03968,CUST-03968,EQ-006,05-09-2025,3195000,639000,2556000,48,11.32,89.6,REJECT,Default
EQF-2025-03969,CUST-03969,EQ-010,06-09-2025,6213000,621300,5591700,36,10.73,87.8,REJECT,Performing
EQF-2025-03970,CUST-03970,EQ-001,06-09-2025,12145000,1821750,10323250,36,10.26,37.7,AUTO_APPROVE,Performing
EQF-2025-03971,CUST-03971,EQ-007,06-09-2025,3122000,312200,2809800,36,9.53,63.9,STRUCTURED_LEASE,Performing
EQF-2025-03972,CUST-03972,EQ-010,06-09-2025,3082000,462300,2619700,24,9.17,65.6,REQUIRE_COLLATERAL,Performing
EQF-2025-03973,CUST-03973,EQ-011,06-09-2025,5855000,878250,4976750,36,9.16,57.4,STRUCTURED_LEASE,Performing
EQF-2025-03974,CUST-03974,EQ-014,06-09-2025,4207000,841400,3365600,36,7,71,REQUIRE_COLLATERAL,30_Days_Past_Due
EQF-2025-03975,CUST-03975,EQ-001,06-09-2025,11132000,1113200,10018800,24,9.5,58.7,STRUCTURED_LEASE,Performing
EQF-2025-03976,CUST-03976,EQ-002,06-09-2025,3763000,752600,3010400,60,8.31,73.8,REQUIRE_COLLATERAL,Performing
EQF-2025-03977,CUST-03977,EQ-011,06-09-2025,5844000,1168800,4675200,36,9.37,45.1,STRUCTURED_LEASE,Performing
EQF-2025-03978,CUST-03978,EQ-010,06-09-2025,9621000,1924200,7696800,36,9.58,75.8,REQUIRE_COLLATERAL,30_Days_Past_Due
EQF-2025-03979,CUST-03979,EQ-009,06-09-2025,8225000,822500,7402500,48,8.77,92.6,REJECT,Performing
EQF-2025-03980,CUST-03980,EQ-012,06-09-2025,4450000,667500,3782500,36,10.9,69.7,REQUIRE_COLLATERAL,Performing
EQF-2025-03981,CUST-03981,EQ-014,06-09-2025,1497000,224550,1272450,60,7.89,77.2,REQUIRE_COLLATERAL,Performing
EQF-2025-03982,CUST-03982,EQ-014,06-09-2025,4562000,456200,4105800,36,8.76,60.6,STRUCTURED_LEASE,Performing
EQF-2025-03983,CUST-03983,EQ-009,06-09-2025,7209000,1081350,6127650,48,9.01,58,STRUCTURED_LEASE,30_Days_Past_Due
EQF-2025-03984,CUST-03984,EQ-009,06-09-2025,5826000,582600,5243400,48,11.23,85.9,REJECT,Performing
EQF-2025-03985,CUST-03985,EQ-014,07-09-2025,4791000,479100,4311900,60,9.55,84,REJECT,Performing
EQF-2025-03986,CUST-03986,EQ-002,07-09-2025,4161000,624150,3536850,48,9.47,65.4,REQUIRE_COLLATERAL,60_Days_Past_Due
EQF-2025-03987,CUST-03987,EQ-005,07-09-2025,3012000,753000,2259000,36,10.81,86.7,REJECT,Default
EQF-2025-03988,CUST-03988,EQ-010,07-09-2025,8693000,1738600,6954400,48,8.72,53.7,STRUCTURED_LEASE,Performing
EQF-2025-03989,CUST-03989,EQ-011,07-09-2025,11103000,1110300,9992700,36,10.81,53.9,STRUCTURED_LEASE,Performing
EQF-2025-03990,CUST-03990,EQ-015,07-09-2025,5926000,592600,5333400,48,10.1,70.8,REQUIRE_COLLATERAL,Default
EQF-2025-03991,CUST-03991,EQ-009,07-09-2025,2997000,749250,2247750,36,11.36,51.9,STRUCTURED_LEASE,Performing
EQF-2025-03992,CUST-03992,EQ-005,07-09-2025,5685000,568500,5116500,48,8.93,80.7,REJECT,60_Days_Past_Due
EQF-2025-03993,CUST-03993,EQ-014,07-09-2025,4165000,416500,3748500,48,9.06,57.5,STRUCTURED_LEASE,Performing
EQF-2025-03994,CUST-03994,EQ-009,07-09-2025,3873000,580950,3292050,60,9.71,47.9,STRUCTURED_LEASE,Performing
EQF-2025-03995,CUST-03995,EQ-008,07-09-2025,5727000,859050,4867950,36,9.41,72.9,REQUIRE_COLLATERAL,Performing
EQF-2025-03996,CUST-03996,EQ-001,07-09-2025,13767000,3441750,10325250,48,10.65,40.9,STRUCTURED_LEASE,Performing
EQF-2025-03997,CUST-03997,EQ-001,07-09-2025,8446000,844600,7601400,36,9.18,49.9,STRUCTURED_LEASE,Performing
EQF-2025-03998,CUST-03998,EQ-012,07-09-2025,10872000,2174400,8697600,36,7.91,70.9,REQUIRE_COLLATERAL,60_Days_Past_Due
EQF-2025-03999,CUST-03999,EQ-004,07-09-2025,10059000,1508850,8550150,48,11.53,61.7,STRUCTURED_LEASE,30_Days_Past_Due
EQF-2025-04000,CUST-04000,EQ-006,07-09-2025,2969000,593800,2375200,48,12.37,61.9,STRUCTURED_LEASE,Performing
EQF-2025-04001,CUST-04001,EQ-010,08-09-2025,10846000,2169200,8676800,48,7.15,83.6,REJECT,Performing
EQF-2025-04002,CUST-04002,EQ-003,08-09-2025,3867000,966750,2900250,48,10.22,45.1,STRUCTURED_LEASE,Performing
EQF-2025-04003,CUST-04003,EQ-003,08-09-2025,3085000,771250,2313750,36,10.62,51.1,STRUCTURED_LEASE,Performing
EQF-2025-04004,CUST-04004,EQ-009,08-09-2025,4516000,451600,4064400,48,9.87,45.9,STRUCTURED_LEASE,30_Days_Past_Due
EQF-2025-04005,CUST-04005,EQ-009,08-09-2025,8181000,2045250,6135750,36,11.86,50.9,STRUCTURED_LEASE,Performing
EQF-2025-04006,CUST-04006,EQ-011,08-09-2025,6263000,939450,5323550,36,7.49,46,STRUCTURED_LEASE,Performing
EQF-2025-04007,CUST-04007,EQ-011,08-09-2025,7429000,742900,6686100,24,8.65,44.9,STRUCTURED_LEASE,Performing
EQF-2025-04008,CUST-04008,EQ-011,08-09-2025,7386000,738600,6647400,48,9.66,95,REJECT,60_Days_Past_Due
EQF-2025-04009,CUST-04009,EQ-013,08-09-2025,2298000,459600,1838400,48,10.88,42.4,STRUCTURED_LEASE,Performing
EQF-2025-04010,CUST-04010,EQ-005,08-09-2025,4780000,956000,3824000,36,11.31,57.4,STRUCTURED_LEASE,Performing
EQF-2025-04011,CUST-04011,EQ-006,08-09-2025,8424000,1684800,6739200,48,7.69,97.6,REJECT,60_Days_Past_Due
EQF-2025-04012,CUST-04012,EQ-011,08-09-2025,13777000,1377700,12399300,36,7,88.1,REJECT,Performing
EQF-2025-04013,CUST-04013,EQ-013,08-09-2025,2446000,611500,1834500,48,10.67,63.8,STRUCTURED_LEASE,60_Days_Past_Due
EQF-2025-04014,CUST-04014,EQ-006,08-09-2025,4460000,1115000,3345000,48,9.67,75.6,REQUIRE_COLLATERAL,30_Days_Past_Due
EQF-2025-04015,CUST-04015,EQ-008,08-09-2025,8191000,2047750,6143250,24,9.75,54.4,STRUCTURED_LEASE,Performing
EQF-2025-04016,CUST-04016,EQ-012,08-09-2025,4189000,418900,3770100,60,10.71,87.4,REJECT,60_Days_Past_Due
EQF-2025-04017,CUST-04017,EQ-007,09-09-2025,5065000,506500,4558500,24,8.29,79.3,REQUIRE_COLLATERAL,Performing
EQF-2025-04018,CUST-04018,EQ-007,09-09-2025,5375000,537500,4837500,48,9.14,73.2,REQUIRE_COLLATERAL,Performing
EQF-2025-04019,CUST-04019,EQ-012,09-09-2025,13429000,1342900,12086100,36,10.29,33.8,AUTO_APPROVE,Performing
EQF-2025-04020,CUST-04020,EQ-009,09-09-2025,4125000,412500,3712500,36,8.07,70.4,REQUIRE_COLLATERAL,Performing
EQF-2025-04021,CUST-04021,EQ-011,09-09-2025,9082000,2270500,6811500,48,8.69,51.6,STRUCTURED_LEASE,Performing
EQF-2025-04022,CUST-04022,EQ-005,09-09-2025,1587000,158700,1428300,24,9.66,67.1,REQUIRE_COLLATERAL,Performing
EQF-2025-04023,CUST-04023,EQ-013,09-09-2025,2718000,679500,2038500,60,10.29,66.8,REQUIRE_COLLATERAL,Default
EQF-2025-04024,CUST-04024,EQ-003,09-09-2025,2950000,295000,2655000,36,7.33,42.7,STRUCTURED_LEASE,Performing
EQF-2025-04025,CUST-04025,EQ-014,09-09-2025,4647000,1161750,3485250,36,10.5,65.3,REQUIRE_COLLATERAL,Performing
EQF-2025-04026,CUST-04026,EQ-003,09-09-2025,4597000,689550,3907450,48,10.16,63.3,STRUCTURED_LEASE,Performing
EQF-2025-04027,CUST-04027,EQ-011,09-09-2025,14627000,2194050,12432950,24,8.24,50.3,STRUCTURED_LEASE,Performing
EQF-2025-04028,CUST-04028,EQ-006,09-09-2025,7696000,1924000,5772000,36,12.87,89,REJECT,Default
EQF-2025-04029,CUST-04029,EQ-014,09-09-2025,1231000,184650,1046350,60,8.07,66.7,REQUIRE_COLLATERAL,Performing
EQF-2025-04030,CUST-04030,EQ-011,09-09-2025,11056000,1658400,9397600,48,10.6,65.3,REQUIRE_COLLATERAL,Performing
EQF-2025-04031,CUST-04031,EQ-003,09-09-2025,1459000,364750,1094250,36,9.92,51.8,STRUCTURED_LEASE,Performing
EQF-2025-04032,CUST-04032,EQ-011,09-09-2025,6999000,699900,6299100,48,8.88,64.2,STRUCTURED_LEASE,Performing
EQF-2025-04033,CUST-04033,EQ-006,10-09-2025,5548000,554800,4993200,60,9.64,61.5,STRUCTURED_LEASE,Performing
EQF-2025-04034,CUST-04034,EQ-002,10-09-2025,4443000,1110750,3332250,36,10.3,68,REQUIRE_COLLATERAL,30_Days_Past_Due
EQF-2025-04035,CUST-04035,EQ-009,10-09-2025,6082000,1216400,4865600,48,13.78,89.7,REJECT,Performing
EQF-2025-04036,CUST-04036,EQ-002,10-09-2025,1055000,211000,844000,36,7.33,53.3,STRUCTURED_LEASE,Performing
EQF-2025-04037,CUST-04037,EQ-002,10-09-2025,1339000,200850,1138150,60,7,71.3,REQUIRE_COLLATERAL,Performing
EQF-2025-04038,CUST-04038,EQ-003,10-09-2025,1689000,337800,1351200,48,7.98,72,REQUIRE_COLLATERAL,Performing
EQF-2025-04039,CUST-04039,EQ-014,10-09-2025,1547000,232050,1314950,48,9.45,68.8,REQUIRE_COLLATERAL,Performing
EQF-2025-04040,CUST-04040,EQ-010,10-09-2025,4015000,401500,3613500,60,10.5,83.5,REJECT,60_Days_Past_Due
EQF-2025-04041,CUST-04041,EQ-007,10-09-2025,4380000,1095000,3285000,36,9.64,59.1,STRUCTURED_LEASE,Performing
EQF-2025-04042,CUST-04042,EQ-012,10-09-2025,13139000,1313900,11825100,24,9.27,78.1,REQUIRE_COLLATERAL,Performing
EQF-2025-04043,CUST-04043,EQ-010,10-09-2025,5975000,1493750,4481250,36,11.81,63.8,STRUCTURED_LEASE,Performing
EQF-2025-04044,CUST-04044,EQ-004,10-09-2025,8389000,1677800,6711200,36,8.31,82,REJECT,60_Days_Past_Due
EQF-2025-04045,CUST-04045,EQ-011,10-09-2025,6200000,620000,5580000,48,11.99,66.3,REQUIRE_COLLATERAL,Performing
EQF-2025-04046,CUST-04046,EQ-001,10-09-2025,14706000,1470600,13235400,48,10.43,89.2,REJECT,60_Days_Past_Due
EQF-2025-04047,CUST-04047,EQ-011,10-09-2025,7850000,1177500,6672500,36,11.75,99,REJECT,Default
EQF-2025-04048,CUST-04048,EQ-004,10-09-2025,9690000,2422500,7267500,36,8.09,46.4,STRUCTURED_LEASE,Performing
EQF-2025-04049,CUST-04049,EQ-015,11-09-2025,5716000,1143200,4572800,48,8.97,68.2,REQUIRE_COLLATERAL,Performing
EQF-2025-04050,CUST-04050,EQ-006,11-09-2025,7553000,755300,6797700,36,7.31,53.8,STRUCTURED_LEASE,30_Days_Past_Due
EQF-2025-04051,CUST-04051,EQ-002,11-09-2025,1149000,287250,861750,36,9.95,44.3,STRUCTURED_LEASE,Performing
EQF-2025-04052,CUST-04052,EQ-014,11-09-2025,3671000,734200,2936800,48,9.98,87.4,REJECT,60_Days_Past_Due
EQF-2025-04053,CUST-04053,EQ-014,11-09-2025,1656000,165600,1490400,36,12.51,99,REJECT,Default
EQF-2025-04054,CUST-04054,EQ-010,11-09-2025,2548000,637000,1911000,60,9.62,63.9,STRUCTURED_LEASE,Performing
EQF-2025-04055,CUST-04055,EQ-003,11-09-2025,1397000,209550,1187450,36,7.22,54.3,STRUCTURED_LEASE,Performing
EQF-2025-04056,CUST-04056,EQ-009,11-09-2025,7913000,791300,7121700,48,10.92,51.8,STRUCTURED_LEASE,30_Days_Past_Due
EQF-2025-04057,CUST-04057,EQ-003,11-09-2025,4652000,1163000,3489000,48,8.13,37.2,AUTO_APPROVE,30_Days_Past_Due
EQF-2025-04058,CUST-04058,EQ-009,11-09-2025,3081000,616200,2464800,24,7.6,69.5,REQUIRE_COLLATERAL,Performing
EQF-2025-04059,CUST-04059,EQ-015,11-09-2025,3645000,729000,2916000,24,10.55,51.9,STRUCTURED_LEASE,60_Days_Past_Due
EQF-2025-04060,CUST-04060,EQ-015,11-09-2025,5766000,864900,4901100,36,8.35,70.4,REQUIRE_COLLATERAL,Performing
EQF-2025-04061,CUST-04061,EQ-001,11-09-2025,9464000,946400,8517600,24,8.6,48.6,STRUCTURED_LEASE,Performing
EQF-2025-04062,CUST-04062,EQ-006,11-09-2025,4255000,638250,3616750,36,11.6,33.8,AUTO_APPROVE,Performing
EQF-2025-04063,CUST-04063,EQ-014,11-09-2025,3036000,759000,2277000,48,10.27,64,STRUCTURED_LEASE,60_Days_Past_Due
EQF-2025-04064,CUST-04064,EQ-011,11-09-2025,12692000,2538400,10153600,48,10.4,82.3,REJECT,Performing
EQF-2025-04065,CUST-04065,EQ-007,12-09-2025,3282000,492300,2789700,48,7.44,87.3,REJECT,Default
EQF-2025-04066,CUST-04066,EQ-006,12-09-2025,6983000,698300,6284700,24,10.56,95.1,REJECT,Default
EQF-2025-04067,CUST-04067,EQ-005,12-09-2025,4522000,1130500,3391500,48,9.08,52.1,STRUCTURED_LEASE,30_Days_Past_Due
EQF-2025-04068,CUST-04068,EQ-002,12-09-2025,2110000,211000,1899000,36,8.83,30,AUTO_APPROVE,Performing
EQF-2025-04069,CUST-04069,EQ-003,12-09-2025,2441000,366150,2074850,60,10.11,55.7,STRUCTURED_LEASE,Performing
EQF-2025-04070,CUST-04070,EQ-003,12-09-2025,1496000,299200,1196800,60,9.51,81.2,REJECT,60_Days_Past_Due
EQF-2025-04071,CUST-04071,EQ-001,12-09-2025,9471000,1894200,7576800,48,7.31,51.8,STRUCTURED_LEASE,Performing
EQF-2025-04072,CUST-04072,EQ-003,12-09-2025,1763000,264450,1498550,48,10.93,61,STRUCTURED_LEASE,60_Days_Past_Due
EQF-2025-04073,CUST-04073,EQ-008,12-09-2025,9398000,939800,8458200,24,11.07,83,REJECT,Performing
EQF-2025-04074,CUST-04074,EQ-010,12-09-2025,6075000,607500,5467500,24,8.62,41.4,STRUCTURED_LEASE,Performing
EQF-2025-04075,CUST-04075,EQ-013,12-09-2025,4107000,410700,3696300,48,10.41,58.5,STRUCTURED_LEASE,Performing
EQF-2025-04076,CUST-04076,EQ-008,12-09-2025,10613000,1061300,9551700,36,10.87,47.3,STRUCTURED_LEASE,Performing
EQF-2025-04077,CUST-04077,EQ-012,12-09-2025,13344000,2668800,10675200,36,7,55.9,STRUCTURED_LEASE,Performing
EQF-2025-04078,CUST-04078,EQ-001,12-09-2025,14466000,1446600,13019400,48,8.73,57.2,STRUCTURED_LEASE,30_Days_Past_Due
EQF-2025-04079,CUST-04079,EQ-003,12-09-2025,3358000,503700,2854300,48,7,66.5,REQUIRE_COLLATERAL,Default
EQF-2025-04080,CUST-04080,EQ-006,12-09-2025,2657000,398550,2258450,36,10.45,59.9,STRUCTURED_LEASE,Performing
EQF-2025-04081,CUST-04081,EQ-013,13-09-2025,4755000,713250,4041750,36,10.17,55.7,STRUCTURED_LEASE,Performing
EQF-2025-04082,CUST-04082,EQ-006,13-09-2025,7580000,1137000,6443000,24,8.52,32.8,AUTO_APPROVE,Performing
EQF-2025-04083,CUST-04083,EQ-010,13-09-2025,9848000,984800,8863200,48,9.27,53.9,STRUCTURED_LEASE,Performing
EQF-2025-04084,CUST-04084,EQ-013,13-09-2025,3834000,766800,3067200,36,8.95,41.9,STRUCTURED_LEASE,30_Days_Past_Due
EQF-2025-04085,CUST-04085,EQ-006,13-09-2025,5874000,1468500,4405500,60,7,85.4,REJECT,Performing
EQF-2025-04086,CUST-04086,EQ-005,13-09-2025,1603000,160300,1442700,48,11.45,54.2,STRUCTURED_LEASE,Performing
EQF-2025-04087,CUST-04087,EQ-005,13-09-2025,6736000,1684000,5052000,24,9.88,62.1,STRUCTURED_LEASE,30_Days_Past_Due
EQF-2025-04088,CUST-04088,EQ-008,13-09-2025,3278000,655600,2622400,36,9.28,47.1,STRUCTURED_LEASE,Performing
EQF-2025-04089,CUST-04089,EQ-003,13-09-2025,2187000,218700,1968300,48,9.29,69.7,REQUIRE_COLLATERAL,Performing
EQF-2025-04090,CUST-04090,EQ-005,13-09-2025,5360000,1340000,4020000,60,10.56,66.1,REQUIRE_COLLATERAL,30_Days_Past_Due
EQF-2025-04091,CUST-04091,EQ-014,13-09-2025,2917000,583400,2333600,36,7.12,62.3,STRUCTURED_LEASE,Performing
EQF-2025-04092,CUST-04092,EQ-011,13-09-2025,4174000,1043500,3130500,48,8.19,55.6,STRUCTURED_LEASE,Performing
EQF-2025-04093,CUST-04093,EQ-008,13-09-2025,9504000,1425600,8078400,36,9.82,41.1,STRUCTURED_LEASE,Performing
EQF-2025-04094,CUST-04094,EQ-002,13-09-2025,5370000,805500,4564500,36,11.17,88.3,REJECT,Default
EQF-2025-04095,CUST-04095,EQ-011,13-09-2025,11501000,2300200,9200800,60,7,68.5,REQUIRE_COLLATERAL,Performing
EQF-2025-04096,CUST-04096,EQ-004,13-09-2025,7099000,1419800,5679200,24,10.99,65,REQUIRE_COLLATERAL,Performing
EQF-2025-04097,CUST-04097,EQ-006,14-09-2025,8225000,2056250,6168750,48,8.44,56.4,STRUCTURED_LEASE,Performing
EQF-2025-04098,CUST-04098,EQ-006,14-09-2025,2340000,468000,1872000,24,9.07,56.1,STRUCTURED_LEASE,Performing
EQF-2025-04099,CUST-04099,EQ-011,14-09-2025,12117000,1817550,10299450,48,9.55,65.6,REQUIRE_COLLATERAL,Performing
EQF-2025-04100,CUST-04100,EQ-006,14-09-2025,2399000,359850,2039150,48,7.84,71.2,REQUIRE_COLLATERAL,Performing
EQF-2025-04101,CUST-04101,EQ-010,14-09-2025,5746000,574600,5171400,60,7.64,49.7,STRUCTURED_LEASE,Performing
EQF-2025-04102,CUST-04102,EQ-012,14-09-2025,10440000,2610000,7830000,36,9.81,76.9,REQUIRE_COLLATERAL,Performing
EQF-2025-04103,CUST-04103,EQ-008,14-09-2025,8765000,1753000,7012000,24,12.34,75.6,REQUIRE_COLLATERAL,Performing
EQF-2025-04104,CUST-04104,EQ-005,14-09-2025,1526000,305200,1220800,48,8.08,77.3,REQUIRE_COLLATERAL,Performing
EQF-2025-04105,CUST-04105,EQ-012,14-09-2025,6867000,1373400,5493600,36,8.07,41.9,STRUCTURED_LEASE,Performing
EQF-2025-04106,CUST-04106,EQ-003,14-09-2025,3245000,811250,2433750,48,7.66,56.2,STRUCTURED_LEASE,30_Days_Past_Due
EQF-2025-04107,CUST-04107,EQ-002,14-09-2025,3571000,535650,3035350,48,9.16,53.2,STRUCTURED_LEASE,Performing
EQF-2025-04108,CUST-04108,EQ-005,14-09-2025,5963000,1192600,4770400,24,8.03,66.1,REQUIRE_COLLATERAL,Performing
EQF-2025-04109,CUST-04109,EQ-015,14-09-2025,2380000,476000,1904000,48,8.06,91.1,REJECT,Performing
EQF-2025-04110,CUST-04110,EQ-004,14-09-2025,7094000,1064100,6029900,48,9.82,66.5,REQUIRE_COLLATERAL,Performing
EQF-2025-04111,CUST-04111,EQ-008,14-09-2025,4113000,822600,3290400,60,7.33,52.3,STRUCTURED_LEASE,Performing
EQF-2025-04112,CUST-04112,EQ-008,14-09-2025,4088000,408800,3679200,36,11.93,76.7,REQUIRE_COLLATERAL,30_Days_Past_Due
EQF-2025-04113,CUST-04113,EQ-005,15-09-2025,5536000,830400,4705600,36,7.74,55.4,STRUCTURED_LEASE,Performing
EQF-2025-04114,CUST-04114,EQ-006,15-09-2025,6298000,944700,5353300,36,11.2,97.6,REJECT,60_Days_Past_Due
EQF-2025-04115,CUST-04115,EQ-010,15-09-2025,3523000,528450,2994550,36,12.46,87.3,REJECT,Performing
EQF-2025-04116,CUST-04116,EQ-011,15-09-2025,5351000,535100,4815900,36,11.3,56,STRUCTURED_LEASE,Performing
EQF-2025-04117,CUST-04117,EQ-015,15-09-2025,3740000,561000,3179000,60,11.11,78.1,REQUIRE_COLLATERAL,Performing
EQF-2025-04118,CUST-04118,EQ-001,15-09-2025,6971000,1742750,5228250,24,10.69,58.3,STRUCTURED_LEASE,Performing
EQF-2025-04119,CUST-04119,EQ-009,15-09-2025,4247000,1061750,3185250,36,9.82,48.5,STRUCTURED_LEASE,Performing
EQF-2025-04120,CUST-04120,EQ-013,15-09-2025,2723000,680750,2042250,24,11.27,76.6,REQUIRE_COLLATERAL,Performing
EQF-2025-04121,CUST-04121,EQ-012,15-09-2025,5964000,894600,5069400,36,9.11,49,STRUCTURED_LEASE,Performing
EQF-2025-04122,CUST-04122,EQ-008,15-09-2025,2511000,376650,2134350,24,10.8,66.1,REQUIRE_COLLATERAL,Performing
EQF-2025-04123,CUST-04123,EQ-014,15-09-2025,4442000,666300,3775700,48,11.16,69.6,REQUIRE_COLLATERAL,60_Days_Past_Due
EQF-2025-04124,CUST-04124,EQ-002,15-09-2025,4518000,451800,4066200,36,10.26,57.7,STRUCTURED_LEASE,Performing
EQF-2025-04125,CUST-04125,EQ-003,15-09-2025,3824000,956000,2868000,36,9.1,68.2,REQUIRE_COLLATERAL,Performing
EQF-2025-04126,CUST-04126,EQ-013,15-09-2025,3277000,655400,2621600,36,10.23,75.1,REQUIRE_COLLATERAL,Performing
EQF-2025-04127,CUST-04127,EQ-013,15-09-2025,3864000,772800,3091200,48,8.95,63.8,STRUCTURED_LEASE,Performing
EQF-2025-04128,CUST-04128,EQ-015,15-09-2025,5666000,849900,4816100,36,8.68,55,STRUCTURED_LEASE,Performing
EQF-2025-04129,CUST-04129,EQ-011,16-09-2025,11322000,1132200,10189800,24,10.68,40,STRUCTURED_LEASE,Performing
EQF-2025-04130,CUST-04130,EQ-006,16-09-2025,3356000,503400,2852600,60,9.72,85.2,REJECT,60_Days_Past_Due
EQF-2025-04131,CUST-04131,EQ-011,16-09-2025,10276000,2055200,8220800,36,10.66,74.5,REQUIRE_COLLATERAL,30_Days_Past_Due
EQF-2025-04132,CUST-04132,EQ-005,16-09-2025,4596000,1149000,3447000,48,9.73,67.8,REQUIRE_COLLATERAL,Performing
EQF-2025-04133,CUST-04133,EQ-013,16-09-2025,3314000,662800,2651200,60,10.26,74,REQUIRE_COLLATERAL,Performing
EQF-2025-04134,CUST-04134,EQ-008,16-09-2025,6900000,1725000,5175000,36,11.6,69.2,REQUIRE_COLLATERAL,Performing
EQF-2025-04135,CUST-04135,EQ-010,16-09-2025,9800000,2450000,7350000,48,9.26,86.9,REJECT,Default
EQF-2025-04136,CUST-04136,EQ-009,16-09-2025,6063000,606300,5456700,60,8.89,81.3,REJECT,Default
EQF-2025-04137,CUST-04137,EQ-014,16-09-2025,1917000,383400,1533600,36,10.14,68.3,REQUIRE_COLLATERAL,Performing
EQF-2025-04138,CUST-04138,EQ-012,16-09-2025,4693000,703950,3989050,60,7,50.5,STRUCTURED_LEASE,Performing
EQF-2025-04139,CUST-04139,EQ-013,16-09-2025,2813000,281300,2531700,24,10.56,62.6,STRUCTURED_LEASE,Performing
EQF-2025-04140,CUST-04140,EQ-008,16-09-2025,2633000,658250,1974750,36,8.21,75.3,REQUIRE_COLLATERAL,60_Days_Past_Due
EQF-2025-04141,CUST-04141,EQ-001,16-09-2025,7501000,1500200,6000800,48,12.01,48.6,STRUCTURED_LEASE,Performing
EQF-2025-04142,CUST-04142,EQ-006,16-09-2025,4076000,611400,3464600,60,10.68,87,REJECT,Performing
EQF-2025-04143,CUST-04143,EQ-005,16-09-2025,4129000,412900,3716100,48,10.87,82.9,REJECT,Performing
EQF-2025-04144,CUST-04144,EQ-003,16-09-2025,4922000,738300,4183700,24,10.91,51.4,STRUCTURED_LEASE,Performing
EQF-2025-04145,CUST-04145,EQ-002,17-09-2025,2380000,476000,1904000,48,8.81,78.9,REQUIRE_COLLATERAL,Performing
EQF-2025-04146,CUST-04146,EQ-004,17-09-2025,4754000,713100,4040900,48,9.11,58.4,STRUCTURED_LEASE,Performing
EQF-2025-04147,CUST-04147,EQ-005,17-09-2025,2406000,240600,2165400,36,7,35.7,AUTO_APPROVE,Performing
EQF-2025-04148,CUST-04148,EQ-011,17-09-2025,9621000,1443150,8177850,60,11.74,80.7,REJECT,60_Days_Past_Due
EQF-2025-04149,CUST-04149,EQ-013,17-09-2025,1784000,356800,1427200,36,7.57,77.7,REQUIRE_COLLATERAL,30_Days_Past_Due
EQF-2025-04150,CUST-04150,EQ-013,17-09-2025,3542000,354200,3187800,36,9.48,67.2,REQUIRE_COLLATERAL,60_Days_Past_Due
EQF-2025-04151,CUST-04151,EQ-005,17-09-2025,2586000,646500,1939500,24,11.34,72.8,REQUIRE_COLLATERAL,Performing
EQF-2025-04152,CUST-04152,EQ-009,17-09-2025,5537000,553700,4983300,36,11.8,57,STRUCTURED_LEASE,Performing
EQF-2025-04153,CUST-04153,EQ-014,17-09-2025,4340000,868000,3472000,48,9.12,82.7,REJECT,Performing
EQF-2025-04154,CUST-04154,EQ-011,17-09-2025,4468000,670200,3797800,36,7,25.8,AUTO_APPROVE,Performing
EQF-2025-04155,CUST-04155,EQ-012,17-09-2025,8617000,2154250,6462750,48,9.85,78.1,REQUIRE_COLLATERAL,30_Days_Past_Due
EQF-2025-04156,CUST-04156,EQ-005,17-09-2025,4727000,1181750,3545250,24,10,54.3,STRUCTURED_LEASE,Performing
EQF-2025-04157,CUST-04157,EQ-008,17-09-2025,9224000,1383600,7840400,36,10.14,54.1,STRUCTURED_LEASE,Performing
EQF-2025-04158,CUST-04158,EQ-015,17-09-2025,3233000,646600,2586400,48,9.04,62.5,STRUCTURED_LEASE,Performing
EQF-2025-04159,CUST-04159,EQ-007,17-09-2025,3751000,375100,3375900,24,9.29,53,STRUCTURED_LEASE,Performing
EQF-2025-04160,CUST-04160,EQ-004,17-09-2025,9225000,1845000,7380000,48,8.46,74,REQUIRE_COLLATERAL,30_Days_Past_Due
EQF-2025-04161,CUST-04161,EQ-008,18-09-2025,7258000,1814500,5443500,48,9.74,54,STRUCTURED_LEASE,Performing
EQF-2025-04162,CUST-04162,EQ-005,18-09-2025,4008000,400800,3607200,48,10.7,79.9,REQUIRE_COLLATERAL,Performing
EQF-2025-04163,CUST-04163,EQ-004,18-09-2025,3230000,323000,2907000,48,9.89,73,REQUIRE_COLLATERAL,Performing
EQF-2025-04164,CUST-04164,EQ-011,18-09-2025,12029000,1804350,10224650,48,9.43,86.7,REJECT,Default
EQF-2025-04165,CUST-04165,EQ-004,18-09-2025,9905000,1981000,7924000,60,11.19,74.4,REQUIRE_COLLATERAL,60_Days_Past_Due
EQF-2025-04166,CUST-04166,EQ-011,18-09-2025,14671000,1467100,13203900,36,9.88,63.9,STRUCTURED_LEASE,Performing
EQF-2025-04167,CUST-04167,EQ-006,18-09-2025,7986000,1197900,6788100,48,9.55,60.8,STRUCTURED_LEASE,Performing
EQF-2025-04168,CUST-04168,EQ-009,18-09-2025,7082000,1416400,5665600,24,9.62,59.8,STRUCTURED_LEASE,Performing
EQF-2025-04169,CUST-04169,EQ-012,18-09-2025,11078000,2769500,8308500,24,7.68,49.4,STRUCTURED_LEASE,Performing
EQF-2025-04170,CUST-04170,EQ-006,18-09-2025,6970000,1742500,5227500,36,7.86,61.2,STRUCTURED_LEASE,30_Days_Past_Due
EQF-2025-04171,CUST-04171,EQ-006,18-09-2025,4525000,905000,3620000,60,9.31,72.8,REQUIRE_COLLATERAL,60_Days_Past_Due
EQF-2025-04172,CUST-04172,EQ-007,18-09-2025,3893000,389300,3503700,48,8.39,65,REQUIRE_COLLATERAL,30_Days_Past_Due
EQF-2025-04173,CUST-04173,EQ-011,18-09-2025,7836000,783600,7052400,36,9.43,65.9,REQUIRE_COLLATERAL,Performing
EQF-2025-04174,CUST-04174,EQ-008,18-09-2025,5277000,1319250,3957750,24,10.79,29.9,AUTO_APPROVE,Performing
EQF-2025-04175,CUST-04175,EQ-015,18-09-2025,4735000,1183750,3551250,60,10.56,52,STRUCTURED_LEASE,Performing
EQF-2025-04176,CUST-04176,EQ-007,18-09-2025,3160000,316000,2844000,36,10.09,88.6,REJECT,60_Days_Past_Due
EQF-2025-04177,CUST-04177,EQ-004,19-09-2025,4303000,860600,3442400,36,10.77,68.4,REQUIRE_COLLATERAL,Performing
EQF-2025-04178,CUST-04178,EQ-014,19-09-2025,1967000,491750,1475250,60,11.05,79.9,REQUIRE_COLLATERAL,Performing
EQF-2025-04179,CUST-04179,EQ-012,19-09-2025,13451000,1345100,12105900,48,10.99,71.1,REQUIRE_COLLATERAL,Performing
EQF-2025-04180,CUST-04180,EQ-012,19-09-2025,11455000,2291000,9164000,36,10.95,67.3,REQUIRE_COLLATERAL,Performing
EQF-2025-04181,CUST-04181,EQ-011,19-09-2025,10007000,1501050,8505950,36,7.7,58.2,STRUCTURED_LEASE,Performing
EQF-2025-04182,CUST-04182,EQ-014,19-09-2025,2724000,544800,2179200,60,7,55.8,STRUCTURED_LEASE,Performing
EQF-2025-04183,CUST-04183,EQ-013,19-09-2025,2837000,283700,2553300,60,8.33,70.7,REQUIRE_COLLATERAL,Performing
EQF-2025-04184,CUST-04184,EQ-012,19-09-2025,4632000,926400,3705600,24,8.81,53.7,STRUCTURED_LEASE,Performing
EQF-2025-04185,CUST-04185,EQ-009,19-09-2025,4684000,468400,4215600,36,10.89,65.8,REQUIRE_COLLATERAL,60_Days_Past_Due
EQF-2025-04186,CUST-04186,EQ-008,19-09-2025,9261000,2315250,6945750,36,9.36,69.5,REQUIRE_COLLATERAL,Performing
EQF-2025-04187,CUST-04187,EQ-006,19-09-2025,4216000,632400,3583600,48,8.78,80.2,REJECT,60_Days_Past_Due
EQF-2025-04188,CUST-04188,EQ-008,19-09-2025,5760000,1440000,4320000,48,9.75,72,REQUIRE_COLLATERAL,Performing
EQF-2025-04189,CUST-04189,EQ-003,19-09-2025,1260000,315000,945000,36,10.3,54.9,STRUCTURED_LEASE,Performing
EQF-2025-04190,CUST-04190,EQ-014,19-09-2025,2940000,294000,2646000,48,10.66,77.2,REQUIRE_COLLATERAL,Performing
EQF-2025-04191,CUST-04191,EQ-014,19-09-2025,1296000,129600,1166400,48,8.88,43,STRUCTURED_LEASE,Performing
EQF-2025-04192,CUST-04192,EQ-002,19-09-2025,3766000,376600,3389400,48,8.06,72.2,REQUIRE_COLLATERAL,30_Days_Past_Due
EQF-2025-04193,CUST-04193,EQ-010,20-09-2025,6808000,680800,6127200,60,8.33,84,REJECT,Default
EQF-2025-04194,CUST-04194,EQ-013,20-09-2025,4392000,1098000,3294000,36,9.68,89,REJECT,Performing
EQF-2025-04195,CUST-04195,EQ-004,20-09-2025,7445000,744500,6700500,36,7.92,69.6,REQUIRE_COLLATERAL,Performing
EQF-2025-04196,CUST-04196,EQ-005,20-09-2025,3764000,376400,3387600,48,10.92,64.7,STRUCTURED_LEASE,Performing
EQF-2025-04197,CUST-04197,EQ-005,20-09-2025,5114000,1278500,3835500,48,7.94,67.3,REQUIRE_COLLATERAL,Performing
EQF-2025-04198,CUST-04198,EQ-011,20-09-2025,11697000,1754550,9942450,36,7.16,39.5,AUTO_APPROVE,Performing
EQF-2025-04199,CUST-04199,EQ-011,20-09-2025,5034000,755100,4278900,48,9.73,71.8,REQUIRE_COLLATERAL,Performing
EQF-2025-04200,CUST-04200,EQ-008,20-09-2025,7779000,1555800,6223200,24,9.09,68.8,REQUIRE_COLLATERAL,Performing
EQF-2025-04201,CUST-04201,EQ-003,20-09-2025,4683000,1170750,3512250,24,10.21,50.8,STRUCTURED_LEASE,Performing
EQF-2025-04202,CUST-04202,EQ-009,20-09-2025,3594000,359400,3234600,36,8.75,62.5,STRUCTURED_LEASE,Performing
EQF-2025-04203,CUST-04203,EQ-009,20-09-2025,5886000,1177200,4708800,60,10.1,60.1,STRUCTURED_LEASE,Performing
EQF-2025-04204,CUST-04204,EQ-007,20-09-2025,5071000,760650,4310350,48,11.01,56.2,STRUCTURED_LEASE,Performing
EQF-2025-04205,CUST-04205,EQ-009,20-09-2025,5083000,762450,4320550,24,8.56,53.1,STRUCTURED_LEASE,Performing
EQF-2025-04206,CUST-04206,EQ-010,20-09-2025,8603000,2150750,6452250,60,10.27,57.5,STRUCTURED_LEASE,Performing
EQF-2025-04207,CUST-04207,EQ-010,20-09-2025,5144000,514400,4629600,48,12.19,87.6,REJECT,Performing
EQF-2025-04208,CUST-04208,EQ-010,20-09-2025,5101000,510100,4590900,48,10.66,68.4,REQUIRE_COLLATERAL,Performing
EQF-2025-04209,CUST-04209,EQ-009,21-09-2025,6173000,1234600,4938400,36,8.31,64.8,STRUCTURED_LEASE,60_Days_Past_Due
EQF-2025-04210,CUST-04210,EQ-005,21-09-2025,6438000,965700,5472300,24,10,58.8,STRUCTURED_LEASE,Performing
EQF-2025-04211,CUST-04211,EQ-005,21-09-2025,8059000,1611800,6447200,48,7.55,19.1,AUTO_APPROVE,Performing
EQF-2025-04212,CUST-04212,EQ-004,21-09-2025,4411000,882200,3528800,48,7.76,42.6,STRUCTURED_LEASE,Performing
EQF-2025-04213,CUST-04213,EQ-008,21-09-2025,6480000,1296000,5184000,48,11.74,55.5,STRUCTURED_LEASE,Performing
EQF-2025-04214,CUST-04214,EQ-006,21-09-2025,3254000,325400,2928600,48,10.11,73.5,REQUIRE_COLLATERAL,30_Days_Past_Due
EQF-2025-04215,CUST-04215,EQ-008,21-09-2025,3181000,477150,2703850,48,11.81,71.8,REQUIRE_COLLATERAL,30_Days_Past_Due
EQF-2025-04216,CUST-04216,EQ-013,21-09-2025,2732000,546400,2185600,36,10.14,49.6,STRUCTURED_LEASE,Performing
EQF-2025-04217,CUST-04217,EQ-005,21-09-2025,4119000,617850,3501150,48,8.68,51.9,STRUCTURED_LEASE,Performing
EQF-2025-04218,CUST-04218,EQ-010,21-09-2025,4799000,719850,4079150,36,9.56,82,REJECT,60_Days_Past_Due
EQF-2025-04219,CUST-04219,EQ-014,21-09-2025,2329000,465800,1863200,24,9.9,60.6,STRUCTURED_LEASE,Performing
EQF-2025-04220,CUST-04220,EQ-012,21-09-2025,7965000,1593000,6372000,36,12.82,68.5,REQUIRE_COLLATERAL,Performing
EQF-2025-04221,CUST-04221,EQ-012,21-09-2025,14877000,3719250,11157750,48,10.55,66.5,REQUIRE_COLLATERAL,Performing
EQF-2025-04222,CUST-04222,EQ-004,21-09-2025,9155000,915500,8239500,60,8.38,55.5,STRUCTURED_LEASE,Performing
EQF-2025-04223,CUST-04223,EQ-007,21-09-2025,1171000,175650,995350,36,9.21,38.1,AUTO_APPROVE,Performing
EQF-2025-04224,CUST-04224,EQ-003,21-09-2025,4515000,903000,3612000,36,10.21,54.1,STRUCTURED_LEASE,Performing
EQF-2025-04225,CUST-04225,EQ-008,22-09-2025,7883000,1576600,6306400,24,7.87,70,REQUIRE_COLLATERAL,Performing
EQF-2025-04226,CUST-04226,EQ-013,22-09-2025,4584000,687600,3896400,60,9.47,72.8,REQUIRE_COLLATERAL,Performing
EQF-2025-04227,CUST-04227,EQ-001,22-09-2025,7759000,1551800,6207200,48,9.19,79.9,REQUIRE_COLLATERAL,60_Days_Past_Due
EQF-2025-04228,CUST-04228,EQ-008,22-09-2025,6448000,1612000,4836000,60,10.23,54.7,STRUCTURED_LEASE,Performing
EQF-2025-04229,CUST-04229,EQ-004,22-09-2025,10118000,1517700,8600300,60,9.35,67.8,REQUIRE_COLLATERAL,Performing
EQF-2025-04230,CUST-04230,EQ-009,22-09-2025,3408000,681600,2726400,36,7.4,87.4,REJECT,Performing
EQF-2025-04231,CUST-04231,EQ-014,22-09-2025,4679000,701850,3977150,24,9.43,28.1,AUTO_APPROVE,Performing
EQF-2025-04232,CUST-04232,EQ-010,22-09-2025,9542000,1908400,7633600,36,10.65,96.6,REJECT,60_Days_Past_Due
EQF-2025-04233,CUST-04233,EQ-011,22-09-2025,14786000,2957200,11828800,24,11.67,73.8,REQUIRE_COLLATERAL,30_Days_Past_Due
EQF-2025-04234,CUST-04234,EQ-007,22-09-2025,2486000,248600,2237400,24,10.94,46.3,STRUCTURED_LEASE,Performing
EQF-2025-04235,CUST-04235,EQ-005,22-09-2025,3150000,472500,2677500,36,7.11,60.3,STRUCTURED_LEASE,Performing
EQF-2025-04236,CUST-04236,EQ-001,22-09-2025,7640000,764000,6876000,48,7.5,59.6,STRUCTURED_LEASE,Performing
EQF-2025-04237,CUST-04237,EQ-006,22-09-2025,8183000,1636600,6546400,48,7.91,54.8,STRUCTURED_LEASE,Performing
EQF-2025-04238,CUST-04238,EQ-014,22-09-2025,2466000,369900,2096100,36,11.76,99,REJECT,Performing
EQF-2025-04239,CUST-04239,EQ-013,22-09-2025,3348000,502200,2845800,48,10.24,77.1,REQUIRE_COLLATERAL,60_Days_Past_Due
EQF-2025-04240,CUST-04240,EQ-001,22-09-2025,8440000,2110000,6330000,24,13.46,62.5,STRUCTURED_LEASE,Performing
EQF-2025-04241,CUST-04241,EQ-003,23-09-2025,2706000,676500,2029500,48,11.43,70.4,REQUIRE_COLLATERAL,Performing
EQF-2025-04242,CUST-04242,EQ-011,23-09-2025,6127000,1225400,4901600,48,9.64,81.4,REJECT,Performing
EQF-2025-04243,CUST-04243,EQ-003,23-09-2025,3241000,648200,2592800,36,8.82,66.5,REQUIRE_COLLATERAL,30_Days_Past_Due
EQF-2025-04244,CUST-04244,EQ-004,23-09-2025,9720000,1944000,7776000,48,10.06,54.7,STRUCTURED_LEASE,Performing
EQF-2025-04245,CUST-04245,EQ-012,23-09-2025,4544000,908800,3635200,48,10.76,62.6,STRUCTURED_LEASE,Performing
EQF-2025-04246,CUST-04246,EQ-002,23-09-2025,5424000,1356000,4068000,24,11.32,59.3,STRUCTURED_LEASE,Performing
EQF-2025-04247,CUST-04247,EQ-011,23-09-2025,11320000,1698000,9622000,36,9.07,75.4,REQUIRE_COLLATERAL,Performing
EQF-2025-04248,CUST-04248,EQ-005,23-09-2025,5817000,581700,5235300,60,12.79,70.6,REQUIRE_COLLATERAL,Performing
EQF-2025-04249,CUST-04249,EQ-004,23-09-2025,7820000,1173000,6647000,24,9.43,48.7,STRUCTURED_LEASE,60_Days_Past_Due
EQF-2025-04250,CUST-04250,EQ-007,23-09-2025,2341000,351150,1989850,48,11.27,78.3,REQUIRE_COLLATERAL,30_Days_Past_Due
EQF-2025-04251,CUST-04251,EQ-001,23-09-2025,8567000,2141750,6425250,48,10.01,73.4,REQUIRE_COLLATERAL,Performing
EQF-2025-04252,CUST-04252,EQ-006,23-09-2025,7095000,1064250,6030750,36,8.97,65.3,REQUIRE_COLLATERAL,30_Days_Past_Due
EQF-2025-04253,CUST-04253,EQ-011,23-09-2025,7370000,1105500,6264500,36,7,41.4,STRUCTURED_LEASE,Performing
EQF-2025-04254,CUST-04254,EQ-004,23-09-2025,6495000,1299000,5196000,60,7.64,69.8,REQUIRE_COLLATERAL,Performing
EQF-2025-04255,CUST-04255,EQ-006,23-09-2025,1637000,163700,1473300,36,11.27,66.3,REQUIRE_COLLATERAL,Performing
EQF-2025-04256,CUST-04256,EQ-003,23-09-2025,3988000,598200,3389800,48,10.63,73,REQUIRE_COLLATERAL,Performing
EQF-2025-04257,CUST-04257,EQ-007,24-09-2025,2972000,445800,2526200,48,10.39,65.3,REQUIRE_COLLATERAL,30_Days_Past_Due
EQF-2025-04258,CUST-04258,EQ-010,24-09-2025,6966000,696600,6269400,48,11.83,91.9,REJECT,60_Days_Past_Due
EQF-2025-04259,CUST-04259,EQ-001,24-09-2025,5262000,1052400,4209600,60,8.03,70.6,REQUIRE_COLLATERAL,Performing
EQF-2025-04260,CUST-04260,EQ-012,24-09-2025,14909000,3727250,11181750,48,8.79,59.6,STRUCTURED_LEASE,Performing
EQF-2025-04261,CUST-04261,EQ-009,24-09-2025,3617000,904250,2712750,48,8.89,74.8,REQUIRE_COLLATERAL,Performing
EQF-2025-04262,CUST-04262,EQ-002,24-09-2025,4102000,615300,3486700,60,7.49,77.6,REQUIRE_COLLATERAL,Performing
EQF-2025-04263,CUST-04263,EQ-001,24-09-2025,10394000,2078800,8315200,60,8.3,60.9,STRUCTURED_LEASE,Performing
EQF-2025-04264,CUST-04264,EQ-012,24-09-2025,12636000,3159000,9477000,60,7.89,77.1,REQUIRE_COLLATERAL,Performing
EQF-2025-04265,CUST-04265,EQ-014,24-09-2025,2317000,579250,1737750,48,7.15,61.2,STRUCTURED_LEASE,Performing
EQF-2025-04266,CUST-04266,EQ-001,24-09-2025,12315000,3078750,9236250,36,8.15,69,REQUIRE_COLLATERAL,Performing
EQF-2025-04267,CUST-04267,EQ-010,24-09-2025,5751000,1437750,4313250,48,9.4,72.5,REQUIRE_COLLATERAL,60_Days_Past_Due
EQF-2025-04268,CUST-04268,EQ-005,24-09-2025,4378000,1094500,3283500,24,12.18,63.5,STRUCTURED_LEASE,Performing
EQF-2025-04269,CUST-04269,EQ-013,24-09-2025,3756000,563400,3192600,36,7.97,46.2,STRUCTURED_LEASE,Performing
EQF-2025-04270,CUST-04270,EQ-007,24-09-2025,4878000,1219500,3658500,24,11.11,86.8,REJECT,Default
EQF-2025-04271,CUST-04271,EQ-010,24-09-2025,8168000,1225200,6942800,60,9.83,50.8,STRUCTURED_LEASE,Performing
EQF-2025-04272,CUST-04272,EQ-002,24-09-2025,5479000,547900,4931100,36,10.16,70.2,REQUIRE_COLLATERAL,60_Days_Past_Due
EQF-2025-04273,CUST-04273,EQ-006,25-09-2025,3496000,349600,3146400,48,9.72,76.4,REQUIRE_COLLATERAL,Performing
EQF-2025-04274,CUST-04274,EQ-008,25-09-2025,10155000,2031000,8124000,48,7,51.1,STRUCTURED_LEASE,Performing
EQF-2025-04275,CUST-04275,EQ-004,25-09-2025,3612000,541800,3070200,24,7.92,20.5,AUTO_APPROVE,Performing
EQF-2025-04276,CUST-04276,EQ-010,25-09-2025,8106000,1621200,6484800,48,10.36,53.9,STRUCTURED_LEASE,Performing
EQF-2025-04277,CUST-04277,EQ-001,25-09-2025,10024000,1002400,9021600,48,9.57,75.1,REQUIRE_COLLATERAL,30_Days_Past_Due
EQF-2025-04278,CUST-04278,EQ-011,25-09-2025,9441000,944100,8496900,60,7.03,70.3,REQUIRE_COLLATERAL,60_Days_Past_Due
EQF-2025-04279,CUST-04279,EQ-005,25-09-2025,3676000,367600,3308400,24,9.17,53.3,STRUCTURED_LEASE,60_Days_Past_Due
EQF-2025-04280,CUST-04280,EQ-001,25-09-2025,9541000,954100,8586900,36,10.39,83,REJECT,60_Days_Past_Due
EQF-2025-04281,CUST-04281,EQ-005,25-09-2025,2632000,658000,1974000,48,7.62,73.8,REQUIRE_COLLATERAL,Performing
EQF-2025-04282,CUST-04282,EQ-013,25-09-2025,2603000,260300,2342700,24,8.91,44.5,STRUCTURED_LEASE,Performing
EQF-2025-04283,CUST-04283,EQ-006,25-09-2025,2191000,547750,1643250,36,11.78,61.4,STRUCTURED_LEASE,Performing
EQF-2025-04284,CUST-04284,EQ-009,25-09-2025,5503000,1375750,4127250,36,10.38,51.1,STRUCTURED_LEASE,Performing
EQF-2025-04285,CUST-04285,EQ-008,25-09-2025,3314000,662800,2651200,48,11.88,66.7,REQUIRE_COLLATERAL,60_Days_Past_Due
EQF-2025-04286,CUST-04286,EQ-008,25-09-2025,3863000,965750,2897250,36,8.94,69.9,REQUIRE_COLLATERAL,Performing
EQF-2025-04287,CUST-04287,EQ-015,25-09-2025,1244000,248800,995200,48,11.12,53.2,STRUCTURED_LEASE,Performing
EQF-2025-04288,CUST-04288,EQ-004,25-09-2025,5741000,1435250,4305750,60,7.95,43.6,STRUCTURED_LEASE,Performing
EQF-2025-04289,CUST-04289,EQ-011,26-09-2025,13262000,3315500,9946500,48,10.75,79,REQUIRE_COLLATERAL,Default
EQF-2025-04290,CUST-04290,EQ-003,26-09-2025,4646000,464600,4181400,36,8.43,81.4,REJECT,Performing
EQF-2025-04291,CUST-04291,EQ-004,26-09-2025,3111000,466650,2644350,36,10.19,69.6,REQUIRE_COLLATERAL,Performing
EQF-2025-04292,CUST-04292,EQ-005,26-09-2025,5942000,1485500,4456500,36,10.26,50.4,STRUCTURED_LEASE,Performing
EQF-2025-04293,CUST-04293,EQ-008,26-09-2025,8317000,1247550,7069450,24,10.53,45.4,STRUCTURED_LEASE,30_Days_Past_Due
EQF-2025-04294,CUST-04294,EQ-007,26-09-2025,3576000,536400,3039600,36,7.99,68.5,REQUIRE_COLLATERAL,Performing
EQF-2025-04295,CUST-04295,EQ-011,26-09-2025,11337000,1700550,9636450,36,9.97,95.7,REJECT,Default
EQF-2025-04296,CUST-04296,EQ-011,26-09-2025,6571000,1642750,4928250,48,9.54,74.2,REQUIRE_COLLATERAL,Performing
EQF-2025-04297,CUST-04297,EQ-009,26-09-2025,4928000,739200,4188800,60,11.38,60.4,STRUCTURED_LEASE,Performing
EQF-2025-04298,CUST-04298,EQ-005,26-09-2025,4236000,1059000,3177000,60,8.54,91.7,REJECT,Performing
EQF-2025-04299,CUST-04299,EQ-012,26-09-2025,4987000,498700,4488300,24,7.54,48.1,STRUCTURED_LEASE,Performing
EQF-2025-04300,CUST-04300,EQ-004,26-09-2025,7817000,1954250,5862750,48,7.03,63.1,STRUCTURED_LEASE,Performing
EQF-2025-04301,CUST-04301,EQ-006,26-09-2025,4967000,993400,3973600,24,9.07,44.3,STRUCTURED_LEASE,30_Days_Past_Due
EQF-2025-04302,CUST-04302,EQ-002,26-09-2025,2231000,223100,2007900,48,8.86,90.5,REJECT,Performing
EQF-2025-04303,CUST-04303,EQ-003,26-09-2025,3000000,450000,2550000,24,9.05,58.8,STRUCTURED_LEASE,Performing
EQF-2025-04304,CUST-04304,EQ-010,26-09-2025,9090000,1363500,7726500,60,9.06,71.2,REQUIRE_COLLATERAL,Performing
EQF-2025-04305,CUST-04305,EQ-003,27-09-2025,4246000,849200,3396800,60,11.59,78.6,REQUIRE_COLLATERAL,Performing
EQF-2025-04306,CUST-04306,EQ-006,27-09-2025,6047000,604700,5442300,24,9.28,49.4,STRUCTURED_LEASE,Performing
EQF-2025-04307,CUST-04307,EQ-004,27-09-2025,6476000,1295200,5180800,48,11.2,92.4,REJECT,Default
EQF-2025-04308,CUST-04308,EQ-004,27-09-2025,7394000,1109100,6284900,48,10.08,78.2,REQUIRE_COLLATERAL,Performing
EQF-2025-04309,CUST-04309,EQ-014,27-09-2025,2663000,665750,1997250,36,8.13,70.7,REQUIRE_COLLATERAL,30_Days_Past_Due
EQF-2025-04310,CUST-04310,EQ-013,27-09-2025,1681000,252150,1428850,48,9.51,63.1,STRUCTURED_LEASE,Performing
EQF-2025-04311,CUST-04311,EQ-012,27-09-2025,8242000,1648400,6593600,48,11.82,63.1,STRUCTURED_LEASE,Performing
EQF-2025-04312,CUST-04312,EQ-007,27-09-2025,3558000,889500,2668500,60,11.02,68,REQUIRE_COLLATERAL,Performing
EQF-2025-04313,CUST-04313,EQ-009,27-09-2025,5692000,1423000,4269000,48,11.3,80.5,REJECT,Default
EQF-2025-04314,CUST-04314,EQ-002,27-09-2025,5666000,849900,4816100,48,10.26,70.6,REQUIRE_COLLATERAL,Performing
EQF-2025-04315,CUST-04315,EQ-015,27-09-2025,4842000,1210500,3631500,48,8.78,42.2,STRUCTURED_LEASE,Performing
EQF-2025-04316,CUST-04316,EQ-006,27-09-2025,2564000,256400,2307600,60,11.96,39.6,AUTO_APPROVE,Performing
EQF-2025-04317,CUST-04317,EQ-003,27-09-2025,1862000,279300,1582700,36,10.34,61.1,STRUCTURED_LEASE,30_Days_Past_Due
EQF-2025-04318,CUST-04318,EQ-005,27-09-2025,2203000,330450,1872550,24,10.9,53.3,STRUCTURED_LEASE,Performing
EQF-2025-04319,CUST-04319,EQ-012,27-09-2025,12120000,1212000,10908000,48,9.66,77.6,REQUIRE_COLLATERAL,Performing
EQF-2025-04320,CUST-04320,EQ-008,27-09-2025,8502000,1275300,7226700,60,7.95,70.1,REQUIRE_COLLATERAL,Performing
EQF-2025-04321,CUST-04321,EQ-010,28-09-2025,10884000,2176800,8707200,24,10.09,84.7,REJECT,Default
EQF-2025-04322,CUST-04322,EQ-002,28-09-2025,3515000,703000,2812000,36,12.04,43.5,STRUCTURED_LEASE,60_Days_Past_Due
EQF-2025-04323,CUST-04323,EQ-013,28-09-2025,4340000,651000,3689000,24,10.71,56.5,STRUCTURED_LEASE,Performing
EQF-2025-04324,CUST-04324,EQ-004,28-09-2025,7400000,740000,6660000,48,10.33,76.1,REQUIRE_COLLATERAL,Performing
EQF-2025-04325,CUST-04325,EQ-003,28-09-2025,4522000,1130500,3391500,60,8.21,87,REJECT,Default
EQF-2025-04326,CUST-04326,EQ-007,28-09-2025,4549000,454900,4094100,36,11.78,65.8,REQUIRE_COLLATERAL,Default
EQF-2025-04327,CUST-04327,EQ-006,28-09-2025,6000000,1200000,4800000,36,11.52,90.8,REJECT,Performing
EQF-2025-04328,CUST-04328,EQ-015,28-09-2025,3739000,560850,3178150,60,7,74.8,REQUIRE_COLLATERAL,Performing
EQF-2025-04329,CUST-04329,EQ-009,28-09-2025,6561000,656100,5904900,24,10.89,64.9,STRUCTURED_LEASE,Performing
EQF-2025-04330,CUST-04330,EQ-014,28-09-2025,2795000,698750,2096250,60,9.13,74.5,REQUIRE_COLLATERAL,Performing
EQF-2025-04331,CUST-04331,EQ-001,28-09-2025,5062000,1265500,3796500,36,9.94,64.2,STRUCTURED_LEASE,60_Days_Past_Due
EQF-2025-04332,CUST-04332,EQ-005,28-09-2025,1780000,445000,1335000,48,8.27,35.6,AUTO_APPROVE,Performing
EQF-2025-04333,CUST-04333,EQ-001,28-09-2025,9269000,2317250,6951750,48,9.68,93.1,REJECT,Performing
EQF-2025-04334,CUST-04334,EQ-008,28-09-2025,7594000,759400,6834600,48,7.85,76.3,REQUIRE_COLLATERAL,60_Days_Past_Due
EQF-2025-04335,CUST-04335,EQ-011,28-09-2025,4867000,1216750,3650250,60,8.3,81.8,REJECT,Default
EQF-2025-04336,CUST-04336,EQ-009,28-09-2025,3508000,701600,2806400,60,10.28,77.8,REQUIRE_COLLATERAL,Performing
EQF-2025-04337,CUST-04337,EQ-004,29-09-2025,5237000,1309250,3927750,48,8.36,50.1,STRUCTURED_LEASE,Performing
EQF-2025-04338,CUST-04338,EQ-002,29-09-2025,3727000,745400,2981600,36,10.14,65.5,REQUIRE_COLLATERAL,Performing
EQF-2025-04339,CUST-04339,EQ-011,29-09-2025,7063000,706300,6356700,36,9.66,71.3,REQUIRE_COLLATERAL,Performing
EQF-2025-04340,CUST-04340,EQ-006,29-09-2025,2170000,434000,1736000,36,13.07,71.3,REQUIRE_COLLATERAL,Performing
EQF-2025-04341,CUST-04341,EQ-001,29-09-2025,5813000,581300,5231700,60,8.53,90.8,REJECT,Performing
EQF-2025-04342,CUST-04342,EQ-005,29-09-2025,2718000,679500,2038500,48,9,62.7,STRUCTURED_LEASE,Performing
EQF-2025-04343,CUST-04343,EQ-003,29-09-2025,4402000,660300,3741700,60,8.43,64.9,STRUCTURED_LEASE,30_Days_Past_Due
EQF-2025-04344,CUST-04344,EQ-013,29-09-2025,2280000,456000,1824000,60,11.64,83,REJECT,Performing
EQF-2025-04345,CUST-04345,EQ-008,29-09-2025,8575000,1715000,6860000,48,9.66,40,STRUCTURED_LEASE,Performing
EQF-2025-04346,CUST-04346,EQ-012,29-09-2025,10246000,1536900,8709100,60,9.26,70.2,REQUIRE_COLLATERAL,Performing
EQF-2025-04347,CUST-04347,EQ-014,29-09-2025,4913000,491300,4421700,60,10.66,71.9,REQUIRE_COLLATERAL,60_Days_Past_Due
EQF-2025-04348,CUST-04348,EQ-010,29-09-2025,4819000,481900,4337100,48,8.19,64.7,STRUCTURED_LEASE,Performing
EQF-2025-04349,CUST-04349,EQ-013,29-09-2025,1802000,450500,1351500,48,7.49,89.9,REJECT,60_Days_Past_Due
EQF-2025-04350,CUST-04350,EQ-004,29-09-2025,2942000,588400,2353600,48,9.93,80.5,REJECT,Default
EQF-2025-04351,CUST-04351,EQ-013,29-09-2025,2116000,211600,1904400,24,9.74,61.3,STRUCTURED_LEASE,Performing
EQF-2025-04352,CUST-04352,EQ-004,29-09-2025,8315000,2078750,6236250,48,8.4,51.8,STRUCTURED_LEASE,Performing
EQF-2025-04353,CUST-04353,EQ-001,30-09-2025,4938000,493800,4444200,36,10.03,70.7,REQUIRE_COLLATERAL,Performing
EQF-2025-04354,CUST-04354,EQ-007,30-09-2025,2072000,310800,1761200,24,12.27,69.6,REQUIRE_COLLATERAL,Performing
EQF-2025-04355,CUST-04355,EQ-008,30-09-2025,9770000,1465500,8304500,60,10.17,63.1,STRUCTURED_LEASE,Performing
EQF-2025-04356,CUST-04356,EQ-004,30-09-2025,7455000,1118250,6336750,48,7,69.5,REQUIRE_COLLATERAL,Performing
EQF-2025-04357,CUST-04357,EQ-005,30-09-2025,1987000,496750,1490250,36,11.63,79.8,REQUIRE_COLLATERAL,Performing
EQF-2025-04358,CUST-04358,EQ-008,30-09-2025,2905000,581000,2324000,36,12.48,76.9,REQUIRE_COLLATERAL,Performing
EQF-2025-04359,CUST-04359,EQ-010,30-09-2025,3020000,453000,2567000,60,10.29,79.1,REQUIRE_COLLATERAL,Performing
EQF-2025-04360,CUST-04360,EQ-005,30-09-2025,8093000,1213950,6879050,60,9.76,77.7,REQUIRE_COLLATERAL,Performing
EQF-2025-04361,CUST-04361,EQ-006,30-09-2025,7449000,744900,6704100,24,7.18,35.7,AUTO_APPROVE,Performing
EQF-2025-04362,CUST-04362,EQ-004,30-09-2025,9682000,1452300,8229700,60,8.2,57.9,STRUCTURED_LEASE,Performing
EQF-2025-04363,CUST-04363,EQ-003,30-09-2025,4712000,942400,3769600,36,9.04,70.6,REQUIRE_COLLATERAL,Performing
EQF-2025-04364,CUST-04364,EQ-004,30-09-2025,6795000,1698750,5096250,48,8.4,64.3,STRUCTURED_LEASE,Performing
EQF-2025-04365,CUST-04365,EQ-006,30-09-2025,3231000,484650,2746350,48,8.74,70.9,REQUIRE_COLLATERAL,30_Days_Past_Due
EQF-2025-04366,CUST-04366,EQ-013,30-09-2025,2725000,681250,2043750,60,9.69,68.5,REQUIRE_COLLATERAL,Performing
EQF-2025-04367,CUST-04367,EQ-009,30-09-2025,6532000,1633000,4899000,60,8.47,66.7,REQUIRE_COLLATERAL,Performing
EQF-2025-04368,CUST-04368,EQ-011,30-09-2025,13636000,2727200,10908800,36,11.78,87.9,REJECT,Default
EQF-2025-04369,CUST-04369,EQ-009,01-10-2025,4546000,454600,4091400,48,9.61,85.9,REJECT,Performing
EQF-2025-04370,CUST-04370,EQ-009,01-10-2025,5248000,524800,4723200,36,10.26,66.2,REQUIRE_COLLATERAL,Performing
EQF-2025-04371,CUST-04371,EQ-009,01-10-2025,8022000,2005500,6016500,48,10.26,70.5,REQUIRE_COLLATERAL,Performing
EQF-2025-04372,CUST-04372,EQ-001,01-10-2025,5182000,777300,4404700,48,10.07,65.8,REQUIRE_COLLATERAL,Performing
EQF-2025-04373,CUST-04373,EQ-009,01-10-2025,7536000,1884000,5652000,36,9.57,75.5,REQUIRE_COLLATERAL,Performing
EQF-2025-04374,CUST-04374,EQ-011,01-10-2025,5752000,575200,5176800,36,11,67.2,REQUIRE_COLLATERAL,Performing
EQF-2025-04375,CUST-04375,EQ-008,01-10-2025,6613000,991950,5621050,36,11.31,95.2,REJECT,Performing
EQF-2025-04376,CUST-04376,EQ-008,01-10-2025,4357000,435700,3921300,48,7,59.8,STRUCTURED_LEASE,30_Days_Past_Due
EQF-2025-04377,CUST-04377,EQ-011,01-10-2025,10632000,2126400,8505600,48,7.34,97.6,REJECT,60_Days_Past_Due
EQF-2025-04378,CUST-04378,EQ-013,01-10-2025,3323000,332300,2990700,36,8.69,75.5,REQUIRE_COLLATERAL,Performing
EQF-2025-04379,CUST-04379,EQ-005,01-10-2025,4160000,624000,3536000,60,7.83,81.4,REJECT,Performing
EQF-2025-04380,CUST-04380,EQ-008,01-10-2025,9838000,1475700,8362300,24,8.4,81.3,REJECT,Performing
EQF-2025-04381,CUST-04381,EQ-005,01-10-2025,6119000,1529750,4589250,48,8.82,47.8,STRUCTURED_LEASE,Performing
EQF-2025-04382,CUST-04382,EQ-009,01-10-2025,6548000,982200,5565800,48,9.11,69.6,REQUIRE_COLLATERAL,Performing
EQF-2025-04383,CUST-04383,EQ-008,01-10-2025,3781000,756200,3024800,24,7.26,67.8,REQUIRE_COLLATERAL,30_Days_Past_Due
EQF-2025-04384,CUST-04384,EQ-010,01-10-2025,10007000,1000700,9006300,36,8.88,31.7,AUTO_APPROVE,Performing
EQF-2025-04385,CUST-04385,EQ-015,02-10-2025,1669000,417250,1251750,60,11.63,70.7,REQUIRE_COLLATERAL,30_Days_Past_Due
EQF-2025-04386,CUST-04386,EQ-010,02-10-2025,4394000,1098500,3295500,48,9.12,63.2,STRUCTURED_LEASE,Performing
EQF-2025-04387,CUST-04387,EQ-007,02-10-2025,1466000,219900,1246100,36,10.39,68.9,REQUIRE_COLLATERAL,30_Days_Past_Due
EQF-2025-04388,CUST-04388,EQ-005,02-10-2025,4583000,916600,3666400,36,9.4,80,REJECT,Performing
EQF-2025-04389,CUST-04389,EQ-005,02-10-2025,7714000,1928500,5785500,60,9.67,65.9,REQUIRE_COLLATERAL,Performing
EQF-2025-04390,CUST-04390,EQ-005,02-10-2025,3267000,653400,2613600,36,9.33,93.3,REJECT,Performing
EQF-2025-04391,CUST-04391,EQ-006,02-10-2025,4116000,823200,3292800,60,10.61,99,REJECT,Performing
EQF-2025-04392,CUST-04392,EQ-004,02-10-2025,9692000,969200,8722800,36,8.27,77.1,REQUIRE_COLLATERAL,30_Days_Past_Due
EQF-2025-04393,CUST-04393,EQ-008,02-10-2025,7751000,775100,6975900,48,9.76,98.9,REJECT,Performing
EQF-2025-04394,CUST-04394,EQ-005,02-10-2025,6761000,676100,6084900,24,8.63,51.2,STRUCTURED_LEASE,30_Days_Past_Due
EQF-2025-04395,CUST-04395,EQ-007,02-10-2025,1913000,382600,1530400,48,10.51,79.6,REQUIRE_COLLATERAL,30_Days_Past_Due
EQF-2025-04396,CUST-04396,EQ-013,02-10-2025,3923000,392300,3530700,48,7.84,46.1,STRUCTURED_LEASE,Performing
EQF-2025-04397,CUST-04397,EQ-011,02-10-2025,6504000,1626000,4878000,48,10.48,69.6,REQUIRE_COLLATERAL,Default
EQF-2025-04398,CUST-04398,EQ-005,02-10-2025,8411000,2102750,6308250,24,9.81,75.3,REQUIRE_COLLATERAL,Performing
EQF-2025-04399,CUST-04399,EQ-006,02-10-2025,5419000,812850,4606150,36,7.6,72.7,REQUIRE_COLLATERAL,Performing
EQF-2025-04400,CUST-04400,EQ-005,02-10-2025,6369000,1273800,5095200,36,12.12,59,STRUCTURED_LEASE,30_Days_Past_Due
EQF-2025-04401,CUST-04401,EQ-009,03-10-2025,2329000,232900,2096100,36,10.34,61.3,STRUCTURED_LEASE,60_Days_Past_Due
EQF-2025-04402,CUST-04402,EQ-010,03-10-2025,4631000,1157750,3473250,60,7.87,48.7,STRUCTURED_LEASE,Performing
EQF-2025-04403,CUST-04403,EQ-005,03-10-2025,2478000,495600,1982400,48,9.74,56.1,STRUCTURED_LEASE,Performing
EQF-2025-04404,CUST-04404,EQ-001,03-10-2025,8292000,1658400,6633600,36,7.04,60.4,STRUCTURED_LEASE,Performing
EQF-2025-04405,CUST-04405,EQ-002,03-10-2025,2278000,227800,2050200,60,7,61.6,STRUCTURED_LEASE,Performing
EQF-2025-04406,CUST-04406,EQ-003,03-10-2025,3985000,797000,3188000,60,11.29,80.4,REJECT,Performing
EQF-2025-04407,CUST-04407,EQ-007,03-10-2025,1365000,136500,1228500,48,7.7,77.9,REQUIRE_COLLATERAL,Performing
EQF-2025-04408,CUST-04408,EQ-005,03-10-2025,6764000,676400,6087600,48,10.68,99,REJECT,Performing
EQF-2025-04409,CUST-04409,EQ-011,03-10-2025,4503000,450300,4052700,60,11.25,85,REJECT,Performing
EQF-2025-04410,CUST-04410,EQ-008,03-10-2025,4217000,843400,3373600,48,8.02,97.3,REJECT,60_Days_Past_Due
EQF-2025-04411,CUST-04411,EQ-006,03-10-2025,7044000,1408800,5635200,48,12.62,90.1,REJECT,Performing
EQF-2025-04412,CUST-04412,EQ-006,03-10-2025,6699000,669900,6029100,48,9.64,64.5,STRUCTURED_LEASE,Performing
EQF-2025-04413,CUST-04413,EQ-003,03-10-2025,3010000,602000,2408000,36,9.57,86.3,REJECT,60_Days_Past_Due
EQF-2025-04414,CUST-04414,EQ-008,03-10-2025,2925000,292500,2632500,60,8,53,STRUCTURED_LEASE,Performing
EQF-2025-04415,CUST-04415,EQ-001,03-10-2025,10709000,1606350,9102650,48,8.03,58.8,STRUCTURED_LEASE,Performing
EQF-2025-04416,CUST-04416,EQ-008,03-10-2025,5957000,1191400,4765600,48,7,42.3,STRUCTURED_LEASE,Performing
EQF-2025-04417,CUST-04417,EQ-012,04-10-2025,7482000,1496400,5985600,24,8.33,29.9,AUTO_APPROVE,Performing
EQF-2025-04418,CUST-04418,EQ-005,04-10-2025,5983000,897450,5085550,36,11.25,62.5,STRUCTURED_LEASE,Performing
EQF-2025-04419,CUST-04419,EQ-001,04-10-2025,8803000,1320450,7482550,36,7.97,72.4,REQUIRE_COLLATERAL,Performing
EQF-2025-04420,CUST-04420,EQ-005,04-10-2025,2147000,322050,1824950,36,8.1,87.1,REJECT,60_Days_Past_Due
EQF-2025-04421,CUST-04421,EQ-006,04-10-2025,7912000,791200,7120800,48,7.57,83.8,REJECT,60_Days_Past_Due
EQF-2025-04422,CUST-04422,EQ-002,04-10-2025,4848000,484800,4363200,36,7.46,32.6,AUTO_APPROVE,Performing
EQF-2025-04423,CUST-04423,EQ-010,04-10-2025,2979000,744750,2234250,36,10.83,89.4,REJECT,60_Days_Past_Due
EQF-2025-04424,CUST-04424,EQ-014,04-10-2025,3195000,479250,2715750,48,7.68,73.4,REQUIRE_COLLATERAL,Performing
EQF-2025-04425,CUST-04425,EQ-011,04-10-2025,4917000,1229250,3687750,48,9.3,52.5,STRUCTURED_LEASE,Performing
EQF-2025-04426,CUST-04426,EQ-011,04-10-2025,13210000,1321000,11889000,24,8.97,68.6,REQUIRE_COLLATERAL,Performing
EQF-2025-04427,CUST-04427,EQ-009,04-10-2025,5791000,1158200,4632800,24,10.93,38.5,AUTO_APPROVE,Performing
EQF-2025-04428,CUST-04428,EQ-005,04-10-2025,2707000,406050,2300950,60,8.25,65.2,REQUIRE_COLLATERAL,30_Days_Past_Due
EQF-2025-04429,CUST-04429,EQ-006,04-10-2025,1645000,329000,1316000,24,8.85,53.8,STRUCTURED_LEASE,Performing
EQF-2025-04430,CUST-04430,EQ-003,04-10-2025,1320000,132000,1188000,60,7.86,75.4,REQUIRE_COLLATERAL,Performing
EQF-2025-04431,CUST-04431,EQ-014,04-10-2025,3128000,469200,2658800,36,8.54,73.4,REQUIRE_COLLATERAL,Performing
EQF-2025-04432,CUST-04432,EQ-004,04-10-2025,8742000,2185500,6556500,48,8.15,62.2,STRUCTURED_LEASE,Performing
EQF-2025-04433,CUST-04433,EQ-010,05-10-2025,3527000,881750,2645250,36,9.28,50.6,STRUCTURED_LEASE,Performing
EQF-2025-04434,CUST-04434,EQ-002,05-10-2025,1951000,195100,1755900,48,11.9,67,REQUIRE_COLLATERAL,Performing
EQF-2025-04435,CUST-04435,EQ-005,05-10-2025,3791000,758200,3032800,36,9.19,40.8,STRUCTURED_LEASE,Performing
EQF-2025-04436,CUST-04436,EQ-012,05-10-2025,6399000,639900,5759100,36,11.26,69.8,REQUIRE_COLLATERAL,Performing
EQF-2025-04437,CUST-04437,EQ-001,05-10-2025,8305000,1661000,6644000,36,10.92,55.4,STRUCTURED_LEASE,Performing
EQF-2025-04438,CUST-04438,EQ-003,05-10-2025,3327000,332700,2994300,48,9.44,50.8,STRUCTURED_LEASE,30_Days_Past_Due
EQF-2025-04439,CUST-04439,EQ-007,05-10-2025,4362000,1090500,3271500,60,10.94,66.6,REQUIRE_COLLATERAL,Performing
EQF-2025-04440,CUST-04440,EQ-005,05-10-2025,8246000,1649200,6596800,36,9.85,76,REQUIRE_COLLATERAL,Performing
EQF-2025-04441,CUST-04441,EQ-007,05-10-2025,5640000,564000,5076000,36,7.36,59.2,STRUCTURED_LEASE,Performing
EQF-2025-04442,CUST-04442,EQ-013,05-10-2025,3366000,504900,2861100,48,9.44,92.4,REJECT,Performing
EQF-2025-04443,CUST-04443,EQ-005,05-10-2025,6639000,1659750,4979250,60,9.81,66.8,REQUIRE_COLLATERAL,Performing
EQF-2025-04444,CUST-04444,EQ-011,05-10-2025,14460000,3615000,10845000,48,12.14,92.9,REJECT,Performing
EQF-2025-04445,CUST-04445,EQ-001,05-10-2025,4918000,737700,4180300,60,8.1,68.3,REQUIRE_COLLATERAL,Performing
EQF-2025-04446,CUST-04446,EQ-007,05-10-2025,829000,82900,746100,36,10.19,80.7,REJECT,Performing
EQF-2025-04447,CUST-04447,EQ-009,05-10-2025,1709000,341800,1367200,36,7.65,62.5,STRUCTURED_LEASE,Performing
EQF-2025-04448,CUST-04448,EQ-014,05-10-2025,3341000,835250,2505750,36,11.81,88.3,REJECT,60_Days_Past_Due
EQF-2025-04449,CUST-04449,EQ-001,06-10-2025,12391000,1239100,11151900,48,11.34,59.1,STRUCTURED_LEASE,Performing
EQF-2025-04450,CUST-04450,EQ-014,06-10-2025,2595000,389250,2205750,36,7.7,43.6,STRUCTURED_LEASE,Performing
EQF-2025-04451,CUST-04451,EQ-001,06-10-2025,9998000,1999600,7998400,36,12.11,81.5,REJECT,Default
EQF-2025-04452,CUST-04452,EQ-004,06-10-2025,6889000,688900,6200100,36,11.12,88.4,REJECT,Default
EQF-2025-04453,CUST-04453,EQ-014,06-10-2025,1560000,156000,1404000,48,11.4,84.9,REJECT,Performing
EQF-2025-04454,CUST-04454,EQ-003,06-10-2025,2422000,605500,1816500,24,11.85,53.8,STRUCTURED_LEASE,Performing
EQF-2025-04455,CUST-04455,EQ-002,06-10-2025,901000,225250,675750,24,11.19,69.3,REQUIRE_COLLATERAL,30_Days_Past_Due
EQF-2025-04456,CUST-04456,EQ-005,06-10-2025,2275000,455000,1820000,60,9,76,REQUIRE_COLLATERAL,30_Days_Past_Due
EQF-2025-04457,CUST-04457,EQ-014,06-10-2025,4285000,428500,3856500,36,11.75,64.4,STRUCTURED_LEASE,Performing
EQF-2025-04458,CUST-04458,EQ-006,06-10-2025,7306000,1095900,6210100,36,8.16,65.5,REQUIRE_COLLATERAL,Performing
EQF-2025-04459,CUST-04459,EQ-011,06-10-2025,12821000,1923150,10897850,48,8.34,56.6,STRUCTURED_LEASE,Performing
EQF-2025-04460,CUST-04460,EQ-004,06-10-2025,8678000,1735600,6942400,60,8.82,45.2,STRUCTURED_LEASE,Performing
EQF-2025-04461,CUST-04461,EQ-001,06-10-2025,12726000,1272600,11453400,48,10,79.6,REQUIRE_COLLATERAL,Performing
EQF-2025-04462,CUST-04462,EQ-008,06-10-2025,8203000,2050750,6152250,36,8.12,51.3,STRUCTURED_LEASE,Performing
EQF-2025-04463,CUST-04463,EQ-015,06-10-2025,4283000,428300,3854700,60,7.7,71,REQUIRE_COLLATERAL,Performing
EQF-2025-04464,CUST-04464,EQ-009,06-10-2025,6172000,1543000,4629000,48,8.13,61.2,STRUCTURED_LEASE,Performing
EQF-2025-04465,CUST-04465,EQ-014,07-10-2025,3153000,472950,2680050,36,8.96,40.5,STRUCTURED_LEASE,Performing
EQF-2025-04466,CUST-04466,EQ-011,07-10-2025,7997000,1599400,6397600,48,9.61,47,STRUCTURED_LEASE,30_Days_Past_Due
EQF-2025-04467,CUST-04467,EQ-006,07-10-2025,6611000,1322200,5288800,48,8.36,61.6,STRUCTURED_LEASE,Performing
EQF-2025-04468,CUST-04468,EQ-006,07-10-2025,3591000,718200,2872800,48,7.68,50.5,STRUCTURED_LEASE,Performing
EQF-2025-04469,CUST-04469,EQ-007,07-10-2025,3623000,905750,2717250,60,10.08,93.8,REJECT,Default
EQF-2025-04470,CUST-04470,EQ-007,07-10-2025,3053000,457950,2595050,48,12.21,99,REJECT,Performing
EQF-2025-04471,CUST-04471,EQ-015,07-10-2025,2238000,335700,1902300,60,8.88,78.5,REQUIRE_COLLATERAL,Performing
EQF-2025-04472,CUST-04472,EQ-015,07-10-2025,5868000,1173600,4694400,48,10.84,87.4,REJECT,60_Days_Past_Due
EQF-2025-04473,CUST-04473,EQ-009,07-10-2025,3311000,662200,2648800,36,9.5,64.1,STRUCTURED_LEASE,Performing
EQF-2025-04474,CUST-04474,EQ-001,07-10-2025,7402000,1850500,5551500,48,10.46,59.9,STRUCTURED_LEASE,Performing
EQF-2025-04475,CUST-04475,EQ-003,07-10-2025,1814000,453500,1360500,24,10.72,63.1,STRUCTURED_LEASE,Performing
EQF-2025-04476,CUST-04476,EQ-010,07-10-2025,9495000,949500,8545500,36,9.51,49.9,STRUCTURED_LEASE,Performing
EQF-2025-04477,CUST-04477,EQ-012,07-10-2025,10452000,2613000,7839000,48,8.03,58.3,STRUCTURED_LEASE,Performing
EQF-2025-04478,CUST-04478,EQ-001,07-10-2025,10743000,1074300,9668700,48,7.65,92.6,REJECT,Default
EQF-2025-04479,CUST-04479,EQ-008,07-10-2025,9475000,1895000,7580000,36,11.23,58.1,STRUCTURED_LEASE,Performing
EQF-2025-04480,CUST-04480,EQ-004,07-10-2025,5415000,812250,4602750,36,10.45,52.4,STRUCTURED_LEASE,Performing
EQF-2025-04481,CUST-04481,EQ-005,08-10-2025,2855000,713750,2141250,24,10.97,40.6,STRUCTURED_LEASE,Performing
EQF-2025-04482,CUST-04482,EQ-008,08-10-2025,4186000,627900,3558100,60,10.51,84.9,REJECT,Performing
EQF-2025-04483,CUST-04483,EQ-004,08-10-2025,8727000,2181750,6545250,24,11.11,57.5,STRUCTURED_LEASE,Performing
EQF-2025-04484,CUST-04484,EQ-008,08-10-2025,7720000,1930000,5790000,48,9.83,68.1,REQUIRE_COLLATERAL,30_Days_Past_Due
EQF-2025-04485,CUST-04485,EQ-009,08-10-2025,2944000,294400,2649600,48,7.22,70,REQUIRE_COLLATERAL,Performing
EQF-2025-04486,CUST-04486,EQ-003,08-10-2025,1751000,437750,1313250,36,9.92,81.7,REJECT,Performing
EQF-2025-04487,CUST-04487,EQ-009,08-10-2025,2345000,469000,1876000,36,12.19,81.8,REJECT,Performing
EQF-2025-04488,CUST-04488,EQ-001,08-10-2025,10906000,1635900,9270100,36,10.03,62.7,STRUCTURED_LEASE,Performing
EQF-2025-04489,CUST-04489,EQ-003,08-10-2025,1200000,300000,900000,48,7.66,69.3,REQUIRE_COLLATERAL,Performing
EQF-2025-04490,CUST-04490,EQ-004,08-10-2025,2656000,398400,2257600,48,10.6,66.5,REQUIRE_COLLATERAL,Performing
EQF-2025-04491,CUST-04491,EQ-001,08-10-2025,8285000,1242750,7042250,48,12.75,67.3,REQUIRE_COLLATERAL,60_Days_Past_Due
EQF-2025-04492,CUST-04492,EQ-013,08-10-2025,3827000,574050,3252950,48,8.66,61.4,STRUCTURED_LEASE,30_Days_Past_Due
EQF-2025-04493,CUST-04493,EQ-004,08-10-2025,8408000,2102000,6306000,24,9.99,86.4,REJECT,Performing
EQF-2025-04494,CUST-04494,EQ-003,08-10-2025,2834000,283400,2550600,24,10.21,33.9,AUTO_APPROVE,Performing
EQF-2025-04495,CUST-04495,EQ-014,08-10-2025,3826000,573900,3252100,60,9.81,74.6,REQUIRE_COLLATERAL,Performing
EQF-2025-04496,CUST-04496,EQ-008,08-10-2025,6929000,1039350,5889650,48,10.7,70.7,REQUIRE_COLLATERAL,Performing
EQF-2025-04497,CUST-04497,EQ-010,09-10-2025,10804000,2701000,8103000,48,8.89,63.4,STRUCTURED_LEASE,Performing
EQF-2025-04498,CUST-04498,EQ-006,09-10-2025,2637000,659250,1977750,48,10.44,69,REQUIRE_COLLATERAL,Performing
EQF-2025-04499,CUST-04499,EQ-001,09-10-2025,10607000,2121400,8485600,36,11.25,69.7,REQUIRE_COLLATERAL,Performing
EQF-2025-04500,CUST-04500,EQ-011,09-10-2025,9404000,1880800,7523200,36,9.15,75.7,REQUIRE_COLLATERAL,Performing
EQF-2025-04501,CUST-04501,EQ-004,09-10-2025,4153000,415300,3737700,48,10.71,61.3,STRUCTURED_LEASE,Performing
EQF-2025-04502,CUST-04502,EQ-004,09-10-2025,8875000,887500,7987500,60,8.93,61.3,STRUCTURED_LEASE,Performing
EQF-2025-04503,CUST-04503,EQ-011,09-10-2025,7031000,703100,6327900,36,7.43,28.8,AUTO_APPROVE,Performing
EQF-2025-04504,CUST-04504,EQ-009,09-10-2025,4172000,417200,3754800,36,7.43,33,AUTO_APPROVE,Performing
EQF-2025-04505,CUST-04505,EQ-008,09-10-2025,5686000,852900,4833100,36,10.19,87.1,REJECT,Default
EQF-2025-04506,CUST-04506,EQ-012,09-10-2025,6686000,1671500,5014500,24,7,46.6,STRUCTURED_LEASE,Performing
EQF-2025-04507,CUST-04507,EQ-014,09-10-2025,2837000,567400,2269600,48,9.64,77.6,REQUIRE_COLLATERAL,Performing
EQF-2025-04508,CUST-04508,EQ-005,09-10-2025,4813000,721950,4091050,60,8.31,61.2,STRUCTURED_LEASE,Performing
EQF-2025-04509,CUST-04509,EQ-004,09-10-2025,8826000,2206500,6619500,48,7,64.4,STRUCTURED_LEASE,Performing
EQF-2025-04510,CUST-04510,EQ-002,09-10-2025,4778000,1194500,3583500,60,10.52,76.6,REQUIRE_COLLATERAL,30_Days_Past_Due
EQF-2025-04511,CUST-04511,EQ-006,09-10-2025,2610000,391500,2218500,48,7.4,76.6,REQUIRE_COLLATERAL,Performing
EQF-2025-04512,CUST-04512,EQ-004,09-10-2025,7539000,1130850,6408150,36,12.96,84.9,REJECT,60_Days_Past_Due
EQF-2025-04513,CUST-04513,EQ-005,10-10-2025,7773000,1554600,6218400,60,11.96,89.7,REJECT,Default
EQF-2025-04514,CUST-04514,EQ-008,10-10-2025,3425000,342500,3082500,36,9.4,45.2,STRUCTURED_LEASE,60_Days_Past_Due
EQF-2025-04515,CUST-04515,EQ-004,10-10-2025,6520000,652000,5868000,60,7,66.3,REQUIRE_COLLATERAL,Performing
EQF-2025-04516,CUST-04516,EQ-001,10-10-2025,12254000,2450800,9803200,48,9.94,87.6,REJECT,60_Days_Past_Due
EQF-2025-04517,CUST-04517,EQ-008,10-10-2025,7698000,1539600,6158400,36,12.25,74.4,REQUIRE_COLLATERAL,Performing
EQF-2025-04518,CUST-04518,EQ-007,10-10-2025,1323000,132300,1190700,48,11.09,60,STRUCTURED_LEASE,Performing
EQF-2025-04519,CUST-04519,EQ-006,10-10-2025,4276000,641400,3634600,36,11.19,68.9,REQUIRE_COLLATERAL,30_Days_Past_Due
EQF-2025-04520,CUST-04520,EQ-006,10-10-2025,5051000,505100,4545900,24,11.82,38.9,AUTO_APPROVE,Performing
EQF-2025-04521,CUST-04521,EQ-007,10-10-2025,5978000,1494500,4483500,36,7.62,51.5,STRUCTURED_LEASE,Performing
EQF-2025-04522,CUST-04522,EQ-010,10-10-2025,4018000,1004500,3013500,60,11.13,76,REQUIRE_COLLATERAL,Performing
EQF-2025-04523,CUST-04523,EQ-007,10-10-2025,5909000,1181800,4727200,48,12.41,99,REJECT,Default
EQF-2025-04524,CUST-04524,EQ-004,10-10-2025,5697000,569700,5127300,36,8.57,70.7,REQUIRE_COLLATERAL,60_Days_Past_Due
EQF-2025-04525,CUST-04525,EQ-014,10-10-2025,1961000,196100,1764900,36,8.9,54.2,STRUCTURED_LEASE,Performing
EQF-2025-04526,CUST-04526,EQ-001,10-10-2025,8555000,2138750,6416250,48,11.83,63.7,STRUCTURED_LEASE,Performing
EQF-2025-04527,CUST-04527,EQ-013,10-10-2025,3533000,353300,3179700,36,11.59,59.6,STRUCTURED_LEASE,Performing
EQF-2025-04528,CUST-04528,EQ-002,10-10-2025,1910000,382000,1528000,48,8.19,61.9,STRUCTURED_LEASE,Performing
EQF-2025-04529,CUST-04529,EQ-010,11-10-2025,4977000,995400,3981600,48,7.56,54.5,STRUCTURED_LEASE,Performing
EQF-2025-04530,CUST-04530,EQ-006,11-10-2025,7482000,1870500,5611500,36,9.33,50.9,STRUCTURED_LEASE,Performing
EQF-2025-04531,CUST-04531,EQ-001,11-10-2025,14989000,1498900,13490100,36,7.29,43.4,STRUCTURED_LEASE,Performing
EQF-2025-04532,CUST-04532,EQ-005,11-10-2025,3727000,372700,3354300,48,8.21,50.3,STRUCTURED_LEASE,Performing
EQF-2025-04533,CUST-04533,EQ-005,11-10-2025,2542000,635500,1906500,36,8.48,52.1,STRUCTURED_LEASE,Performing
EQF-2025-04534,CUST-04534,EQ-012,11-10-2025,12725000,1908750,10816250,36,11.19,69.2,REQUIRE_COLLATERAL,Performing
EQF-2025-04535,CUST-04535,EQ-010,11-10-2025,7604000,1140600,6463400,36,11.59,75.8,REQUIRE_COLLATERAL,60_Days_Past_Due
EQF-2025-04536,CUST-04536,EQ-008,11-10-2025,3353000,335300,3017700,36,11.19,63.9,STRUCTURED_LEASE,Performing
EQF-2025-04537,CUST-04537,EQ-011,11-10-2025,14414000,2882800,11531200,60,8.26,84.3,REJECT,Performing
EQF-2025-04538,CUST-04538,EQ-008,11-10-2025,3163000,474450,2688550,48,9.37,95.6,REJECT,Default
EQF-2025-04539,CUST-04539,EQ-006,11-10-2025,5877000,587700,5289300,48,8.82,63.4,STRUCTURED_LEASE,Performing
EQF-2025-04540,CUST-04540,EQ-009,11-10-2025,4468000,670200,3797800,36,9.82,48.2,STRUCTURED_LEASE,Performing
EQF-2025-04541,CUST-04541,EQ-006,11-10-2025,5396000,1349000,4047000,24,10.63,69.1,REQUIRE_COLLATERAL,Performing
EQF-2025-04542,CUST-04542,EQ-008,11-10-2025,4312000,646800,3665200,36,8.79,47.9,STRUCTURED_LEASE,Performing
EQF-2025-04543,CUST-04543,EQ-006,11-10-2025,6317000,947550,5369450,48,7.98,55.9,STRUCTURED_LEASE,Performing
EQF-2025-04544,CUST-04544,EQ-012,11-10-2025,14557000,3639250,10917750,36,11.86,65.3,REQUIRE_COLLATERAL,Performing
EQF-2025-04545,CUST-04545,EQ-012,12-10-2025,9043000,1808600,7234400,48,11.11,62.7,STRUCTURED_LEASE,60_Days_Past_Due
EQF-2025-04546,CUST-04546,EQ-014,12-10-2025,3187000,318700,2868300,36,10.01,80.4,REJECT,60_Days_Past_Due
EQF-2025-04547,CUST-04547,EQ-005,12-10-2025,3179000,635800,2543200,60,7.9,40.6,STRUCTURED_LEASE,Performing
EQF-2025-04548,CUST-04548,EQ-004,12-10-2025,10081000,2016200,8064800,60,10.8,55.6,STRUCTURED_LEASE,Performing
EQF-2025-04549,CUST-04549,EQ-013,12-10-2025,4890000,733500,4156500,24,9.25,45.9,STRUCTURED_LEASE,Performing
EQF-2025-04550,CUST-04550,EQ-014,12-10-2025,4188000,418800,3769200,48,7,52.6,STRUCTURED_LEASE,Performing
EQF-2025-04551,CUST-04551,EQ-015,12-10-2025,3622000,543300,3078700,24,8.71,79.6,REQUIRE_COLLATERAL,Performing
EQF-2025-04552,CUST-04552,EQ-009,12-10-2025,8198000,2049500,6148500,48,10.19,76.2,REQUIRE_COLLATERAL,Performing
EQF-2025-04553,CUST-04553,EQ-005,12-10-2025,2577000,515400,2061600,36,9.18,66.9,REQUIRE_COLLATERAL,Performing
EQF-2025-04554,CUST-04554,EQ-002,12-10-2025,3288000,657600,2630400,24,10.26,41.7,STRUCTURED_LEASE,Performing
EQF-2025-04555,CUST-04555,EQ-008,12-10-2025,7070000,1767500,5302500,24,10.2,70.1,REQUIRE_COLLATERAL,Performing
EQF-2025-04556,CUST-04556,EQ-010,12-10-2025,6681000,668100,6012900,60,7.86,81.9,REJECT,Performing
EQF-2025-04557,CUST-04557,EQ-013,12-10-2025,4249000,849800,3399200,48,10.53,57.3,STRUCTURED_LEASE,Performing
EQF-2025-04558,CUST-04558,EQ-014,12-10-2025,3748000,749600,2998400,24,10.66,39.7,AUTO_APPROVE,Performing
EQF-2025-04559,CUST-04559,EQ-015,12-10-2025,1459000,145900,1313100,48,9.45,80.1,REJECT,Default
EQF-2025-04560,CUST-04560,EQ-015,12-10-2025,2602000,390300,2211700,36,9.52,34.8,AUTO_APPROVE,30_Days_Past_Due
EQF-2025-04561,CUST-04561,EQ-013,13-10-2025,2488000,622000,1866000,36,9.52,52.5,STRUCTURED_LEASE,60_Days_Past_Due
EQF-2025-04562,CUST-04562,EQ-001,13-10-2025,10222000,1022200,9199800,60,11.77,86.4,REJECT,Default
EQF-2025-04563,CUST-04563,EQ-007,13-10-2025,2316000,579000,1737000,24,10.07,84.4,REJECT,60_Days_Past_Due
EQF-2025-04564,CUST-04564,EQ-006,13-10-2025,2321000,580250,1740750,48,9.69,66.2,REQUIRE_COLLATERAL,Performing
EQF-2025-04565,CUST-04565,EQ-009,13-10-2025,6076000,1215200,4860800,36,10.21,82.2,REJECT,Performing
EQF-2025-04566,CUST-04566,EQ-007,13-10-2025,5225000,522500,4702500,36,10.17,44.2,STRUCTURED_LEASE,Performing
EQF-2025-04567,CUST-04567,EQ-001,13-10-2025,14248000,3562000,10686000,36,9.35,62.9,STRUCTURED_LEASE,Performing
EQF-2025-04568,CUST-04568,EQ-006,13-10-2025,8308000,1246200,7061800,60,7.5,56.7,STRUCTURED_LEASE,Performing
EQF-2025-04569,CUST-04569,EQ-009,13-10-2025,6968000,1742000,5226000,48,9.66,53.6,STRUCTURED_LEASE,Performing
EQF-2025-04570,CUST-04570,EQ-002,13-10-2025,1526000,305200,1220800,24,10.39,66.2,REQUIRE_COLLATERAL,30_Days_Past_Due
EQF-2025-04571,CUST-04571,EQ-008,13-10-2025,9751000,1462650,8288350,48,9.94,72.4,REQUIRE_COLLATERAL,Performing
EQF-2025-04572,CUST-04572,EQ-013,13-10-2025,2720000,408000,2312000,60,8.75,60.1,STRUCTURED_LEASE,Performing
EQF-2025-04573,CUST-04573,EQ-006,13-10-2025,6609000,660900,5948100,36,9.21,66.4,REQUIRE_COLLATERAL,Performing
EQF-2025-04574,CUST-04574,EQ-013,13-10-2025,3219000,482850,2736150,36,10.99,68.6,REQUIRE_COLLATERAL,30_Days_Past_Due
EQF-2025-04575,CUST-04575,EQ-014,13-10-2025,4349000,434900,3914100,24,7,52.7,STRUCTURED_LEASE,Performing
EQF-2025-04576,CUST-04576,EQ-011,13-10-2025,8681000,868100,7812900,36,8.38,83.7,REJECT,Performing
EQF-2025-04577,CUST-04577,EQ-001,14-10-2025,4680000,702000,3978000,48,9.7,97.6,REJECT,Performing
EQF-2025-04578,CUST-04578,EQ-009,14-10-2025,5398000,539800,4858200,36,11.06,52.2,STRUCTURED_LEASE,Performing
EQF-2025-04579,CUST-04579,EQ-002,14-10-2025,1691000,169100,1521900,24,12.22,54.7,STRUCTURED_LEASE,30_Days_Past_Due
EQF-2025-04580,CUST-04580,EQ-004,14-10-2025,10707000,1606050,9100950,36,10.83,45.9,STRUCTURED_LEASE,Performing
EQF-2025-04581,CUST-04581,EQ-015,14-10-2025,3540000,708000,2832000,36,8.61,60,STRUCTURED_LEASE,Performing
EQF-2025-04582,CUST-04582,EQ-001,14-10-2025,10089000,2522250,7566750,48,7,39.4,AUTO_APPROVE,Performing
EQF-2025-04583,CUST-04583,EQ-013,14-10-2025,4648000,464800,4183200,48,12.3,54.6,STRUCTURED_LEASE,Performing
EQF-2025-04584,CUST-04584,EQ-013,14-10-2025,3573000,357300,3215700,24,8.24,66.6,REQUIRE_COLLATERAL,30_Days_Past_Due
EQF-2025-04585,CUST-04585,EQ-014,14-10-2025,2350000,352500,1997500,36,9.72,71.5,REQUIRE_COLLATERAL,Performing
EQF-2025-04586,CUST-04586,EQ-015,14-10-2025,2340000,585000,1755000,36,9.32,82.7,REJECT,Default
EQF-2025-04587,CUST-04587,EQ-012,14-10-2025,9517000,2379250,7137750,60,9.4,77.4,REQUIRE_COLLATERAL,Performing
EQF-2025-04588,CUST-04588,EQ-005,14-10-2025,7566000,756600,6809400,36,7.75,38.2,AUTO_APPROVE,Performing
EQF-2025-04589,CUST-04589,EQ-003,14-10-2025,4220000,633000,3587000,24,12.19,58.6,STRUCTURED_LEASE,Performing
EQF-2025-04590,CUST-04590,EQ-013,14-10-2025,4858000,971600,3886400,24,8.19,56.3,STRUCTURED_LEASE,Performing
EQF-2025-04591,CUST-04591,EQ-010,14-10-2025,3111000,777750,2333250,36,9.74,39.2,AUTO_APPROVE,Performing
EQF-2025-04592,CUST-04592,EQ-006,14-10-2025,3378000,675600,2702400,36,8.83,48.6,STRUCTURED_LEASE,60_Days_Past_Due
EQF-2025-04593,CUST-04593,EQ-008,15-10-2025,3182000,477300,2704700,48,10.42,72.5,REQUIRE_COLLATERAL,Performing
EQF-2025-04594,CUST-04594,EQ-012,15-10-2025,12262000,2452400,9809600,48,9.19,65.2,REQUIRE_COLLATERAL,Performing
EQF-2025-04595,CUST-04595,EQ-012,15-10-2025,5549000,832350,4716650,36,9.03,52.3,STRUCTURED_LEASE,Performing
EQF-2025-04596,CUST-04596,EQ-010,15-10-2025,3349000,334900,3014100,48,11.13,74,REQUIRE_COLLATERAL,30_Days_Past_Due
EQF-2025-04597,CUST-04597,EQ-014,15-10-2025,3334000,666800,2667200,48,9.01,40.6,STRUCTURED_LEASE,Performing
EQF-2025-04598,CUST-04598,EQ-006,15-10-2025,4380000,438000,3942000,36,11.62,73.5,REQUIRE_COLLATERAL,Performing
EQF-2025-04599,CUST-04599,EQ-001,15-10-2025,11866000,1186600,10679400,24,7.65,71.2,REQUIRE_COLLATERAL,Performing
EQF-2025-04600,CUST-04600,EQ-012,15-10-2025,9357000,1403550,7953450,36,9.13,56.4,STRUCTURED_LEASE,Performing
EQF-2025-04601,CUST-04601,EQ-005,15-10-2025,4477000,895400,3581600,60,8.21,62.2,STRUCTURED_LEASE,Performing
EQF-2025-04602,CUST-04602,EQ-013,15-10-2025,2817000,704250,2112750,48,9.55,84.2,REJECT,60_Days_Past_Due
EQF-2025-04603,CUST-04603,EQ-002,15-10-2025,5334000,1066800,4267200,24,7.44,46,STRUCTURED_LEASE,Performing
EQF-2025-04604,CUST-04604,EQ-012,15-10-2025,8347000,2086750,6260250,36,10.43,96.9,REJECT,Performing
EQF-2025-04605,CUST-04605,EQ-014,15-10-2025,2467000,246700,2220300,48,10.58,64.2,STRUCTURED_LEASE,Performing
EQF-2025-04606,CUST-04606,EQ-007,15-10-2025,2560000,256000,2304000,36,11.76,99,REJECT,60_Days_Past_Due
EQF-2025-04607,CUST-04607,EQ-014,15-10-2025,1947000,292050,1654950,48,10.77,66.2,REQUIRE_COLLATERAL,Performing
EQF-2025-04608,CUST-04608,EQ-005,15-10-2025,7525000,1881250,5643750,36,10.75,56.2,STRUCTURED_LEASE,Performing
EQF-2025-04609,CUST-04609,EQ-007,16-10-2025,1562000,312400,1249600,60,10.52,57.9,STRUCTURED_LEASE,Performing
EQF-2025-04610,CUST-04610,EQ-012,16-10-2025,13995000,2099250,11895750,48,9.17,49.2,STRUCTURED_LEASE,Performing
EQF-2025-04611,CUST-04611,EQ-001,16-10-2025,7118000,1067700,6050300,36,11.93,89.2,REJECT,60_Days_Past_Due
EQF-2025-04612,CUST-04612,EQ-009,16-10-2025,7796000,1169400,6626600,48,10.33,58.1,STRUCTURED_LEASE,Performing
EQF-2025-04613,CUST-04613,EQ-008,16-10-2025,9222000,1844400,7377600,24,13.21,81.5,REJECT,Performing
EQF-2025-04614,CUST-04614,EQ-009,16-10-2025,5574000,836100,4737900,36,12.13,72.5,REQUIRE_COLLATERAL,Performing
EQF-2025-04615,CUST-04615,EQ-009,16-10-2025,6186000,1237200,4948800,48,10.02,76.6,REQUIRE_COLLATERAL,Performing
EQF-2025-04616,CUST-04616,EQ-001,16-10-2025,7584000,1137600,6446400,36,10.09,72.8,REQUIRE_COLLATERAL,Performing
EQF-2025-04617,CUST-04617,EQ-003,16-10-2025,3382000,845500,2536500,48,10.75,81.9,REJECT,Performing
EQF-2025-04618,CUST-04618,EQ-007,16-10-2025,2320000,232000,2088000,36,11.88,68.1,REQUIRE_COLLATERAL,Performing
EQF-2025-04619,CUST-04619,EQ-011,16-10-2025,8425000,2106250,6318750,48,7.2,58.8,STRUCTURED_LEASE,Performing
EQF-2025-04620,CUST-04620,EQ-015,16-10-2025,4776000,1194000,3582000,36,11.47,82,REJECT,60_Days_Past_Due
EQF-2025-04621,CUST-04621,EQ-015,16-10-2025,2068000,310200,1757800,48,10.06,72.3,REQUIRE_COLLATERAL,Performing
EQF-2025-04622,CUST-04622,EQ-013,16-10-2025,4388000,1097000,3291000,24,11.12,66,REQUIRE_COLLATERAL,Performing
EQF-2025-04623,CUST-04623,EQ-005,16-10-2025,4131000,1032750,3098250,36,8.42,69.4,REQUIRE_COLLATERAL,Performing
EQF-2025-04624,CUST-04624,EQ-003,16-10-2025,3222000,805500,2416500,36,8.35,60.7,STRUCTURED_LEASE,Performing
EQF-2025-04625,CUST-04625,EQ-007,17-10-2025,5698000,854700,4843300,36,10.01,60.3,STRUCTURED_LEASE,Performing
EQF-2025-04626,CUST-04626,EQ-013,17-10-2025,3789000,757800,3031200,36,10.96,53.5,STRUCTURED_LEASE,Performing
EQF-2025-04627,CUST-04627,EQ-011,17-10-2025,11102000,1110200,9991800,36,7.65,55.1,STRUCTURED_LEASE,30_Days_Past_Due
EQF-2025-04628,CUST-04628,EQ-008,17-10-2025,8549000,854900,7694100,60,8.9,81.4,REJECT,Default
EQF-2025-04629,CUST-04629,EQ-008,17-10-2025,10304000,2060800,8243200,36,7.7,63.2,STRUCTURED_LEASE,Performing
EQF-2025-04630,CUST-04630,EQ-008,17-10-2025,4612000,922400,3689600,48,10.13,97.1,REJECT,60_Days_Past_Due
EQF-2025-04631,CUST-04631,EQ-006,17-10-2025,5793000,1448250,4344750,48,12.49,85,REJECT,Default
EQF-2025-04632,CUST-04632,EQ-001,17-10-2025,8404000,840400,7563600,36,9,58.2,STRUCTURED_LEASE,Performing
EQF-2025-04633,CUST-04633,EQ-013,17-10-2025,1245000,249000,996000,48,10.68,99,REJECT,60_Days_Past_Due
EQF-2025-04634,CUST-04634,EQ-007,17-10-2025,1452000,363000,1089000,60,9.68,77.4,REQUIRE_COLLATERAL,Performing
EQF-2025-04635,CUST-04635,EQ-005,17-10-2025,3775000,377500,3397500,36,10.05,50.2,STRUCTURED_LEASE,Performing
EQF-2025-04636,CUST-04636,EQ-007,17-10-2025,3738000,560700,3177300,60,8.61,64.3,STRUCTURED_LEASE,Performing
EQF-2025-04637,CUST-04637,EQ-011,17-10-2025,13696000,2054400,11641600,24,10.48,49.7,STRUCTURED_LEASE,Performing
EQF-2025-04638,CUST-04638,EQ-003,17-10-2025,4206000,420600,3785400,48,9.2,65.1,REQUIRE_COLLATERAL,Performing
EQF-2025-04639,CUST-04639,EQ-003,17-10-2025,3303000,330300,2972700,36,12.19,30.4,AUTO_APPROVE,Performing
EQF-2025-04640,CUST-04640,EQ-014,17-10-2025,1481000,222150,1258850,36,8.73,77.4,REQUIRE_COLLATERAL,Performing
EQF-2025-04641,CUST-04641,EQ-007,18-10-2025,2287000,343050,1943950,48,10.97,78.4,REQUIRE_COLLATERAL,Performing
EQF-2025-04642,CUST-04642,EQ-001,18-10-2025,8034000,803400,7230600,36,12.46,66.4,REQUIRE_COLLATERAL,Performing
EQF-2025-04643,CUST-04643,EQ-015,18-10-2025,4033000,1008250,3024750,36,11.28,74.1,REQUIRE_COLLATERAL,Performing
EQF-2025-04644,CUST-04644,EQ-006,18-10-2025,1954000,390800,1563200,36,8.15,45.8,STRUCTURED_LEASE,Performing
EQF-2025-04645,CUST-04645,EQ-014,18-10-2025,3215000,643000,2572000,48,8,56.8,STRUCTURED_LEASE,Performing
EQF-2025-04646,CUST-04646,EQ-013,18-10-2025,4626000,462600,4163400,48,10.18,92.1,REJECT,Performing
EQF-2025-04647,CUST-04647,EQ-003,18-10-2025,3881000,776200,3104800,36,9.59,53.3,STRUCTURED_LEASE,Performing
EQF-2025-04648,CUST-04648,EQ-001,18-10-2025,12768000,1915200,10852800,36,10.27,52.3,STRUCTURED_LEASE,Performing
EQF-2025-04649,CUST-04649,EQ-015,18-10-2025,4345000,651750,3693250,48,11.29,43.5,STRUCTURED_LEASE,Performing
EQF-2025-04650,CUST-04650,EQ-005,18-10-2025,2946000,589200,2356800,48,9.63,66.8,REQUIRE_COLLATERAL,Performing
EQF-2025-04651,CUST-04651,EQ-005,18-10-2025,2273000,227300,2045700,36,8.56,60.4,STRUCTURED_LEASE,Performing
EQF-2025-04652,CUST-04652,EQ-014,18-10-2025,4352000,652800,3699200,36,9.81,53.8,STRUCTURED_LEASE,Performing
EQF-2025-04653,CUST-04653,EQ-010,18-10-2025,8412000,2103000,6309000,36,11.78,85.5,REJECT,Default
EQF-2025-04654,CUST-04654,EQ-014,18-10-2025,3385000,846250,2538750,60,9.55,76.9,REQUIRE_COLLATERAL,Performing
EQF-2025-04655,CUST-04655,EQ-012,18-10-2025,6082000,912300,5169700,48,12.73,98.8,REJECT,60_Days_Past_Due
EQF-2025-04656,CUST-04656,EQ-005,18-10-2025,5723000,858450,4864550,24,10.83,65.8,REQUIRE_COLLATERAL,Performing
EQF-2025-04657,CUST-04657,EQ-003,19-10-2025,1319000,263800,1055200,48,10.68,48.4,STRUCTURED_LEASE,Performing
EQF-2025-04658,CUST-04658,EQ-010,19-10-2025,3510000,351000,3159000,24,8.68,53.3,STRUCTURED_LEASE,Performing
EQF-2025-04659,CUST-04659,EQ-006,19-10-2025,3683000,736600,2946400,36,9.31,48.5,STRUCTURED_LEASE,Performing
EQF-2025-04660,CUST-04660,EQ-013,19-10-2025,2886000,288600,2597400,60,10.28,62.7,STRUCTURED_LEASE,Performing
EQF-2025-04661,CUST-04661,EQ-008,19-10-2025,3525000,881250,2643750,60,9.46,66.8,REQUIRE_COLLATERAL,Performing
EQF-2025-04662,CUST-04662,EQ-004,19-10-2025,3519000,879750,2639250,48,11.39,36.3,AUTO_APPROVE,Performing
EQF-2025-04663,CUST-04663,EQ-008,19-10-2025,8670000,867000,7803000,36,9.82,61.6,STRUCTURED_LEASE,Performing
EQF-2025-04664,CUST-04664,EQ-013,19-10-2025,3365000,673000,2692000,36,8.62,74,REQUIRE_COLLATERAL,Performing
EQF-2025-04665,CUST-04665,EQ-014,19-10-2025,3228000,484200,2743800,60,10.03,53.9,STRUCTURED_LEASE,Performing
EQF-2025-04666,CUST-04666,EQ-013,19-10-2025,2919000,291900,2627100,48,9.02,64.4,STRUCTURED_LEASE,Performing
EQF-2025-04667,CUST-04667,EQ-009,19-10-2025,8336000,1667200,6668800,36,10.59,71.2,REQUIRE_COLLATERAL,Performing
EQF-2025-04668,CUST-04668,EQ-014,19-10-2025,1389000,347250,1041750,36,8.79,47.4,STRUCTURED_LEASE,Performing
EQF-2025-04669,CUST-04669,EQ-003,19-10-2025,1886000,282900,1603100,60,12.35,68.3,REQUIRE_COLLATERAL,Performing
EQF-2025-04670,CUST-04670,EQ-003,19-10-2025,3661000,915250,2745750,60,7.34,64.1,STRUCTURED_LEASE,Performing
EQF-2025-04671,CUST-04671,EQ-011,19-10-2025,5500000,550000,4950000,48,9.09,73.9,REQUIRE_COLLATERAL,Performing
EQF-2025-04672,CUST-04672,EQ-015,19-10-2025,3865000,966250,2898750,48,9.87,74.2,REQUIRE_COLLATERAL,Performing
EQF-2025-04673,CUST-04673,EQ-013,20-10-2025,3357000,839250,2517750,24,8.87,79.6,REQUIRE_COLLATERAL,30_Days_Past_Due
EQF-2025-04674,CUST-04674,EQ-009,20-10-2025,8297000,829700,7467300,48,7,53.1,STRUCTURED_LEASE,Performing
EQF-2025-04675,CUST-04675,EQ-001,20-10-2025,13717000,2057550,11659450,48,12.5,77.4,REQUIRE_COLLATERAL,Performing
EQF-2025-04676,CUST-04676,EQ-015,20-10-2025,5717000,571700,5145300,24,10.75,92.2,REJECT,Performing
EQF-2025-04677,CUST-04677,EQ-005,20-10-2025,2295000,459000,1836000,48,7.77,31.9,AUTO_APPROVE,Performing
EQF-2025-04678,CUST-04678,EQ-015,20-10-2025,5314000,531400,4782600,60,7.99,66.2,REQUIRE_COLLATERAL,Performing
EQF-2025-04679,CUST-04679,EQ-014,20-10-2025,1691000,169100,1521900,36,7.45,64,STRUCTURED_LEASE,60_Days_Past_Due
EQF-2025-04680,CUST-04680,EQ-010,20-10-2025,7880000,1182000,6698000,48,9.44,86,REJECT,Performing
EQF-2025-04681,CUST-04681,EQ-001,20-10-2025,11921000,2384200,9536800,48,11.86,72.7,REQUIRE_COLLATERAL,Performing
EQF-2025-04682,CUST-04682,EQ-005,20-10-2025,2626000,656500,1969500,48,9.22,72.9,REQUIRE_COLLATERAL,Performing
EQF-2025-04683,CUST-04683,EQ-007,20-10-2025,4090000,1022500,3067500,48,8.97,66.8,REQUIRE_COLLATERAL,Performing
EQF-2025-04684,CUST-04684,EQ-011,20-10-2025,4577000,1144250,3432750,36,11.1,65.3,REQUIRE_COLLATERAL,Performing
EQF-2025-04685,CUST-04685,EQ-013,20-10-2025,2314000,578500,1735500,48,10.13,73.9,REQUIRE_COLLATERAL,Performing
EQF-2025-04686,CUST-04686,EQ-011,20-10-2025,14133000,2119950,12013050,36,9.57,70.5,REQUIRE_COLLATERAL,Performing
EQF-2025-04687,CUST-04687,EQ-005,20-10-2025,2702000,540400,2161600,48,10.76,91.5,REJECT,Default
EQF-2025-04688,CUST-04688,EQ-006,20-10-2025,1957000,293550,1663450,36,7.01,51.5,STRUCTURED_LEASE,Performing
EQF-2025-04689,CUST-04689,EQ-008,21-10-2025,6271000,627100,5643900,24,10.37,54.6,STRUCTURED_LEASE,Performing
EQF-2025-04690,CUST-04690,EQ-002,21-10-2025,5223000,1044600,4178400,36,11.58,31.9,AUTO_APPROVE,Performing
EQF-2025-04691,CUST-04691,EQ-012,21-10-2025,4843000,968600,3874400,36,7.8,92.2,REJECT,Performing
EQF-2025-04692,CUST-04692,EQ-012,21-10-2025,7911000,1977750,5933250,24,9.1,62.5,STRUCTURED_LEASE,Performing
EQF-2025-04693,CUST-04693,EQ-012,21-10-2025,13898000,3474500,10423500,24,7,76.4,REQUIRE_COLLATERAL,Performing
EQF-2025-04694,CUST-04694,EQ-004,21-10-2025,3504000,876000,2628000,48,9.01,73.1,REQUIRE_COLLATERAL,60_Days_Past_Due
EQF-2025-04695,CUST-04695,EQ-011,21-10-2025,7417000,1854250,5562750,60,8.69,71.3,REQUIRE_COLLATERAL,Performing
EQF-2025-04696,CUST-04696,EQ-015,21-10-2025,4848000,484800,4363200,60,12.22,67.4,REQUIRE_COLLATERAL,30_Days_Past_Due
EQF-2025-04697,CUST-04697,EQ-010,21-10-2025,7117000,1779250,5337750,60,8.97,56.1,STRUCTURED_LEASE,Performing
EQF-2025-04698,CUST-04698,EQ-004,21-10-2025,9575000,1436250,8138750,48,10.11,39,AUTO_APPROVE,Performing
EQF-2025-04699,CUST-04699,EQ-009,21-10-2025,2281000,456200,1824800,24,11.68,57.6,STRUCTURED_LEASE,30_Days_Past_Due
EQF-2025-04700,CUST-04700,EQ-002,21-10-2025,5587000,558700,5028300,48,7,52.2,STRUCTURED_LEASE,Performing
EQF-2025-04701,CUST-04701,EQ-006,21-10-2025,8044000,804400,7239600,48,9.85,34.8,AUTO_APPROVE,Performing
EQF-2025-04702,CUST-04702,EQ-005,21-10-2025,2587000,517400,2069600,24,8,57.6,STRUCTURED_LEASE,Performing
EQF-2025-04703,CUST-04703,EQ-013,21-10-2025,1329000,265800,1063200,48,8.04,47.8,STRUCTURED_LEASE,Performing
EQF-2025-04704,CUST-04704,EQ-010,21-10-2025,10914000,2182800,8731200,36,8.37,56.5,STRUCTURED_LEASE,Performing
EQF-2025-04705,CUST-04705,EQ-012,22-10-2025,9305000,930500,8374500,60,8.92,66,REQUIRE_COLLATERAL,30_Days_Past_Due
EQF-2025-04706,CUST-04706,EQ-001,22-10-2025,10293000,1543950,8749050,48,8.11,74.7,REQUIRE_COLLATERAL,30_Days_Past_Due
EQF-2025-04707,CUST-04707,EQ-014,22-10-2025,3540000,531000,3009000,60,9.03,70.4,REQUIRE_COLLATERAL,30_Days_Past_Due
EQF-2025-04708,CUST-04708,EQ-005,22-10-2025,7028000,1405600,5622400,24,11.1,58.9,STRUCTURED_LEASE,Performing
EQF-2025-04709,CUST-04709,EQ-013,22-10-2025,4286000,428600,3857400,24,10.38,54.7,STRUCTURED_LEASE,Performing
EQF-2025-04710,CUST-04710,EQ-004,22-10-2025,4148000,1037000,3111000,60,13.73,76.2,REQUIRE_COLLATERAL,30_Days_Past_Due
EQF-2025-04711,CUST-04711,EQ-012,22-10-2025,6603000,660300,5942700,24,9.93,47.5,STRUCTURED_LEASE,Performing
EQF-2025-04712,CUST-04712,EQ-010,22-10-2025,9953000,1990600,7962400,36,10.55,77.7,REQUIRE_COLLATERAL,60_Days_Past_Due
EQF-2025-04713,CUST-04713,EQ-001,22-10-2025,13015000,1301500,11713500,48,11.54,93.1,REJECT,Performing
EQF-2025-04714,CUST-04714,EQ-003,22-10-2025,3547000,354700,3192300,60,7.88,61.4,STRUCTURED_LEASE,Performing
EQF-2025-04715,CUST-04715,EQ-004,22-10-2025,10955000,1095500,9859500,36,11.5,79.2,REQUIRE_COLLATERAL,Performing
EQF-2025-04716,CUST-04716,EQ-001,22-10-2025,12087000,3021750,9065250,24,8.18,63.9,STRUCTURED_LEASE,Performing
EQF-2025-04717,CUST-04717,EQ-010,22-10-2025,4335000,867000,3468000,48,10.29,85.4,REJECT,Performing
EQF-2025-04718,CUST-04718,EQ-015,22-10-2025,5203000,1040600,4162400,36,11.02,55.7,STRUCTURED_LEASE,Performing
EQF-2025-04719,CUST-04719,EQ-012,22-10-2025,8562000,1712400,6849600,36,7,63.1,REQUIRE_COLLATERAL,60_Days_Past_Due
EQF-2025-04720,CUST-04720,EQ-015,22-10-2025,988000,148200,839800,60,9.03,63.7,STRUCTURED_LEASE,Performing
EQF-2025-04721,CUST-04721,EQ-011,23-10-2025,7536000,1130400,6405600,48,9.47,86.3,REJECT,Performing
EQF-2025-04722,CUST-04722,EQ-009,23-10-2025,6845000,1369000,5476000,60,7.9,53.2,STRUCTURED_LEASE,30_Days_Past_Due
EQF-2025-04723,CUST-04723,EQ-009,23-10-2025,8221000,822100,7398900,36,10.08,92.9,REJECT,Default
EQF-2025-04724,CUST-04724,EQ-012,23-10-2025,7038000,703800,6334200,48,12.12,99,REJECT,Performing
EQF-2025-04725,CUST-04725,EQ-009,23-10-2025,3226000,645200,2580800,60,8.12,62.7,STRUCTURED_LEASE,Performing
EQF-2025-04726,CUST-04726,EQ-005,23-10-2025,5445000,1361250,4083750,48,11.36,48,STRUCTURED_LEASE,Performing
EQF-2025-04727,CUST-04727,EQ-015,23-10-2025,5021000,1255250,3765750,36,10.31,54.5,STRUCTURED_LEASE,30_Days_Past_Due
EQF-2025-04728,CUST-04728,EQ-014,23-10-2025,4037000,403700,3633300,60,7.54,55.8,STRUCTURED_LEASE,Performing
EQF-2025-04729,CUST-04729,EQ-013,23-10-2025,3328000,332800,2995200,48,8.95,52.7,STRUCTURED_LEASE,Performing
EQF-2025-04730,CUST-04730,EQ-009,23-10-2025,5920000,888000,5032000,48,9.96,59.1,STRUCTURED_LEASE,Performing
EQF-2025-04731,CUST-04731,EQ-005,23-10-2025,3195000,798750,2396250,24,11.96,81.8,REJECT,Default
EQF-2025-04732,CUST-04732,EQ-009,23-10-2025,4528000,452800,4075200,48,10.78,58.4,STRUCTURED_LEASE,Performing
EQF-2025-04733,CUST-04733,EQ-003,23-10-2025,2170000,217000,1953000,60,8.55,50.3,STRUCTURED_LEASE,Performing
EQF-2025-04734,CUST-04734,EQ-007,23-10-2025,5399000,1079800,4319200,48,10.17,99,REJECT,60_Days_Past_Due
EQF-2025-04735,CUST-04735,EQ-001,23-10-2025,5238000,785700,4452300,36,7,65.4,REQUIRE_COLLATERAL,Performing
EQF-2025-04736,CUST-04736,EQ-009,23-10-2025,6258000,1564500,4693500,24,10.93,39.4,AUTO_APPROVE,Performing
EQF-2025-04737,CUST-04737,EQ-010,24-10-2025,4712000,1178000,3534000,36,8.43,63,STRUCTURED_LEASE,Performing
EQF-2025-04738,CUST-04738,EQ-012,24-10-2025,9231000,1384650,7846350,36,7.99,72.9,REQUIRE_COLLATERAL,Performing
EQF-2025-04739,CUST-04739,EQ-001,24-10-2025,7294000,729400,6564600,48,9.1,53.4,STRUCTURED_LEASE,Performing
EQF-2025-04740,CUST-04740,EQ-010,24-10-2025,5248000,1312000,3936000,36,7.71,64.8,STRUCTURED_LEASE,30_Days_Past_Due
EQF-2025-04741,CUST-04741,EQ-014,24-10-2025,2189000,547250,1641750,24,9.28,62.7,STRUCTURED_LEASE,Performing
EQF-2025-04742,CUST-04742,EQ-005,24-10-2025,6770000,1692500,5077500,36,11.16,54.9,STRUCTURED_LEASE,Performing
EQF-2025-04743,CUST-04743,EQ-005,24-10-2025,4060000,812000,3248000,36,7,47.6,STRUCTURED_LEASE,Performing
EQF-2025-04744,CUST-04744,EQ-007,24-10-2025,4577000,686550,3890450,48,9.47,61.6,STRUCTURED_LEASE,Performing
EQF-2025-04745,CUST-04745,EQ-006,24-10-2025,4692000,1173000,3519000,48,9.34,61,STRUCTURED_LEASE,Performing
EQF-2025-04746,CUST-04746,EQ-005,24-10-2025,5331000,799650,4531350,60,10.35,79.3,REQUIRE_COLLATERAL,Performing
EQF-2025-04747,CUST-04747,EQ-009,24-10-2025,5303000,530300,4772700,36,9.3,54,STRUCTURED_LEASE,Performing
EQF-2025-04748,CUST-04748,EQ-006,24-10-2025,8331000,1249650,7081350,48,11.01,94.5,REJECT,Performing
EQF-2025-04749,CUST-04749,EQ-001,24-10-2025,8038000,1607600,6430400,36,11.63,75.1,REQUIRE_COLLATERAL,Performing
EQF-2025-04750,CUST-04750,EQ-013,24-10-2025,1989000,397800,1591200,24,11.13,69.3,REQUIRE_COLLATERAL,Performing
EQF-2025-04751,CUST-04751,EQ-011,24-10-2025,14030000,2104500,11925500,48,8.49,57,STRUCTURED_LEASE,Performing
EQF-2025-04752,CUST-04752,EQ-011,24-10-2025,5923000,1184600,4738400,48,12.49,87.7,REJECT,Performing
EQF-2025-04753,CUST-04753,EQ-003,25-10-2025,4371000,1092750,3278250,24,7.86,33.3,AUTO_APPROVE,Performing
EQF-2025-04754,CUST-04754,EQ-004,25-10-2025,3777000,755400,3021600,24,10.66,68.9,REQUIRE_COLLATERAL,Performing
EQF-2025-04755,CUST-04755,EQ-007,25-10-2025,4225000,422500,3802500,48,11.32,58.1,STRUCTURED_LEASE,Performing
EQF-2025-04756,CUST-04756,EQ-015,25-10-2025,1583000,237450,1345550,48,12.71,61.5,STRUCTURED_LEASE,Performing
EQF-2025-04757,CUST-04757,EQ-009,25-10-2025,7962000,1194300,6767700,36,11.1,53.9,STRUCTURED_LEASE,Performing
EQF-2025-04758,CUST-04758,EQ-014,25-10-2025,3347000,334700,3012300,48,8.46,65.6,REQUIRE_COLLATERAL,Performing
EQF-2025-04759,CUST-04759,EQ-004,25-10-2025,5299000,529900,4769100,60,10.97,99,REJECT,Default
EQF-2025-04760,CUST-04760,EQ-007,25-10-2025,1530000,153000,1377000,36,9.39,60.9,STRUCTURED_LEASE,Performing
EQF-2025-04761,CUST-04761,EQ-004,25-10-2025,5655000,565500,5089500,36,11.25,32.3,AUTO_APPROVE,Performing
EQF-2025-04762,CUST-04762,EQ-007,25-10-2025,4466000,1116500,3349500,36,9.88,60,STRUCTURED_LEASE,Performing
EQF-2025-04763,CUST-04763,EQ-003,25-10-2025,2663000,532600,2130400,48,11.74,65.3,REQUIRE_COLLATERAL,Performing
EQF-2025-04764,CUST-04764,EQ-006,25-10-2025,3223000,644600,2578400,36,9.64,99,REJECT,60_Days_Past_Due
EQF-2025-04765,CUST-04765,EQ-010,25-10-2025,7408000,1852000,5556000,60,11,71.7,REQUIRE_COLLATERAL,Performing
EQF-2025-04766,CUST-04766,EQ-007,25-10-2025,2973000,297300,2675700,48,8.67,64.4,STRUCTURED_LEASE,Performing
EQF-2025-04767,CUST-04767,EQ-015,25-10-2025,1662000,249300,1412700,36,11.37,83.8,REJECT,Performing
EQF-2025-04768,CUST-04768,EQ-005,25-10-2025,2578000,386700,2191300,24,7,44.3,STRUCTURED_LEASE,30_Days_Past_Due
EQF-2025-04769,CUST-04769,EQ-013,26-10-2025,3888000,583200,3304800,48,10.65,80.7,REJECT,Default
EQF-2025-04770,CUST-04770,EQ-012,26-10-2025,14721000,1472100,13248900,36,10.15,73.2,REQUIRE_COLLATERAL,60_Days_Past_Due
EQF-2025-04771,CUST-04771,EQ-006,26-10-2025,3132000,783000,2349000,60,9.82,97.6,REJECT,60_Days_Past_Due
EQF-2025-04772,CUST-04772,EQ-012,26-10-2025,12505000,3126250,9378750,36,7,71.5,REQUIRE_COLLATERAL,30_Days_Past_Due
EQF-2025-04773,CUST-04773,EQ-006,26-10-2025,2113000,528250,1584750,36,8.86,74.5,REQUIRE_COLLATERAL,Performing
EQF-2025-04774,CUST-04774,EQ-003,26-10-2025,2650000,530000,2120000,48,11.4,70.2,REQUIRE_COLLATERAL,Performing
EQF-2025-04775,CUST-04775,EQ-012,26-10-2025,9574000,1914800,7659200,24,8.33,72.2,REQUIRE_COLLATERAL,30_Days_Past_Due
EQF-2025-04776,CUST-04776,EQ-013,26-10-2025,2221000,444200,1776800,48,7.4,66.7,REQUIRE_COLLATERAL,30_Days_Past_Due
EQF-2025-04777,CUST-04777,EQ-009,26-10-2025,5207000,1041400,4165600,24,7.99,73.4,REQUIRE_COLLATERAL,Performing
EQF-2025-04778,CUST-04778,EQ-011,26-10-2025,13709000,2056350,11652650,48,11.38,92.9,REJECT,Default
EQF-2025-04779,CUST-04779,EQ-006,26-10-2025,8111000,1216650,6894350,48,10.29,69.4,REQUIRE_COLLATERAL,60_Days_Past_Due
EQF-2025-04780,CUST-04780,EQ-009,26-10-2025,2204000,551000,1653000,48,11.73,58.2,STRUCTURED_LEASE,Performing
EQF-2025-04781,CUST-04781,EQ-009,26-10-2025,3403000,680600,2722400,48,10.64,42.2,STRUCTURED_LEASE,Performing
EQF-2025-04782,CUST-04782,EQ-005,26-10-2025,8354000,2088500,6265500,24,8.3,30.9,AUTO_APPROVE,Performing
EQF-2025-04783,CUST-04783,EQ-008,26-10-2025,4799000,479900,4319100,36,12.34,72,REQUIRE_COLLATERAL,Performing
EQF-2025-04784,CUST-04784,EQ-001,26-10-2025,11620000,2324000,9296000,36,8.68,55.9,STRUCTURED_LEASE,30_Days_Past_Due
EQF-2025-04785,CUST-04785,EQ-001,27-10-2025,6788000,1357600,5430400,36,8.36,52.6,STRUCTURED_LEASE,60_Days_Past_Due
EQF-2025-04786,CUST-04786,EQ-001,27-10-2025,7920000,1980000,5940000,60,9.98,73.8,REQUIRE_COLLATERAL,Performing
EQF-2025-04787,CUST-04787,EQ-007,27-10-2025,1795000,448750,1346250,24,10.22,47.1,STRUCTURED_LEASE,Performing
EQF-2025-04788,CUST-04788,EQ-002,27-10-2025,5253000,525300,4727700,48,10.85,67.4,REQUIRE_COLLATERAL,Performing
EQF-2025-04789,CUST-04789,EQ-008,27-10-2025,10003000,2500750,7502250,36,9.09,60,STRUCTURED_LEASE,Performing
EQF-2025-04790,CUST-04790,EQ-012,27-10-2025,7266000,1453200,5812800,48,11.71,80.3,REJECT,Default
EQF-2025-04791,CUST-04791,EQ-006,27-10-2025,7265000,1089750,6175250,48,8.62,45.9,STRUCTURED_LEASE,Performing
EQF-2025-04792,CUST-04792,EQ-002,27-10-2025,2663000,266300,2396700,36,7.95,80.5,REJECT,Performing
EQF-2025-04793,CUST-04793,EQ-005,27-10-2025,2193000,219300,1973700,48,7,70.1,REQUIRE_COLLATERAL,Performing
EQF-2025-04794,CUST-04794,EQ-001,27-10-2025,12339000,2467800,9871200,24,9.24,55.3,STRUCTURED_LEASE,Performing
EQF-2025-04795,CUST-04795,EQ-012,27-10-2025,10561000,1584150,8976850,36,10.84,74.1,REQUIRE_COLLATERAL,Performing
EQF-2025-04796,CUST-04796,EQ-012,27-10-2025,7018000,1754500,5263500,48,10.66,53.3,STRUCTURED_LEASE,Performing
EQF-2025-04797,CUST-04797,EQ-009,27-10-2025,3271000,817750,2453250,36,10.05,58.8,STRUCTURED_LEASE,Performing
EQF-2025-04798,CUST-04798,EQ-003,27-10-2025,4907000,736050,4170950,48,8.87,80.6,REJECT,60_Days_Past_Due
EQF-2025-04799,CUST-04799,EQ-009,27-10-2025,7538000,1130700,6407300,36,11.45,77.4,REQUIRE_COLLATERAL,Default
EQF-2025-04800,CUST-04800,EQ-008,27-10-2025,9383000,1876600,7506400,48,9.7,68.8,REQUIRE_COLLATERAL,30_Days_Past_Due
EQF-2025-04801,CUST-04801,EQ-006,28-10-2025,2396000,599000,1797000,36,10.16,58,STRUCTURED_LEASE,Performing
EQF-2025-04802,CUST-04802,EQ-005,28-10-2025,6786000,1357200,5428800,48,7.81,74.5,REQUIRE_COLLATERAL,Performing
EQF-2025-04803,CUST-04803,EQ-015,28-10-2025,1916000,479000,1437000,60,7,66.2,REQUIRE_COLLATERAL,Performing
EQF-2025-04804,CUST-04804,EQ-006,28-10-2025,8342000,2085500,6256500,36,10.87,61,STRUCTURED_LEASE,Performing
EQF-2025-04805,CUST-04805,EQ-003,28-10-2025,1398000,209700,1188300,36,13.35,74.7,REQUIRE_COLLATERAL,Performing
EQF-2025-04806,CUST-04806,EQ-010,28-10-2025,5493000,1098600,4394400,60,10.24,89.3,REJECT,Performing
EQF-2025-04807,CUST-04807,EQ-006,28-10-2025,4501000,675150,3825850,36,10.87,43.8,STRUCTURED_LEASE,Performing
EQF-2025-04808,CUST-04808,EQ-007,28-10-2025,5086000,1017200,4068800,48,10.84,49.5,STRUCTURED_LEASE,Performing
EQF-2025-04809,CUST-04809,EQ-005,28-10-2025,6864000,1716000,5148000,60,9.68,80.6,REJECT,60_Days_Past_Due
EQF-2025-04810,CUST-04810,EQ-015,28-10-2025,2750000,275000,2475000,48,7.24,62.6,STRUCTURED_LEASE,Performing
EQF-2025-04811,CUST-04811,EQ-005,28-10-2025,5459000,545900,4913100,36,10.68,69.9,REQUIRE_COLLATERAL,Performing
EQF-2025-04812,CUST-04812,EQ-015,28-10-2025,5145000,1029000,4116000,36,11.87,82.9,REJECT,60_Days_Past_Due
EQF-2025-04813,CUST-04813,EQ-005,28-10-2025,1627000,325400,1301600,36,10.39,60.6,STRUCTURED_LEASE,Performing
EQF-2025-04814,CUST-04814,EQ-008,28-10-2025,9319000,1397850,7921150,36,9.27,38.2,AUTO_APPROVE,Performing
EQF-2025-04815,CUST-04815,EQ-003,28-10-2025,4798000,1199500,3598500,36,10.24,36.9,AUTO_APPROVE,30_Days_Past_Due
EQF-2025-04816,CUST-04816,EQ-015,28-10-2025,967000,96700,870300,48,9.52,52.7,STRUCTURED_LEASE,Performing
EQF-2025-04817,CUST-04817,EQ-002,29-10-2025,1037000,155550,881450,36,11.59,78.4,REQUIRE_COLLATERAL,Performing
EQF-2025-04818,CUST-04818,EQ-014,29-10-2025,2509000,501800,2007200,60,9.96,99,REJECT,Performing
EQF-2025-04819,CUST-04819,EQ-002,29-10-2025,1256000,314000,942000,48,10.72,52,STRUCTURED_LEASE,Performing
EQF-2025-04820,CUST-04820,EQ-006,29-10-2025,4855000,728250,4126750,60,11.34,90.9,REJECT,Performing
EQF-2025-04821,CUST-04821,EQ-012,29-10-2025,12016000,1802400,10213600,36,10.73,60.5,STRUCTURED_LEASE,Performing
EQF-2025-04822,CUST-04822,EQ-012,29-10-2025,10236000,2047200,8188800,48,9.74,46.2,STRUCTURED_LEASE,Performing
EQF-2025-04823,CUST-04823,EQ-001,29-10-2025,6161000,1540250,4620750,36,7.38,43.8,STRUCTURED_LEASE,Performing
EQF-2025-04824,CUST-04824,EQ-001,29-10-2025,11203000,1120300,10082700,36,10.31,79.9,REQUIRE_COLLATERAL,Performing
EQF-2025-04825,CUST-04825,EQ-008,29-10-2025,8321000,1248150,7072850,48,11.05,56.5,STRUCTURED_LEASE,Performing
EQF-2025-04826,CUST-04826,EQ-006,29-10-2025,8027000,1605400,6421600,48,7.24,61.2,STRUCTURED_LEASE,60_Days_Past_Due
EQF-2025-04827,CUST-04827,EQ-013,29-10-2025,1758000,263700,1494300,24,10.28,62.2,STRUCTURED_LEASE,Performing
EQF-2025-04828,CUST-04828,EQ-006,29-10-2025,6346000,1269200,5076800,36,9.67,56,STRUCTURED_LEASE,Performing
EQF-2025-04829,CUST-04829,EQ-011,29-10-2025,14026000,2805200,11220800,36,7,64.3,STRUCTURED_LEASE,Performing
EQF-2025-04830,CUST-04830,EQ-008,29-10-2025,6763000,1352600,5410400,48,10.15,79.2,REQUIRE_COLLATERAL,Performing
EQF-2025-04831,CUST-04831,EQ-003,29-10-2025,2575000,643750,1931250,60,11.72,69.2,REQUIRE_COLLATERAL,60_Days_Past_Due
EQF-2025-04832,CUST-04832,EQ-014,29-10-2025,1849000,184900,1664100,24,9.69,69.5,REQUIRE_COLLATERAL,Performing
EQF-2025-04833,CUST-04833,EQ-010,30-10-2025,9868000,2467000,7401000,36,7,81.2,REJECT,60_Days_Past_Due
EQF-2025-04834,CUST-04834,EQ-005,30-10-2025,4260000,426000,3834000,60,10.19,59.4,STRUCTURED_LEASE,Performing
EQF-2025-04835,CUST-04835,EQ-008,30-10-2025,10362000,2072400,8289600,36,11.3,64.1,STRUCTURED_LEASE,Performing
EQF-2025-04836,CUST-04836,EQ-006,30-10-2025,7434000,743400,6690600,48,8.37,86.5,REJECT,60_Days_Past_Due
EQF-2025-04837,CUST-04837,EQ-001,30-10-2025,8143000,2035750,6107250,24,9.29,49.7,STRUCTURED_LEASE,Performing
EQF-2025-04838,CUST-04838,EQ-001,30-10-2025,10313000,1546950,8766050,36,9.1,64.6,STRUCTURED_LEASE,Performing
EQF-2025-04839,CUST-04839,EQ-006,30-10-2025,1690000,422500,1267500,48,9.78,90.3,REJECT,60_Days_Past_Due
EQF-2025-04840,CUST-04840,EQ-011,30-10-2025,6895000,1723750,5171250,48,9.05,69.4,REQUIRE_COLLATERAL,Performing
EQF-2025-04841,CUST-04841,EQ-015,30-10-2025,4493000,1123250,3369750,36,11.63,60.9,STRUCTURED_LEASE,Performing
EQF-2025-04842,CUST-04842,EQ-007,30-10-2025,4325000,1081250,3243750,36,11.59,71.7,REQUIRE_COLLATERAL,60_Days_Past_Due
EQF-2025-04843,CUST-04843,EQ-001,30-10-2025,7887000,1971750,5915250,36,8.7,73.3,REQUIRE_COLLATERAL,30_Days_Past_Due
EQF-2025-04844,CUST-04844,EQ-006,30-10-2025,7160000,716000,6444000,48,11.63,79.9,REQUIRE_COLLATERAL,Performing
EQF-2025-04845,CUST-04845,EQ-006,30-10-2025,3151000,315100,2835900,60,7.13,82.5,REJECT,Default
EQF-2025-04846,CUST-04846,EQ-011,30-10-2025,9074000,1361100,7712900,48,8.39,75.6,REQUIRE_COLLATERAL,Performing
EQF-2025-04847,CUST-04847,EQ-015,30-10-2025,3257000,814250,2442750,24,10.54,78.1,REQUIRE_COLLATERAL,Performing
EQF-2025-04848,CUST-04848,EQ-009,30-10-2025,3886000,971500,2914500,60,9.74,65.4,REQUIRE_COLLATERAL,Performing
EQF-2025-04849,CUST-04849,EQ-003,31-10-2025,4828000,724200,4103800,24,9.82,63.6,STRUCTURED_LEASE,Performing
EQF-2025-04850,CUST-04850,EQ-009,31-10-2025,6377000,956550,5420450,36,10.17,42.3,STRUCTURED_LEASE,30_Days_Past_Due
EQF-2025-04851,CUST-04851,EQ-007,31-10-2025,3604000,720800,2883200,48,8.88,36.4,AUTO_APPROVE,Performing
EQF-2025-04852,CUST-04852,EQ-012,31-10-2025,9616000,1442400,8173600,24,11.49,66,REQUIRE_COLLATERAL,Performing
EQF-2025-04853,CUST-04853,EQ-014,31-10-2025,1805000,270750,1534250,24,10.65,33.1,AUTO_APPROVE,Performing
EQF-2025-04854,CUST-04854,EQ-012,31-10-2025,8094000,1214100,6879900,36,9.46,50.1,STRUCTURED_LEASE,Performing
EQF-2025-04855,CUST-04855,EQ-004,31-10-2025,8219000,1643800,6575200,48,11,60,STRUCTURED_LEASE,Performing
EQF-2025-04856,CUST-04856,EQ-009,31-10-2025,7972000,797200,7174800,48,10.3,71.4,REQUIRE_COLLATERAL,Performing
EQF-2025-04857,CUST-04857,EQ-006,31-10-2025,7215000,1443000,5772000,36,9.25,90.9,REJECT,Performing
EQF-2025-04858,CUST-04858,EQ-015,31-10-2025,2362000,236200,2125800,48,9.18,62.3,STRUCTURED_LEASE,30_Days_Past_Due
EQF-2025-04859,CUST-04859,EQ-007,31-10-2025,3057000,458550,2598450,48,7.89,78.3,REQUIRE_COLLATERAL,Performing
EQF-2025-04860,CUST-04860,EQ-007,31-10-2025,1231000,246200,984800,48,8.69,60.9,STRUCTURED_LEASE,Performing
EQF-2025-04861,CUST-04861,EQ-008,31-10-2025,3368000,673600,2694400,36,9.33,40.7,STRUCTURED_LEASE,Performing
EQF-2025-04862,CUST-04862,EQ-013,31-10-2025,2987000,298700,2688300,24,9.74,52.1,STRUCTURED_LEASE,Performing
EQF-2025-04863,CUST-04863,EQ-005,31-10-2025,5212000,1042400,4169600,36,8.25,57.1,STRUCTURED_LEASE,Performing
EQF-2025-04864,CUST-04864,EQ-001,31-10-2025,6904000,1380800,5523200,48,9.67,51.8,STRUCTURED_LEASE,Performing
EQF-2025-04865,CUST-04865,EQ-011,01-11-2025,11071000,2767750,8303250,48,8.8,71.3,REQUIRE_COLLATERAL,Default
EQF-2025-04866,CUST-04866,EQ-004,01-11-2025,8479000,847900,7631100,60,8.54,44.8,STRUCTURED_LEASE,Performing
EQF-2025-04867,CUST-04867,EQ-011,01-11-2025,7290000,1458000,5832000,36,10.39,40.2,STRUCTURED_LEASE,Performing
EQF-2025-04868,CUST-04868,EQ-006,01-11-2025,6809000,1361800,5447200,24,9.87,33.3,AUTO_APPROVE,Performing
EQF-2025-04869,CUST-04869,EQ-004,01-11-2025,4248000,637200,3610800,24,9.41,69.4,REQUIRE_COLLATERAL,Performing
EQF-2025-04870,CUST-04870,EQ-014,01-11-2025,3268000,817000,2451000,36,10.38,55.8,STRUCTURED_LEASE,Performing
EQF-2025-04871,CUST-04871,EQ-012,01-11-2025,12847000,3211750,9635250,48,7.69,77.6,REQUIRE_COLLATERAL,Performing
EQF-2025-04872,CUST-04872,EQ-009,01-11-2025,5259000,788850,4470150,60,7.81,73.1,REQUIRE_COLLATERAL,Performing
EQF-2025-04873,CUST-04873,EQ-006,01-11-2025,7856000,1178400,6677600,48,9,34.1,AUTO_APPROVE,Performing
EQF-2025-04874,CUST-04874,EQ-006,01-11-2025,1910000,286500,1623500,48,9.34,80.1,REJECT,Performing
EQF-2025-04875,CUST-04875,EQ-001,01-11-2025,10471000,1570650,8900350,48,10.65,76.9,REQUIRE_COLLATERAL,Performing
EQF-2025-04876,CUST-04876,EQ-010,01-11-2025,7275000,1818750,5456250,24,8.56,46,STRUCTURED_LEASE,Performing
EQF-2025-04877,CUST-04877,EQ-004,01-11-2025,8113000,1622600,6490400,48,8.59,70.8,REQUIRE_COLLATERAL,Performing
EQF-2025-04878,CUST-04878,EQ-003,01-11-2025,4367000,873400,3493600,48,11.13,92.5,REJECT,Default
EQF-2025-04879,CUST-04879,EQ-012,01-11-2025,11984000,1797600,10186400,36,7.88,73,REQUIRE_COLLATERAL,Performing
EQF-2025-04880,CUST-04880,EQ-003,01-11-2025,4203000,420300,3782700,48,11.02,78.2,REQUIRE_COLLATERAL,30_Days_Past_Due
EQF-2025-04881,CUST-04881,EQ-006,02-11-2025,3522000,528300,2993700,48,9.51,68.1,REQUIRE_COLLATERAL,Performing
EQF-2025-04882,CUST-04882,EQ-010,02-11-2025,5794000,1158800,4635200,24,8.33,62.5,STRUCTURED_LEASE,Performing
EQF-2025-04883,CUST-04883,EQ-014,02-11-2025,3582000,358200,3223800,36,7.86,65,REQUIRE_COLLATERAL,Performing
EQF-2025-04884,CUST-04884,EQ-009,02-11-2025,5374000,806100,4567900,36,9.22,60.4,STRUCTURED_LEASE,Performing
EQF-2025-04885,CUST-04885,EQ-005,02-11-2025,8228000,822800,7405200,36,10.48,71.4,REQUIRE_COLLATERAL,60_Days_Past_Due
EQF-2025-04886,CUST-04886,EQ-015,02-11-2025,1772000,265800,1506200,36,9.48,71.4,REQUIRE_COLLATERAL,Performing
EQF-2025-04887,CUST-04887,EQ-001,02-11-2025,7864000,1966000,5898000,48,10.88,56.9,STRUCTURED_LEASE,Performing
EQF-2025-04888,CUST-04888,EQ-014,02-11-2025,3376000,675200,2700800,36,10.83,59.1,STRUCTURED_LEASE,Performing
EQF-2025-04889,CUST-04889,EQ-009,02-11-2025,7576000,1136400,6439600,48,10.71,56.9,STRUCTURED_LEASE,Performing
EQF-2025-04890,CUST-04890,EQ-014,02-11-2025,4732000,473200,4258800,60,10.77,41.5,STRUCTURED_LEASE,Performing
EQF-2025-04891,CUST-04891,EQ-012,02-11-2025,7696000,1539200,6156800,48,8.7,92.2,REJECT,Performing
EQF-2025-04892,CUST-04892,EQ-006,02-11-2025,1970000,295500,1674500,48,10.67,67.7,REQUIRE_COLLATERAL,Performing
EQF-2025-04893,CUST-04893,EQ-004,02-11-2025,6084000,912600,5171400,48,12.7,76.3,REQUIRE_COLLATERAL,Performing
EQF-2025-04894,CUST-04894,EQ-009,02-11-2025,4260000,639000,3621000,48,10.97,47.4,STRUCTURED_LEASE,Performing
EQF-2025-04895,CUST-04895,EQ-001,02-11-2025,14851000,2227650,12623350,36,8.92,75.9,REQUIRE_COLLATERAL,Performing
EQF-2025-04896,CUST-04896,EQ-006,02-11-2025,4517000,1129250,3387750,36,8.63,65.1,REQUIRE_COLLATERAL,Performing
EQF-2025-04897,CUST-04897,EQ-005,03-11-2025,3640000,728000,2912000,48,9.67,89,REJECT,Performing
EQF-2025-04898,CUST-04898,EQ-001,03-11-2025,8019000,2004750,6014250,48,10.66,54,STRUCTURED_LEASE,Performing
EQF-2025-04899,CUST-04899,EQ-006,03-11-2025,4278000,855600,3422400,60,9.77,65.3,REQUIRE_COLLATERAL,Performing
EQF-2025-04900,CUST-04900,EQ-015,03-11-2025,5072000,760800,4311200,48,7.84,50.4,STRUCTURED_LEASE,Performing
EQF-2025-04901,CUST-04901,EQ-005,03-11-2025,2067000,413400,1653600,60,10.64,74.1,REQUIRE_COLLATERAL,Performing
EQF-2025-04902,CUST-04902,EQ-010,03-11-2025,5190000,519000,4671000,24,10.91,70.9,REQUIRE_COLLATERAL,60_Days_Past_Due
EQF-2025-04903,CUST-04903,EQ-009,03-11-2025,8264000,1652800,6611200,48,8.18,52.8,STRUCTURED_LEASE,Performing
EQF-2025-04904,CUST-04904,EQ-001,03-11-2025,5684000,568400,5115600,60,10.94,76,REQUIRE_COLLATERAL,Performing
EQF-2025-04905,CUST-04905,EQ-002,03-11-2025,4662000,466200,4195800,36,9.68,47.1,STRUCTURED_LEASE,Performing
EQF-2025-04906,CUST-04906,EQ-005,03-11-2025,3995000,998750,2996250,36,10.23,59.4,STRUCTURED_LEASE,Performing
EQF-2025-04907,CUST-04907,EQ-015,03-11-2025,3825000,765000,3060000,36,10.26,67.5,REQUIRE_COLLATERAL,60_Days_Past_Due
EQF-2025-04908,CUST-04908,EQ-005,03-11-2025,2197000,329550,1867450,48,9.93,76.7,REQUIRE_COLLATERAL,30_Days_Past_Due
EQF-2025-04909,CUST-04909,EQ-013,03-11-2025,2364000,472800,1891200,24,8.9,48.7,STRUCTURED_LEASE,Performing
EQF-2025-04910,CUST-04910,EQ-008,03-11-2025,6757000,1689250,5067750,48,10.25,89.6,REJECT,Default
EQF-2025-04911,CUST-04911,EQ-007,03-11-2025,2005000,200500,1804500,24,9.57,56.6,STRUCTURED_LEASE,Performing
EQF-2025-04912,CUST-04912,EQ-008,03-11-2025,7106000,710600,6395400,36,9.99,38.4,AUTO_APPROVE,Performing
EQF-2025-04913,CUST-04913,EQ-010,04-11-2025,4368000,1092000,3276000,60,9.09,36.6,AUTO_APPROVE,Performing
EQF-2025-04914,CUST-04914,EQ-006,04-11-2025,6051000,1512750,4538250,36,10.09,65.1,REQUIRE_COLLATERAL,Performing
EQF-2025-04915,CUST-04915,EQ-006,04-11-2025,7830000,1566000,6264000,24,9.5,61,STRUCTURED_LEASE,30_Days_Past_Due
EQF-2025-04916,CUST-04916,EQ-015,04-11-2025,1245000,124500,1120500,36,8,83.4,REJECT,Performing
EQF-2025-04917,CUST-04917,EQ-011,04-11-2025,6383000,1595750,4787250,48,10.31,70.4,REQUIRE_COLLATERAL,Performing
EQF-2025-04918,CUST-04918,EQ-001,04-11-2025,13289000,2657800,10631200,36,11.12,74.1,REQUIRE_COLLATERAL,Performing
EQF-2025-04919,CUST-04919,EQ-013,04-11-2025,3600000,720000,2880000,48,10.12,79.3,REQUIRE_COLLATERAL,60_Days_Past_Due
EQF-2025-04920,CUST-04920,EQ-011,04-11-2025,4866000,729900,4136100,60,9.24,40.6,STRUCTURED_LEASE,Performing
EQF-2025-04921,CUST-04921,EQ-015,04-11-2025,3329000,332900,2996100,36,10.11,60.3,STRUCTURED_LEASE,Performing
EQF-2025-04922,CUST-04922,EQ-013,04-11-2025,1997000,399400,1597600,36,8.51,60.4,STRUCTURED_LEASE,Performing
EQF-2025-04923,CUST-04923,EQ-004,04-11-2025,4192000,1048000,3144000,36,10.7,98.3,REJECT,Performing
EQF-2025-04924,CUST-04924,EQ-002,04-11-2025,5691000,569100,5121900,48,10.84,60.5,STRUCTURED_LEASE,Performing
EQF-2025-04925,CUST-04925,EQ-006,04-11-2025,6831000,1707750,5123250,24,9.46,16.5,AUTO_APPROVE,Performing
EQF-2025-04926,CUST-04926,EQ-012,04-11-2025,11659000,2914750,8744250,48,9.7,72.9,REQUIRE_COLLATERAL,Performing
EQF-2025-04927,CUST-04927,EQ-004,04-11-2025,4531000,906200,3624800,60,8,59.1,STRUCTURED_LEASE,Performing
EQF-2025-04928,CUST-04928,EQ-009,04-11-2025,2330000,466000,1864000,36,10.39,59.8,STRUCTURED_LEASE,Performing
EQF-2025-04929,CUST-04929,EQ-014,05-11-2025,4509000,676350,3832650,48,9.18,77.6,REQUIRE_COLLATERAL,Performing
EQF-2025-04930,CUST-04930,EQ-015,05-11-2025,831000,207750,623250,24,7,28.3,AUTO_APPROVE,Performing
EQF-2025-04931,CUST-04931,EQ-012,05-11-2025,8269000,1653800,6615200,48,9.7,55.9,STRUCTURED_LEASE,Performing
EQF-2025-04932,CUST-04932,EQ-001,05-11-2025,7054000,1058100,5995900,36,9.36,51.1,STRUCTURED_LEASE,Performing
EQF-2025-04933,CUST-04933,EQ-007,05-11-2025,3766000,376600,3389400,48,8.01,30,AUTO_APPROVE,Performing
EQF-2025-04934,CUST-04934,EQ-001,05-11-2025,6756000,1013400,5742600,48,10.99,40.5,STRUCTURED_LEASE,Performing
EQF-2025-04935,CUST-04935,EQ-010,05-11-2025,5145000,771750,4373250,36,8.88,67.5,REQUIRE_COLLATERAL,Performing
EQF-2025-04936,CUST-04936,EQ-011,05-11-2025,13350000,3337500,10012500,48,8.43,61.6,STRUCTURED_LEASE,30_Days_Past_Due
EQF-2025-04937,CUST-04937,EQ-007,05-11-2025,3937000,393700,3543300,48,11.18,74.6,REQUIRE_COLLATERAL,Performing
EQF-2025-04938,CUST-04938,EQ-008,05-11-2025,3738000,934500,2803500,36,10.13,74.8,REQUIRE_COLLATERAL,Performing
EQF-2025-04939,CUST-04939,EQ-003,05-11-2025,3961000,990250,2970750,60,8.06,59.9,STRUCTURED_LEASE,30_Days_Past_Due
EQF-2025-04940,CUST-04940,EQ-003,05-11-2025,1988000,298200,1689800,24,9.51,54.3,STRUCTURED_LEASE,Performing
EQF-2025-04941,CUST-04941,EQ-001,05-11-2025,8763000,1314450,7448550,48,8.35,82.8,REJECT,60_Days_Past_Due
EQF-2025-04942,CUST-04942,EQ-012,05-11-2025,11113000,2222600,8890400,36,7.64,85.9,REJECT,Performing
EQF-2025-04943,CUST-04943,EQ-013,05-11-2025,2233000,334950,1898050,48,7.53,48.6,STRUCTURED_LEASE,Performing
EQF-2025-04944,CUST-04944,EQ-012,05-11-2025,8225000,1645000,6580000,36,10.56,95.7,REJECT,60_Days_Past_Due
EQF-2025-04945,CUST-04945,EQ-014,06-11-2025,3990000,997500,2992500,36,8.34,56.2,STRUCTURED_LEASE,Performing
EQF-2025-04946,CUST-04946,EQ-015,06-11-2025,5677000,851550,4825450,24,8.06,44.1,STRUCTURED_LEASE,Performing
EQF-2025-04947,CUST-04947,EQ-010,06-11-2025,6999000,699900,6299100,48,9.19,64.3,STRUCTURED_LEASE,Performing
EQF-2025-04948,CUST-04948,EQ-003,06-11-2025,1238000,123800,1114200,48,13.38,79.1,REQUIRE_COLLATERAL,Performing
EQF-2025-04949,CUST-04949,EQ-014,06-11-2025,2486000,621500,1864500,48,10.23,65.7,REQUIRE_COLLATERAL,Performing
EQF-2025-04950,CUST-04950,EQ-014,06-11-2025,2715000,678750,2036250,60,10.76,87.5,REJECT,Default
EQF-2025-04951,CUST-04951,EQ-012,06-11-2025,7731000,1159650,6571350,60,8.11,63.3,STRUCTURED_LEASE,30_Days_Past_Due
EQF-2025-04952,CUST-04952,EQ-005,06-11-2025,4554000,910800,3643200,48,10.17,72.5,REQUIRE_COLLATERAL,Performing
EQF-2025-04953,CUST-04953,EQ-001,06-11-2025,10959000,1643850,9315150,48,9.52,80.6,REJECT,Performing
EQF-2025-04954,CUST-04954,EQ-013,06-11-2025,1660000,332000,1328000,24,8.48,26.4,AUTO_APPROVE,Performing
EQF-2025-04955,CUST-04955,EQ-008,06-11-2025,4817000,722550,4094450,48,9.2,60.7,STRUCTURED_LEASE,Performing
EQF-2025-04956,CUST-04956,EQ-003,06-11-2025,3129000,312900,2816100,48,8.57,65.4,REQUIRE_COLLATERAL,Performing
EQF-2025-04957,CUST-04957,EQ-001,06-11-2025,7471000,747100,6723900,24,9.73,60.9,STRUCTURED_LEASE,Performing
EQF-2025-04958,CUST-04958,EQ-004,06-11-2025,10924000,2184800,8739200,48,9.21,73.8,REQUIRE_COLLATERAL,Performing
EQF-2025-04959,CUST-04959,EQ-005,06-11-2025,4520000,678000,3842000,60,8.57,64.8,STRUCTURED_LEASE,Performing
EQF-2025-04960,CUST-04960,EQ-014,06-11-2025,4505000,1126250,3378750,36,9.16,64.6,STRUCTURED_LEASE,Performing
EQF-2025-04961,CUST-04961,EQ-010,07-11-2025,10120000,2024000,8096000,36,10.83,64.6,STRUCTURED_LEASE,30_Days_Past_Due
EQF-2025-04962,CUST-04962,EQ-005,07-11-2025,7352000,735200,6616800,36,7.79,53,STRUCTURED_LEASE,Performing
EQF-2025-04963,CUST-04963,EQ-012,07-11-2025,4516000,903200,3612800,36,8.7,62.2,STRUCTURED_LEASE,Performing
EQF-2025-04964,CUST-04964,EQ-013,07-11-2025,4801000,720150,4080850,24,10.01,79.7,REQUIRE_COLLATERAL,Performing
EQF-2025-04965,CUST-04965,EQ-004,07-11-2025,3594000,898500,2695500,36,8.62,45.9,STRUCTURED_LEASE,Performing
EQF-2025-04966,CUST-04966,EQ-005,07-11-2025,1741000,435250,1305750,36,11.4,46.1,STRUCTURED_LEASE,Performing
EQF-2025-04967,CUST-04967,EQ-002,07-11-2025,2955000,591000,2364000,60,11.24,85.2,REJECT,Default
EQF-2025-04968,CUST-04968,EQ-014,07-11-2025,1940000,291000,1649000,36,11.31,34.2,AUTO_APPROVE,Performing
EQF-2025-04969,CUST-04969,EQ-015,07-11-2025,1758000,263700,1494300,36,10.48,82.3,REJECT,Default
EQF-2025-04970,CUST-04970,EQ-011,07-11-2025,7166000,1791500,5374500,36,10.97,53.2,STRUCTURED_LEASE,Performing
EQF-2025-04971,CUST-04971,EQ-010,07-11-2025,4611000,461100,4149900,24,9.54,44.3,STRUCTURED_LEASE,Performing
EQF-2025-04972,CUST-04972,EQ-015,07-11-2025,4361000,654150,3706850,60,8.65,65.6,REQUIRE_COLLATERAL,30_Days_Past_Due
EQF-2025-04973,CUST-04973,EQ-008,07-11-2025,4088000,1022000,3066000,48,8.74,37.6,AUTO_APPROVE,Performing
EQF-2025-04974,CUST-04974,EQ-003,07-11-2025,3264000,816000,2448000,48,7.17,60.4,STRUCTURED_LEASE,60_Days_Past_Due
EQF-2025-04975,CUST-04975,EQ-011,07-11-2025,14851000,2227650,12623350,36,8.98,57.5,STRUCTURED_LEASE,Performing
EQF-2025-04976,CUST-04976,EQ-011,07-11-2025,8756000,1313400,7442600,48,9.07,66.3,REQUIRE_COLLATERAL,Performing
EQF-2025-04977,CUST-04977,EQ-006,08-11-2025,5993000,1198600,4794400,36,9.24,97.6,REJECT,Default
EQF-2025-04978,CUST-04978,EQ-006,08-11-2025,8286000,828600,7457400,24,13.28,61.5,STRUCTURED_LEASE,Performing
EQF-2025-04979,CUST-04979,EQ-009,08-11-2025,2463000,492600,1970400,36,8.41,53.4,STRUCTURED_LEASE,Performing
EQF-2025-04980,CUST-04980,EQ-006,08-11-2025,4430000,886000,3544000,60,9.17,80.9,REJECT,Default
EQF-2025-04981,CUST-04981,EQ-007,08-11-2025,5221000,1305250,3915750,36,12.73,29.5,AUTO_APPROVE,Performing
EQF-2025-04982,CUST-04982,EQ-005,08-11-2025,8026000,2006500,6019500,48,8.47,57.5,STRUCTURED_LEASE,Performing
EQF-2025-04983,CUST-04983,EQ-003,08-11-2025,3485000,348500,3136500,24,7.96,75.5,REQUIRE_COLLATERAL,Performing
EQF-2025-04984,CUST-04984,EQ-003,08-11-2025,1745000,349000,1396000,24,9.21,65,REQUIRE_COLLATERAL,60_Days_Past_Due
EQF-2025-04985,CUST-04985,EQ-004,08-11-2025,10163000,2032600,8130400,48,8.46,81.6,REJECT,Default
EQF-2025-04986,CUST-04986,EQ-009,08-11-2025,2721000,680250,2040750,36,11.14,76.8,REQUIRE_COLLATERAL,30_Days_Past_Due
EQF-2025-04987,CUST-04987,EQ-003,08-11-2025,2541000,635250,1905750,60,9.73,54.9,STRUCTURED_LEASE,30_Days_Past_Due
EQF-2025-04988,CUST-04988,EQ-008,08-11-2025,5692000,853800,4838200,36,7.86,57.9,STRUCTURED_LEASE,Performing
EQF-2025-04989,CUST-04989,EQ-014,08-11-2025,2900000,580000,2320000,36,9.98,55.4,STRUCTURED_LEASE,Performing
EQF-2025-04990,CUST-04990,EQ-014,08-11-2025,4203000,420300,3782700,48,9.79,64.2,STRUCTURED_LEASE,Performing
EQF-2025-04991,CUST-04991,EQ-015,08-11-2025,4971000,994200,3976800,48,7.44,56.6,STRUCTURED_LEASE,Performing
EQF-2025-04992,CUST-04992,EQ-004,08-11-2025,8617000,2154250,6462750,24,10.17,29.6,AUTO_APPROVE,Performing
EQF-2025-04993,CUST-04993,EQ-011,09-11-2025,4243000,636450,3606550,48,10.25,57.3,STRUCTURED_LEASE,Performing
EQF-2025-04994,CUST-04994,EQ-008,09-11-2025,7301000,1460200,5840800,48,7.48,78.5,REQUIRE_COLLATERAL,Performing
EQF-2025-04995,CUST-04995,EQ-006,09-11-2025,6732000,673200,6058800,24,7.68,45.8,STRUCTURED_LEASE,Performing
EQF-2025-04996,CUST-04996,EQ-015,09-11-2025,3112000,778000,2334000,60,8.97,90.1,REJECT,60_Days_Past_Due
EQF-2025-04997,CUST-04997,EQ-009,09-11-2025,8115000,1217250,6897750,36,8.57,60.1,STRUCTURED_LEASE,Performing
EQF-2025-04998,CUST-04998,EQ-011,09-11-2025,13062000,2612400,10449600,36,10.39,84.8,REJECT,Performing
EQF-2025-04999,CUST-04999,EQ-014,09-11-2025,3625000,362500,3262500,48,8.85,70.3,REQUIRE_COLLATERAL,30_Days_Past_Due
EQF-2025-05000,CUST-05000,EQ-010,09-11-2025,3031000,757750,2273250,36,9.24,68.2,REQUIRE_COLLATERAL,Performing
